# This file uses centimeters as units for non-parametric coordinates.

mtllib TET_Altar.mtl
g default
v 0.637968 -0.842619 -0.173922
v 0.639221 -0.842619 -0.164410
v 0.637408 -0.833415 -0.163610
v 0.639459 -0.824138 -0.163876
v 0.638150 -0.824407 -0.173571
v 0.634297 -0.824681 -0.182787
v 0.632423 -0.833651 -0.182286
v 0.634297 -0.842619 -0.182787
v 0.464046 -0.842619 -0.475165
v 0.469887 -0.842619 -0.467553
v 0.468717 -0.833415 -0.465954
v 0.470360 -0.824138 -0.467210
v 0.464379 -0.824407 -0.474952
v 0.456434 -0.824681 -0.481006
v 0.455062 -0.833651 -0.479635
v 0.456434 -0.842619 -0.481006
v 0.162803 -0.842619 -0.649087
v 0.171668 -0.842619 -0.645416
v 0.171454 -0.833415 -0.643446
v 0.172249 -0.824138 -0.645355
v 0.163199 -0.824407 -0.649069
v 0.153291 -0.824681 -0.650340
v 0.152788 -0.833651 -0.648467
v 0.153291 -0.842619 -0.650340
v -0.185041 -0.842619 -0.649087
v -0.175529 -0.842619 -0.650340
v -0.174729 -0.833415 -0.648527
v -0.174996 -0.824138 -0.650578
v -0.184690 -0.824407 -0.649270
v -0.193906 -0.824681 -0.645416
v -0.193405 -0.833651 -0.643542
v -0.193906 -0.842619 -0.645416
v -0.486284 -0.842619 -0.475165
v -0.478672 -0.842619 -0.481006
v -0.477073 -0.833415 -0.479836
v -0.478329 -0.824138 -0.481479
v -0.486070 -0.824407 -0.475498
v -0.492125 -0.824681 -0.467553
v -0.490754 -0.833651 -0.466181
v -0.492125 -0.842619 -0.467553
v -0.660206 -0.842619 -0.173922
v -0.656534 -0.842619 -0.182787
v -0.654565 -0.833415 -0.182573
v -0.656474 -0.824138 -0.183368
v -0.660188 -0.824407 -0.174318
v -0.661458 -0.824681 -0.164410
v -0.659586 -0.833651 -0.163907
v -0.661458 -0.842619 -0.164410
v -0.660206 -0.842619 0.173922
v -0.661458 -0.842619 0.164410
v -0.659646 -0.833421 0.163619
v -0.661697 -0.824138 0.163876
v -0.660388 -0.824407 0.173571
v -0.656534 -0.824681 0.182787
v -0.654665 -0.833655 0.182279
v -0.656534 -0.842619 0.182787
v -0.486284 -0.842619 0.475165
v -0.492125 -0.842619 0.467553
v -0.490955 -0.833416 0.465955
v -0.492598 -0.824138 0.467210
v -0.486617 -0.824407 0.474952
v -0.478672 -0.824681 0.481006
v -0.477299 -0.833650 0.479636
v -0.478672 -0.842619 0.481006
v -0.185041 -0.842619 0.649087
v -0.193906 -0.842619 0.645416
v -0.193691 -0.833416 0.643446
v -0.194487 -0.824138 0.645355
v -0.185437 -0.824407 0.649069
v -0.175529 -0.824681 0.650340
v -0.175025 -0.833650 0.648467
v -0.175529 -0.842619 0.650340
v 0.162803 -0.842619 0.649087
v 0.153291 -0.842619 0.650340
v 0.152492 -0.833416 0.648527
v 0.152757 -0.824138 0.650578
v 0.162452 -0.824407 0.649270
v 0.171668 -0.824681 0.645416
v 0.171168 -0.833650 0.643542
v 0.171668 -0.842619 0.645416
v 0.464046 -0.842619 0.475165
v 0.456434 -0.842619 0.481006
v 0.454836 -0.833416 0.479836
v 0.456091 -0.824138 0.481479
v 0.463833 -0.824407 0.475498
v 0.469887 -0.824681 0.467553
v 0.468517 -0.833650 0.466180
v 0.469887 -0.842619 0.467553
v 0.637968 -0.842619 0.173922
v 0.634297 -0.842619 0.182787
v 0.632332 -0.833422 0.182565
v 0.634236 -0.824138 0.183368
v 0.637950 -0.824407 0.174318
v 0.639221 -0.824681 0.164410
v 0.637348 -0.833651 0.163907
v 0.639221 -0.842619 0.164410
v 0.691605 -0.728256 -0.188282
v 0.687918 -0.728256 -0.197177
v 0.678396 -0.731081 -0.194608
v 0.671990 -0.738654 -0.192876
v 0.675661 -0.738648 -0.184020
v 0.676913 -0.738643 -0.174531
v 0.683328 -0.731077 -0.176246
v 0.692853 -0.728256 -0.178759
v 0.503306 -0.728256 -0.514425
v 0.495677 -0.728256 -0.520279
v 0.488714 -0.731081 -0.513293
v 0.484033 -0.738654 -0.508590
v 0.491640 -0.738649 -0.502756
v 0.497469 -0.738643 -0.495165
v 0.502166 -0.731077 -0.499857
v 0.509160 -0.728256 -0.506796
v 0.177174 -0.728256 -0.702717
v 0.167640 -0.728256 -0.703973
v 0.165102 -0.731081 -0.694441
v 0.163400 -0.738654 -0.688027
v 0.172905 -0.738649 -0.686779
v 0.181749 -0.738643 -0.683119
v 0.183471 -0.731077 -0.689532
v 0.186058 -0.728256 -0.699038
v -0.199412 -0.728256 -0.702717
v -0.208296 -0.728256 -0.699037
v -0.205727 -0.731081 -0.689514
v -0.203995 -0.738654 -0.683109
v -0.195139 -0.738649 -0.686780
v -0.185650 -0.738643 -0.688032
v -0.187365 -0.731077 -0.694447
v -0.189878 -0.728256 -0.703972
v -0.525544 -0.728256 -0.514425
v -0.531398 -0.728256 -0.506796
v -0.524412 -0.731081 -0.499833
v -0.519708 -0.738654 -0.495152
v -0.513875 -0.738649 -0.502759
v -0.506284 -0.738643 -0.508588
v -0.510976 -0.731077 -0.513285
v -0.517915 -0.728256 -0.520279
v -0.713839 -0.728256 -0.188288
v -0.715091 -0.728256 -0.178759
v -0.705560 -0.731081 -0.176222
v -0.699146 -0.738654 -0.174519
v -0.697900 -0.738646 -0.184021
v -0.694238 -0.738643 -0.192868
v -0.700650 -0.731077 -0.194590
v -0.710156 -0.728256 -0.197177
v -0.705160 -0.716866 0.189192
v -0.697767 -0.718636 0.195856
v -0.697202 -0.728433 0.194627
v -0.694578 -0.737498 0.193281
v -0.698040 -0.738039 0.184328
v -0.699004 -0.738979 0.174174
v -0.705627 -0.731101 0.174132
v -0.714889 -0.728256 0.174864
v -0.714935 -0.724415 0.184576
v -0.714995 -0.715138 0.188603
v -0.517208 -0.718406 0.506089
v -0.509596 -0.718408 0.511930
v -0.508910 -0.728033 0.511183
v -0.506804 -0.737159 0.509038
v -0.514341 -0.737189 0.503232
v -0.520172 -0.737225 0.495600
v -0.522310 -0.728050 0.497761
v -0.523049 -0.718408 0.498477
v -0.196360 -0.718408 0.691330
v -0.186848 -0.718408 0.692583
v -0.186616 -0.728045 0.691590
v -0.185876 -0.737159 0.688683
v -0.195302 -0.737192 0.687423
v -0.204172 -0.737225 0.683729
v -0.204944 -0.728052 0.686668
v -0.205225 -0.718408 0.687658
v 0.174122 -0.718408 0.691330
v 0.182987 -0.718408 0.687658
v 0.182692 -0.728045 0.686683
v 0.181878 -0.737159 0.683795
v 0.173086 -0.737192 0.687417
v 0.163557 -0.737225 0.688653
v 0.164358 -0.728052 0.691585
v 0.164610 -0.718408 0.692583
v 0.494970 -0.718406 0.506089
v 0.500811 -0.718408 0.498477
v 0.500067 -0.728044 0.497780
v 0.497919 -0.737159 0.495685
v 0.492119 -0.737190 0.503217
v 0.484482 -0.737225 0.509053
v 0.486646 -0.728046 0.511190
v 0.487358 -0.718408 0.511930
v 0.682922 -0.716866 0.189192
v 0.692757 -0.715138 0.188603
v 0.692564 -0.724416 0.184651
v 0.692387 -0.728256 0.175117
v 0.683337 -0.731023 0.174454
v 0.676903 -0.738667 0.174505
v 0.675833 -0.737958 0.184409
v 0.672301 -0.737538 0.193314
v 0.674951 -0.728462 0.194629
v 0.675529 -0.718636 0.195856
v 0.777102 -0.738626 -0.211207
v 0.773446 -0.738628 -0.220036
v 0.767046 -0.731074 -0.218330
v 0.757490 -0.728256 -0.215814
v 0.761155 -0.728256 -0.206942
v 0.762403 -0.728256 -0.197381
v 0.771948 -0.731074 -0.199975
v 0.778352 -0.738628 -0.201725
v 0.565900 -0.738628 -0.577019
v 0.558316 -0.738628 -0.582839
v 0.553627 -0.731074 -0.578162
v 0.546609 -0.728256 -0.571205
v 0.554215 -0.728256 -0.565356
v 0.560080 -0.728256 -0.557698
v 0.567050 -0.731074 -0.564717
v 0.571720 -0.738628 -0.569435
v 0.200085 -0.738628 -0.788223
v 0.190606 -0.738628 -0.789471
v 0.188884 -0.731074 -0.783076
v 0.186285 -0.728256 -0.773542
v 0.195796 -0.728256 -0.772280
v 0.204705 -0.728256 -0.768580
v 0.207231 -0.731074 -0.778144
v 0.208917 -0.738628 -0.784564
v -0.222323 -0.738628 -0.788223
v -0.231155 -0.738628 -0.784564
v -0.229449 -0.731074 -0.778165
v -0.226933 -0.728256 -0.768609
v -0.218065 -0.728256 -0.772272
v -0.208500 -0.728256 -0.773521
v -0.211094 -0.731074 -0.783067
v -0.212844 -0.738628 -0.789471
v -0.588138 -0.738628 -0.577019
v -0.593958 -0.738628 -0.569435
v -0.589281 -0.731074 -0.564746
v -0.582324 -0.728256 -0.557728
v -0.576475 -0.728256 -0.565334
v -0.568816 -0.728256 -0.571199
v -0.575836 -0.731074 -0.578169
v -0.580554 -0.738628 -0.582839
v -0.799342 -0.738628 -0.211204
v -0.800590 -0.738628 -0.201725
v -0.794194 -0.731074 -0.200003
v -0.784661 -0.728256 -0.197404
v -0.783396 -0.728256 -0.206921
v -0.779698 -0.728256 -0.215824
v -0.789263 -0.731074 -0.218350
v -0.795683 -0.738628 -0.220036
v -0.789460 -0.717358 0.213041
v -0.781797 -0.715557 0.206503
v -0.783370 -0.724604 0.202824
v -0.784921 -0.728256 0.193706
v -0.794511 -0.731003 0.198213
v -0.800603 -0.738657 0.201701
v -0.799154 -0.738392 0.211321
v -0.794973 -0.737925 0.220650
v -0.790426 -0.728256 0.222095
v -0.788695 -0.719112 0.223053
v -0.584809 -0.718404 0.573689
v -0.590650 -0.718408 0.566077
v -0.591350 -0.727989 0.566825
v -0.593468 -0.737159 0.568996
v -0.587638 -0.737188 0.576596
v -0.580073 -0.737225 0.582407
v -0.577946 -0.728030 0.580244
v -0.577197 -0.718408 0.579530
v -0.221104 -0.718408 0.783675
v -0.229968 -0.718408 0.780003
v -0.230202 -0.727988 0.781000
v -0.230950 -0.737159 0.783939
v -0.222109 -0.737192 0.787606
v -0.212644 -0.737225 0.788856
v -0.211872 -0.728017 0.785917
v -0.211591 -0.718408 0.784927
v 0.198866 -0.718408 0.783674
v 0.189353 -0.718408 0.784927
v 0.189649 -0.727988 0.785907
v 0.190471 -0.737159 0.788827
v 0.199962 -0.737192 0.787582
v 0.208783 -0.737225 0.783932
v 0.207982 -0.728017 0.781000
v 0.207730 -0.718408 0.780003
v 0.562571 -0.718404 0.573690
v 0.554959 -0.718408 0.579531
v 0.555720 -0.728005 0.580227
v 0.557877 -0.737159 0.582349
v 0.565468 -0.737189 0.576528
v 0.571288 -0.737225 0.568954
v 0.569128 -0.728019 0.566817
v 0.568412 -0.718408 0.566078
v 0.767222 -0.717358 0.213041
v 0.766457 -0.719112 0.223053
v 0.768196 -0.728142 0.222018
v 0.772761 -0.737694 0.220403
v 0.777021 -0.738507 0.211039
v 0.778499 -0.738964 0.201447
v 0.772209 -0.731067 0.197760
v 0.762239 -0.728256 0.193043
v 0.760894 -0.724586 0.202610
v 0.759559 -0.715557 0.206503
v 0.814799 -0.842619 -0.221304
v 0.811127 -0.842619 -0.230168
v 0.812784 -0.833596 -0.230921
v 0.810590 -0.824138 -0.230622
v 0.814651 -0.824484 -0.221387
v 0.816051 -0.824681 -0.211791
v 0.817924 -0.833650 -0.212291
v 0.816051 -0.842619 -0.211791
v 0.593495 -0.842619 -0.604614
v 0.585883 -0.842619 -0.610455
v 0.586942 -0.833596 -0.611935
v 0.585191 -0.824138 -0.610579
v 0.593325 -0.824484 -0.604612
v 0.599336 -0.824681 -0.597002
v 0.600707 -0.833650 -0.598371
v 0.599336 -0.842619 -0.597002
v 0.210185 -0.842619 -0.825917
v 0.200672 -0.842619 -0.827170
v 0.200849 -0.833596 -0.828981
v 0.200011 -0.824138 -0.826932
v 0.210039 -0.824484 -0.825832
v 0.219049 -0.824681 -0.822246
v 0.219553 -0.833650 -0.824118
v 0.219049 -0.842619 -0.822246
v -0.232423 -0.842619 -0.825917
v -0.241287 -0.842619 -0.822246
v -0.242040 -0.833596 -0.823903
v -0.241741 -0.824138 -0.821709
v -0.232506 -0.824484 -0.825770
v -0.222910 -0.824681 -0.827170
v -0.223410 -0.833650 -0.829043
v -0.222910 -0.842619 -0.827170
v -0.615732 -0.842619 -0.604614
v -0.621573 -0.842619 -0.597002
v -0.623054 -0.833596 -0.598061
v -0.621697 -0.824138 -0.596310
v -0.615731 -0.824484 -0.604444
v -0.608120 -0.824681 -0.610455
v -0.609490 -0.833650 -0.611826
v -0.608120 -0.842619 -0.610455
v -0.837037 -0.842619 -0.221304
v -0.838289 -0.842619 -0.211791
v -0.840100 -0.833596 -0.211968
v -0.838051 -0.824138 -0.211130
v -0.836951 -0.824484 -0.221158
v -0.833364 -0.824681 -0.230168
v -0.835237 -0.833650 -0.230672
v -0.833364 -0.842619 -0.230168
v -0.837036 -0.842619 0.221304
v -0.833364 -0.842619 0.230169
v -0.835032 -0.833587 0.230903
v -0.832828 -0.824138 0.230622
v -0.836889 -0.824484 0.221387
v -0.838289 -0.824681 0.211791
v -0.840162 -0.833650 0.212292
v -0.838289 -0.842619 0.211791
v -0.615733 -0.842619 0.604614
v -0.608121 -0.842619 0.610455
v -0.609181 -0.833595 0.611934
v -0.607429 -0.824138 0.610579
v -0.615563 -0.824484 0.604612
v -0.621574 -0.824681 0.597002
v -0.622946 -0.833651 0.598370
v -0.621574 -0.842619 0.597002
v -0.232423 -0.842619 0.825917
v -0.222910 -0.842619 0.827170
v -0.223088 -0.833595 0.828981
v -0.222249 -0.824138 0.826932
v -0.232277 -0.824484 0.825832
v -0.241287 -0.824681 0.822246
v -0.241792 -0.833651 0.824117
v -0.241287 -0.842619 0.822246
v 0.210185 -0.842619 0.825917
v 0.219049 -0.842619 0.822246
v 0.219801 -0.833595 0.823904
v 0.219503 -0.824138 0.821709
v 0.210268 -0.824484 0.825770
v 0.200672 -0.824681 0.827170
v 0.201171 -0.833651 0.829043
v 0.200672 -0.842619 0.827170
v 0.593495 -0.842619 0.604614
v 0.599336 -0.842619 0.597002
v 0.600815 -0.833595 0.598062
v 0.599460 -0.824138 0.596310
v 0.593493 -0.824484 0.604444
v 0.585883 -0.824681 0.610455
v 0.587251 -0.833651 0.611827
v 0.585883 -0.842619 0.610455
v 0.814799 -0.842619 0.221304
v 0.816051 -0.842619 0.211791
v 0.817863 -0.833592 0.211976
v 0.815813 -0.824138 0.211130
v 0.814713 -0.824484 0.221158
v 0.811127 -0.824681 0.230168
v 0.813005 -0.833643 0.230660
v 0.811127 -0.842619 0.230168
v -0.714097 -0.541566 0.192427
v -0.710057 -0.537614 0.200921
v -0.701203 -0.541569 0.197741
v -0.697666 -0.551157 0.196030
v -0.705270 -0.551166 0.189363
v -0.715361 -0.551157 0.188701
v -0.517633 -0.526230 0.510876
v -0.507869 -0.528219 0.512927
v -0.508548 -0.538054 0.512535
v -0.509227 -0.547888 0.512143
v -0.517155 -0.549558 0.506145
v -0.523095 -0.551193 0.498397
v -0.526873 -0.541517 0.499710
v -0.534420 -0.537614 0.504860
v -0.529118 -0.533719 0.512502
v -0.526540 -0.524262 0.515421
v -0.784470 -0.541508 0.222170
v -0.775026 -0.537614 0.219027
v -0.779502 -0.541506 0.210139
v -0.781107 -0.550930 0.206318
v -0.788999 -0.550922 0.213239
v -0.788313 -0.550930 0.223715
v -0.578645 -0.526704 0.573597
v -0.575075 -0.524648 0.563956
v -0.577622 -0.533831 0.560975
v -0.582911 -0.537614 0.553225
v -0.588885 -0.541337 0.562015
v -0.590506 -0.550676 0.566326
v -0.584619 -0.549496 0.573862
v -0.576523 -0.548240 0.579919
v -0.574778 -0.538466 0.580927
v -0.573033 -0.528692 0.581934
v -0.196360 -0.527763 0.691330
v -0.186848 -0.527766 0.692583
v -0.187015 -0.537447 0.692583
v -0.187183 -0.547127 0.692583
v -0.196445 -0.547288 0.691331
v -0.205225 -0.547463 0.687658
v -0.205225 -0.537614 0.687658
v -0.205225 -0.527766 0.687658
v -0.221104 -0.527761 0.783674
v -0.229968 -0.527766 0.780003
v -0.229823 -0.537447 0.780087
v -0.229678 -0.547127 0.780171
v -0.221031 -0.547289 0.783717
v -0.211591 -0.547463 0.784927
v -0.211591 -0.537614 0.784927
v -0.211591 -0.527766 0.784927
v 0.174122 -0.527763 0.691330
v 0.182987 -0.527766 0.687658
v 0.182842 -0.537447 0.687742
v 0.182696 -0.547127 0.687826
v 0.174049 -0.547291 0.691373
v 0.164610 -0.547463 0.692583
v 0.164610 -0.537614 0.692583
v 0.164610 -0.527766 0.692583
v 0.198866 -0.527761 0.783674
v 0.189353 -0.527766 0.784927
v 0.189521 -0.537447 0.784927
v 0.189689 -0.547127 0.784927
v 0.198950 -0.547288 0.783675
v 0.207730 -0.547463 0.780003
v 0.207730 -0.537614 0.780003
v 0.207730 -0.527766 0.780003
v 0.495395 -0.526230 0.510876
v 0.504302 -0.524262 0.515421
v 0.506807 -0.533716 0.512492
v 0.512012 -0.537614 0.504883
v 0.504453 -0.541355 0.499930
v 0.500668 -0.550676 0.498725
v 0.494873 -0.549272 0.506218
v 0.487047 -0.547822 0.512109
v 0.486339 -0.538020 0.512518
v 0.485631 -0.528219 0.512927
v 0.556407 -0.526704 0.573597
v 0.550795 -0.528692 0.581934
v 0.552602 -0.538395 0.580891
v 0.554409 -0.548098 0.579848
v 0.562471 -0.549673 0.573766
v 0.568458 -0.551193 0.565998
v 0.566777 -0.541486 0.561583
v 0.560595 -0.537614 0.552637
v 0.555295 -0.533824 0.560757
v 0.552837 -0.524648 0.563956
v 0.691861 -0.541566 0.192428
v 0.693123 -0.551157 0.188701
v 0.683021 -0.551216 0.189382
v 0.675388 -0.551247 0.196100
v 0.678942 -0.541597 0.197777
v 0.687819 -0.537614 0.200921
v 0.757267 -0.541506 0.210140
v 0.752789 -0.537614 0.219027
v 0.762232 -0.541508 0.222170
v 0.766075 -0.550930 0.223715
v 0.766762 -0.550918 0.213239
v 0.758869 -0.550930 0.206318
v -0.523699 -0.094082 0.518133
v -0.515957 -0.090130 0.523471
v -0.509881 -0.094085 0.516290
v -0.507671 -0.103673 0.513041
v -0.517590 -0.103682 0.511068
v -0.526660 -0.103673 0.515541
v -0.194335 -0.078742 0.695690
v -0.184854 -0.080735 0.692583
v -0.185638 -0.090569 0.692583
v -0.186422 -0.100404 0.692583
v -0.196281 -0.102070 0.691354
v -0.205304 -0.103708 0.687613
v -0.207919 -0.094032 0.690639
v -0.211881 -0.090130 0.698873
v -0.203468 -0.086235 0.702839
v -0.199776 -0.076777 0.704078
v -0.569783 -0.094024 0.579077
v -0.563169 -0.090130 0.571637
v -0.571497 -0.094022 0.566184
v -0.574789 -0.103445 0.563670
v -0.578164 -0.103437 0.573611
v -0.572331 -0.103445 0.582340
v -0.215812 -0.079212 0.780511
v -0.217541 -0.077163 0.770379
v -0.221237 -0.086346 0.769070
v -0.229692 -0.090130 0.765003
v -0.230474 -0.093852 0.775600
v -0.229720 -0.103192 0.780146
v -0.220843 -0.102004 0.783732
v -0.210814 -0.100756 0.784927
v -0.208799 -0.090982 0.784927
v -0.206784 -0.081208 0.784927
v 0.172097 -0.078742 0.695689
v 0.177538 -0.076777 0.704078
v 0.181172 -0.086232 0.702794
v 0.189485 -0.090130 0.698807
v 0.185417 -0.093871 0.690737
v 0.182739 -0.103192 0.687802
v 0.173963 -0.101781 0.691397
v 0.164251 -0.100337 0.692583
v 0.163433 -0.090536 0.692583
v 0.162616 -0.080735 0.692583
v 0.193574 -0.079212 0.780511
v 0.184546 -0.081208 0.784927
v 0.186632 -0.090911 0.784927
v 0.188718 -0.100613 0.784927
v 0.198732 -0.102182 0.783694
v 0.207810 -0.103708 0.779957
v 0.208562 -0.094001 0.775294
v 0.207681 -0.090130 0.764455
v 0.199031 -0.086340 0.768837
v 0.195303 -0.077163 0.770379
v 0.501461 -0.094082 0.518134
v 0.504422 -0.103673 0.515541
v 0.495332 -0.103731 0.511079
v 0.485364 -0.103763 0.513081
v 0.487605 -0.094112 0.516309
v 0.493719 -0.090130 0.523471
v 0.549260 -0.094022 0.566186
v 0.540931 -0.090130 0.571637
v 0.547545 -0.094024 0.579077
v 0.550093 -0.103445 0.582340
v 0.555926 -0.103434 0.573611
v 0.552551 -0.103445 0.563670
v -0.195960 0.385298 0.705005
v -0.186586 0.389250 0.705759
v -0.184914 0.385295 0.696501
v -0.184625 0.375707 0.692583
v -0.194202 0.375699 0.695833
v -0.199820 0.375707 0.704242
v 0.173722 0.385298 0.705005
v 0.177582 0.375707 0.704242
v 0.171941 0.375652 0.695833
v 0.162307 0.375617 0.692583
v 0.162634 0.385268 0.696499
v 0.164348 0.389250 0.705758
v -0.205398 0.385356 0.780828
v -0.203389 0.389250 0.771077
v -0.213329 0.385358 0.770524
v -0.217437 0.375935 0.769988
v -0.215389 0.375945 0.780284
v -0.205973 0.375935 0.784927
v 0.191091 0.385358 0.770524
v 0.181152 0.389250 0.771077
v 0.183160 0.385356 0.780828
v 0.183735 0.375935 0.784927
v 0.193151 0.375945 0.780284
v 0.195199 0.375935 0.769988
v 0.636150 -0.833544 -0.173259
v 0.462803 -0.833544 -0.473681
v 0.162469 -0.833544 -0.647181
v -0.184378 -0.833544 -0.647269
v -0.484800 -0.833544 -0.473922
v -0.658300 -0.833544 -0.173588
v -0.658390 -0.833548 0.173257
v -0.485040 -0.833544 0.473681
v -0.184706 -0.833544 0.647181
v 0.162140 -0.833544 0.647269
v 0.462563 -0.833544 0.473922
v 0.636064 -0.833547 0.173583
v 0.682072 -0.731079 -0.185742
v 0.496329 -0.731079 -0.507455
v 0.174617 -0.731079 -0.693192
v -0.196864 -0.731079 -0.693190
v -0.518574 -0.731079 -0.507448
v -0.704312 -0.731079 -0.185734
v -0.704660 -0.727889 0.185056
v -0.516480 -0.728037 0.505369
v -0.196086 -0.728043 0.690342
v 0.173865 -0.728043 0.690337
v 0.494254 -0.728039 0.505356
v 0.682387 -0.727854 0.185143
v 0.770698 -0.731074 -0.209494
v 0.561210 -0.731074 -0.572334
v 0.198366 -0.731074 -0.781820
v -0.220610 -0.731074 -0.781818
v -0.583453 -0.731074 -0.572329
v -0.792936 -0.731074 -0.209490
v -0.792613 -0.727824 0.210019
v -0.585521 -0.728011 0.574428
v -0.221352 -0.728009 0.784668
v 0.199148 -0.728009 0.784659
v 0.563308 -0.728013 0.574403
v 0.770356 -0.727832 0.209842
v 0.816617 -0.833620 -0.221831
v 0.594806 -0.833620 -0.605979
v 0.210638 -0.833620 -0.827756
v -0.232949 -0.833620 -0.827736
v -0.617098 -0.833620 -0.605925
v -0.838875 -0.833620 -0.221757
v -0.838857 -0.833617 0.221826
v -0.617045 -0.833620 0.605978
v -0.232877 -0.833620 0.827756
v 0.210711 -0.833620 0.827736
v 0.594860 -0.833620 0.605926
v 0.816638 -0.833616 0.221758
v -0.706207 -0.543330 0.191609
v -0.520062 -0.537900 0.507852
v -0.786487 -0.543233 0.214287
v -0.582097 -0.537759 0.571899
v -0.196403 -0.537526 0.691330
v -0.221068 -0.537525 0.783696
v 0.174086 -0.537527 0.691352
v 0.198908 -0.537524 0.783675
v 0.497768 -0.537798 0.507901
v 0.559902 -0.537809 0.571779
v 0.683960 -0.543351 0.191624
v 0.764249 -0.543231 0.214287
v -0.517278 -0.095845 0.513481
v -0.197949 -0.090413 0.694286
v -0.575471 -0.095750 0.573263
v -0.219649 -0.090268 0.780767
v 0.175638 -0.090311 0.694301
v 0.197507 -0.090319 0.780686
v 0.495024 -0.095867 0.513488
v 0.553233 -0.095748 0.573264
v -0.192725 0.383535 0.697767
v 0.170470 0.383515 0.697765
v -0.213230 0.383632 0.778640
v 0.190992 0.383632 0.778640
vt 1.403474 0.555757
vt 1.400530 0.555436
vt 1.397574 0.555297
vt 1.403272 0.560963
vt 1.403479 0.558352
vt 1.495830 0.564745
vt 1.495749 0.567302
vt 1.496108 0.562203
vt 1.397211 0.560428
vt 1.400264 0.560791
vt 1.398312 0.586801
vt 1.395952 0.586466
vt 1.400686 0.586884
vt 1.397296 0.557855
vt 1.305684 0.551488
vt 1.305662 0.548905
vt 1.305450 0.554086
vt 1.302991 0.548720
vt 1.300334 0.548748
vt 1.300016 0.553327
vt 1.302737 0.553815
vt 1.298377 0.579478
vt 1.295790 0.578964
vt 1.300997 0.579756
vt 1.871052 0.552186
vt 1.868397 0.552155
vt 1.865731 0.552324
vt 1.866073 0.557344
vt 1.868857 0.557211
vt 1.872854 0.582481
vt 1.870225 0.582745
vt 1.871555 0.556868
vt 1.875440 0.581981
vt 1.865784 0.554841
vt 1.774028 0.561145
vt 1.773672 0.558568
vt 1.774186 0.563767
vt 1.770729 0.558659
vt 1.767793 0.558928
vt 1.768131 0.564042
vt 1.771194 0.563995
vt 1.773053 0.589895
vt 1.770653 0.589850
vt 1.775433 0.589687
vt 1.767861 0.561491
vt 1.675501 0.567661
vt 1.675151 0.565100
vt 1.675652 0.570271
vt 1.955871 0.229029
vt 1.951539 0.229391
vt 1.952008 0.236878
vt 1.956524 0.236817
vt 1.674381 0.596677
vt 1.955582 0.275324
vt 1.676863 0.596133
vt 1.951628 0.233138
vt 1.815178 0.240251
vt 1.814725 0.236503
vt 1.815320 0.244062
vt 1.810341 0.236532
vt 1.805960 0.236807
vt 1.806227 0.244261
vt 1.810823 0.244298
vt 1.812248 0.282828
vt 1.808553 0.282774
vt 1.815965 0.282571
vt 1.805947 0.240536
vt 1.669147 0.243676
vt 1.668818 0.239931
vt 1.669168 0.247476
vt 1.664440 0.239798
vt 1.660063 0.239918
vt 1.660083 0.247375
vt 1.664669 0.247562
vt 1.664916 0.286004
vt 1.661221 0.285837
vt 1.668646 0.285865
vt 1.659925 0.243645
vt 1.523147 0.243427
vt 1.522923 0.239673
vt 1.523063 0.247227
vt 1.518549 0.239449
vt 1.514169 0.239477
vt 1.513987 0.246935
vt 1.518565 0.247218
vt 1.517801 0.285680
vt 1.514106 0.285446
vt 1.521538 0.285610
vt 1.513929 0.243201
vt 1.377072 0.239720
vt 1.376962 0.235949
vt 1.376877 0.243535
vt 1.372595 0.235546
vt 1.368221 0.235394
vt 1.367823 0.242829
vt 1.372385 0.243329
vt 1.370545 0.282258
vt 1.366870 0.281953
vt 1.374273 0.282261
vt 1.367872 0.239105
vt 1.231212 0.232514
vt 1.231193 0.228712
vt 1.230923 0.236359
vt 1.499083 0.562351
vt 1.498831 0.567697
vt 1.223684 0.273945
vt 1.494495 0.593062
vt 1.227162 0.274271
vt 1.396052 0.589227
vt 1.300354 0.582466
vt 1.400187 0.589605
vt 1.494122 0.595800
vt 1.870867 0.585453
vt 1.775336 0.592447
vt 1.771157 0.592576
vt 1.677251 0.598949
vt 1.955618 0.283240
vt 1.959647 0.284009
vt 1.962480 0.351228
vt 1.958399 0.351223
vt 1.955775 0.279208
vt 1.816010 0.286457
vt 1.816216 0.290362
vt 1.808888 0.290595
vt 1.812554 0.290508
vt 1.815267 0.358980
vt 1.811279 0.359857
vt 1.819178 0.358074
vt 1.808796 0.286663
vt 1.668575 0.289740
vt 1.668661 0.293639
vt 1.661323 0.293639
vt 1.664993 0.293664
vt 1.665597 0.362417
vt 1.661861 0.362510
vt 1.669403 0.362305
vt 1.661343 0.289714
vt 1.521371 0.289478
vt 1.521365 0.293373
vt 1.514023 0.293263
vt 1.517694 0.293344
vt 1.517008 0.362276
vt 1.513272 0.362286
vt 1.520812 0.362252
vt 1.514135 0.289332
vt 1.373995 0.286162
vt 1.373883 0.290089
vt 1.366587 0.289743
vt 1.370233 0.289945
vt 1.367318 0.358877
vt 1.363516 0.358058
vt 1.371255 0.359675
vt 1.366800 0.285828
vt 1.226952 0.278174
vt 1.227103 0.282238
vt 1.223082 0.283016
vt 1.224757 0.349948
vt 1.220653 0.349983
vt 1.165559 0.206458
vt 1.163427 0.206458
vt 1.163427 0.179596
vt 1.165559 0.179596
vt 1.161106 0.206458
vt 1.161106 0.179596
vt 1.165559 0.208862
vt 1.273567 0.206458
vt 1.273567 0.208862
vt 1.161106 0.208862
vt 1.071853 0.208862
vt 1.071853 0.206458
vt 1.279497 0.206458
vt 1.276462 0.206458
vt 1.276462 0.179596
vt 1.279497 0.179596
vt 1.273567 0.179596
vt 1.424079 0.206458
vt 1.420624 0.206458
vt 1.420624 0.179596
vt 1.417093 0.206458
vt 1.417093 0.179596
vt 1.587942 0.206458
vt 1.584375 0.206458
vt 1.584375 0.179596
vt 1.587942 0.179596
vt 1.580961 0.206458
vt 1.580961 0.179596
vt 1.731303 0.206458
vt 1.728379 0.206458
vt 1.728379 0.179596
vt 1.731303 0.179596
vt 1.725371 0.206458
vt 1.725371 0.179596
vt 1.731303 0.208840
vt 1.839176 0.206458
vt 1.839176 0.208840
vt 1.843635 0.206458
vt 1.841289 0.206458
vt 1.841289 0.179596
vt 1.843635 0.179596
vt 1.839176 0.179596
vt 1.021214 0.415502
vt 1.022280 0.417282
vt 1.022603 0.416938
vt 1.022603 0.438652
vt 1.022280 0.438652
vt 1.023521 0.416938
vt 1.023521 0.438652
vt 1.023521 0.414411
vt 1.022603 0.414411
vt 1.022603 0.403302
vt 1.023521 0.403302
vt 1.843635 0.208840
vt 1.023521 0.415502
vt 1.065272 0.415502
vt 1.065272 0.416938
vt 1.065272 0.414411
vt 1.066542 0.416938
vt 1.066542 0.438652
vt 1.065272 0.438652
vt 1.067686 0.416938
vt 1.067686 0.438652
vt 1.067686 0.414411
vt 1.066542 0.414411
vt 1.066542 0.403302
vt 1.067686 0.403302
vt 1.065272 0.403302
vt 1.067686 0.415502
vt 1.109550 0.415502
vt 1.109550 0.416938
vt 1.109550 0.414411
vt 1.110933 0.416938
vt 1.110933 0.438652
vt 1.109550 0.438652
vt 1.111851 0.416938
vt 1.111851 0.438652
vt 1.111851 0.414411
vt 1.110933 0.414411
vt 1.110933 0.403302
vt 1.111851 0.403302
vt 1.109550 0.403302
vt 1.111851 0.415502
vt 1.153519 0.415502
vt 1.153519 0.416938
vt 1.153519 0.414411
vt 1.154443 0.416938
vt 1.154443 0.438652
vt 1.153519 0.438652
vt 1.155841 0.416938
vt 1.155841 0.438652
vt 1.155841 0.414411
vt 1.154443 0.414411
vt 1.154443 0.403302
vt 1.155841 0.403302
vt 1.153519 0.403302
vt 1.155841 0.415502
vt 1.197684 0.415502
vt 1.197684 0.416938
vt 1.197684 0.414411
vt 1.198824 0.416938
vt 1.198824 0.438652
vt 1.197684 0.438652
vt 1.200117 0.416938
vt 1.200117 0.438652
vt 1.200117 0.414411
vt 1.198824 0.414411
vt 1.198824 0.403302
vt 1.200117 0.403302
vt 1.197684 0.403302
vt 1.200117 0.415502
vt 1.241850 0.415502
vt 1.241850 0.416938
vt 1.241850 0.414411
vt 1.242774 0.416938
vt 1.242774 0.438652
vt 1.241850 0.438652
vt 1.243096 0.417282
vt 1.243096 0.438652
vt 1.932817 0.206458
vt 1.242774 0.403302
vt 1.932817 0.208840
vt 1.241850 0.403302
vt 1.069725 0.206458
vt 1.069725 0.179596
vt 1.071853 0.179596
vt 1.165559 0.176707
vt 1.273567 0.176707
vt 1.165559 0.173886
vt 1.273567 0.173886
vt 1.161106 0.173886
vt 1.161106 0.176707
vt 1.071853 0.176707
vt 1.071853 0.173886
vt 1.279497 0.176707
vt 1.417093 0.176707
vt 1.279497 0.173886
vt 1.417093 0.173886
vt 1.424079 0.176707
vt 1.580961 0.176710
vt 1.580961 0.173892
vt 1.587942 0.176710
vt 1.725371 0.176710
vt 1.587942 0.173892
vt 1.725371 0.173892
vt 1.021214 0.402120
vt 1.731303 0.176710
vt 1.839176 0.176710
vt 1.023521 0.402120
vt 1.065272 0.402120
vt 1.023521 0.400964
vt 1.065272 0.400964
vt 1.067686 0.402120
vt 1.109550 0.402120
vt 1.067686 0.400964
vt 1.109550 0.400964
vt 1.111851 0.402120
vt 1.153519 0.402120
vt 1.111851 0.400964
vt 1.153519 0.400964
vt 1.155841 0.402120
vt 1.197684 0.402120
vt 1.155841 0.400964
vt 1.197684 0.400964
vt 1.200117 0.402120
vt 1.241850 0.402120
vt 1.200117 0.400964
vt 1.241850 0.400964
vt 1.066542 0.440620
vt 1.023521 0.439535
vt 1.065272 0.439535
vt 1.066542 0.441408
vt 1.066542 0.496058
vt 1.067686 0.441408
vt 1.067686 0.496058
vt 1.067686 0.440091
vt 1.109550 0.440091
vt 1.109550 0.441408
vt 1.110933 0.441408
vt 1.110933 0.496058
vt 1.109550 0.496058
vt 1.111851 0.441408
vt 1.111851 0.496058
vt 1.111851 0.440091
vt 1.100760 0.499172
vt 1.100765 0.497848
vt 1.109509 0.497809
vt 1.109608 0.499092
vt 1.099471 0.498954
vt 1.099438 0.497400
vt 1.110933 0.498877
vt 1.111027 0.497399
vt 1.109584 0.557408
vt 1.100837 0.557402
vt 1.099537 0.557432
vt 1.110933 0.557459
vt 1.100778 0.558728
vt 1.109572 0.558728
vt 1.099722 0.558508
vt 1.110666 0.558524
vt 1.343200 0.031700
vt 1.343145 0.033812
vt 1.329009 0.033368
vt 1.329263 0.031317
vt 1.345212 0.033512
vt 1.345326 0.031055
vt 1.340746 0.126860
vt 1.326776 0.126496
vt 1.326902 0.032975
vt 1.326825 0.030592
vt 1.342824 0.126950
vt 1.340787 0.128980
vt 1.326742 0.128606
vt 1.324620 0.126524
vt 1.342485 0.128666
vt 1.325002 0.128236
vt 1.273309 0.045649
vt 1.272909 0.045443
vt 1.274049 0.042300
vt 1.274443 0.042503
vt 1.273144 0.046096
vt 1.272748 0.045891
vt 1.272472 0.045345
vt 1.273613 0.042204
vt 1.274606 0.042054
vt 1.274211 0.041852
vt 1.286975 0.055090
vt 1.289510 0.052915
vt 1.286616 0.055403
vt 1.272314 0.045794
vt 1.256098 0.043904
vt 1.255559 0.040597
vt 1.273775 0.041755
vt 1.289873 0.052603
vt 1.287309 0.055393
vt 1.289840 0.053210
vt 1.286950 0.055703
vt 1.256099 0.044345
vt 1.255621 0.043850
vt 1.255079 0.040637
vt 1.255394 0.040098
vt 1.290203 0.052898
vt 1.287556 0.055771
vt 1.290081 0.053580
vt 1.287195 0.056080
vt 1.255591 0.044338
vt 1.254814 0.040135
vt 1.290442 0.053268
vt 1.295004 0.070647
vt 1.298252 0.069912
vt 1.294539 0.070750
vt 1.286819 0.056360
vt 1.286581 0.055986
vt 1.298718 0.069809
vt 1.290576 0.052614
vt 1.290816 0.052989
vt 1.295161 0.071080
vt 1.298407 0.070317
vt 1.294691 0.071191
vt 1.294088 0.070878
vt 1.299169 0.069683
vt 1.298867 0.070208
vt 1.295211 0.071538
vt 1.298453 0.070745
vt 1.294749 0.071655
vt 1.294236 0.071298
vt 1.299316 0.070101
vt 1.298915 0.070628
vt 1.295252 0.088189
vt 1.298486 0.088971
vt 1.294790 0.088075
vt 1.294289 0.071742
vt 1.299374 0.070541
vt 1.298949 0.089086
vt 1.295201 0.088646
vt 1.298446 0.089402
vt 1.294730 0.088538
vt 1.294330 0.087990
vt 1.299410 0.089172
vt 1.298906 0.089508
vt 1.295042 0.089079
vt 1.298297 0.089807
vt 1.294576 0.088979
vt 1.294275 0.088432
vt 1.299357 0.089613
vt 1.298763 0.089907
vt 1.287668 0.103994
vt 1.290194 0.106169
vt 1.287305 0.103687
vt 1.294124 0.088853
vt 1.299214 0.090032
vt 1.290557 0.106479
vt 1.287421 0.104372
vt 1.289956 0.106543
vt 1.287060 0.104064
vt 1.286928 0.103410
vt 1.290932 0.106758
vt 1.290320 0.106852
vt 1.287086 0.104675
vt 1.289631 0.106840
vt 1.286725 0.104364
vt 1.286691 0.103783
vt 1.290694 0.107134
vt 1.289994 0.107149
vt 1.273462 0.114176
vt 1.274607 0.117314
vt 1.273294 0.113731
vt 1.274773 0.117762
vt 1.273064 0.114384
vt 1.274213 0.117521
vt 1.272900 0.113936
vt 1.274377 0.117968
vt 1.272627 0.114483
vt 1.273780 0.117619
vt 1.272466 0.114035
vt 1.273944 0.118067
vt 1.256268 0.115999
vt 1.255704 0.119321
vt 1.256270 0.115547
vt 1.255548 0.119802
vt 1.255784 0.116049
vt 1.255243 0.119272
vt 1.255752 0.115557
vt 1.254981 0.119765
vt 1.959564 0.359365
vt 1.963562 0.358707
vt 1.971521 0.384608
vt 1.967292 0.384935
vt 1.958835 0.355394
vt 1.962177 0.355663
vt 1.968399 0.389059
vt 1.971650 0.388010
vt 1.819647 0.366234
vt 1.814391 0.392981
vt 1.819850 0.362270
vt 1.812750 0.397158
vt 1.815592 0.366290
vt 1.810361 0.392967
vt 1.815485 0.362001
vt 1.362918 0.366001
vt 1.366928 0.366111
vt 1.371858 0.392688
vt 1.367725 0.392587
vt 1.362819 0.362111
vt 1.367087 0.361869
vt 1.223533 0.358096
vt 1.215628 0.383511
vt 1.224307 0.354141
vt 1.369333 0.396878
vt 1.214492 0.387611
vt 1.219555 0.357408
vt 1.211417 0.383151
vt 1.220965 0.354383
vt 1.211262 0.386539
vt 1.812655 0.546740
vt 1.816706 0.546147
vt 1.824268 0.572549
vt 1.819986 0.572800
vt 1.811992 0.542708
vt 1.815362 0.543043
vt 1.821033 0.576991
vt 1.824337 0.575988
vt 1.671308 0.550257
vt 1.664958 0.577132
vt 1.671611 0.546255
vt 1.663327 0.581319
vt 1.667234 0.550122
vt 1.660888 0.576729
vt 1.667257 0.545813
vt 1.658374 0.580983
vt 1.158127 0.505188
vt 1.157054 0.505247
vt 1.155195 0.498243
vt 1.156307 0.498125
vt 1.158217 0.506233
vt 1.157086 0.506383
vt 1.155841 0.496994
vt 1.154495 0.497114
vt 1.195680 0.505084
vt 1.197437 0.498114
vt 1.195529 0.506160
vt 1.197684 0.496994
vt 1.196759 0.505212
vt 1.198575 0.498149
vt 1.196424 0.506047
vt 1.198569 0.497236
vt 1.113882 0.566681
vt 1.112800 0.566810
vt 1.110957 0.559716
vt 1.112098 0.559682
vt 1.114033 0.567758
vt 1.113138 0.567646
vt 1.111851 0.558558
vt 1.110965 0.558800
vt 1.151489 0.566675
vt 1.153272 0.559680
vt 1.151334 0.567755
vt 1.153519 0.558558
vt 1.152572 0.566804
vt 1.154413 0.559715
vt 1.152233 0.567641
vt 1.154405 0.558799
vt 1.952693 0.097521
vt 1.953321 0.097547
vt 1.953650 0.120559
vt 1.952996 0.120613
vt 1.953948 0.097503
vt 1.954313 0.120555
vt 1.952980 0.121348
vt 1.953653 0.121329
vt 1.960375 0.096680
vt 1.960835 0.120612
vt 1.954328 0.121304
vt 1.953653 0.122102
vt 1.953008 0.122084
vt 1.960856 0.121196
vt 1.954297 0.122069
vt 1.953932 0.145289
vt 1.953280 0.145343
vt 1.960807 0.121782
vt 1.954592 0.145288
vt 1.953259 0.146080
vt 1.953933 0.146059
vt 1.961149 0.145412
vt 1.954609 0.146038
vt 1.953932 0.146834
vt 1.953283 0.146816
vt 1.961181 0.145994
vt 1.954580 0.146803
vt 1.954174 0.169815
vt 1.953532 0.169878
vt 1.961143 0.146578
vt 1.954825 0.169828
vt 1.961323 0.170559
vt 1.810833 0.367897
vt 1.814885 0.368724
vt 1.815609 0.538557
vt 1.811533 0.538540
vt 1.818935 0.369732
vt 1.819688 0.538794
vt 1.811045 0.363878
vt 1.669433 0.366263
vt 1.669457 0.370221
vt 1.661759 0.370314
vt 1.665608 0.370273
vt 1.667017 0.542762
vt 1.662953 0.543442
vt 1.671012 0.542046
vt 1.661810 0.366411
vt 1.520793 0.366215
vt 1.520776 0.370178
vt 1.513082 0.370082
vt 1.516929 0.370135
vt 1.516042 0.543343
vt 1.512162 0.542708
vt 1.520046 0.543943
vt 1.513173 0.366185
vt 1.371508 0.363707
vt 1.371741 0.367737
vt 1.363645 0.369610
vt 1.367691 0.368582
vt 1.367413 0.539025
vt 1.363330 0.539297
vt 1.371510 0.538976
vt 1.662237 0.551383
vt 1.666274 0.552256
vt 1.665826 0.736822
vt 1.661739 0.736693
vt 1.662587 0.547413
vt 1.520452 0.547928
vt 1.520838 0.551912
vt 1.516805 0.552797
vt 1.521867 0.736098
vt 1.517758 0.736252
vt 1.511549 0.546778
vt 1.371055 0.543169
vt 1.661939 0.740885
vt 1.521649 0.740308
vt 1.400398 0.558109
vt 1.300185 0.551041
vt 1.302931 0.551263
vt 1.868555 0.554682
vt 1.871270 0.554508
vt 1.770953 0.561322
vt 1.672397 0.567830
vt 1.810581 0.240410
vt 1.664550 0.243676
vt 1.518550 0.243329
vt 1.372480 0.239430
vt 1.226675 0.232135
vt 1.398111 0.589593
vt 1.297752 0.582164
vt 1.873476 0.585159
vt 1.773263 0.592687
vt 1.675154 0.599912
vt 1.812400 0.286660
vt 1.664953 0.289825
vt 1.517744 0.289503
vt 1.370386 0.286093
vt 1.496140 0.596884
vt 1.962074 0.354583
vt 1.819791 0.365876
vt 1.815934 0.363843
vt 1.665605 0.366347
vt 1.516964 0.366207
vt 1.366656 0.363705
vt 1.362808 0.365739
vt 1.221061 0.353341
vt 1.818512 0.542972
vt 1.815385 0.541838
vt 1.667551 0.547631
vt 1.515531 0.548167
vt 1.364524 0.543470
vt 1.367650 0.542316
vt 1.665246 0.740196
vt 1.518337 0.739629
vt 1.153519 0.440091
vt 1.153519 0.441408
vt 1.154443 0.441408
vt 1.154443 0.496058
vt 1.153519 0.496058
vt 1.155841 0.441408
vt 1.155841 0.496058
vt 1.155841 0.440091
vt 1.197684 0.440091
vt 1.197684 0.441408
vt 1.198824 0.440635
vt 1.198824 0.441849
vt 1.198824 0.441827
vt 1.198824 0.440621
vt 1.198824 0.441408
vt 1.198824 0.496058
vt 1.197684 0.496058
vt 1.198824 0.496058
vt 1.011973 0.417119
vt 1.013260 0.417290
vt 1.013455 0.438643
vt 1.012144 0.438692
vt 1.013174 0.415973
vt 1.011821 0.415614
vt 1.013382 0.439983
vt 1.012325 0.439767
vt 1.022376 0.416004
vt 1.022195 0.439994
vt 1.219070 0.283436
vt 1.216581 0.349736
vt 1.219502 0.279368
vt 1.223697 0.278380
vt 1.216689 0.353902
vt 1.219995 0.353318
vt 1.191055 0.282605
vt 1.189165 0.348986
vt 1.190988 0.278612
vt 1.189312 0.353163
vt 1.200117 0.439525
vt 1.241850 0.439525
vt 1.067686 0.497003
vt 1.109550 0.497003
vt 1.111851 0.498877
vt 1.111851 0.557459
vt 1.111851 0.497540
vt 1.153519 0.497540
vt 1.153519 0.498877
vt 1.154443 0.498877
vt 1.154443 0.557459
vt 1.153519 0.557459
vt 1.198824 0.497104
vt 1.731303 0.173892
vt 1.839176 0.173892
vt 1.843635 0.176710
vt 1.932817 0.176710
vt 1.022603 0.415502
vt 1.022280 0.416120
vt 1.066542 0.415502
vt 1.110933 0.415502
vt 1.154443 0.415502
vt 1.198824 0.415502
vt 1.243096 0.416122
vt 1.932817 0.179596
vt 1.843635 0.173892
vt 1.932817 0.173892
vt 1.163427 0.208862
vt 1.276462 0.208862
vt 1.728379 0.208840
vt 1.841289 0.208840
vt 1.069725 0.209877
vt 1.163427 0.173886
vt 1.163427 0.176707
vt 1.276462 0.173886
vt 1.276462 0.176707
vt 1.420624 0.173886
vt 1.022603 0.400964
vt 1.022603 0.402120
vt 1.066542 0.400964
vt 1.066542 0.402120
vt 1.110933 0.400964
vt 1.110933 0.402120
vt 1.154443 0.400964
vt 1.154443 0.402120
vt 1.198824 0.400964
vt 1.198824 0.402120
vt 1.242774 0.400964
vt 1.420624 0.176707
vt 1.022603 0.439535
vt 1.022280 0.439635
vt 1.066542 0.440091
vt 1.065272 0.440134
vt 1.110933 0.440091
vt 1.154443 0.440091
vt 1.198824 0.440091
vt 1.200117 0.440134
vt 1.243096 0.439635
vt 1.242774 0.439525
vt 1.066542 0.497003
vt 1.110933 0.497540
vt 1.154443 0.497540
vt 1.198824 0.496994
vt 1.110933 0.558558
vt 1.154443 0.558558
vt 1.226865 0.228237
vt 1.498953 0.565018
vt 1.226496 0.236050
vt 1.222563 0.278703
vt 1.496907 0.593628
vt 1.672177 0.565171
vt 1.956192 0.232915
vt 1.672624 0.570500
vt 1.960221 0.279799
vt 1.959092 0.275072
vt 1.584375 0.173892
vt 1.584375 0.176710
vt 1.728379 0.173892
vt 1.728379 0.176710
vt 1.841289 0.173892
vt 1.841289 0.176710
vt 1.021214 0.414411
vt 1.242774 0.402120
vt 1.021214 0.403302
vt 1.242774 0.414411
vt 1.242774 0.415502
vt 1.021214 0.400964
vt 1.069725 0.173886
vt 1.069725 0.176707
vt 1.209082 0.441827
vt 1.198824 0.497102
vt 1.209082 0.496058
vt 1.209082 0.497102
vt 1.580961 0.176707
vt 1.424079 0.173886
vt 1.580961 0.173886
vt 1.424079 0.179596
vt 1.064451 0.441673
vt 1.064386 0.496057
vt 1.063804 0.440488
vt 1.066174 0.439981
vt 1.064931 0.497274
vt 1.066467 0.497051
vt 1.053921 0.441723
vt 1.053944 0.496028
vt 1.053288 0.440502
vt 1.054507 0.497266
vn -0.922240 0.386607 0.002973
vn -0.999989 0.003229 0.003370
vn -0.999973 0.006240 -0.003773
vn -0.922191 0.386720 -0.003349
vn -0.980007 -0.198927 0.003892
vn -0.979973 -0.199092 -0.003969
vn -0.800245 0.386709 0.458328
vn -0.887171 0.396904 0.235361
vn -0.867877 0.440515 0.229643
vn -0.783053 0.431585 0.447842
vn -0.902070 0.431576 0.003434
vn -0.850668 -0.199092 0.486546
vn -0.867892 0.006243 0.496714
vn -0.864332 0.003234 0.502911
vn -0.846765 -0.198925 0.493374
vn -0.797197 0.386607 0.463694
vn -0.463868 0.386710 0.797046
vn -0.650632 0.396905 0.647413
vn -0.636786 0.440511 0.632814
vn -0.454224 0.431586 0.779368
vn -0.779445 0.431700 0.453983
vn -0.493427 -0.199101 0.846692
vn -0.503258 0.006239 0.864114
vn -0.497077 0.003229 0.867700
vn -0.486634 -0.198934 0.850654
vn -0.458545 0.386608 0.800169
vn -0.003198 0.386710 0.922196
vn -0.239754 0.396905 0.885993
vn -0.235062 0.440511 0.866427
vn -0.003684 0.431585 0.902065
vn -0.448028 0.431701 0.782882
vn -0.003972 -0.199094 0.979972
vn -0.003776 0.006239 0.999973
vn 0.003370 0.003230 0.999989
vn 0.003892 -0.198927 0.980007
vn 0.002972 0.386609 0.922239
vn 0.458329 0.386709 0.800244
vn 0.235361 0.396906 0.887170
vn 0.229641 0.440511 0.867879
vn 0.447842 0.431585 0.783053
vn 0.003437 0.431700 0.902011
vn 0.486544 -0.199101 0.850666
vn 0.496716 0.006240 0.867891
vn 0.502913 0.003229 0.864331
vn 0.493373 -0.198934 0.846764
vn 0.463694 0.386608 0.797196
vn 0.797046 0.386709 0.463868
vn 0.647413 0.396906 0.650632
vn 0.632814 0.440512 0.636786
vn 0.779369 0.431585 0.454223
vn 0.453983 0.431701 0.779445
vn 0.846692 -0.199106 0.493425
vn 0.864114 0.006239 0.503258
vn 0.867701 0.003229 0.497077
vn 0.850655 -0.198939 0.486631
vn 0.800170 0.386608 0.458544
vn 0.922213 0.386670 0.003204
vn 0.885993 0.396906 0.239755
vn 0.866424 0.440520 0.235058
vn 0.901929 0.431868 0.003715
vn 0.782884 0.431700 0.448026
vn 0.979957 -0.199170 0.003972
vn 0.999973 0.006243 0.003776
vn 0.999989 0.003222 -0.003371
vn 0.979991 -0.199001 -0.003885
vn 0.922265 0.386545 -0.003131
vn 0.800181 0.386865 -0.458307
vn 0.887137 0.396793 -0.235674
vn 0.869569 0.425705 -0.250249
vn 0.798123 0.392590 -0.457027
vn 0.903243 0.429109 -0.004194
vn 0.850655 -0.199152 -0.486544
vn 0.867893 0.006236 -0.496713
vn 0.864331 0.003232 -0.502913
vn 0.846755 -0.198985 -0.493368
vn 0.797123 0.386804 -0.463657
vn 0.463808 0.386953 -0.796962
vn 0.650867 0.397160 -0.647022
vn 0.648966 0.404125 -0.644613
vn 0.463300 0.391686 -0.794943
vn 0.794991 0.391862 -0.463069
vn 0.493425 -0.199103 -0.846693
vn 0.503255 0.006242 -0.864116
vn 0.497074 0.003229 -0.867702
vn 0.486631 -0.198936 -0.850655
vn 0.458497 0.386844 -0.800083
vn 0.003187 0.386953 -0.922094
vn 0.240159 0.397159 -0.885770
vn 0.239712 0.404130 -0.882733
vn 0.003756 0.391703 -0.920084
vn 0.457008 0.391608 -0.798616
vn 0.003973 -0.199092 -0.979973
vn 0.003775 0.006240 -0.999973
vn -0.003370 0.003228 -0.999989
vn -0.003892 -0.198925 -0.980007
vn -0.002972 0.386844 -0.922140
vn -0.458287 0.386953 -0.800151
vn -0.234900 0.397159 -0.887179
vn -0.233770 0.404129 -0.884326
vn -0.456790 0.391697 -0.798697
vn -0.003528 0.391619 -0.920121
vn -0.486545 -0.199083 -0.850670
vn -0.496715 0.006244 -0.867891
vn -0.502912 0.003232 -0.864332
vn -0.493374 -0.198916 -0.846767
vn -0.463645 0.386844 -0.797111
vn -0.796974 0.386913 -0.463821
vn -0.647017 0.397158 -0.650872
vn -0.644615 0.404124 -0.648964
vn -0.794838 0.391965 -0.463246
vn -0.463119 0.391610 -0.795086
vn -0.846680 -0.199180 -0.493418
vn -0.864113 0.006245 -0.503258
vn -0.867703 0.003220 -0.497073
vn -0.850639 -0.199014 -0.486627
vn -0.800093 0.386757 -0.458553
vn -0.885476 0.396852 -0.241744
vn -0.868172 0.425071 -0.256110
vn -0.903413 0.428749 -0.004445
vn -0.798022 0.392527 -0.457256
vn -0.022187 0.999673 0.012680
vn -0.028738 0.999557 0.007697
vn 0.038264 0.999216 -0.010210
vn 0.042500 0.998799 -0.024400
vn -0.025380 0.999678 0.000090
vn 0.048767 0.998810 -0.000127
vn -0.661973 0.646882 0.378597
vn -0.658851 0.646888 0.383994
vn -0.246224 0.958864 0.141254
vn -0.022107 0.999672 0.012892
vn -0.245442 0.958865 0.142606
vn -0.287806 0.957689 0.000549
vn -0.288516 0.957429 -0.009355
vn -0.027119 0.999603 -0.007620
vn -0.763532 0.645762 0.003086
vn -0.765309 0.643629 -0.006583
vn -0.012874 0.999673 0.022075
vn -0.021045 0.999557 0.021046
vn 0.028028 0.999216 -0.027971
vn 0.024607 0.998798 -0.042383
vn 0.042354 0.998800 -0.024592
vn -0.383990 0.646885 0.658856
vn -0.378588 0.646891 0.661969
vn -0.142606 0.958861 0.245455
vn -0.012699 0.999673 0.022219
vn -0.141252 0.958862 0.246235
vn -0.000112 0.999673 0.025554
vn -0.007704 0.999557 0.028747
vn 0.010287 0.999216 -0.038239
vn 0.000119 0.998798 -0.049008
vn 0.024384 0.998800 -0.042476
vn -0.003115 0.646873 0.762591
vn 0.003120 0.646880 0.762586
vn -0.000778 0.958866 0.283860
vn 0.000112 0.999672 0.025591
vn 0.000784 0.958866 0.283858
vn 0.012680 0.999673 0.022186
vn 0.007702 0.999557 0.028747
vn -0.010212 0.999216 -0.038260
vn -0.024401 0.998798 -0.042503
vn -0.000121 0.998800 -0.048976
vn 0.378595 0.646884 0.661972
vn 0.383991 0.646891 0.658850
vn 0.141259 0.958865 0.246221
vn 0.012893 0.999672 0.022106
vn 0.142611 0.958865 0.245438
vn 0.022075 0.999673 0.012874
vn 0.021044 0.999557 0.021043
vn -0.027973 0.999216 -0.028031
vn -0.042383 0.998798 -0.024607
vn -0.024593 0.998800 -0.042356
vn 0.658859 0.646882 0.383989
vn 0.661973 0.646891 0.378583
vn 0.245446 0.958864 0.142607
vn 0.022219 0.999673 0.012699
vn 0.246225 0.958864 0.141252
vn 0.025631 0.999672 0.000110
vn 0.028740 0.999557 0.007702
vn -0.038234 0.999216 -0.010285
vn -0.048338 0.998831 -0.000171
vn -0.042475 0.998800 -0.024383
vn 0.763893 0.645334 0.003300
vn 0.765655 0.643219 -0.006500
vn 0.288534 0.957469 0.000769
vn 0.027129 0.999603 -0.007566
vn 0.289228 0.957216 -0.009222
vn 0.862105 0.006513 -0.506687
vn 0.670012 0.013292 -0.742232
vn 0.665423 0.015166 -0.746312
vn 0.861485 0.022314 -0.507293
vn 0.069479 0.029995 -0.997132
vn -0.215119 0.023975 -0.976294
vn -0.219967 0.022223 -0.975254
vn 0.061069 0.015513 -0.998013
vn 0.844363 0.213210 -0.491521
vn 0.846131 0.203751 -0.492491
vn 0.864242 0.005841 -0.503042
vn -0.176671 0.393747 -0.902081
vn -0.308798 0.397365 -0.864144
vn -0.320333 0.024301 -0.946993
vn -0.054747 0.931578 -0.359395
vn -0.055587 0.998393 -0.010990
vn -0.156701 0.927728 -0.338772
vn 0.502964 0.005442 -0.864290
vn 0.705212 0.005523 -0.708975
vn 0.689459 0.015571 -0.724157
vn 0.502447 0.000284 -0.864608
vn 0.863783 0.021098 -0.503423
vn 0.492816 0.200847 -0.846636
vn 0.486799 0.200638 -0.850160
vn 0.497023 0.005433 -0.867721
vn 0.003465 0.005425 -0.999979
vn 0.260848 0.005793 -0.965362
vn 0.259849 0.000062 -0.965649
vn 0.003450 0.000002 -0.999994
vn 0.497006 0.000001 -0.867747
vn 0.003467 0.200850 -0.979616
vn -0.003500 0.200635 -0.979660
vn -0.003415 0.005423 -0.999979
vn -0.496984 0.005430 -0.867743
vn -0.256793 0.005793 -0.966449
vn -0.257802 0.000063 -0.966198
vn -0.497003 0.000002 -0.867749
vn -0.003439 0.000001 -0.999994
vn -0.486805 0.200845 -0.850107
vn -0.492864 0.200628 -0.846660
vn -0.502915 0.005432 -0.864319
vn -0.864244 0.005851 -0.503038
vn -0.703820 0.005722 -0.710356
vn -0.689031 0.015300 -0.724570
vn -0.863785 0.020888 -0.503428
vn -0.502439 0.000279 -0.864613
vn -0.846133 0.203821 -0.492459
vn -0.844427 0.212873 -0.491556
vn -0.862110 0.006515 -0.506678
vn 0.214956 0.024114 -0.976326
vn -0.070243 0.029432 -0.997096
vn -0.062105 0.015484 -0.997950
vn 0.219926 0.022244 -0.975263
vn -0.670543 0.013217 -0.741753
vn -0.861476 0.022166 -0.507315
vn -0.666163 0.015324 -0.745649
vn 0.053559 0.932192 -0.357980
vn 0.156684 0.928735 -0.336007
vn 0.055554 0.998396 -0.010969
vn 0.174945 0.394584 -0.902052
vn 0.320391 0.024183 -0.946977
vn 0.305359 0.399649 -0.864313
vn 0.786242 0.422343 -0.451054
vn 0.868567 0.435821 -0.235907
vn 0.887010 0.394398 -0.240134
vn 0.801734 0.382308 -0.459416
vn 0.906865 0.421412 -0.002561
vn 0.923972 0.382448 -0.003008
vn 0.245654 0.959116 -0.140539
vn 0.244531 0.959117 -0.142475
vn 0.661584 0.646640 -0.379687
vn 0.783755 0.422256 -0.455442
vn 0.659604 0.646645 -0.383109
vn 0.772285 0.635273 -0.002090
vn 0.773840 0.633381 0.000545
vn 0.907935 0.419104 0.002473
vn 0.277044 0.960857 -0.001142
vn 0.284060 0.958747 -0.010672
vn 0.455380 0.422344 -0.783744
vn 0.634251 0.435814 -0.638586
vn 0.648103 0.394398 -0.651470
vn 0.464615 0.382309 -0.798732
vn 0.798672 0.382479 -0.464579
vn 0.142472 0.959116 -0.244538
vn 0.140531 0.959117 -0.245653
vn 0.383110 0.646637 -0.659612
vn 0.451032 0.422257 -0.786301
vn 0.379682 0.646642 -0.661585
vn 0.002499 0.422343 -0.906433
vn 0.229984 0.435814 -0.870157
vn 0.235538 0.394399 -0.888241
vn 0.003002 0.382308 -0.924030
vn 0.459381 0.382480 -0.801673
vn 0.001115 0.959115 -0.283015
vn -0.001125 0.959116 -0.283009
vn 0.001977 0.646635 -0.762797
vn -0.002546 0.422256 -0.906473
vn -0.001979 0.646641 -0.762792
vn -0.451053 0.422343 -0.786243
vn -0.235908 0.435814 -0.868570
vn -0.240139 0.394398 -0.887008
vn -0.459415 0.382308 -0.801735
vn -0.003001 0.382479 -0.923960
vn -0.140542 0.959113 -0.245661
vn -0.142478 0.959115 -0.244537
vn -0.379685 0.646637 -0.661589
vn -0.455442 0.422256 -0.783756
vn -0.383109 0.646642 -0.659607
vn -0.783745 0.422342 -0.455380
vn -0.638586 0.435814 -0.634251
vn -0.651469 0.394400 -0.648102
vn -0.798733 0.382308 -0.464615
vn -0.464579 0.382479 -0.798672
vn -0.244537 0.959116 -0.142472
vn -0.245653 0.959117 -0.140530
vn -0.659612 0.646636 -0.383110
vn -0.786302 0.422255 -0.451032
vn -0.661586 0.646642 -0.379682
vn -0.906987 0.421151 -0.002528
vn -0.870154 0.435820 -0.229984
vn -0.888239 0.394399 -0.235542
vn -0.924031 0.382305 -0.003003
vn -0.801673 0.382478 -0.459381
vn -0.279267 0.960212 -0.001414
vn -0.286172 0.958122 -0.010404
vn -0.772467 0.635051 -0.002347
vn -0.908028 0.418902 0.002564
vn -0.774036 0.633142 0.000522
vn -0.657741 0.032953 -0.752523
vn -0.653185 0.017284 -0.757001
vn -0.313392 0.021801 -0.949374
vn -0.997011 0.014984 0.075796
vn -0.870925 0.006568 0.491373
vn -0.871231 0.020644 0.490439
vn -0.997221 0.017155 0.072500
vn -0.796790 0.395652 0.456712
vn -0.873587 0.425926 0.235443
vn -0.885570 0.395203 0.244090
vn -0.801697 0.382429 0.459380
vn -0.923953 0.382493 0.003095
vn -0.846508 0.231336 0.479486
vn -0.844206 0.215574 0.490759
vn -0.864421 0.005742 0.502735
vn -0.794649 0.394063 0.461788
vn -0.702074 0.005827 0.712080
vn -0.700633 0.016823 0.713324
vn -0.864225 0.017908 0.502786
vn -0.502570 0.005594 0.864519
vn -0.502652 0.000328 0.864489
vn -0.461781 0.393757 0.794804
vn -0.644311 0.404405 0.649092
vn -0.647789 0.394677 0.651613
vn -0.464548 0.382580 0.798641
vn -0.798579 0.382699 0.464558
vn -0.491606 0.207659 0.845696
vn -0.486555 0.207841 0.848568
vn -0.497350 0.005569 0.867532
vn -0.457358 0.393812 0.797330
vn -0.256807 0.005626 0.966446
vn -0.257790 -0.000062 0.966201
vn -0.497359 -0.000002 0.867545
vn -0.002994 0.005547 0.999980
vn -0.003025 -0.000001 0.999995
vn -0.002513 0.393753 0.919213
vn -0.233454 0.404405 0.884283
vn -0.235196 0.394677 0.888208
vn -0.002991 0.382580 0.923918
vn -0.459310 0.382764 0.801577
vn -0.002893 0.207658 0.978197
vn 0.002916 0.207848 0.978157
vn 0.003040 0.005545 0.999980
vn 0.002581 0.393803 0.919191
vn 0.260810 0.005625 0.965374
vn 0.259835 -0.000063 0.965653
vn 0.003033 -0.000002 0.999995
vn 0.497387 0.005578 0.867511
vn 0.497364 -0.000001 0.867542
vn 0.457427 0.393764 0.797314
vn 0.239967 0.404406 0.882537
vn 0.240420 0.394677 0.886808
vn 0.459368 0.382581 0.801631
vn 0.003014 0.382763 0.923842
vn 0.486594 0.207651 0.848591
vn 0.491606 0.207855 0.845648
vn 0.502607 0.005604 0.864497
vn 0.461829 0.393809 0.794751
vn 0.704304 0.005865 0.709874
vn 0.702028 0.017531 0.711934
vn 0.502668 0.000344 0.864479
vn 0.864436 0.005698 0.502711
vn 0.864220 0.018152 0.502787
vn 0.794721 0.393966 0.461746
vn 0.649088 0.404409 0.644312
vn 0.651622 0.394678 0.647780
vn 0.798651 0.382533 0.464569
vn 0.464530 0.382764 0.798564
vn 0.844419 0.214511 0.490858
vn 0.846643 0.231197 0.479316
vn 0.870935 0.006544 0.491355
vn 0.796832 0.395731 0.456570
vn 0.997021 0.015036 0.075656
vn 0.997220 0.017159 0.072517
vn 0.871224 0.020948 0.490438
vn 0.657509 0.033551 -0.752699
vn 0.313401 0.021805 -0.949371
vn 0.653170 0.017289 -0.757014
vn 0.875427 0.426720 0.227020
vn 0.887371 0.395348 0.237221
vn 0.924055 0.382248 0.003047
vn 0.801658 0.382668 0.459249
vn 0.867576 0.002266 -0.497300
vn 0.864504 0.006392 -0.502585
vn 0.849840 -0.200648 -0.487353
vn 0.847055 -0.200766 -0.492129
vn 0.979640 -0.200743 -0.002669
vn 0.999975 0.006383 -0.002999
vn 0.999993 0.002259 0.003115
vn 0.979664 -0.200625 0.002856
vn 0.502693 0.002264 -0.864462
vn 0.497390 0.006389 -0.867503
vn 0.492309 -0.200661 -0.846975
vn 0.487509 -0.200779 -0.849719
vn 0.003113 0.002265 -0.999993
vn -0.002999 0.006389 -0.999975
vn 0.002859 -0.200650 -0.979659
vn -0.002670 -0.200768 -0.979635
vn -0.497300 0.002269 -0.867576
vn -0.502585 0.006394 -0.864504
vn -0.487355 -0.200649 -0.849838
vn -0.492131 -0.200767 -0.847053
vn -0.864462 0.002272 -0.502693
vn -0.867503 0.006396 -0.497391
vn -0.846981 -0.200648 -0.492305
vn -0.849724 -0.200766 -0.487505
vn -0.999993 0.002268 -0.003113
vn -0.999975 0.006391 0.002998
vn -0.979660 -0.200644 -0.002858
vn -0.979636 -0.200763 0.002669
vn -0.867580 0.002265 0.497292
vn -0.864505 0.006385 0.502584
vn -0.849855 -0.200547 0.487367
vn -0.847075 -0.200665 0.492135
vn -0.502692 0.002265 0.864462
vn -0.497390 0.006390 0.867504
vn -0.492304 -0.200649 0.846981
vn -0.487504 -0.200768 0.849725
vn -0.003114 0.002265 0.999993
vn 0.002999 0.006390 0.999975
vn -0.002859 -0.200650 0.979659
vn 0.002670 -0.200768 0.979635
vn 0.497299 0.002269 0.867576
vn 0.502585 0.006394 0.864504
vn 0.487354 -0.200660 0.849836
vn 0.492131 -0.200778 0.847051
vn 0.864462 0.002266 0.502693
vn 0.867505 0.006389 0.497387
vn 0.847001 -0.200551 0.492309
vn 0.849741 -0.200669 0.487516
vn 0.032121 0.999097 -0.027824
vn -0.076943 0.923204 -0.376528
vn -0.137331 0.929088 -0.343417
vn -0.060736 0.997937 0.020796
vn -0.213301 0.383940 -0.898384
vn -0.273884 0.387770 -0.880126
vn 0.799493 0.376386 -0.468129
vn 0.799011 0.375293 -0.469827
vn 0.338082 0.919290 -0.201510
vn 0.030814 0.999142 -0.027661
vn 0.334877 0.919484 -0.205929
vn 0.493267 0.000097 -0.869878
vn 0.203210 0.003013 -0.979131
vn 0.200888 0.006098 -0.979595
vn 0.492371 0.009108 -0.870338
vn -0.445620 0.011013 -0.895155
vn -0.674435 0.009017 -0.738279
vn -0.678012 0.008992 -0.734996
vn -0.448853 0.006122 -0.893585
vn 0.496392 0.004058 -0.868089
vn 0.497043 -0.000024 -0.867726
vn 0.496951 -0.000001 -0.867778
vn -0.607589 0.380371 -0.697247
vn -0.703695 0.382564 -0.598714
vn -0.751114 0.009059 -0.660110
vn -0.225988 0.925212 -0.304814
vn -0.073579 0.996884 0.028446
vn -0.335293 0.917640 -0.213344
vn -0.320096 0.931148 0.174646
vn -0.329784 0.927527 0.175889
vn -0.805644 0.377860 0.456245
vn -0.802423 0.376145 0.463284
vn -0.943114 0.011877 -0.332257
vn -0.942320 0.006728 -0.334646
vn -0.746441 0.008804 -0.665394
vn -0.829618 0.003781 0.558319
vn -0.508501 0.000098 0.861062
vn -0.509557 0.008434 0.860396
vn -0.830078 0.006890 0.557605
vn -0.508118 0.004155 0.861277
vn -0.497340 0.000035 0.867556
vn -0.497245 0.000001 0.867611
vn 0.003434 -0.000002 -0.999994
vn 0.256516 -0.000061 -0.966540
vn 0.239697 0.006440 -0.970826
vn 0.002980 0.000118 -0.999996
vn 0.496547 0.008597 -0.867968
vn 0.003453 -0.000038 -0.999994
vn -0.003423 -0.000022 -0.999994
vn -0.003379 -0.000000 -0.999994
vn -0.251911 0.000072 0.967750
vn -0.245270 0.006954 0.969430
vn -0.497051 0.007268 0.867691
vn -0.002987 0.000002 0.999996
vn -0.002888 0.000135 0.999996
vn -0.003010 0.000020 0.999996
vn 0.003037 0.000033 0.999995
vn 0.003030 0.000003 0.999995
vn -0.496951 0.000000 -0.867778
vn -0.254476 -0.000003 -0.967079
vn -0.239180 0.006330 -0.970955
vn -0.496561 0.008504 -0.867960
vn -0.002971 0.000115 -0.999996
vn -0.496989 -0.000040 -0.867757
vn -0.496367 0.004031 -0.868104
vn -0.493272 0.000096 -0.869875
vn 0.255225 0.000097 0.966882
vn 0.246528 0.007245 0.969109
vn 0.002887 0.000142 0.999996
vn 0.497272 0.000002 0.867595
vn 0.497041 0.007371 0.867696
vn 0.497375 0.000018 0.867536
vn 0.508254 0.004187 0.861197
vn 0.508508 0.000099 0.861057
vn 0.674326 0.009066 -0.738378
vn 0.444847 0.010883 -0.895541
vn 0.448001 0.006109 -0.894012
vn 0.677988 0.009001 -0.735018
vn -0.204011 0.003008 -0.978964
vn -0.492360 0.009052 -0.870345
vn -0.201816 0.006163 -0.979404
vn -0.030770 0.999143 -0.027674
vn 0.224746 0.926158 -0.302853
vn 0.335754 0.918204 -0.210170
vn 0.074111 0.996835 0.028784
vn 0.606776 0.381869 -0.697136
vn 0.751134 0.009030 -0.660088
vn 0.701830 0.384642 -0.599571
vn -0.797887 0.378261 -0.469355
vn -0.798229 0.379115 -0.468084
vn -0.331102 0.921225 -0.204246
vn -0.031537 0.999123 -0.027550
vn -0.334466 0.920980 -0.199822
vn 0.829661 0.003812 0.558254
vn 0.830076 0.006892 0.557608
vn 0.509563 0.008555 0.860391
vn 0.943087 0.012027 -0.332328
vn 0.746447 0.008806 -0.665386
vn 0.942322 0.006731 -0.334639
vn 0.331476 0.926735 0.176880
vn 0.321490 0.930410 0.176016
vn 0.061772 0.997859 0.021471
vn 0.803029 0.374189 0.463818
vn 0.806029 0.375996 0.457104
vn 0.212989 0.383911 -0.898470
vn 0.273883 0.387795 -0.880115
vn 0.076649 0.923186 -0.376634
vn 0.137328 0.929093 -0.343407
vn 0.013906 0.999097 -0.040162
vn -0.254881 0.923212 -0.287603
vn -0.290635 0.929102 -0.228696
vn -0.042213 0.997936 0.048389
vn -0.633918 0.383901 -0.671393
vn -0.677280 0.387699 -0.625285
vn 0.458313 0.376405 -0.805151
vn 0.457040 0.375316 -0.806383
vn 0.192038 0.919288 -0.343557
vn 0.012856 0.999142 -0.039364
vn 0.187049 0.919482 -0.345783
vn -0.007795 0.000091 -0.999970
vn -0.313814 0.002805 -0.949480
vn -0.315901 0.005677 -0.948775
vn -0.008818 0.008480 -0.999925
vn -0.833616 0.010254 -0.552249
vn -0.953232 0.008394 -0.302123
vn -0.954674 0.008374 -0.297536
vn -0.835490 0.005698 -0.549476
vn -0.004182 0.004081 -0.999983
vn 0.004173 0.004014 -0.999983
vn 0.007793 0.000090 -0.999970
vn -0.874823 0.380352 -0.300028
vn -0.908774 0.382547 -0.166694
vn -0.980533 0.008435 -0.196172
vn -0.348127 0.925208 -0.150989
vn -0.049495 0.996884 0.061416
vn -0.397061 0.917632 -0.017139
vn -0.189884 0.931155 0.311279
vn -0.197650 0.927535 0.317196
vn -0.469587 0.377846 0.797948
vn -0.463277 0.376140 0.802430
vn -0.982919 0.011056 0.183704
vn -0.983388 0.006264 0.181410
vn -0.979143 0.008200 -0.203008
vn -0.439464 0.003519 0.898253
vn -0.009949 0.000093 0.999951
vn -0.011226 0.008412 0.999902
vn -0.440164 0.006411 0.897895
vn -0.009453 0.004183 0.999947
vn 0.009656 0.004239 0.999944
vn 0.009950 0.000093 0.999951
vn 0.953187 0.008440 -0.302264
vn 0.833135 0.010131 -0.552977
vn 0.834965 0.005687 -0.550274
vn 0.954663 0.008381 -0.297572
vn 0.313024 0.002799 -0.949741
vn 0.008836 0.008491 -0.999925
vn 0.314995 0.005739 -0.949076
vn -0.012806 0.999144 -0.039345
vn 0.346064 0.926157 -0.149910
vn 0.395884 0.918191 -0.014149
vn 0.049792 0.996834 0.061987
vn 0.874065 0.381848 -0.300338
vn 0.980539 0.008407 -0.196144
vn 0.907589 0.384624 -0.168364
vn -0.456301 0.378291 -0.805411
vn -0.457240 0.379140 -0.804478
vn -0.184620 0.921226 -0.342431
vn -0.013538 0.999123 -0.039633
vn -0.189746 0.920980 -0.340284
vn 0.439535 0.003549 0.898218
vn 0.440169 0.006411 0.897892
vn 0.011226 0.008412 0.999902
vn 0.982931 0.011196 0.183632
vn 0.979143 0.008199 -0.203008
vn 0.983387 0.006264 0.181414
vn 0.198626 0.926740 0.318905
vn 0.190406 0.930416 0.313165
vn 0.042775 0.997858 0.049496
vn 0.463544 0.374138 0.803211
vn 0.469502 0.375939 0.798898
vn 0.633688 0.383888 -0.671617
vn 0.677269 0.387741 -0.625271
vn 0.254682 0.923193 -0.287841
vn 0.290626 0.929106 -0.228690
vn -0.008076 0.999070 -0.042355
vn -0.364576 0.923194 -0.121641
vn -0.366063 0.929095 -0.052734
vn -0.012305 0.997836 0.064589
vn -0.884670 0.383947 -0.264468
vn -0.899175 0.387738 -0.202840
vn -0.005644 0.376313 -0.926476
vn 0.005797 0.376250 -0.926500
vn -0.005262 0.918986 -0.394255
vn 0.008086 0.999074 -0.042269
vn 0.005302 0.918965 -0.394303
vn 0.884602 0.383886 -0.264784
vn 0.899176 0.387736 -0.202841
vn 0.364509 0.923182 -0.121939
vn 0.012305 0.997836 0.064589
vn 0.366063 0.929095 -0.052734
vn -0.007982 0.929601 0.368481
vn 0.007982 0.929601 0.368481
vn -0.006859 0.398563 0.917116
vn 0.006859 0.398562 0.917116
vn -0.944467 -0.207746 0.254604
vn -0.966330 0.006119 0.257233
vn -0.690624 -0.207762 0.692729
vn -0.708247 0.006123 0.705938
vn -0.251730 -0.207755 0.945235
vn -0.260388 0.006118 0.965485
vn 0.254608 -0.207758 0.944464
vn 0.257236 0.006127 0.966329
vn 0.692728 -0.207766 0.690624
vn 0.705937 0.006122 0.708248
vn 0.945236 -0.207756 0.251728
vn 0.965485 0.006125 0.260386
vn 0.944458 -0.207754 -0.254632
vn 0.966336 0.006139 -0.257212
vn 0.690618 -0.207757 -0.692737
vn 0.708233 0.006121 -0.705953
vn 0.251725 -0.207747 -0.945239
vn 0.260375 0.006125 -0.965488
vn -0.254615 -0.207750 -0.944463
vn -0.257251 0.006126 -0.966325
vn -0.692736 -0.207752 -0.690620
vn -0.705950 0.006123 -0.708235
vn -0.945234 -0.207751 -0.251737
vn -0.965513 0.006122 -0.260284
vn -0.265790 0.961394 0.071261
vn -0.726154 0.659380 0.194728
vn -0.194580 0.961387 0.194612
vn -0.531507 0.659360 0.531738
vn -0.071202 0.961389 0.265824
vn -0.194425 0.659350 0.726262
vn 0.071251 0.961386 0.265819
vn 0.194752 0.659357 0.726168
vn 0.194614 0.961387 0.194580
vn 0.531741 0.659359 0.531505
vn 0.265799 0.961395 0.071208
vn 0.726227 0.659385 0.194438
vn 0.145083 0.372550 -0.916601
vn 0.792820 0.415826 -0.445562
vn 0.287707 0.902244 -0.321218
vn 0.692056 0.208666 -0.691026
vn 0.253746 0.208686 -0.944491
vn -0.252500 0.208686 -0.944825
vn -0.691119 0.208663 -0.691964
vn -0.792483 0.411448 -0.450201
vn -0.144565 0.367841 -0.918582
vn -0.288034 0.901347 -0.323434
vn 0.726078 0.659609 -0.194234
vn 0.264994 0.961653 -0.070719
vn 0.531701 0.659574 -0.531278
vn 0.194139 0.961655 -0.193728
vn 0.194827 0.659570 -0.725955
vn 0.071265 0.961655 -0.264840
vn -0.194261 0.659565 -0.726111
vn -0.070704 0.961655 -0.264991
vn -0.531292 0.659558 -0.531706
vn -0.193723 0.961656 -0.194136
vn -0.725918 0.659603 -0.194852
vn -0.264838 0.961657 -0.071258
vn -0.887068 0.435507 0.153114
vn -0.648313 0.382924 -0.658072
vn -0.415971 0.882484 -0.219523
vn -0.690810 0.212816 0.691007
vn -0.252663 0.212885 0.943844
vn 0.253103 0.212890 0.943725
vn 0.691147 0.212813 0.690671
vn 0.644362 0.387341 -0.659367
vn 0.886153 0.440017 0.145317
vn 0.411604 0.884118 -0.221173
vn 0.944305 -0.205575 -0.256957
vn 0.963776 0.009282 -0.266552
vn 0.689311 -0.205580 -0.694685
vn 0.701378 0.009283 -0.712729
vn 0.249613 -0.205588 -0.946270
vn 0.251039 0.009277 -0.967933
vn -0.256962 -0.205571 -0.944305
vn -0.266553 0.009283 -0.963776
vn -0.694683 -0.205577 -0.689314
vn -0.712729 0.009283 -0.701378
vn -0.946269 -0.205579 -0.249623
vn -0.967929 0.009280 -0.251052
vn -0.944301 -0.205588 0.256962
vn -0.963819 0.009260 0.266395
vn -0.689306 -0.205573 0.694692
vn -0.701391 0.009281 0.712717
vn -0.249614 -0.205588 0.946270
vn -0.251062 0.009278 0.967927
vn 0.256958 -0.205580 0.944304
vn 0.266525 0.009280 0.963783
vn 0.694687 -0.205583 0.689308
vn 0.712718 0.009283 0.701389
vn 0.946264 -0.205605 0.249622
vn 0.967934 0.009265 0.251033
vn 0.023680 0.323744 -0.945848
vn 0.188138 0.869797 -0.456132
vn 0.651491 0.323181 -0.686377
vn -0.338915 0.328336 -0.881664
vn 0.497514 0.184222 -0.847669
vn 0.121430 0.856874 -0.501020
vn -0.931298 0.348955 0.104476
vn -0.381472 0.910883 -0.157388
vn -0.585044 0.349033 -0.732051
vn -0.765741 0.199658 0.611373
vn -0.907950 0.329129 -0.259425
vn -0.552352 0.833053 0.030489
vn 0.261617 -0.001151 -0.965171
vn -0.256023 0.001156 0.966670
vn -0.256036 -0.001152 -0.966667
vn 0.261604 0.001156 0.965175
vn -0.493509 0.183818 -0.850094
vn 0.339113 0.326455 -0.882286
vn -0.117018 0.858142 -0.499898
vn 0.906562 0.330886 -0.262030
vn 0.771173 0.202651 0.603510
vn 0.553370 0.832448 0.028487
vn -0.191161 0.868798 -0.456779
vn -0.026592 0.322996 -0.946027
vn -0.653606 0.321010 -0.685384
vn 0.584985 0.349053 -0.732089
vn 0.381411 0.910926 -0.157288
vn 0.931282 0.348956 0.104609
vn -0.452458 0.323607 -0.831000
vn -0.065025 0.869848 -0.489016
vn 0.221126 0.323065 -0.920181
vn -0.734378 0.328245 -0.594091
vn 0.006942 0.184257 -0.982854
vn -0.145430 0.856864 -0.494605
vn -0.754341 0.348477 0.556358
vn -0.408915 0.910946 0.054460
vn -0.872822 0.348544 -0.341612
vn -0.357571 0.199742 0.912275
vn -0.916067 0.329058 0.229222
vn -0.463178 0.833084 0.302386
vn -0.002312 0.183873 -0.982947
vn 0.734865 0.326346 -0.594535
vn 0.148683 0.858180 -0.491345
vn 0.916166 0.330801 0.226298
vn 0.366168 0.202677 0.908209
vn 0.465096 0.832443 0.301206
vn 0.062758 0.868850 -0.491082
vn 0.450041 0.322855 -0.832603
vn -0.223472 0.320880 -0.920378
vn 0.872787 0.348572 -0.341673
vn 0.408794 0.910997 0.054507
vn 0.754249 0.348488 0.556475
vn -0.807351 0.323594 -0.493428
vn -0.300799 0.869854 -0.390991
vn -0.268553 0.323079 -0.907468
vn 0.299770 0.868915 -0.393860
vn 0.806095 0.322808 -0.495990
vn 0.266526 0.320885 -0.908844
vn -0.374879 0.348311 0.859154
vn -0.326724 0.911013 0.251609
vn -0.926725 0.348477 0.140513
vn 0.926724 0.348482 0.140509
vn 0.326725 0.911013 0.251606
vn 0.374887 0.348299 0.859155
s 1
g AltarCrystal TET_BattleAltar
usemtl initialShadingGroup
f 4/4/1 3/5/2 95/6/3 94/7/4
f 3/5/2 2/1/5 96/8/6 95/6/3
f 6/9/7 5/10/8 101/11/9 100/12/10
f 5/10/8 4/4/1 102/13/11 101/11/9
f 8/3/12 7/14/13 11/15/14 10/16/15
f 7/14/13 6/9/7 12/17/16 11/15/14
f 14/20/17 13/21/18 109/22/19 108/23/20
f 13/21/18 12/17/16 110/24/21 109/22/19
f 16/561/22 15/562/23 19/563/24 18/564/25
f 15/562/23 14/565/17 20/566/26 19/563/24
f 22/575/27 21/571/28 117/574/29 116/578/30
f 21/571/28 20/566/26 118/570/31 117/574/29
f 24/573/32 23/572/33 27/576/34 26/577/35
f 23/572/33 22/575/27 28/579/36 27/576/34
f 30/587/37 29/583/38 125/586/39 124/590/40
f 29/583/38 28/579/36 126/582/41 125/586/39
f 32/585/42 31/584/43 35/588/44 34/589/45
f 31/584/43 30/587/37 36/591/46 35/588/44
f 38/28/47 37/29/48 133/30/49 132/31/50
f 37/29/48 36/32/46 134/33/51 133/30/49
f 40/27/52 39/34/53 43/35/54 42/36/55
f 39/34/53 38/28/47 44/37/56 43/35/54
f 46/40/57 45/41/58 141/42/59 140/43/60
f 45/41/58 44/37/56 142/44/61 141/42/59
f 48/39/62 47/45/63 51/46/64 50/47/65
f 47/45/63 46/40/57 52/48/66 51/46/64
f 54/51/67 53/52/68 149/787/69 148/54/70
f 53/785/68 52/48/66 150/55/71 149/53/69
f 56/50/72 55/56/73 59/57/74 58/58/75
f 55/56/73 54/51/67 60/59/76 59/57/74
f 62/62/77 61/63/78 159/64/79 158/65/80
f 61/63/78 60/59/76 160/66/81 159/64/79
f 64/61/82 63/67/83 67/68/84 66/69/85
f 63/67/83 62/62/77 68/70/86 67/68/84
f 70/73/87 69/74/88 167/75/89 166/76/90
f 69/74/88 68/70/86 168/77/91 167/75/89
f 72/72/92 71/78/93 75/79/94 74/80/95
f 71/78/93 70/73/87 76/81/96 75/79/94
f 78/84/97 77/85/98 175/86/99 174/87/100
f 77/85/98 76/81/96 176/88/101 175/86/99
f 80/83/102 79/89/103 83/90/104 82/91/105
f 79/89/103 78/84/97 84/92/106 83/90/104
f 86/95/107 85/96/108 183/97/109 182/98/110
f 85/96/108 84/92/106 184/99/111 183/97/109
f 88/94/112 87/100/113 91/101/114 90/102/115
f 87/100/113 86/95/107 92/103/116 91/101/114
f 94/7/4 93/105/117 193/782/118 192/107/119
f 93/780/117 92/103/116 194/108/120 193/106/118
s 24
f 98/375/121 97/376/122 201/377/123 200/378/124
f 97/376/122 104/381/125 202/382/126 201/377/123
s 1
f 100/12/10 99/109/127 111/110/128 110/24/21
s 24
f 99/379/129 98/375/121 112/385/130 111/387/131
f 104/381/125 103/388/132 191/396/133 190/389/134
s 1
f 103/111/135 102/13/11 192/107/119 191/112/136
s 24
f 106/401/137 105/393/138 209/394/139 208/402/140
f 105/393/138 112/385/130 210/386/141 209/394/139
s 1
f 108/410/20 107/403/142 119/409/143 118/418/31
s 24
f 107/403/144 106/401/137 120/407/145 119/409/146
f 114/421/147 113/415/148 217/416/149 216/422/150
f 113/415/148 120/407/145 218/408/151 217/416/149
s 1
f 116/430/30 115/423/152 127/429/153 126/436/41
s 24
f 115/423/154 114/421/147 128/427/155 127/429/156
f 122/439/157 121/433/158 225/434/159 224/440/160
f 121/433/158 128/427/155 226/428/161 225/434/159
s 1
f 124/448/40 123/441/162 135/447/163 134/454/51
s 24
f 123/441/164 122/439/157 136/445/165 135/447/166
f 130/457/167 129/451/168 233/452/169 232/458/170
f 129/451/168 136/445/165 234/446/171 233/452/169
s 1
f 132/31/50 131/113/172 143/114/173 142/44/61
s 24
f 131/459/174 130/457/167 144/463/175 143/465/176
f 138/471/177 137/467/178 241/468/179 240/472/180
f 137/467/178 144/463/175 242/464/181 241/468/179
s 1
f 140/43/60 139/115/182 151/116/183 150/55/71
s 24
f 139/473/184 138/471/177 152/475/185 151/477/186
s 1
f 146/117/187 145/118/188 397/119/189 396/120/190
s 31
f 145/693/191 154/694/192 398/695/193 397/696/194
s 1
f 148/54/70 147/121/195 161/122/196 160/66/81
f 147/121/195 146/117/187 162/123/197 161/122/196
s 31
f 154/694/192 153/697/198 247/701/199 246/202/200
s 24
f 153/479/201 152/475/185 248/476/202 247/480/203
s 1
f 156/124/204 155/125/205 403/126/206 402/127/207
f 155/125/205 162/123/197 404/128/208 403/126/206
f 158/65/80 157/129/209 169/130/210 168/77/91
f 157/129/209 156/124/204 170/131/211 169/130/210
f 164/132/212 163/133/213 429/134/214 428/135/215
f 163/133/213 170/131/211 430/136/216 429/134/214
f 166/76/90 165/137/217 177/138/218 176/88/101
f 165/137/217 164/132/212 178/139/219 177/138/218
f 172/140/220 171/141/221 445/142/222 444/143/223
f 171/141/221 178/139/219 446/144/224 445/142/222
f 174/87/100 173/145/225 185/146/226 184/99/111
f 173/145/225 172/140/220 186/147/227 185/146/226
f 180/148/228 179/149/229 463/150/230 462/151/231
f 179/149/229 186/147/227 464/152/232 463/150/230
f 182/98/110 181/153/233 195/154/234 194/108/120
f 181/153/233 180/148/228 196/155/235 195/154/234
s 36
f 188/703/236 187/156/237 479/158/238 478/704/239
s 1
f 187/156/240 196/155/235 480/157/241 479/158/242
s 24
f 190/389/134 189/397/243 295/398/244 294/390/245
s 36
f 189/705/246 188/703/236 296/709/247 295/711/248
s 37
f 198/159/249 197/160/250 301/161/251 300/162/252
f 197/160/250 204/163/253 302/164/254 301/161/251
s 24
f 200/378/124 199/383/255 211/392/256 210/386/141
s 37
f 199/165/257 198/159/249 212/166/258 211/167/259
f 204/163/253 203/168/260 293/169/261 292/170/262
s 24
f 203/391/263 202/382/126 294/390/245 293/399/264
s 37
f 206/171/265 205/172/266 309/173/267 308/174/268
f 205/172/266 212/166/258 310/175/269 309/173/267
s 24
f 208/402/140 207/406/270 219/412/271 218/408/151
s 37
f 207/406/272 206/414/265 220/419/273 219/412/274
f 214/176/275 213/177/276 317/178/277 316/809/278
f 213/177/276 220/179/273 318/180/279 317/178/277
s 24
f 216/422/150 215/426/280 227/432/281 226/428/161
s 37
f 215/426/282 214/431/275 228/437/283 227/432/284
f 222/181/285 221/182/286 325/183/287 324/184/288
f 221/182/286 228/185/283 326/186/289 325/183/287
s 24
f 224/440/160 223/444/290 235/450/291 234/446/171
s 37
f 223/444/292 222/449/285 236/455/293 235/450/294
f 230/187/295 229/188/296 333/189/297 332/190/298
f 229/188/296 236/191/293 334/192/299 333/189/297
s 24
f 232/458/170 231/462/300 243/466/301 242/464/181
s 37
f 231/193/302 230/187/295 244/194/303 243/195/304
f 238/196/305 237/197/306 341/198/307 340/199/308
f 237/197/306 244/194/303 342/200/309 341/198/307
s 24
f 240/472/180 239/474/310 249/478/311 248/476/202
s 37
f 239/212/312 238/196/305 250/278/313 249/280/314
s 31
f 246/202/200 245/203/315 413/204/316 412/205/317
s 37
f 245/203/318 254/206/319 414/207/320 413/204/321
f 252/208/322 251/209/323 349/210/324 348/211/325
f 251/209/323 250/794/313 350/796/326 349/210/324
f 254/206/319 253/213/327 257/214/328 256/215/329
f 253/213/327 252/208/322 258/216/330 257/214/328
f 256/215/329 255/217/331 421/218/332 420/219/333
f 255/217/331 262/220/334 422/221/335 421/218/332
f 260/222/336 259/223/337 357/224/338 356/225/339
f 259/223/337 258/216/330 358/226/340 357/224/338
f 262/220/334 261/227/341 265/228/342 264/229/343
f 261/227/341 260/222/336 266/230/344 265/228/342
f 264/229/343 263/231/345 437/232/346 436/233/347
f 263/231/345 270/234/348 438/235/349 437/232/346
f 268/236/350 267/237/351 365/238/352 364/239/353
f 267/237/351 266/230/344 366/240/354 365/238/352
f 270/234/348 269/241/355 273/242/356 272/243/357
f 269/241/355 268/236/350 274/244/358 273/242/356
f 272/243/357 271/245/359 453/246/360 452/247/361
f 271/245/359 278/248/362 454/249/363 453/246/360
f 276/250/364 275/251/365 373/252/366 372/253/367
f 275/251/365 274/244/358 374/254/368 373/252/366
f 278/248/362 277/255/369 281/256/370 280/257/371
f 277/255/369 276/250/364 282/258/372 281/256/370
f 280/257/371 279/259/373 471/260/374 470/261/375
f 279/259/373 286/262/376 472/263/377 471/260/374
f 284/264/378 283/265/379 381/266/380 380/267/381
f 283/265/379 282/258/372 382/268/382 381/266/380
f 286/262/376 285/269/383 289/270/384 288/271/385
f 285/269/383 284/264/378 290/272/386 289/270/384
f 288/271/385 287/273/387 487/274/388 486/275/389
s 36
f 287/273/390 296/276/247 488/277/391 487/274/392
s 37
f 292/170/262 291/282/393 389/283/394 388/284/395
f 291/797/393 290/272/386 390/281/396 389/279/394
f 300/162/252 299/285/397 311/286/398 310/175/269
f 299/285/397 298/287/399 312/288/400 311/286/398
f 304/289/401 303/290/402 387/291/403 386/292/404
f 303/290/402 302/164/254 388/284/395 387/291/403
f 308/174/268 307/293/405 319/294/406 318/180/279
f 307/293/405 306/295/407 320/296/408 319/294/406
f 316/809/278 315/297/409 327/806/410 326/186/289
f 315/297/409 314/807/411 328/808/412 327/806/410
f 324/184/288 323/300/413 335/301/414 334/192/299
f 323/300/413 322/302/415 336/303/416 335/301/414
f 332/190/298 331/305/417 343/306/418 342/200/309
f 331/305/417 330/726/419 344/727/420 343/306/418
f 340/199/308 339/728/421 351/729/422 350/737/326
f 339/728/421 338/738/423 352/739/424 351/729/422
f 348/211/325 347/307/425 359/308/426 358/226/340
f 347/307/425 346/309/427 360/310/428 359/308/426
f 356/225/339 355/311/429 367/312/430 366/240/354
f 355/311/429 354/313/431 368/314/432 367/312/430
f 364/239/353 363/315/433 375/316/434 374/254/368
f 363/315/433 362/317/435 376/318/436 375/316/434
f 372/253/367 371/319/437 383/320/438 382/268/382
f 371/319/437 370/321/439 384/322/440 383/320/438
f 380/267/381 379/323/441 391/324/442 390/281/396
f 379/323/441 378/325/443 392/326/444 391/324/442
s 50
f 394/483/445 393/484/446 411/485/447 410/486/448
s 31
f 393/699/449 398/695/193 412/205/317 411/702/450
s 1
f 396/120/190 395/487/451 405/493/452 404/128/208
s 50
f 395/487/453 394/483/445 406/491/454 405/493/455
s 1
f 400/593/456 399/594/457 493/595/458 492/596/459
s 52
f 399/594/460 408/597/461 494/598/462 493/595/463
s 1
f 402/127/207 401/599/464 431/600/465 430/136/216
f 401/599/464 400/593/456 432/601/466 431/600/465
s 52
f 408/816/461 407/818/467 417/812/468 416/810/469
s 50
f 407/495/470 406/491/454 418/492/471 417/496/472
f 410/486/448 409/489/473 419/494/474 418/492/471
s 37
f 409/328/475 414/207/320 420/219/333 419/329/476
s 52
f 416/810/469 415/330/477 509/331/478 508/811/479
s 37
f 415/330/480 424/332/481 510/333/482 509/331/483
f 424/332/481 423/334/484 435/335/485 434/336/486
f 423/334/484 422/221/335 436/233/347 435/335/485
s 1
f 426/602/487 425/603/488 499/604/489 498/605/490
f 425/603/488 432/601/466 500/606/491 499/604/489
f 428/135/215 427/607/492 447/608/493 446/144/224
f 427/607/492 426/602/487 448/609/494 447/608/493
s 37
f 434/336/486 433/337/495 517/338/496 516/339/497
f 433/337/495 440/340/498 518/341/499 517/338/496
f 440/340/498 439/342/500 451/675/501 450/676/502
f 439/342/500 438/235/349 452/247/361 451/675/501
s 1
f 442/610/503 441/611/504 527/612/505 526/613/506
f 441/611/504 448/609/494 528/614/507 527/612/505
f 444/143/223 443/615/508 465/616/509 464/152/232
f 443/615/508 442/610/503 466/617/510 465/616/509
s 37
f 450/676/502 449/677/511 535/678/512 534/679/513
f 449/677/511 456/680/514 536/681/515 535/678/512
f 456/680/514 455/682/516 469/683/517 468/684/518
f 455/682/516 454/249/363 470/261/375 469/683/517
s 56
f 458/618/519 457/619/520 543/620/521 542/621/522
s 1
f 457/619/523 466/617/510 544/622/524 543/620/525
s 57
f 460/498/526 459/499/527 475/500/528 474/501/529
s 56
f 459/685/530 458/686/519 476/687/531 475/688/532
s 1
f 462/151/231 461/502/533 481/506/534 480/157/241
s 57
f 461/502/535 460/498/526 482/504/536 481/506/537
s 37
f 468/684/518 467/689/538 551/690/539 550/691/540
s 56
f 467/689/541 476/687/531 552/692/542 551/690/543
s 57
f 474/501/529 473/507/544 485/508/545 484/505/546
s 37
f 473/713/547 472/263/377 486/275/389 485/714/548
s 36
f 478/704/239 477/707/549 483/712/550 488/710/391
s 57
f 477/509/551 482/504/536 484/505/546 483/510/552
s 58
f 490/513/553 489/514/554 507/515/555 506/516/556
s 52
f 489/819/557 494/817/462 508/811/479 507/814/558
s 1
f 492/596/459 491/517/559 501/523/560 500/606/491
s 58
f 491/517/561 490/513/553 502/521/562 501/523/563
s 1
f 496/623/564 495/624/565 557/625/566 556/626/567
s 60
f 495/347/568 504/343/569 558/352/570 557/353/571
s 1
f 498/605/490 497/627/572 529/628/573 528/614/507
f 497/627/572 496/623/564 530/629/574 529/628/573
s 60
f 504/343/569 503/344/575 513/345/576 512/346/577
s 58
f 503/525/578 502/521/562 514/522/579 513/526/580
f 506/516/556 505/519/581 515/524/582 514/522/579
s 37
f 505/715/583 510/333/482 516/339/497 515/716/584
s 60
f 512/346/577 511/349/585 569/354/586 568/351/587
s 37
f 511/349/588 520/717/589 570/718/590 569/354/591
f 520/717/589 519/719/592 533/720/593 532/721/594
f 519/719/592 518/341/499 534/679/513 533/720/593
s 62
f 522/360/595 521/363/596 561/369/597 560/365/598
s 1
f 521/630/599 530/629/574 562/631/600 561/632/601
s 63
f 524/529/602 523/530/603 539/531/604 538/532/605
s 62
f 523/359/606 522/360/595 540/361/607 539/362/608
s 1
f 526/613/506 525/633/609 545/634/610 544/622/524
s 63
f 525/533/611 524/529/602 546/537/612 545/539/613
s 37
f 532/721/594 531/722/614 575/723/615 574/724/616
s 62
f 531/367/617 540/361/607 576/366/618 575/372/619
s 63
f 538/532/605 537/535/620 549/540/621 548/538/622
s 37
f 537/535/623 536/681/515 550/691/540 549/540/624
s 56
f 542/804/522 541/805/625 547/803/626 552/692/542
s 63
f 541/541/627 546/537/612 548/538/622 547/542/628
s 64
f 554/545/629 553/546/630 567/547/631 566/548/632
s 60
f 553/355/633 558/352/570 568/351/587 567/356/634
s 1
f 556/626/567 555/635/635 563/636/636 562/631/600
s 64
f 555/549/637 554/545/629 564/553/638 563/555/639
s 62
f 560/365/598 559/370/640 571/371/641 576/366/618
s 64
f 559/557/642 564/553/638 572/554/643 571/558/644
f 566/548/632 565/551/645 573/556/646 572/554/643
s 37
f 565/551/647 570/718/590 574/724/616 573/556/648
s 1
f 12/17/16 6/9/7 100/12/10 110/24/21
f 20/566/26 14/565/17 108/569/20 118/570/31
f 28/579/36 22/575/27 116/578/30 126/582/41
f 36/591/46 30/587/37 124/590/40 134/592/51
f 44/37/56 38/28/47 132/31/50 142/44/61
f 52/48/66 46/40/57 140/43/60 150/55/71
f 60/59/76 54/51/67 148/54/70 160/66/81
f 68/70/86 62/62/77 158/65/80 168/77/91
f 76/81/96 70/73/87 166/76/90 176/88/101
f 84/92/106 78/84/97 174/87/100 184/99/111
f 92/103/116 86/95/107 182/98/110 194/108/120
f 4/4/1 94/7/4 192/107/119 102/13/11
s 24
f 112/385/130 98/375/121 200/378/124 210/386/141
f 120/407/145 106/401/137 208/402/140 218/408/151
f 128/427/155 114/421/147 216/422/150 226/428/161
f 136/445/165 122/439/157 224/440/160 234/446/171
f 144/463/175 130/457/167 232/458/170 242/464/181
f 152/475/185 138/471/177 240/472/180 248/476/202
s 50
f 406/491/454 394/483/445 410/486/448 418/492/471
s 58
f 502/521/562 490/513/553 506/516/556 514/522/579
s 64
f 564/553/638 554/545/629 566/548/632 572/554/643
s 63
f 546/537/612 524/529/602 538/532/605 548/538/622
s 57
f 482/504/536 460/498/526 474/501/529 484/505/546
s 24
f 104/381/125 190/389/134 294/390/245 202/382/126
s 37
f 212/166/258 198/159/249 300/162/252 310/175/269
f 220/179/273 206/171/265 308/174/268 318/180/279
f 228/185/283 214/176/275 316/809/278 326/186/289
f 236/191/293 222/181/285 324/184/288 334/192/299
f 244/194/303 230/187/295 332/190/298 342/200/309
f 250/278/313 238/196/305 340/199/308 350/737/326
f 258/216/330 252/208/322 348/211/325 358/226/340
f 266/230/344 260/222/336 356/225/339 366/240/354
f 274/244/358 268/236/350 364/239/353 374/254/368
f 282/258/372 276/250/364 372/253/367 382/268/382
f 290/272/386 284/264/378 380/267/381 390/281/396
f 204/163/253 292/170/262 388/284/395 302/164/254
s 1
f 162/123/197 146/117/187 396/120/190 404/128/208
s 31
f 154/694/192 246/202/200 412/205/317 398/695/193
s 37
f 254/206/319 256/215/329 420/219/333 414/207/320
s 1
f 170/131/211 156/124/204 402/127/207 430/136/216
s 37
f 262/220/334 264/229/343 436/233/347 422/221/335
s 1
f 178/139/219 164/132/212 428/135/215 446/144/224
s 37
f 270/234/348 272/243/357 452/247/361 438/235/349
s 1
f 186/147/227 172/140/220 444/143/223 464/152/232
s 37
f 278/248/362 280/257/371 470/261/375 454/249/363
s 1
f 196/155/235 180/148/228 462/151/231 480/157/241
s 37
f 286/262/376 288/271/385 486/275/389 472/263/377
s 36
f 296/709/247 188/703/236 478/704/239 488/710/391
s 1
f 432/601/466 400/593/456 492/596/459 500/606/491
s 52
f 408/816/461 416/810/469 508/811/479 494/817/462
s 37
f 424/332/481 434/336/486 516/339/497 510/333/482
s 1
f 448/609/494 426/602/487 498/605/490 528/614/507
s 37
f 440/340/498 450/676/502 534/679/513 518/341/499
s 1
f 466/617/510 442/610/503 526/613/506 544/622/524
s 37
f 456/680/514 468/684/518 550/691/540 536/681/515
s 56
f 476/687/531 458/802/519 542/804/522 552/692/542
s 1
f 530/629/574 496/623/564 556/626/567 562/631/600
s 60
f 504/343/569 512/346/577 568/351/587 558/352/570
s 37
f 520/717/589 532/721/594 574/724/616 570/718/590
s 62
f 540/361/607 522/360/595 560/365/598 576/366/618
s 1
f 7/14/13 8/3/12 1/2/649 577/637/650
f 1/2/649 2/1/5 3/5/2 577/637/650
f 3/5/2 4/4/1 5/10/8 577/637/650
f 5/10/8 6/9/7 7/14/13 577/637/650
f 15/638/23 16/19/22 9/18/651 578/639/652
f 9/18/651 10/16/15 11/15/14 578/639/652
f 11/15/14 12/17/16 13/21/18 578/639/652
f 13/21/18 14/20/17 15/638/23 578/639/652
f 23/572/33 24/573/32 17/567/653 579/568/654
f 17/567/653 18/564/25 19/563/24 579/568/654
f 19/563/24 20/566/26 21/571/28 579/568/654
f 21/571/28 22/575/27 23/572/33 579/568/654
f 31/584/43 32/585/42 25/580/655 580/581/656
f 25/580/655 26/577/35 27/576/34 580/581/656
f 27/576/34 28/579/36 29/583/38 580/581/656
f 29/583/38 30/587/37 31/584/43 580/581/656
f 39/34/53 40/27/52 33/26/657 581/640/658
f 33/26/657 34/25/45 35/641/44 581/640/658
f 35/641/44 36/32/46 37/29/48 581/640/658
f 37/29/48 38/28/47 39/34/53 581/640/658
f 47/45/63 48/39/62 41/38/659 582/642/660
f 41/38/659 42/36/55 43/35/54 582/642/660
f 43/35/54 44/37/56 45/41/58 582/642/660
f 45/41/58 46/40/57 47/45/63 582/642/660
f 55/56/73 56/50/72 49/49/661 583/784/662
f 49/783/661 50/47/65 51/46/64 583/643/662
f 51/46/64 52/48/66 53/785/68 583/643/662
f 53/52/68 54/51/67 55/56/73 583/784/662
f 63/67/83 64/61/82 57/60/663 584/644/664
f 57/60/663 58/58/75 59/57/74 584/644/664
f 59/57/74 60/59/76 61/63/78 584/644/664
f 61/63/78 62/62/77 63/67/83 584/644/664
f 71/78/93 72/72/92 65/71/665 585/645/666
f 65/71/665 66/69/85 67/68/84 585/645/666
f 67/68/84 68/70/86 69/74/88 585/645/666
f 69/74/88 70/73/87 71/78/93 585/645/666
f 79/89/103 80/83/102 73/82/667 586/646/668
f 73/82/667 74/80/95 75/79/94 586/646/668
f 75/79/94 76/81/96 77/85/98 586/646/668
f 77/85/98 78/84/97 79/89/103 586/646/668
f 87/100/113 88/94/112 81/93/669 587/647/670
f 81/93/669 82/91/105 83/90/104 587/647/670
f 83/90/104 84/92/106 85/96/108 587/647/670
f 85/96/108 86/95/107 87/100/113 587/647/670
f 95/6/3 96/8/6 89/104/671 588/779/672
f 89/778/671 90/102/115 91/101/114 588/648/672
f 91/101/114 92/103/116 93/780/117 588/648/672
f 93/105/117 94/7/4 95/6/3 588/779/672
s 24
f 103/388/132 104/381/125 97/376/122 589/380/673
f 97/376/122 98/375/121 99/379/129 589/380/673
s 1
f 99/109/127 100/12/10 101/11/9 589/649/674
f 101/11/9 102/13/11 103/111/135 589/649/674
s 24
f 111/387/131 112/385/130 105/393/138 590/395/675
f 105/393/138 106/401/137 107/403/144 590/395/675
s 1
f 107/403/142 108/410/20 109/411/19 590/395/676
f 109/22/19 110/24/21 111/110/128 590/650/676
s 24
f 119/409/146 120/407/145 113/415/148 591/417/677
f 113/415/148 114/421/147 115/423/154 591/417/677
s 1
f 115/423/152 116/430/30 117/424/29 591/417/678
f 117/424/29 118/418/31 119/409/143 591/417/678
s 24
f 127/429/156 128/427/155 121/433/158 592/435/679
f 121/433/158 122/439/157 123/441/164 592/435/679
s 1
f 123/441/162 124/448/40 125/442/39 592/435/680
f 125/442/39 126/436/41 127/429/153 592/435/680
s 24
f 135/447/166 136/445/165 129/451/168 593/453/681
f 129/451/168 130/457/167 131/459/174 593/453/681
s 1
f 131/113/172 132/31/50 133/30/49 593/651/682
f 133/460/49 134/454/51 135/447/163 593/453/682
s 24
f 143/465/176 144/463/175 137/467/178 594/469/683
f 137/467/178 138/471/177 139/473/184 594/469/683
s 1
f 139/115/182 140/43/60 141/42/59 594/652/684
f 141/42/59 142/44/61 143/114/173 594/652/684
s 31
f 153/697/198 154/694/192 145/693/191 595/698/685
s 1
f 145/118/188 146/117/187 147/121/195 595/786/686
f 147/121/195 148/54/70 149/787/69 595/786/686
f 149/53/69 150/55/71 151/116/183 595/653/686
s 24
f 151/477/186 152/475/185 153/479/201 595/481/687
s 1
f 161/122/196 162/123/197 155/125/205 596/654/688
f 155/125/205 156/124/204 157/129/209 596/654/688
f 157/129/209 158/65/80 159/64/79 596/654/688
f 159/64/79 160/66/81 161/122/196 596/654/688
f 169/130/210 170/131/211 163/133/213 597/655/689
f 163/133/213 164/132/212 165/137/217 597/655/689
f 165/137/217 166/76/90 167/75/89 597/655/689
f 167/75/89 168/77/91 169/130/210 597/655/689
f 177/138/218 178/139/219 171/141/221 598/656/690
f 171/141/221 172/140/220 173/145/225 598/656/690
f 173/145/225 174/87/100 175/86/99 598/656/690
f 175/86/99 176/88/101 177/138/218 598/656/690
f 185/146/226 186/147/227 179/149/229 599/657/691
f 179/149/229 180/148/228 181/153/233 599/657/691
f 181/153/233 182/98/110 183/97/109 599/657/691
f 183/97/109 184/99/111 185/146/226 599/657/691
f 195/154/234 196/155/235 187/156/240 600/781/692
s 36
f 187/156/237 188/703/236 189/705/246 600/706/693
s 24
f 189/397/243 190/389/134 191/396/133 600/404/694
s 1
f 191/112/136 192/107/119 193/782/118 600/658/692
f 193/106/118 194/108/120 195/154/234 600/781/692
s 37
f 203/168/260 204/163/253 197/160/250 601/740/695
f 197/160/250 198/159/249 199/165/257 601/740/695
s 24
f 199/383/255 200/378/124 201/377/123 601/384/696
f 201/377/123 202/382/126 203/391/263 601/384/696
s 37
f 211/167/259 212/166/258 205/172/266 602/741/697
f 205/413/266 206/414/265 207/406/272 602/400/697
s 24
f 207/406/270 208/402/140 209/394/139 602/400/698
f 209/394/139 210/386/141 211/392/256 602/400/698
s 37
f 219/412/274 220/419/273 213/425/276 603/420/699
f 213/425/276 214/431/275 215/426/282 603/420/699
s 24
f 215/426/280 216/422/150 217/416/149 603/420/700
f 217/416/149 218/408/151 219/412/271 603/420/700
s 37
f 227/432/284 228/437/283 221/443/286 604/438/701
f 221/443/286 222/449/285 223/444/292 604/438/701
s 24
f 223/444/290 224/440/160 225/434/159 604/438/702
f 225/434/159 226/428/161 227/432/281 604/438/702
s 37
f 235/450/294 236/455/293 229/461/296 605/456/703
f 229/188/296 230/187/295 231/193/302 605/742/703
s 24
f 231/462/300 232/458/170 233/452/169 605/456/704
f 233/452/169 234/446/171 235/450/291 605/456/704
s 37
f 243/195/304 244/194/303 237/197/306 606/743/705
f 237/197/306 238/196/305 239/212/312 606/743/705
s 24
f 239/474/310 240/472/180 241/468/179 606/470/706
f 241/468/179 242/464/181 243/466/301 606/470/706
s 37
f 253/213/327 254/206/319 245/203/318 607/730/707
s 31
f 245/203/315 246/202/200 247/731/199 607/730/708
s 24
f 247/480/203 248/476/202 249/478/311 607/482/709
s 37
f 249/201/314 250/794/313 251/209/323 607/730/707
f 251/209/323 252/208/322 253/213/327 607/730/707
f 261/227/341 262/220/334 255/217/331 608/732/710
f 255/217/331 256/215/329 257/214/328 608/732/710
f 257/214/328 258/216/330 259/223/337 608/732/710
f 259/223/337 260/222/336 261/227/341 608/732/710
f 269/241/355 270/234/348 263/231/345 609/733/711
f 263/231/345 264/229/343 265/228/342 609/733/711
f 265/228/342 266/230/344 267/237/351 609/733/711
f 267/237/351 268/236/350 269/241/355 609/733/711
f 277/255/369 278/248/362 271/245/359 610/734/712
f 271/245/359 272/243/357 273/242/356 610/734/712
f 273/242/356 274/244/358 275/251/365 610/734/712
f 275/251/365 276/250/364 277/255/369 610/734/712
f 285/269/383 286/262/376 279/259/373 611/735/713
f 279/259/373 280/257/371 281/256/370 611/735/713
f 281/256/370 282/258/372 283/265/379 611/735/713
f 283/265/379 284/264/378 285/269/383 611/735/713
s 36
f 295/736/248 296/276/247 287/273/390 612/798/714
s 37
f 287/273/387 288/271/385 289/270/384 612/798/715
f 289/270/384 290/272/386 291/797/393 612/798/715
f 291/282/393 292/170/262 293/169/261 612/744/715
s 24
f 293/399/264 294/390/245 295/398/244 612/405/716
s 37
f 303/290/402 304/289/401 297/745/717 613/746/718
f 297/745/717 298/287/399 299/285/397 613/746/718
f 299/285/397 300/162/252 301/161/251 613/746/718
f 301/161/251 302/164/254 303/290/402 613/746/718
f 311/286/398 312/288/400 305/747/719 614/748/720
f 305/747/719 306/295/407 307/293/405 614/748/720
f 307/293/405 308/174/268 309/173/267 614/748/720
f 309/173/267 310/175/269 311/286/398 614/748/720
f 319/294/406 320/296/408 313/749/721 615/761/722
f 313/749/721 314/807/411 315/297/409 615/761/722
f 315/297/409 316/809/278 317/178/277 615/761/722
f 317/178/277 318/180/279 319/294/406 615/761/722
f 327/298/410 328/299/412 321/788/723 616/789/724
f 321/788/723 322/302/415 323/300/413 616/789/724
f 323/300/413 324/184/288 325/183/287 616/789/724
f 325/183/287 326/186/289 327/298/410 616/789/724
f 335/301/414 336/303/416 329/790/725 617/791/726
f 329/790/725 330/726/419 331/305/417 617/791/726
f 331/305/417 332/190/298 333/189/297 617/791/726
f 333/189/297 334/192/299 335/301/414 617/791/726
f 343/306/418 344/727/420 337/792/727 618/793/728
f 337/792/727 338/738/423 339/728/421 618/793/728
f 339/728/421 340/199/308 341/198/307 618/793/728
f 341/198/307 342/200/309 343/306/418 618/793/728
f 351/304/422 352/799/424 345/750/729 619/751/730
f 345/750/729 346/309/427 347/307/425 619/751/730
f 347/307/425 348/211/325 349/210/324 619/751/730
f 349/210/324 350/796/326 351/304/422 619/751/730
f 359/308/426 360/310/428 353/752/731 620/753/732
f 353/752/731 354/313/431 355/311/429 620/753/732
f 355/311/429 356/225/339 357/224/338 620/753/732
f 357/224/338 358/226/340 359/308/426 620/753/732
f 367/312/430 368/314/432 361/754/733 621/755/734
f 361/754/733 362/317/435 363/315/433 621/755/734
f 363/315/433 364/239/353 365/238/352 621/755/734
f 365/238/352 366/240/354 367/312/430 621/755/734
f 375/316/434 376/318/436 369/756/735 622/757/736
f 369/756/735 370/321/439 371/319/437 622/757/736
f 371/319/437 372/253/367 373/252/366 622/757/736
f 373/252/366 374/254/368 375/316/434 622/757/736
f 383/320/438 384/322/440 377/758/737 623/759/738
f 377/758/737 378/325/443 379/323/441 623/759/738
f 379/323/441 380/267/381 381/266/380 623/759/738
f 381/266/380 382/268/382 383/320/438 623/759/738
f 391/324/442 392/326/444 385/760/739 624/795/740
f 385/800/739 386/292/404 387/291/403 624/801/740
f 387/291/403 388/284/395 389/283/394 624/801/740
f 389/279/394 390/281/396 391/324/442 624/795/740
s 31
f 397/696/194 398/695/193 393/699/449 625/700/741
s 50
f 393/484/446 394/483/445 395/487/453 625/488/742
s 1
f 395/487/451 396/120/190 397/119/189 625/659/743
s 52
f 407/660/467 408/597/461 399/594/460 626/661/744
s 1
f 399/594/457 400/593/456 401/599/464 626/661/745
f 401/599/464 402/127/207 403/126/206 626/661/745
f 403/126/206 404/128/208 405/493/452 626/661/745
s 50
f 405/493/455 406/491/454 407/495/470 626/497/746
s 37
f 413/204/321 414/207/320 409/328/475 627/762/747
s 50
f 409/489/473 410/486/448 411/485/447 627/490/748
s 31
f 411/763/450 412/205/317 413/204/316 627/762/749
s 37
f 423/334/484 424/332/481 415/330/480 628/764/750
s 52
f 415/330/477 416/810/469 417/812/468 628/813/751
s 50
f 417/327/472 418/765/471 419/329/474 628/764/752
s 37
f 419/329/476 420/219/333 421/218/332 628/764/750
f 421/218/332 422/221/335 423/334/484 628/764/750
s 1
f 431/600/465 432/601/466 425/603/488 629/662/753
f 425/603/488 426/602/487 427/607/492 629/662/753
f 427/607/492 428/135/215 429/134/214 629/662/753
f 429/134/214 430/136/216 431/600/465 629/662/753
s 37
f 439/342/500 440/340/498 433/337/495 630/766/754
f 433/337/495 434/336/486 435/335/485 630/766/754
f 435/335/485 436/233/347 437/232/346 630/766/754
f 437/232/346 438/235/349 439/342/500 630/766/754
s 1
f 447/608/493 448/609/494 441/611/504 631/663/755
f 441/611/504 442/610/503 443/615/508 631/663/755
f 443/615/508 444/143/223 445/142/222 631/663/755
f 445/142/222 446/144/224 447/608/493 631/663/755
s 37
f 455/682/516 456/680/514 449/677/511 632/767/756
f 449/677/511 450/676/502 451/675/501 632/767/756
f 451/675/501 452/247/361 453/246/360 632/767/756
f 453/246/360 454/249/363 455/682/516 632/767/756
s 1
f 465/616/509 466/617/510 457/619/523 633/664/757
s 56
f 457/619/520 458/618/519 459/665/530 633/664/758
s 57
f 459/499/527 460/498/526 461/502/535 633/503/759
s 1
f 461/502/533 462/151/231 463/150/230 633/664/757
f 463/150/230 464/152/232 465/616/509 633/664/757
s 56
f 475/688/532 476/687/531 467/689/541 634/768/760
s 37
f 467/689/538 468/684/518 469/683/517 634/768/761
f 469/683/517 470/261/375 471/260/374 634/768/761
f 471/260/374 472/263/377 473/713/547 634/768/761
s 57
f 473/713/544 474/769/529 475/688/528 634/768/762
f 481/506/537 482/504/536 477/509/551 635/511/763
s 36
f 477/707/549 478/704/239 479/158/238 635/708/764
s 1
f 479/158/242 480/157/241 481/506/534 635/666/765
s 36
f 487/274/392 488/277/391 483/770/550 636/771/766
s 57
f 483/510/552 484/505/546 485/508/545 636/512/767
s 37
f 485/714/548 486/275/389 487/274/388 636/771/768
s 52
f 493/595/463 494/598/462 489/667/557 637/668/769
s 58
f 489/514/554 490/513/553 491/517/561 637/518/770
s 1
f 491/517/559 492/596/459 493/595/458 637/668/771
s 60
f 503/344/575 504/343/569 495/347/568 638/348/772
s 1
f 495/624/565 496/623/564 497/627/572 638/669/773
f 497/627/572 498/605/490 499/604/489 638/669/773
f 499/604/489 500/606/491 501/523/560 638/669/773
s 58
f 501/523/563 502/521/562 503/525/578 638/527/774
s 37
f 509/331/483 510/333/482 505/715/583 639/772/775
s 58
f 505/519/581 506/516/556 507/515/555 639/520/776
s 52
f 507/814/558 508/811/479 509/331/478 639/815/777
s 37
f 519/719/592 520/717/589 511/349/588 640/773/778
s 60
f 511/349/585 512/346/577 513/345/576 640/350/779
s 58
f 513/526/580 514/522/579 515/524/582 640/528/780
s 37
f 515/716/584 516/339/497 517/338/496 640/773/778
f 517/338/496 518/341/499 519/719/592 640/773/778
s 1
f 529/628/573 530/629/574 521/630/599 641/670/781
s 62
f 521/363/596 522/360/595 523/359/606 641/364/782
s 63
f 523/530/603 524/529/602 525/533/611 641/534/783
s 1
f 525/633/609 526/613/506 527/612/505 641/670/781
f 527/612/505 528/614/507 529/628/573 641/670/781
s 62
f 539/362/608 540/361/607 531/367/617 642/368/784
s 37
f 531/722/614 532/721/594 533/720/593 642/774/785
f 533/720/593 534/679/513 535/678/512 642/774/785
f 535/678/512 536/681/515 537/535/623 642/774/785
s 63
f 537/535/620 538/532/605 539/531/604 642/536/786
f 545/539/613 546/537/612 541/541/627 643/543/787
s 56
f 541/671/625 542/621/522 543/620/521 643/672/788
s 1
f 543/620/525 544/622/524 545/634/610 643/672/789
s 56
f 551/690/543 552/692/542 547/725/626 644/775/790
s 63
f 547/542/628 548/538/622 549/540/621 644/544/791
s 37
f 549/540/624 550/691/540 551/690/539 644/775/792
s 60
f 557/353/571 558/352/570 553/355/633 645/357/793
s 64
f 553/546/630 554/545/629 555/549/637 645/550/794
s 1
f 555/635/635 556/626/567 557/625/566 645/673/795
s 64
f 563/555/639 564/553/638 559/557/642 646/559/796
s 62
f 559/370/640 560/365/598 561/369/597 646/373/797
s 1
f 561/632/601 562/631/600 563/636/636 646/674/798
s 37
f 569/354/591 570/718/590 565/551/647 647/776/799
s 64
f 565/551/645 566/548/632 567/547/631 647/552/800
s 60
f 567/356/634 568/351/587 569/354/586 647/358/801
s 62
f 575/372/619 576/366/618 571/371/641 648/374/802
s 64
f 571/558/644 572/554/643 573/556/646 648/560/803
s 37
f 573/556/648 574/724/616 575/723/615 648/777/804
g default
v -0.011119 -0.826503 0.000000
v 1.126485 -1.130264 -0.369630
v 0.956585 -1.130264 -0.703078
v 0.691959 -1.130264 -0.967703
v 0.358511 -1.130264 -1.137604
v -0.011119 -1.130264 -1.196147
v -0.380749 -1.130264 -1.137603
v -0.714196 -1.130264 -0.967703
v -0.978822 -1.130264 -0.703077
v -1.148722 -1.130264 -0.369630
v -1.207266 -1.130264 0.000000
v -1.148722 -1.130264 0.369630
v -0.978822 -1.130264 0.703077
v -0.714196 -1.130264 0.967703
v -0.380749 -1.130264 1.137603
v -0.011119 -1.130264 1.196147
v 0.358511 -1.130264 1.137603
v 0.691958 -1.130264 0.967703
v 0.956584 -1.130264 0.703077
v 1.126484 -1.130264 0.369630
v 1.185027 -1.130264 0.000000
v 0.925315 -0.826503 -0.304266
v 0.935655 -0.830951 -0.307626
v 0.939938 -0.841689 -0.309017
v 0.785459 -0.826503 -0.578748
v 0.794255 -0.830951 -0.585138
v 0.797899 -0.841689 -0.587786
v 0.567629 -0.826503 -0.796578
v 0.574020 -0.830951 -0.805374
v 0.576667 -0.841689 -0.809017
v 0.293147 -0.826503 -0.936434
v 0.296507 -0.830951 -0.946774
v 0.297898 -0.841689 -0.951057
v -0.011119 -0.826503 -0.984625
v -0.011119 -0.830951 -0.995497
v -0.011119 -0.841689 -1.000000
v -0.315385 -0.826503 -0.936434
v -0.318744 -0.830951 -0.946774
v -0.320136 -0.841689 -0.951057
v -0.589867 -0.826503 -0.796578
v -0.596257 -0.830951 -0.805374
v -0.598904 -0.841689 -0.809017
v -0.807697 -0.826503 -0.578748
v -0.816493 -0.830951 -0.585138
v -0.820136 -0.841689 -0.587785
v -0.947552 -0.826503 -0.304266
v -0.957893 -0.830951 -0.307625
v -0.962176 -0.841689 -0.309017
v -0.995743 -0.826503 0.000000
v -1.006616 -0.830951 0.000000
v -1.011119 -0.841689 0.000000
v -0.947552 -0.826503 0.304266
v -0.957893 -0.830951 0.307625
v -0.962176 -0.841689 0.309017
v -0.807697 -0.826503 0.578748
v -0.816493 -0.830951 0.585138
v -0.820136 -0.841689 0.587785
v -0.589867 -0.826503 0.796578
v -0.596257 -0.830951 0.805374
v -0.598904 -0.841689 0.809017
v -0.315385 -0.826503 0.936433
v -0.318744 -0.830951 0.946774
v -0.320136 -0.841689 0.951057
v -0.011119 -0.826503 0.984624
v -0.011119 -0.830951 0.995497
v -0.011119 -0.841689 1.000000
v 0.293147 -0.826503 0.936433
v 0.296506 -0.830951 0.946774
v 0.297898 -0.841689 0.951057
v 0.567629 -0.826503 0.796578
v 0.574019 -0.830951 0.805374
v 0.576666 -0.841689 0.809017
v 0.785459 -0.826503 0.578748
v 0.794255 -0.830951 0.585138
v 0.797898 -0.841689 0.587785
v 0.925314 -0.826503 0.304266
v 0.935655 -0.830951 0.307625
v 0.939938 -0.841689 0.309017
v 0.973505 -0.826503 -0.000000
v 0.984378 -0.830951 -0.000000
v 0.988881 -0.841689 0.000000
v 0.939938 -0.963197 -0.309017
v 0.944221 -0.973935 -0.310409
v 0.954561 -0.978383 -0.313769
v 0.988881 -0.963197 0.000000
v 0.993384 -0.973935 0.000000
v 1.004257 -0.978383 0.000000
v 0.939938 -0.963197 0.309017
v 0.944221 -0.973935 0.310409
v 0.954561 -0.978383 0.313768
v 0.797898 -0.963197 0.587785
v 0.801541 -0.973935 0.590432
v 0.810337 -0.978383 0.596823
v 0.576666 -0.963197 0.809017
v 0.579313 -0.973935 0.812660
v 0.585704 -0.978383 0.821456
v 0.297898 -0.963197 0.951057
v 0.299290 -0.973935 0.955340
v 0.302649 -0.978383 0.965680
v -0.011119 -0.963197 1.000000
v -0.011119 -0.973935 1.004504
v -0.011119 -0.978383 1.015376
v -0.320136 -0.963197 0.951057
v -0.321528 -0.973935 0.955340
v -0.324887 -0.978383 0.965680
v -0.598904 -0.963197 0.809017
v -0.601551 -0.973935 0.812661
v -0.607942 -0.978383 0.821456
v -0.820136 -0.963197 0.587785
v -0.823780 -0.973935 0.590432
v -0.832575 -0.978383 0.596823
v -0.962176 -0.963197 0.309017
v -0.966459 -0.973935 0.310409
v -0.976799 -0.978383 0.313768
v -1.011119 -0.963197 0.000000
v -1.015623 -0.973935 -0.000000
v -1.026495 -0.978383 -0.000000
v -0.962176 -0.963197 -0.309017
v -0.966459 -0.973935 -0.310409
v -0.976799 -0.978383 -0.313768
v -0.820136 -0.963197 -0.587785
v -0.823780 -0.973935 -0.590433
v -0.832576 -0.978383 -0.596823
v -0.598904 -0.963197 -0.809017
v -0.601552 -0.973935 -0.812661
v -0.607942 -0.978383 -0.821457
v -0.320136 -0.963197 -0.951057
v -0.321528 -0.973935 -0.955340
v -0.324888 -0.978383 -0.965680
v -0.011119 -0.963197 -1.000000
v -0.011119 -0.973935 -1.004504
v -0.011119 -0.978383 -1.015376
v 0.297898 -0.963197 -0.951057
v 0.299290 -0.973935 -0.955340
v 0.302650 -0.978383 -0.965680
v 0.576667 -0.963197 -0.809017
v 0.579314 -0.973935 -0.812661
v 0.585704 -0.978383 -0.821457
v 0.797899 -0.963197 -0.587786
v 0.801542 -0.973935 -0.590433
v 0.810338 -0.978383 -0.596823
v 0.944145 -0.978383 -0.694040
v 0.952941 -0.982831 -0.700431
v 0.956585 -0.993570 -0.703078
v 1.126485 -0.993570 -0.369630
v 1.122202 -0.982831 -0.368238
v 1.111861 -0.978383 -0.364878
v 0.682921 -0.978383 -0.955264
v 0.689312 -0.982831 -0.964060
v 0.691959 -0.993570 -0.967703
v 0.353759 -0.978383 -1.122980
v 0.357119 -0.982831 -1.133320
v 0.358511 -0.993570 -1.137604
v -0.011119 -0.978383 -1.180771
v -0.011119 -0.982831 -1.191643
v -0.011119 -0.993570 -1.196147
v -0.375997 -0.978383 -1.122980
v -0.379357 -0.982831 -1.133320
v -0.380749 -0.993570 -1.137603
v -0.705159 -0.978383 -0.955264
v -0.711549 -0.982831 -0.964060
v -0.714196 -0.993570 -0.967703
v -0.966383 -0.978383 -0.694040
v -0.975179 -0.982831 -0.700430
v -0.978822 -0.993570 -0.703077
v -1.134099 -0.978383 -0.364878
v -1.144439 -0.982831 -0.368238
v -1.148722 -0.993570 -0.369630
v -1.191890 -0.978383 0.000000
v -1.202762 -0.982831 0.000000
v -1.207266 -0.993570 0.000000
v -1.134099 -0.978383 0.364878
v -1.144439 -0.982831 0.368238
v -1.148722 -0.993570 0.369630
v -0.966383 -0.978383 0.694040
v -0.975179 -0.982831 0.700430
v -0.978822 -0.993570 0.703077
v -0.705159 -0.978383 0.955264
v -0.711549 -0.982831 0.964060
v -0.714196 -0.993570 0.967703
v -0.375997 -0.978383 1.122980
v -0.379357 -0.982831 1.133320
v -0.380749 -0.993570 1.137603
v -0.011119 -0.978383 1.180771
v -0.011119 -0.982831 1.191643
v -0.011119 -0.993570 1.196147
v 0.353759 -0.978383 1.122980
v 0.357119 -0.982831 1.133320
v 0.358511 -0.993570 1.137603
v 0.682921 -0.978383 0.955264
v 0.689311 -0.982831 0.964060
v 0.691958 -0.993570 0.967703
v 0.944145 -0.978383 0.694040
v 0.952940 -0.982831 0.700430
v 0.956584 -0.993570 0.703077
v 1.111861 -0.978383 0.364878
v 1.122201 -0.982831 0.368238
v 1.126484 -0.993570 0.369630
v 1.169652 -0.978383 0.000000
v 1.180524 -0.982831 0.000000
v 1.185027 -0.993570 0.000000
v 1.051882 -1.130264 -0.345390
v 0.893124 -1.130264 -0.656971
v 0.645851 -1.130264 -0.904242
v 0.334271 -1.130264 -1.063001
v -0.011119 -1.130264 -1.117705
v -0.356509 -1.130264 -1.063000
v -0.668089 -1.130264 -0.904242
v -0.915361 -1.130264 -0.656970
v -1.074119 -1.130264 -0.345390
v -1.128824 -1.130264 0.000000
v -1.074119 -1.130264 0.345390
v -0.915361 -1.130264 0.656970
v -0.668089 -1.130264 0.904242
v -0.356509 -1.130264 1.063000
v -0.011119 -1.130264 1.117705
v 0.334271 -1.130264 1.063000
v 0.645851 -1.130264 0.904242
v 0.893123 -1.130264 0.656970
v 1.051881 -1.130264 0.345390
v 1.106585 -1.130264 0.000000
vt 1.817580 0.071861
vt 1.817580 0.073402
vt 1.767580 0.073402
vt 1.767580 0.071861
vt 1.767580 0.052255
vt 1.817580 0.052255
vt 1.867580 0.052255
vt 1.867580 0.071861
vt 1.420414 0.101052
vt 1.420414 0.120658
vt 1.470414 0.101052
vt 1.470414 0.120658
vt 1.520414 0.101052
vt 1.520414 0.120658
vt 1.570414 0.101052
vt 1.570414 0.120658
vt 1.620414 0.101052
vt 1.620414 0.120658
vt 1.670414 0.101052
vt 1.670414 0.120658
vt 1.720414 0.101052
vt 1.720414 0.120658
vt 1.770414 0.101052
vt 1.770414 0.120658
vt 1.820414 0.101052
vt 1.820414 0.120658
vt 1.870414 0.101052
vt 1.870414 0.120658
vt 1.920414 0.101052
vt 1.920414 0.120658
vt 1.517580 0.052255
vt 1.517580 0.071861
vt 1.567580 0.052255
vt 1.567580 0.071861
vt 1.617580 0.052255
vt 1.617580 0.071861
vt 1.667580 0.052255
vt 1.667580 0.071861
vt 1.610672 0.074913
vt 1.653545 0.074913
vt 1.653545 0.092015
vt 1.610672 0.092015
vt 1.567800 0.074913
vt 1.567800 0.092015
vt 1.524927 0.074913
vt 1.524927 0.092015
vt 1.482054 0.074913
vt 1.482054 0.092015
vt 1.439181 0.074913
vt 1.892015 0.140812
vt 1.849142 0.123710
vt 1.849142 0.140812
vt 1.806270 0.123710
vt 1.806270 0.140812
vt 1.763397 0.123710
vt 1.763397 0.140812
vt 1.720524 0.123710
vt 1.720524 0.140812
vt 1.677651 0.123710
vt 1.677651 0.140812
vt 1.634778 0.123710
vt 1.634778 0.140812
vt 1.591905 0.123710
vt 1.591905 0.140812
vt 1.549033 0.123710
vt 1.549033 0.140812
vt 1.506160 0.123710
vt 1.506160 0.140812
vt 1.463287 0.123710
vt 1.463287 0.140812
vt 1.420414 0.123710
vt 1.420414 0.140812
vt 1.782164 0.074913
vt 1.739291 0.074913
vt 1.739291 0.092015
vt 1.696418 0.074913
vt 1.696418 0.092015
vt 1.653545 0.093527
vt 1.696418 0.093527
vt 1.739291 0.093527
vt 1.782164 0.093527
vt 1.420414 0.142324
vt 1.463287 0.142324
vt 1.506160 0.142324
vt 1.549033 0.142324
vt 1.591905 0.142324
vt 1.634778 0.142324
vt 1.677651 0.142324
vt 1.720524 0.142324
vt 1.763397 0.142324
vt 1.806270 0.142324
vt 1.849142 0.142324
vt 1.947739 0.874693
vt 1.946671 0.873918
vt 1.965484 0.836937
vt 1.966739 0.837345
vt 1.918128 0.904341
vt 1.917352 0.903274
vt 1.931647 0.863016
vt 1.947826 0.831213
vt 1.971948 0.795955
vt 1.973268 0.795954
vt 1.880805 0.923387
vt 1.880396 0.922132
vt 1.906432 0.888263
vt 1.946571 0.830806
vt 1.930579 0.862241
vt 1.953386 0.795966
vt 1.965431 0.754980
vt 1.966686 0.754571
vt 1.839423 0.929969
vt 1.839423 0.928649
vt 1.874650 0.904482
vt 1.905656 0.887196
vt 1.952066 0.795967
vt 1.947781 0.760727
vt 1.946571 0.718024
vt 1.947639 0.717248
vt 1.798032 0.923440
vt 1.798439 0.922185
vt 1.839410 0.910087
vt 1.874241 0.903227
vt 1.946526 0.761136
vt 1.931561 0.728945
vt 1.917214 0.688705
vt 1.917989 0.687637
vt 1.760684 0.904440
vt 1.761459 0.903372
vt 1.804164 0.904527
vt 1.839410 0.908767
vt 1.930494 0.729721
vt 1.906314 0.703730
vt 1.880236 0.669895
vt 1.880643 0.668639
vt 1.731036 0.874829
vt 1.732103 0.874053
vt 1.772361 0.888348
vt 1.804571 0.903272
vt 1.905539 0.704798
vt 1.874511 0.687552
vt 1.839254 0.663429
vt 1.839254 0.662110
vt 1.711989 0.837507
vt 1.713244 0.837099
vt 1.747114 0.863133
vt 1.773136 0.887280
vt 1.874104 0.688807
vt 1.839265 0.681992
vt 1.798279 0.669945
vt 1.797871 0.668690
vt 1.705407 0.796125
vt 1.706727 0.796124
vt 1.730894 0.831351
vt 1.748181 0.862357
vt 1.839265 0.683311
vt 1.804026 0.687596
vt 1.761323 0.688804
vt 1.760547 0.687737
vt 1.711936 0.754733
vt 1.713191 0.755140
vt 1.725290 0.796112
vt 1.732149 0.830942
vt 1.804434 0.688850
vt 1.772243 0.703815
vt 1.732004 0.718160
vt 1.730936 0.717385
vt 1.730849 0.760865
vt 1.726609 0.796111
vt 1.773019 0.704882
vt 1.747028 0.729062
vt 1.732104 0.761272
vt 1.748096 0.729837
vt 1.405776 0.819266
vt 1.378694 0.872427
vt 1.224413 0.760352
vt 1.407942 0.819969
vt 1.380536 0.873765
vt 1.336510 0.914617
vt 1.415105 0.760338
vt 1.417382 0.760338
vt 1.337849 0.916459
vt 1.283354 0.941707
vt 1.405767 0.701412
vt 1.407933 0.700709
vt 1.284057 0.943872
vt 1.224427 0.951044
vt 1.378677 0.648255
vt 1.380520 0.646917
vt 1.224427 0.953321
vt 1.165499 0.941716
vt 1.336487 0.606071
vt 1.337826 0.604229
vt 1.164796 0.943881
vt 1.112339 0.914634
vt 1.283326 0.578989
vt 1.284030 0.576824
vt 1.111000 0.916476
vt 1.070148 0.872450
vt 1.224398 0.569661
vt 1.224399 0.567384
vt 1.068306 0.873788
vt 1.043059 0.819293
vt 1.165472 0.578998
vt 1.164769 0.576832
vt 1.040893 0.819996
vt 1.033721 0.760367
vt 1.112315 0.606088
vt 1.110977 0.604246
vt 1.031444 0.760367
vt 1.043050 0.701439
vt 1.070132 0.648278
vt 1.068290 0.646939
vt 1.040884 0.700735
vt 1.439181 0.093527
vt 1.482054 0.093527
vt 1.524927 0.093527
vt 1.567800 0.093527
vt 1.610672 0.093527
vt 1.653545 0.073402
vt 1.696418 0.073402
vt 1.610672 0.073402
vt 1.567800 0.073402
vt 1.524927 0.073402
vt 1.482054 0.073402
vt 1.892015 0.122198
vt 1.849142 0.122198
vt 1.806270 0.122198
vt 1.763397 0.122198
vt 1.720524 0.122198
vt 1.677651 0.122198
vt 1.634778 0.122198
vt 1.591905 0.122198
vt 1.549033 0.122198
vt 1.506160 0.122198
vt 1.463287 0.122198
vt 1.420414 0.122198
vt 1.717580 0.052255
vt 1.717580 0.071861
vt 1.867580 0.073402
vt 1.917580 0.073402
vt 1.420414 0.122198
vt 1.470414 0.122198
vt 1.520414 0.122198
vt 1.570414 0.122198
vt 1.620414 0.122198
vt 1.670414 0.122198
vt 1.720414 0.122198
vt 1.770414 0.122198
vt 1.820414 0.122198
vt 1.870414 0.122198
vt 1.467580 0.073402
vt 1.517580 0.073402
vt 1.567580 0.073402
vt 1.617580 0.073402
vt 1.942862 0.026145
vt 1.941985 0.026145
vt 1.943473 0.022286
vt 1.942639 0.022015
vt 1.945247 0.018804
vt 1.944538 0.018289
vt 1.948010 0.016041
vt 1.947495 0.015331
vt 1.951492 0.014267
vt 1.951221 0.013433
vt 1.955352 0.013655
vt 1.955352 0.012779
vt 1.959212 0.014267
vt 1.959483 0.013433
vt 1.962693 0.016041
vt 1.963209 0.015331
vt 1.965457 0.018804
vt 1.966166 0.018289
vt 1.967231 0.022286
vt 1.968065 0.022015
vt 1.967842 0.026145
vt 1.968719 0.026145
vt 1.967231 0.030005
vt 1.968065 0.030276
vt 1.965457 0.033487
vt 1.966166 0.034002
vt 1.962693 0.036250
vt 1.963209 0.036959
vt 1.944538 0.034002
vt 1.942639 0.030276
vt 1.943473 0.030005
vt 1.945247 0.033487
vt 1.947495 0.036959
vt 1.948010 0.036250
vt 1.951221 0.038858
vt 1.951492 0.038024
vt 1.955352 0.039512
vt 1.955352 0.038635
vt 1.959482 0.038858
vt 1.959212 0.038024
vt 1.667580 0.073402
vt 1.717580 0.073402
vt 1.739291 0.073402
vt 1.967580 0.073402
vt 1.967580 0.071861
vt 1.917580 0.071861
vt 1.967580 0.052255
vt 1.917580 0.052255
vt 1.825037 0.074913
vt 1.782164 0.092015
vt 1.825037 0.092015
vt 1.825037 0.093527
vt 1.782164 0.073402
vt 1.825037 0.073402
vt 1.439181 0.092015
vt 1.892015 0.123710
vt 1.439181 0.073402
vt 1.892015 0.142324
vt 1.467580 0.052255
vt 1.467580 0.071861
vt 1.920414 0.122198
vn 0.808668 0.029387 -0.587531
vn 0.746067 0.386744 -0.542046
vn 0.877053 0.386743 -0.284970
vn 0.950646 0.029387 -0.308882
vn 0.306334 0.925539 -0.222568
vn 0.026253 0.999473 -0.019074
vn 0.030862 0.999473 -0.010028
vn 0.360118 0.925540 -0.117009
vn 0.951057 0.000000 -0.309016
vn 0.809017 0.000000 -0.587785
vn 0.587785 0.000000 -0.809017
vn 0.587531 0.029387 -0.808668
vn 0.309017 0.000000 -0.951057
vn 0.308883 0.029387 -0.950646
vn -0.000000 0.000000 -1.000000
vn -0.000000 0.029387 -0.999568
vn -0.309017 0.000000 -0.951057
vn -0.308884 0.029387 -0.950646
vn -0.587785 0.000000 -0.809017
vn -0.587532 0.029387 -0.808667
vn -0.809017 0.000000 -0.587785
vn -0.808668 0.029387 -0.587531
vn -0.951057 0.000000 -0.309017
vn -0.950646 0.029388 -0.308884
vn -1.000000 0.000000 0.000000
vn -0.999568 0.029388 0.000000
vn -0.951056 0.000000 0.309017
vn -0.950646 0.029387 0.308884
vn -0.809017 0.000000 0.587785
vn -0.808668 0.029387 0.587531
vn -0.587785 0.000000 0.809017
vn -0.587531 0.029387 0.808668
vn -0.309017 0.000000 0.951057
vn -0.308884 0.029387 0.950646
vn 0.000000 0.000000 1.000000
vn 0.000000 0.029387 0.999568
vn 0.309017 0.000000 0.951056
vn 0.308884 0.029387 0.950646
vn 0.587785 0.000000 0.809017
vn 0.587532 0.029387 0.808667
vn 0.809017 0.000000 0.587785
vn 0.808668 0.029387 0.587531
vn 0.951057 0.000000 0.309017
vn 0.950646 0.029388 0.308884
vn 1.000000 0.000000 0.000001
vn 0.999568 0.029388 0.000001
vn 0.010212 0.999942 -0.003318
vn 0.008687 0.999942 -0.006312
vn 0.000000 1.000000 0.000000
vn 0.006312 0.999942 -0.008687
vn 0.003318 0.999942 -0.010212
vn 0.000000 0.999942 -0.010738
vn -0.003318 0.999942 -0.010213
vn -0.006312 0.999942 -0.008687
vn -0.008687 0.999942 -0.006312
vn -0.010212 0.999942 -0.003318
vn -0.010738 0.999942 -0.000000
vn -0.010212 0.999942 0.003318
vn -0.008687 0.999942 0.006312
vn -0.006312 0.999942 0.008687
vn -0.003318 0.999942 0.010213
vn -0.000000 0.999942 0.010738
vn 0.003318 0.999942 0.010212
vn 0.006312 0.999942 0.008687
vn 0.008687 0.999942 0.006312
vn 0.010212 0.999942 0.003318
vn 0.010738 0.999942 0.000000
vn 0.999377 0.035306 0.000001
vn 0.950464 0.035307 -0.308823
vn 0.950546 0.032759 -0.308850
vn 0.999463 0.032759 0.000001
vn 0.950464 0.035306 0.308824
vn 0.950546 0.032759 0.308851
vn 0.808513 0.035307 0.587419
vn 0.808583 0.032758 0.587470
vn 0.587419 0.035307 0.808513
vn 0.587470 0.032758 0.808583
vn 0.308824 0.035307 0.950464
vn 0.308851 0.032758 0.950546
vn 0.000000 0.035307 0.999377
vn 0.000000 0.032758 0.999463
vn -0.308824 0.035307 0.950464
vn -0.308851 0.032758 0.950546
vn -0.587419 0.035307 0.808513
vn -0.587470 0.032759 0.808583
vn -0.808513 0.035307 0.587419
vn -0.808583 0.032759 0.587470
vn -0.950464 0.035307 0.308824
vn -0.950546 0.032758 0.308851
vn -0.999377 0.035306 -0.000000
vn -0.999463 0.032758 0.000000
vn -0.950464 0.035307 -0.308824
vn -0.950546 0.032758 -0.308851
vn -0.808513 0.035307 -0.587419
vn -0.808583 0.032759 -0.587470
vn -0.587419 0.035307 -0.808512
vn -0.587470 0.032759 -0.808583
vn -0.308824 0.035307 -0.950464
vn -0.308851 0.032758 -0.950546
vn -0.000000 0.035307 -0.999377
vn -0.000000 0.032758 -0.999463
vn 0.308824 0.035307 -0.950464
vn 0.308851 0.032758 -0.950546
vn 0.587419 0.035307 -0.808513
vn 0.587470 0.032758 -0.808583
vn 0.808513 0.035307 -0.587419
vn 0.808583 0.032758 -0.587470
vn 0.015722 0.999811 -0.011423
vn 0.018482 0.999811 -0.006005
vn 0.011423 0.999811 -0.015722
vn 0.019074 0.999473 -0.026253
vn 0.006005 0.999811 -0.018482
vn 0.010028 0.999473 -0.030862
vn -0.000000 0.999811 -0.019433
vn -0.000000 0.999473 -0.032450
vn -0.006005 0.999811 -0.018482
vn -0.010028 0.999473 -0.030862
vn -0.011423 0.999811 -0.015722
vn -0.019074 0.999473 -0.026253
vn -0.015722 0.999811 -0.011423
vn -0.026253 0.999473 -0.019074
vn -0.018482 0.999811 -0.006005
vn -0.030862 0.999473 -0.010028
vn -0.019433 0.999811 0.000000
vn -0.032450 0.999473 0.000000
vn -0.018482 0.999811 0.006005
vn -0.030862 0.999473 0.010028
vn -0.015722 0.999811 0.011423
vn -0.026253 0.999473 0.019074
vn -0.011423 0.999811 0.015722
vn -0.019074 0.999473 0.026253
vn -0.006005 0.999811 0.018482
vn -0.010028 0.999473 0.030862
vn 0.000000 0.999811 0.019433
vn 0.000000 0.999473 0.032450
vn 0.006005 0.999811 0.018482
vn 0.010028 0.999473 0.030862
vn 0.011423 0.999811 0.015722
vn 0.019074 0.999473 0.026253
vn 0.015722 0.999811 0.011423
vn 0.026253 0.999473 0.019074
vn 0.018482 0.999811 0.006005
vn 0.030862 0.999473 0.010028
vn 0.019433 0.999811 -0.000000
vn 0.032450 0.999473 -0.000000
vn 0.360118 0.925540 -0.117009
vn 0.306335 0.925539 -0.222568
vn 0.877050 0.386750 -0.284969
vn 0.746065 0.386745 -0.542047
vn 0.222566 0.925539 -0.306336
vn 0.542049 0.386743 -0.746064
vn 0.117010 0.925538 -0.360122
vn 0.284972 0.386746 -0.877051
vn 0.000000 0.925536 -0.378659
vn -0.000000 0.386747 -0.922186
vn -0.117010 0.925537 -0.360124
vn -0.284972 0.386746 -0.877051
vn -0.222567 0.925538 -0.306338
vn -0.542048 0.386747 -0.746064
vn -0.306337 0.925539 -0.222567
vn -0.746065 0.386747 -0.542047
vn -0.360122 0.925538 -0.117011
vn -0.877052 0.386745 -0.284971
vn -0.378655 0.925538 -0.000000
vn -0.922187 0.386745 0.000000
vn -0.360120 0.925539 0.117011
vn -0.877052 0.386745 0.284971
vn -0.306336 0.925539 0.222568
vn -0.746065 0.386747 0.542047
vn -0.222566 0.925539 0.306338
vn -0.542048 0.386747 0.746064
vn -0.117010 0.925539 0.360119
vn -0.284971 0.386744 0.877052
vn -0.000000 0.925539 0.378652
vn 0.000000 0.386743 0.922187
vn 0.117010 0.925539 0.360119
vn 0.284971 0.386744 0.877052
vn 0.222566 0.925539 0.306337
vn 0.542049 0.386742 0.746065
vn 0.306335 0.925539 0.222568
vn 0.746065 0.386745 0.542047
vn 0.360119 0.925539 0.117011
vn 0.877051 0.386746 0.284971
vn 0.378651 0.925540 0.000001
vn 0.922185 0.386748 0.000001
vn 0.877053 0.386745 -0.284969
vn 0.746064 0.386748 -0.542047
vn 0.360119 0.925540 -0.117008
vn 0.306336 0.925539 -0.222565
vn 0.378652 0.925539 0.000001
vn 0.922188 0.386743 0.000001
vn 0.360122 0.925538 0.117009
vn 0.877052 0.386744 0.284972
vn 0.306337 0.925538 0.222567
vn 0.746064 0.386746 0.542049
vn 0.222567 0.925538 0.306338
vn 0.542047 0.386745 0.746065
vn 0.117010 0.925539 0.360119
vn 0.284972 0.386745 0.877052
vn 0.000000 0.925539 0.378653
vn 0.000000 0.386745 0.922187
vn -0.117010 0.925539 0.360119
vn -0.284972 0.386745 0.877052
vn -0.222566 0.925540 0.306335
vn -0.542047 0.386745 0.746065
vn -0.306335 0.925540 0.222564
vn -0.746063 0.386748 0.542048
vn -0.360119 0.925540 0.117008
vn -0.877051 0.386746 0.284971
vn -0.378652 0.925539 -0.000000
vn -0.922188 0.386743 -0.000000
vn -0.360120 0.925539 -0.117009
vn -0.877051 0.386746 -0.284971
vn -0.306336 0.925540 -0.222564
vn -0.746064 0.386748 -0.542047
vn -0.222566 0.925540 -0.306334
vn -0.542048 0.386746 -0.746064
vn -0.117010 0.925539 -0.360119
vn -0.284972 0.386745 -0.877052
vn -0.000000 0.925539 -0.378653
vn -0.000000 0.386745 -0.922187
vn 0.117010 0.925540 -0.360119
vn 0.284971 0.386746 -0.877051
vn 0.222566 0.925540 -0.306335
vn 0.542047 0.386748 -0.746064
vn 0.222565 0.925538 -0.306338
vn 0.542049 0.386744 -0.746064
vn 0.117010 0.925539 -0.360121
vn 0.284972 0.386746 -0.877051
vn -0.000000 0.925538 -0.378656
vn -0.000000 0.386747 -0.922186
vn -0.117010 0.925539 -0.360121
vn -0.284972 0.386746 -0.877051
vn -0.222566 0.925538 -0.306340
vn -0.542049 0.386744 -0.746064
vn -0.306336 0.925539 -0.222569
vn -0.746065 0.386746 -0.542047
vn -0.360118 0.925540 -0.117009
vn -0.877050 0.386749 -0.284971
vn -0.378651 0.925540 -0.000001
vn -0.922185 0.386749 0.000000
vn -0.360118 0.925540 0.117009
vn -0.877052 0.386746 0.284970
vn -0.306335 0.925539 0.222569
vn -0.746067 0.386744 0.542046
vn -0.222566 0.925538 0.306339
vn -0.542049 0.386743 0.746064
vn -0.117010 0.925539 0.360121
vn -0.284972 0.386745 0.877052
vn 0.000000 0.925538 0.378656
vn 0.000000 0.386747 0.922186
vn 0.117010 0.925538 0.360121
vn 0.284972 0.386746 0.877051
vn 0.222566 0.925538 0.306341
vn 0.542048 0.386746 0.746064
vn 0.306337 0.925538 0.222570
vn 0.746065 0.386745 0.542047
vn 0.360121 0.925539 0.117010
vn 0.877050 0.386749 0.284971
vn 0.378652 0.925539 0.000001
vn 0.922185 0.386749 0.000001
vn 0.000000 -1.000000 0.000000
vn 0.000000 -1.000000 0.000000
vn 0.000000 -1.000000 0.000000
vn 0.000000 -1.000000 0.000000
vn 0.000000 -1.000000 0.000000
vn 0.000000 -1.000000 0.000000
vn 0.000000 -1.000000 0.000000
vn 0.000000 -1.000000 0.000000
vn 0.000000 -1.000000 0.000000
vn 0.000000 -1.000000 0.000000
vn 0.000000 -1.000000 0.000000
vn 0.000000 -1.000000 0.000000
vn 0.000000 -1.000000 0.000000
vn 0.000000 -1.000000 0.000000
vn 0.000000 -1.000000 0.000000
vn 0.000000 -1.000000 0.000000
vn 0.000000 -1.000000 0.000002
vn 0.000000 -1.000000 0.000002
vn 0.000000 -1.000000 0.000002
vn 0.000000 -1.000000 0.000002
vn 0.000000 -1.000000 -0.000000
vn 0.000000 -1.000000 -0.000000
vn 0.000000 -1.000000 -0.000000
vn 0.000000 -1.000000 -0.000000
vn 0.000000 -1.000000 -0.000000
vn 0.000000 -1.000000 -0.000000
vn 0.000000 -1.000000 -0.000000
vn 0.000000 -1.000000 -0.000000
vn 0.000000 -1.000000 0.000000
vn 0.000000 -1.000000 0.000000
vn 0.000000 -1.000000 0.000000
vn 0.000000 -1.000000 0.000000
vn 0.000000 -1.000000 0.000000
vn 0.000000 -1.000000 0.000000
vn 0.000000 -1.000000 0.000000
vn 0.000000 -1.000000 0.000000
vn 0.000000 -1.000000 0.000000
vn 0.000000 -1.000000 0.000000
vn 0.000000 -1.000000 0.000000
vn 0.000000 -1.000000 0.000000
vn 0.000000 -1.000000 -0.000000
vn 0.000000 -1.000000 -0.000000
vn 0.000000 -1.000000 -0.000000
vn 0.000000 -1.000000 -0.000000
vn 0.000000 -1.000000 -0.000000
vn 0.000000 -1.000000 -0.000000
vn 0.000000 -1.000000 -0.000000
vn 0.000000 -1.000000 -0.000000
vn 0.000000 -1.000000 -0.000000
vn 0.000000 -1.000000 -0.000000
vn 0.000000 -1.000000 -0.000000
vn 0.000000 -1.000000 -0.000000
vn 0.000000 -1.000000 -0.000001
vn 0.000000 -1.000000 -0.000001
vn 0.000000 -1.000000 -0.000001
vn 0.000000 -1.000000 -0.000001
vn 0.000000 -1.000000 0.000000
vn 0.000000 -1.000000 0.000000
vn 0.000000 -1.000000 0.000000
vn 0.000000 -1.000000 0.000000
vn 0.000000 -1.000000 0.000000
vn 0.000000 -1.000000 0.000000
vn 0.000000 -1.000000 0.000000
vn 0.000000 -1.000000 0.000000
vn 0.000000 -1.000000 0.000001
vn 0.000000 -1.000000 0.000001
vn 0.000000 -1.000000 0.000001
vn 0.000000 -1.000000 0.000001
vn 0.000000 -1.000000 0.000000
vn 0.000000 -1.000000 0.000000
vn 0.000000 -1.000000 0.000000
vn 0.000000 -1.000000 0.000000
vn 0.000000 -1.000000 0.000000
vn 0.000000 -1.000000 0.000000
vn 0.000000 -1.000000 0.000000
vn 0.000000 -1.000000 0.000000
vn 0.000000 -1.000000 0.000000
vn 0.000000 -1.000000 0.000000
vn 0.000000 -1.000000 0.000000
vn 0.000000 -1.000000 0.000000
s 1
g AltarCrystal TET_BattleAltar Base
usemtl initialShadingGroup
f 792/820/805 791/821/806 794/822/807 793/823/808
s 2
f 791/912/809 790/913/810 795/914/811 794/915/812
s 1
f 650/824/813 651/825/814 792/820/805 793/823/808
f 651/825/814 652/826/815 798/827/816 792/820/805
f 652/826/815 653/1121/817 801/1119/818 798/827/816
f 653/1121/817 654/1120/819 804/1118/820 801/1119/818
f 654/828/819 655/830/821 807/831/822 804/829/820
f 655/830/821 656/832/823 810/833/824 807/831/822
f 656/832/823 657/834/825 813/835/826 810/833/824
f 657/834/825 658/836/827 816/837/828 813/835/826
f 658/836/827 659/838/829 819/839/830 816/837/828
f 659/838/829 660/840/831 822/841/832 819/839/830
f 660/840/831 661/842/833 825/843/834 822/841/832
f 661/842/833 662/844/835 828/845/836 825/843/834
f 662/844/835 663/846/837 831/847/838 828/845/836
f 663/846/837 664/848/839 834/849/840 831/847/838
f 664/1132/839 665/850/841 837/851/842 834/1133/840
f 665/850/841 666/852/843 840/853/844 837/851/842
f 666/852/843 667/854/845 843/855/846 840/853/844
f 667/854/845 668/856/847 846/857/848 843/855/846
f 668/856/847 669/1056/849 849/1057/850 846/857/848
f 669/1056/849 650/824/813 793/823/808 849/1057/850
s 3
f 670/992/851 673/993/852 649/994/853
f 673/993/852 676/997/854 649/994/853
f 676/997/854 679/1001/855 649/994/853
f 679/1001/855 682/1005/856 649/994/853
f 682/1005/856 685/1009/857 649/994/853
f 685/1009/857 688/1013/858 649/994/853
f 688/1013/858 691/1017/859 649/994/853
f 691/1017/859 694/1021/860 649/994/853
f 694/1021/860 697/1025/861 649/994/853
f 697/1025/861 700/1029/862 649/994/853
f 700/1029/862 703/1030/863 649/994/853
f 703/1030/863 706/1026/864 649/994/853
f 706/1026/864 709/1022/865 649/994/853
f 709/1022/865 712/1018/866 649/994/853
f 712/1018/866 715/1014/867 649/994/853
f 715/1014/867 718/1010/868 649/994/853
f 718/1010/868 721/1006/869 649/994/853
f 721/1006/869 724/1002/870 649/994/853
f 724/1002/870 727/998/871 649/994/853
f 727/998/871 670/992/851 649/994/853
s 4
f 733/858/872 730/859/873 672/860/874 729/861/875
f 736/862/876 733/858/872 729/861/875 726/863/877
f 739/864/878 736/862/876 726/863/877 723/865/879
f 742/866/880 739/864/878 723/865/879 720/867/881
f 745/868/882 742/866/880 720/867/881 717/1128/883
f 748/870/884 745/1129/882 717/869/883 714/871/885
f 751/872/886 748/870/884 714/871/885 711/873/887
f 754/874/888 751/872/886 711/873/887 708/875/889
f 757/876/890 754/874/888 708/875/889 705/877/891
f 760/878/892 757/876/890 705/877/891 702/879/893
f 763/880/894 760/878/892 702/879/893 699/881/895
f 766/882/896 763/880/894 699/881/895 696/883/897
f 769/884/898 766/882/896 696/883/897 693/885/899
f 772/886/900 769/884/898 693/885/899 690/887/901
f 775/888/902 772/886/900 690/887/901 687/889/903
f 778/890/904 775/888/902 687/889/903 684/891/905
f 781/892/906 778/1122/904 684/1124/905 681/1123/907
f 784/893/908 781/892/906 681/1123/907 678/894/909
f 787/895/910 784/893/908 678/894/909 675/896/911
f 730/859/873 787/895/910 675/896/911 672/860/874
s 2
f 789/918/912 732/919/913 795/914/811 790/913/810
f 786/924/914 789/918/912 790/913/810 796/917/915
f 783/932/916 786/924/914 796/917/915 799/923/917
f 780/940/918 783/932/916 799/923/917 802/931/919
f 777/948/920 780/940/918 802/931/919 805/939/921
f 774/956/922 777/948/920 805/939/921 808/947/923
f 771/964/924 774/956/922 808/947/923 811/955/925
f 768/972/926 771/964/924 811/955/925 814/963/927
f 765/980/928 768/972/926 814/963/927 817/971/929
f 762/986/930 765/980/928 817/971/929 820/979/931
f 759/989/932 762/986/930 820/979/931 823/984/933
f 756/983/934 759/989/932 823/984/933 826/976/935
f 753/975/936 756/983/934 826/976/935 829/968/937
f 750/967/938 753/975/936 829/968/937 832/960/939
f 747/959/940 750/967/938 832/960/939 835/952/941
f 744/951/942 747/959/940 835/952/941 838/944/943
f 741/943/944 744/951/942 838/944/943 841/936/945
f 738/935/946 741/943/944 841/936/945 844/928/947
f 735/927/948 738/935/946 844/928/947 847/920/949
f 732/919/913 735/927/948 847/920/949 795/914/811
s 3
f 670/992/851 671/995/950 674/996/951 673/993/852
s 4
f 671/897/952 672/860/874 675/896/911 674/898/953
s 3
f 673/993/852 674/996/951 677/1000/954 676/997/854
s 4
f 674/898/953 675/896/911 678/894/909 677/899/955
s 3
f 676/997/854 677/1000/954 680/1004/956 679/1001/855
s 4
f 677/899/955 678/894/909 681/1123/907 680/900/957
s 3
f 679/1001/855 680/1004/956 683/1008/958 682/1005/856
s 4
f 680/900/957 681/1123/907 684/1124/905 683/1125/959
s 3
f 682/1005/856 683/1008/958 686/1012/960 685/1009/857
s 4
f 683/901/959 684/891/905 687/889/903 686/902/961
s 3
f 685/1009/857 686/1012/960 689/1016/962 688/1013/858
s 4
f 686/902/961 687/889/903 690/887/901 689/903/963
s 3
f 688/1013/858 689/1016/962 692/1020/964 691/1017/859
s 4
f 689/903/963 690/887/901 693/885/899 692/904/965
s 3
f 691/1017/859 692/1020/964 695/1024/966 694/1021/860
s 4
f 692/904/965 693/885/899 696/883/897 695/905/967
s 3
f 694/1021/860 695/1024/966 698/1028/968 697/1025/861
s 4
f 695/905/967 696/883/897 699/881/895 698/906/969
s 3
f 697/1025/861 698/1028/968 701/1032/970 700/1029/862
s 4
f 698/906/969 699/881/895 702/879/893 701/907/971
s 3
f 700/1029/862 701/1032/970 704/1031/972 703/1030/863
s 4
f 701/907/971 702/879/893 705/877/891 704/908/973
s 3
f 703/1030/863 704/1031/972 707/1027/974 706/1026/864
s 4
f 704/908/973 705/877/891 708/875/889 707/909/975
s 3
f 706/1026/864 707/1027/974 710/1023/976 709/1022/865
s 4
f 707/909/975 708/875/889 711/873/887 710/910/977
s 3
f 709/1022/865 710/1023/976 713/1019/978 712/1018/866
s 4
f 710/910/977 711/873/887 714/871/885 713/911/979
s 3
f 712/1018/866 713/1019/978 716/1015/980 715/1014/867
s 4
f 713/911/979 714/871/885 717/869/883 716/1131/981
s 3
f 715/1014/867 716/1015/980 719/1011/982 718/1010/868
s 4
f 716/1033/981 717/1128/883 720/867/881 719/1034/983
s 3
f 718/1010/868 719/1011/982 722/1007/984 721/1006/869
s 4
f 719/1034/983 720/867/881 723/865/879 722/1035/985
s 3
f 721/1006/869 722/1007/984 725/1003/986 724/1002/870
s 4
f 722/1035/985 723/865/879 726/863/877 725/1036/987
s 3
f 724/1002/870 725/1003/986 728/999/988 727/998/871
s 4
f 725/1036/987 726/863/877 729/861/875 728/1037/989
f 672/860/874 671/897/952 728/1037/989 729/861/875
s 3
f 671/995/950 670/992/851 727/998/871 728/999/988
s 4
f 730/859/873 731/1038/990 788/1039/991 787/895/910
s 2
f 731/925/992 732/919/913 789/918/912 788/926/993
f 732/919/913 731/925/992 734/934/994 735/927/948
s 4
f 731/1038/990 730/859/873 733/858/872 734/1040/995
s 2
f 735/927/948 734/934/994 737/942/996 738/935/946
s 4
f 734/1040/995 733/858/872 736/862/876 737/1041/997
s 2
f 738/935/946 737/942/996 740/950/998 741/943/944
s 4
f 737/1041/997 736/862/876 739/864/878 740/1042/999
s 2
f 741/943/944 740/950/998 743/958/1000 744/951/942
s 4
f 740/1042/999 739/864/878 742/866/880 743/1043/1001
s 2
f 744/951/942 743/958/1000 746/966/1002 747/959/940
s 4
f 743/1043/1001 742/866/880 745/868/882 746/1130/1003
s 2
f 747/959/940 746/966/1002 749/974/1004 750/967/938
s 4
f 746/1044/1003 745/1129/882 748/870/884 749/1045/1005
s 2
f 750/967/938 749/974/1004 752/982/1006 753/975/936
s 4
f 749/1045/1005 748/870/884 751/872/886 752/1046/1007
s 2
f 753/975/936 752/982/1006 755/988/1008 756/983/934
s 4
f 752/1046/1007 751/872/886 754/874/888 755/1047/1009
s 2
f 756/983/934 755/988/1008 758/991/1010 759/989/932
s 4
f 755/1047/1009 754/874/888 757/876/890 758/1048/1011
s 2
f 759/989/932 758/991/1010 761/990/1012 762/986/930
s 4
f 758/1048/1011 757/876/890 760/878/892 761/1049/1013
s 2
f 762/986/930 761/990/1012 764/987/1014 765/980/928
s 4
f 761/1049/1013 760/878/892 763/880/894 764/1050/1015
s 2
f 765/980/928 764/987/1014 767/981/1016 768/972/926
s 4
f 764/1050/1015 763/880/894 766/882/896 767/1051/1017
s 2
f 768/972/926 767/981/1016 770/973/1018 771/964/924
s 4
f 767/1051/1017 766/882/896 769/884/898 770/1052/1019
s 2
f 771/964/924 770/973/1018 773/965/1020 774/956/922
s 4
f 770/1052/1019 769/884/898 772/886/900 773/1053/1021
s 2
f 774/956/922 773/965/1020 776/957/1022 777/948/920
s 4
f 773/1053/1021 772/886/900 775/888/902 776/1054/1023
s 2
f 777/948/920 776/957/1022 779/949/1024 780/940/918
s 4
f 776/1054/1023 775/888/902 778/890/904 779/1055/1025
s 2
f 780/940/918 779/949/1024 782/941/1026 783/932/916
s 4
f 779/1127/1025 778/1122/904 781/892/906 782/1126/1027
s 2
f 783/932/916 782/941/1026 785/933/1028 786/924/914
s 4
f 782/1126/1027 781/892/906 784/893/908 785/1116/1029
s 2
f 786/924/914 785/933/1028 788/926/993 789/918/912
s 4
f 785/1116/1029 784/893/908 787/895/910 788/1039/991
s 2
f 790/913/810 791/912/809 797/916/1030 796/917/915
s 1
f 791/821/806 792/820/805 798/827/816 797/1058/1031
s 2
f 796/917/915 797/916/1030 800/922/1032 799/923/917
s 1
f 797/1058/1031 798/827/816 801/1119/818 800/1059/1033
s 2
f 799/923/917 800/922/1032 803/930/1034 802/931/919
s 1
f 800/1059/1033 801/1119/818 804/1118/820 803/1117/1035
s 2
f 802/931/919 803/930/1034 806/938/1036 805/939/921
s 1
f 803/1060/1035 804/829/820 807/831/822 806/1061/1037
s 2
f 805/939/921 806/938/1036 809/946/1038 808/947/923
s 1
f 806/1061/1037 807/831/822 810/833/824 809/1062/1039
s 2
f 808/947/923 809/946/1038 812/954/1040 811/955/925
s 1
f 809/1062/1039 810/833/824 813/835/826 812/1063/1041
s 2
f 811/955/925 812/954/1040 815/962/1042 814/963/927
s 1
f 812/1063/1041 813/835/826 816/837/828 815/1064/1043
s 2
f 814/963/927 815/962/1042 818/970/1044 817/971/929
s 1
f 815/1064/1043 816/837/828 819/839/830 818/1065/1045
s 2
f 817/971/929 818/970/1044 821/978/1046 820/979/931
s 1
f 818/1065/1045 819/839/830 822/841/832 821/1066/1047
s 2
f 820/979/931 821/978/1046 824/985/1048 823/984/933
s 1
f 821/1066/1047 822/841/832 825/843/834 824/1067/1049
s 2
f 823/984/933 824/985/1048 827/977/1050 826/976/935
s 1
f 824/1067/1049 825/843/834 828/845/836 827/1068/1051
s 2
f 826/976/935 827/977/1050 830/969/1052 829/968/937
s 1
f 827/1068/1051 828/845/836 831/847/838 830/1069/1053
s 2
f 829/968/937 830/969/1052 833/961/1054 832/960/939
s 1
f 830/1069/1053 831/847/838 834/849/840 833/1134/1055
s 2
f 832/960/939 833/961/1054 836/953/1056 835/952/941
s 1
f 833/1070/1055 834/1133/840 837/851/842 836/1071/1057
s 2
f 835/952/941 836/953/1056 839/945/1058 838/944/943
s 1
f 836/1071/1057 837/851/842 840/853/844 839/1072/1059
s 2
f 838/944/943 839/945/1058 842/937/1060 841/936/945
s 1
f 839/1072/1059 840/853/844 843/855/846 842/1073/1061
s 2
f 841/936/945 842/937/1060 845/929/1062 844/928/947
s 1
f 842/1073/1061 843/855/846 846/857/848 845/1114/1063
s 2
f 844/928/947 845/929/1062 848/921/1064 847/920/949
s 1
f 845/1114/1063 846/857/848 849/1057/850 848/1115/1065
f 793/823/808 794/822/807 848/1115/1065 849/1057/850
s 2
f 794/915/812 795/914/811 847/920/949 848/921/1064
s off
f 651/1102/1066 650/1103/1067 850/1104/1068 851/1105/1069
f 652/1106/1070 651/1102/1071 851/1105/1072 852/1107/1073
f 653/1108/1074 652/1106/1075 852/1107/1076 853/1109/1077
f 654/1110/1078 653/1108/1079 853/1109/1080 854/1111/1081
f 655/1112/1082 654/1110/1083 854/1111/1084 855/1113/1085
f 656/1101/1086 655/1112/1087 855/1113/1088 856/1100/1089
f 657/1099/1090 656/1101/1091 856/1100/1092 857/1098/1093
f 658/1097/1094 657/1099/1095 857/1098/1096 858/1096/1097
f 659/1095/1098 658/1097/1099 858/1096/1100 859/1094/1101
f 660/1093/1102 659/1095/1103 859/1094/1104 860/1092/1105
f 661/1091/1106 660/1093/1107 860/1092/1108 861/1090/1109
f 662/1089/1110 661/1091/1111 861/1090/1112 862/1088/1113
f 663/1087/1114 662/1089/1115 862/1088/1116 863/1086/1117
f 664/1085/1118 663/1087/1119 863/1086/1120 864/1084/1121
f 665/1083/1122 664/1085/1123 864/1084/1124 865/1082/1125
f 666/1081/1126 665/1083/1127 865/1082/1128 866/1080/1129
f 667/1079/1130 666/1081/1131 866/1080/1132 867/1078/1133
f 668/1077/1134 667/1079/1135 867/1078/1136 868/1076/1137
f 669/1075/1138 668/1077/1139 868/1076/1140 869/1074/1141
f 650/1103/1142 669/1075/1143 869/1074/1144 850/1104/1145
g default
v -0.306932 0.203907 -0.006844
v -0.306932 0.312650 -0.195193
v -0.546750 0.221781 -0.015767
v -0.541869 0.211576 -0.021659
v -0.538417 0.208673 -0.009728
v -0.530085 0.213449 -0.001334
v -0.538417 0.223106 -0.001395
v -0.541869 0.231987 -0.009875
v -0.412999 0.112050 -0.059877
v -0.421332 0.107274 -0.068271
v -0.424783 0.110177 -0.080201
v 0.035603 0.726114 0.275410
v 0.023819 0.721887 0.272969
v 0.027271 0.713006 0.281449
v 0.035603 0.703349 0.281509
v 0.043936 0.713006 0.281449
v 0.047387 0.721887 0.272969
v 0.152689 0.601950 0.222967
v 0.161021 0.611607 0.222906
v 0.164472 0.620488 0.214426
v 0.027271 0.816868 0.101553
v 0.023819 0.813965 0.113484
v 0.035603 0.818192 0.115925
v 0.047387 0.813965 0.113484
v 0.043936 0.816868 0.101553
v 0.035603 0.812092 0.093160
v 0.164472 0.712566 0.054942
v 0.161021 0.715469 0.043011
v 0.152689 0.710694 0.034617
v -0.546750 0.313860 -0.175251
v -0.541869 0.324065 -0.169359
v -0.538417 0.326968 -0.181290
v -0.530085 0.322192 -0.189684
v -0.538417 0.312536 -0.189623
v -0.541869 0.303655 -0.181143
v -0.412999 0.220794 -0.248226
v -0.421332 0.211137 -0.248166
v -0.424783 0.202256 -0.239686
v -0.424017 0.305306 0.051699
v -0.432350 0.314963 0.051638
v -0.435801 0.323844 0.043159
v 0.082362 -0.328937 -0.320117
v 0.078910 -0.326034 -0.332048
v 0.090694 -0.330261 -0.334489
v 0.102478 -0.326034 -0.332048
v 0.099027 -0.328937 -0.320117
v 0.090694 -0.324161 -0.311724
v 0.208545 -0.234177 -0.279015
v 0.205094 -0.237080 -0.267084
v 0.196761 -0.232304 -0.258690
v -0.306166 0.407368 0.110625
v -0.314499 0.417025 0.110564
v -0.317950 0.425906 0.102084
v 0.311161 -0.130791 -0.205718
v 0.302829 -0.140447 -0.205657
v 0.311161 -0.145223 -0.214050
v 0.314613 -0.142320 -0.225981
v 0.319494 -0.132115 -0.220089
v 0.314613 -0.121910 -0.214197
v -0.188315 0.509430 0.169550
v -0.196648 0.519087 0.169489
v -0.200099 0.527968 0.161010
v -0.070464 0.611492 0.228476
v -0.078797 0.621149 0.228415
v -0.082248 0.630030 0.219936
v 0.553766 0.079311 -0.084415
v 0.550315 0.082214 -0.096346
v 0.562099 0.077987 -0.098786
v 0.573883 0.082214 -0.096346
v 0.570431 0.079311 -0.084415
v 0.562099 0.084087 -0.076022
v 0.664714 0.175395 -0.028941
v 0.656382 0.165739 -0.028880
v 0.664714 0.160963 -0.037273
v 0.668166 0.163866 -0.049204
v 0.673047 0.174071 -0.043312
v 0.668166 0.184276 -0.037420
v 0.664714 0.279258 -0.208836
v 0.668166 0.276355 -0.196905
v 0.673047 0.266150 -0.202797
v 0.668166 0.255945 -0.208689
v 0.664714 0.264826 -0.217168
v 0.656382 0.274482 -0.217229
v -0.070464 0.720236 0.040127
v -0.078797 0.725011 0.048520
v -0.082248 0.722108 0.060451
v 0.553766 0.183174 -0.264310
v 0.562099 0.192831 -0.264371
v 0.570431 0.183174 -0.264310
v 0.573883 0.174293 -0.255831
v 0.562099 0.170066 -0.258271
v 0.550315 0.174293 -0.255831
v -0.188315 0.618173 -0.018799
v -0.196648 0.622949 -0.010406
v -0.200099 0.620046 0.001525
v -0.306166 0.516111 -0.077725
v -0.314499 0.520887 -0.069331
v -0.317950 0.517984 -0.057400
v -0.424017 0.414049 -0.136650
v -0.432350 0.418825 -0.128257
v -0.435801 0.415922 -0.116326
v 0.311161 -0.026928 -0.385613
v 0.314612 -0.029831 -0.373682
v 0.319494 -0.040036 -0.379574
v 0.314612 -0.050242 -0.385466
v 0.311161 -0.041361 -0.393945
v 0.302829 -0.031704 -0.394006
v 0.208545 -0.142099 -0.438499
v 0.205094 -0.133218 -0.446979
v 0.196761 -0.123561 -0.447040
v 0.082362 -0.225074 -0.500012
v 0.090694 -0.215418 -0.500073
v 0.099027 -0.225074 -0.500012
v 0.102478 -0.233955 -0.491533
v 0.090694 -0.238183 -0.493973
v 0.078910 -0.233955 -0.491533
v -0.212649 0.305969 0.052082
v -0.195984 0.308410 0.047855
v -0.189081 0.314302 0.037650
v 0.046621 0.530504 0.181717
v 0.046621 0.518512 0.169157
v 0.046621 0.518426 0.155501
v 0.046621 0.639247 -0.006632
v 0.046621 0.622374 -0.010738
v 0.046621 0.610504 -0.003984
v -0.212649 0.414712 -0.136267
v -0.195984 0.412272 -0.132040
v -0.189081 0.406380 -0.121835
v -0.083014 0.418236 0.116900
v -0.074681 0.413461 0.108506
v -0.071230 0.416364 0.096575
v -0.083014 0.526980 -0.071450
v -0.074681 0.517323 -0.071389
v -0.071230 0.508442 -0.062909
v -0.543687 0.216972 -0.007437
v 0.035603 0.718652 0.282208
v 0.035603 0.820349 0.106064
v -0.543687 0.318669 -0.183581
v 0.090694 -0.332418 -0.324628
v 0.316431 -0.136924 -0.211759
v 0.562099 0.075831 -0.088925
v 0.669984 0.169262 -0.034983
v 0.669984 0.270959 -0.211127
v 0.562099 0.177527 -0.265069
v 0.316431 -0.035227 -0.387903
v 0.090694 -0.230721 -0.500772
vt 0.520109 0.523326
vt 0.520109 0.527203
vt 0.458920 0.527203
vt 0.458920 0.523326
vt 0.524290 0.523326
vt 0.524290 0.527203
vt 0.529880 0.531363
vt 0.458920 0.530978
vt 0.455125 0.523326
vt 0.455125 0.527203
vt 0.520109 0.470234
vt 0.458920 0.470234
vt 0.524290 0.470234
vt 0.524290 0.530978
vt 0.578413 0.531363
vt 0.578413 0.592885
vt 0.455125 0.530978
vt 0.455125 0.470234
vt 0.520006 0.228318
vt 0.458510 0.228826
vt 0.524290 0.229321
vt 0.578413 0.526646
vt 0.632027 0.531363
vt 0.632027 0.592885
vt 0.578413 0.596762
vt 0.455125 0.229321
vt 0.632027 0.526646
vt 0.691396 0.531363
vt 0.690645 0.592885
vt 0.632027 0.596762
vt 0.691396 0.526646
vt 0.747111 0.531363
vt 0.747144 0.592885
vt 0.690645 0.596762
vt 0.747111 0.526646
vt 0.797242 0.531363
vt 0.797288 0.592885
vt 0.747144 0.596762
vt 0.797242 0.526646
vt 0.797288 0.596762
vt 0.529296 0.523146
vt 0.524290 0.523146
vt 0.529296 0.470234
vt 0.528262 0.526433
vt 0.526977 0.525236
vt 0.529296 0.229321
vt 0.578994 0.470234
vt 0.578994 0.523146
vt 0.529296 0.224498
vt 0.525447 0.226854
vt 0.578994 0.229321
vt 0.632027 0.470234
vt 0.632027 0.523146
vt 0.578994 0.224498
vt 0.522710 0.224304
vt 0.525140 0.221695
vt 0.632027 0.229321
vt 0.691396 0.470234
vt 0.691396 0.523146
vt 0.632027 0.224498
vt 0.460906 0.225320
vt 0.463337 0.222711
vt 0.633971 0.468748
vt 0.691396 0.468748
vt 0.753188 0.470234
vt 0.753188 0.523146
vt 0.632083 0.229321
vt 0.632083 0.224498
vt 0.751780 0.468748
vt 0.811080 0.470234
vt 0.811080 0.523146
vt 0.881552 0.967486
vt 0.753188 0.229369
vt 0.811080 0.229369
vt 0.885413 0.963889
vt 0.882087 0.965666
vt 0.746512 0.229369
vt 0.746512 0.466039
vt 0.804334 0.229369
vt 0.880255 0.967368
vt 0.880255 0.962583
vt 0.815272 0.972224
vt 0.808409 0.229369
vt 0.806247 0.226523
vt 0.815272 0.967369
vt 0.815272 0.962584
vt 0.804428 0.657813
vt 0.811255 0.657813
vt 0.811255 0.907306
vt 0.804428 0.907306
vt 0.804428 0.599450
vt 0.811255 0.599450
vt 0.804428 0.910183
vt 0.811255 0.910183
vt 0.804428 0.595401
vt 0.811255 0.595401
vt 0.753875 0.601321
vt 0.814605 0.594068
vt 0.814605 0.599450
vt 0.690645 0.601321
vt 0.797288 0.531363
vt 0.801197 0.531363
vt 0.805806 0.531363
vt 0.631862 0.601321
vt 0.578413 0.601321
vt 0.004640 0.019777
vt 0.005103 0.000016
vt 0.000000 0.004041
vt -0.000982 0.014764
vt 0.005103 0.004041
vt 0.002107 0.006587
vt 0.006108 0.014764
vt 0.001642 0.011593
vt 0.811080 0.526646
vt 0.747104 0.526646
vt 0.747104 0.523146
vt 0.826800 0.523146
vt 0.799795 0.526646
vt 0.826800 0.470234
vt 0.804670 0.525421
vt 0.802183 0.528090
vt 0.799895 0.530546
vt 0.826800 0.229369
vt 0.580004 0.526646
vt 0.580004 0.523146
vt 0.529873 0.526646
vt 0.529873 0.523146
vt 0.804428 0.601321
vt 0.753875 0.657813
vt 0.753875 0.907306
vt 0.690645 0.657813
vt 0.631862 0.657813
vt 0.578413 0.657813
vt 0.629494 0.932144
vt 0.577323 0.923148
vt 0.525340 0.657813
vt 0.525340 0.601321
vt 0.525340 0.914151
vt 0.801197 0.592885
vt 0.801197 0.596762
vt 0.747144 0.531363
vt 0.690645 0.531363
vt 0.529936 0.592885
vt 0.529936 0.531363
vt 0.529936 0.596762
vt 0.805806 0.592885
vt 0.529880 0.526646
vt 0.520109 0.530978
vt 0.660577 0.039762
vt 0.665707 0.039953
vt 0.665320 0.112946
vt 0.660307 0.113017
vt 0.661082 0.034676
vt 0.665723 0.035890
vt 0.670853 0.039926
vt 0.670325 0.113086
vt 0.660670 0.118112
vt 0.665243 0.117007
vt 0.375995 0.033635
vt 0.373092 0.109221
vt 0.375500 0.028357
vt 0.670331 0.034826
vt 0.730802 0.039623
vt 0.730921 0.114260
vt 0.669738 0.118154
vt 0.372393 0.114385
vt 0.307713 0.034743
vt 0.308416 0.106806
vt 0.307398 0.029671
vt 0.730696 0.034491
vt 0.791106 0.039734
vt 0.791271 0.114366
vt 0.730765 0.119402
vt 0.308041 0.111876
vt 0.241380 0.033827
vt 0.242199 0.107882
vt 0.237791 0.030226
vt 0.791077 0.034601
vt 0.791221 0.119503
vt 0.238606 0.111463
vt 0.880255 0.907306
vt 0.880255 0.911654
vt 0.815272 0.911654
vt 0.815272 0.907306
vt 0.884262 0.907306
vt 0.884262 0.911654
vt 0.880255 0.915839
vt 0.815272 0.915839
vt 0.811255 0.911654
vt 0.815272 0.657813
vt 0.880255 0.657813
vt 0.884262 0.657813
vt 0.884262 0.915839
vt 0.811255 0.915839
vt 0.880255 0.600023
vt 0.815272 0.600023
vt 0.884262 0.600023
vt 0.884262 0.962584
vt 0.811255 0.962584
vt 0.811255 0.600023
vt 0.660741 0.123240
vt 0.367516 0.119245
vt 0.661304 0.029553
vt 0.370656 0.023496
vt 0.042271 0.036813
vt 0.043083 0.109330
vt 0.520171 0.657227
vt 0.520171 0.913566
vt 0.520171 0.597641
vt 0.525340 0.598226
vt 0.524169 0.919220
vt 0.520387 0.917654
vt 0.575062 0.937213
vt 0.521342 0.922975
vt 0.517344 0.919805
vt 0.515688 0.914979
vt 0.625954 0.955206
vt 0.806219 0.916410
vt 0.810865 0.962695
vt 0.807360 0.968092
vt 0.811045 0.966567
vt 0.244687 0.111346
vt 0.234460 0.117252
vt 0.308441 0.117289
vt 0.377213 0.119969
vt 0.811870 0.968365
vt 0.811919 0.966387
vt 0.748959 0.906750
vt 0.044207 0.112804
vt 0.810800 0.972111
vt 0.748959 0.661289
vt 0.308665 0.117693
vt 0.806219 0.963154
vt 0.882648 0.966465
vt 0.756739 0.229369
vt 0.751780 0.229369
vt 0.877450 0.971308
vn -0.725702 -0.607635 -0.322703
vn -0.923041 -0.340697 -0.178663
vn -0.923041 -0.325075 -0.205721
vn -0.725702 -0.583287 -0.364875
vn -0.923041 0.325075 0.205721
vn -0.727487 0.581679 0.363884
vn -0.727487 0.605972 0.321807
vn -0.923041 0.340697 0.178663
vn -0.039831 -0.501226 0.864399
vn -0.281416 -0.684812 0.672189
vn -0.270600 -0.696285 0.664803
vn -0.021324 -0.518239 0.854970
vn -0.665970 -0.745925 0.008931
vn -0.706887 -0.624634 -0.331877
vn -0.653281 -0.757101 0.004774
vn -0.685691 0.617876 0.384783
vn -0.384378 0.791568 0.475051
vn -0.384378 0.807190 0.447992
vn -0.685691 0.642170 0.342704
vn 0.384378 0.791569 0.475051
vn 0.687578 0.616302 0.383937
vn 0.687578 0.640651 0.341765
vn 0.384378 0.807191 0.447992
vn 0.002064 -0.461545 0.887115
vn -0.255630 -0.217664 0.941953
vn -0.270599 -0.227593 0.935402
vn -0.020899 -0.481682 0.876097
vn -0.640359 0.387565 0.663124
vn -0.706887 0.599731 0.375011
vn -0.653280 0.374415 0.658057
vn 0.706888 0.599731 0.375010
vn 0.653282 0.374416 0.658054
vn 0.656369 0.372205 0.656234
vn 0.711541 0.595745 0.372554
vn 0.270600 -0.227593 0.935402
vn 0.022518 -0.480245 0.876845
vn 0.027980 -0.483423 0.874940
vn 0.273223 -0.230533 0.933919
vn 0.022518 0.519248 -0.854327
vn 0.270600 0.696286 -0.664802
vn 0.273223 0.693532 -0.666605
vn 0.027980 0.516009 -0.856126
vn 0.653282 0.757100 -0.004773
vn 0.706887 0.624634 0.331877
vn 0.711541 0.620514 0.329653
vn 0.656368 0.754419 -0.005778
vn -0.039831 0.497979 -0.866274
vn -0.282474 0.683675 -0.672902
vn -0.270598 0.696284 -0.664804
vn -0.020460 0.517509 -0.855433
vn -0.667206 0.744815 -0.009340
vn -0.706888 0.624634 0.331877
vn -0.653282 0.757100 -0.004773
vn -0.706888 -0.599731 -0.375010
vn -0.653282 -0.374417 -0.658054
vn -0.650458 -0.377324 -0.659190
vn -0.702208 -0.603829 -0.377221
vn -0.270601 0.227594 -0.935402
vn -0.021324 0.481306 -0.876293
vn -0.016564 0.477373 -0.878545
vn -0.267313 0.225414 -0.936874
vn 0.685691 -0.642170 -0.342705
vn 0.384378 -0.807190 -0.447993
vn 0.384378 -0.791568 -0.475051
vn 0.685691 -0.617876 -0.384783
vn -0.384379 -0.807190 -0.447992
vn -0.702207 -0.628598 -0.334320
vn -0.384379 -0.791568 -0.475050
vn 0.004739 -0.504093 0.863636
vn 0.270599 -0.696284 0.664804
vn 0.282473 -0.683675 0.672903
vn 0.025869 -0.485313 0.873958
vn 0.653281 -0.757100 0.004772
vn 0.706887 -0.624634 -0.331877
vn 0.727487 -0.605973 -0.321806
vn 0.667204 -0.744817 0.009338
vn 0.273183 -0.230491 0.933941
vn 0.270598 -0.227595 0.935402
vn 0.010291 -0.494564 0.869080
vn 0.656357 0.372213 0.656241
vn 0.711539 0.595705 0.372622
vn 0.706781 0.596907 0.379687
vn 0.653281 0.374417 0.658054
vn 0.923043 0.325071 0.205718
vn 0.923043 0.340693 0.178660
vn 0.711539 0.620553 0.329584
vn 0.923043 -0.340693 -0.178660
vn 0.727487 -0.581679 -0.363884
vn 0.923043 -0.325071 -0.205718
vn 0.683217 -0.644148 -0.343930
vn 0.384379 -0.807189 -0.447995
vn 0.384379 -0.791567 -0.475053
vn 0.683217 -0.619926 -0.385884
vn -0.384378 -0.807191 -0.447991
vn -0.702207 -0.628635 -0.334251
vn -0.702207 -0.603787 -0.377288
vn -0.384378 -0.791569 -0.475050
vn -0.019140 -0.524213 0.851372
vn 0.253867 -0.708154 0.658840
vn 0.283859 -0.682180 0.673835
vn 0.638832 -0.769330 -0.005126
vn 0.729814 -0.603794 -0.320631
vn 0.668823 -0.743356 0.009870
vn 0.923041 0.325075 0.205721
vn 0.923041 0.340697 0.178663
vn 0.923040 -0.340700 -0.178663
vn 0.729814 -0.579572 -0.362585
vn 0.923040 -0.325078 -0.205721
vn 0.283859 0.242469 -0.927703
vn 0.253867 0.216496 -0.942699
vn -0.019141 0.475203 -0.879668
vn 0.668821 -0.363130 -0.648703
vn 0.638830 -0.389103 -0.663699
vn -0.267359 0.225447 -0.936852
vn -0.270599 0.227595 -0.935402
vn -0.006877 0.490127 -0.871624
vn -0.650466 -0.377314 -0.659188
vn -0.706781 -0.596907 -0.379688
vn -0.653281 -0.374416 -0.658055
vn 0.004739 0.495885 -0.868376
vn 0.270599 0.227595 -0.935402
vn 0.255631 0.217664 -0.941953
vn 0.653281 -0.374416 -0.658055
vn 0.706887 -0.599731 -0.375010
vn 0.640360 -0.387568 -0.663121
vn 0.000000 -0.500000 0.866025
vn -0.020460 -0.482072 0.875893
vn -0.020945 -0.481642 0.876118
vn 0.021744 -0.518595 0.854744
vn -0.020518 -0.482021 0.875920
vn -0.006877 -0.509785 0.860274
vn 0.002064 0.537491 -0.843267
vn -0.020899 0.517881 -0.855197
vn 0.021744 0.480933 -0.876488
vn -0.020518 0.517558 -0.855402
vn 0.010291 0.505364 -0.862845
vn -0.020945 0.517919 -0.855173
vn 0.000000 0.500000 -0.866025
vn -0.706888 0.599731 0.375011
vn -0.706888 0.599731 0.375010
vn -0.706888 0.624634 0.331877
vn -0.706887 0.599731 0.375011
vn -0.706887 0.624634 0.331877
vn -0.706887 0.624634 0.331877
vn -0.016564 -0.522156 0.852689
vn 0.025868 0.514213 -0.857272
vn -0.706781 -0.627273 -0.327093
vn 0.706781 0.627273 0.327093
vn 0.706774 -0.627424 -0.326818
vn 0.706881 -0.624800 -0.331578
vn 0.706881 -0.599555 -0.375304
vn 0.706774 -0.596745 -0.379956
vn 0.706774 -0.627424 -0.326818
vn 0.706774 -0.596745 -0.379956
vn -0.267312 -0.698649 0.663651
vn -0.650456 -0.759539 0.002824
vn 0.641524 0.386397 0.662680
vn 0.256973 -0.218554 0.941382
vn 0.256971 0.705983 -0.659966
vn 0.641524 0.767096 0.003289
vn -0.665969 -0.365229 -0.650456
vn -0.281417 0.239726 -0.929159
vn -0.667204 0.364319 0.649700
vn -0.653282 0.374416 0.658055
vn -0.282473 -0.240913 0.928531
vn -0.270598 -0.227595 0.935402
vn 0.255630 -0.706923 0.659479
vn 0.640360 -0.768064 -0.004084
vn -0.653282 0.374416 0.658054
vn -0.270598 -0.227595 0.935402
vn -0.653281 0.374416 0.658055
vn -0.270598 -0.227594 0.935402
vn -0.640360 0.768064 0.004078
vn -0.653281 0.757101 -0.004778
vn -0.255631 0.706926 -0.659476
vn -0.270600 0.696286 -0.664802
vn -0.653281 0.757101 -0.004777
vn -0.270599 0.696286 -0.664802
vn -0.653281 0.757101 -0.004774
vn -0.270598 0.696286 -0.664803
vn 0.282472 0.240914 -0.928531
vn 0.667204 -0.364320 -0.649700
vn 0.270598 -0.696285 0.664804
vn 0.270598 -0.696285 0.664804
vn 0.653282 -0.757100 0.004770
vn 0.653282 -0.757100 0.004770
vn -0.650466 -0.759530 0.002828
vn -0.653281 -0.757100 0.004771
vn -0.267358 -0.698614 0.663670
vn -0.270598 -0.696284 0.664805
vn 0.270600 0.227593 -0.935402
vn 0.270600 0.227594 -0.935402
vn 0.653281 -0.374416 -0.658055
vn 0.653281 -0.374416 -0.658055
vn 0.656358 0.754427 -0.005775
vn 0.653282 0.757099 -0.004773
vn 0.273180 0.693570 -0.666584
vn 0.270595 0.696284 -0.664806
vn 0.653282 -0.757100 0.004770
vn 0.270597 -0.696284 0.664805
vn 0.653281 -0.374416 -0.658055
vn 0.270600 0.227594 -0.935402
vn -0.857850 0.181922 0.480622
vn -0.857849 -0.507193 0.082764
vn -0.459998 -0.443959 0.768962
vn 0.397852 0.580284 0.710623
vn -0.397854 0.580285 0.710621
vn 0.000000 -0.045589 0.998960
vn 0.000000 0.842333 -0.538957
vn -0.397853 0.905559 0.147232
vn 0.397852 0.905558 0.147239
vn -0.857853 -0.181921 -0.480618
vn -0.857853 0.507187 -0.082760
vn -0.460003 0.443958 -0.768959
vn 0.000000 -0.842330 0.538962
vn -0.397854 -0.905558 -0.147235
vn 0.397854 -0.905557 -0.147234
vn 0.857854 0.181919 0.480617
vn 0.460001 -0.443960 0.768959
vn 0.857852 -0.507188 0.082764
vn 0.000000 -0.842331 0.538960
vn -0.397852 -0.905559 -0.147232
vn 0.397854 -0.905557 -0.147239
vn 0.857854 0.181917 0.480617
vn 0.460002 -0.443960 0.768959
vn 0.857855 -0.507183 0.082762
vn 0.460006 0.443958 -0.768958
vn 0.857854 0.507185 -0.082761
vn 0.857852 -0.181925 -0.480618
vn -0.397852 -0.580287 -0.710620
vn 0.000000 0.045589 -0.998960
vn 0.397853 -0.580289 -0.710618
vn 0.459999 0.443960 -0.768961
vn 0.857853 0.507187 -0.082764
vn 0.857853 -0.181919 -0.480618
vn -0.397853 -0.580288 -0.710619
vn 0.000000 0.045585 -0.998960
vn 0.397852 -0.580287 -0.710620
s 1
g TET_BattleAltar pCube1 Keystone
usemtl initialShadingGroup
f 873/1135/1146 872/1136/1147 899/1137/1148 904/1138/1149
s 2
f 872/1136/1150 877/1282/1151 900/1142/1152 899/1137/1153
s 3
f 875/1175/1154 874/1176/1155 879/1147/1156 878/1177/1157
s 1
f 874/1139/1158 873/1135/1146 880/1145/1159 879/1147/1160
s 2
f 882/1235/1161 881/1236/1162 892/1273/1163 891/1171/1164
s 5
f 881/1236/1165 886/1237/1166 893/1280/1167 892/1273/1168
s 3
f 884/1205/1169 883/1248/1170 933/1249/1171 932/1250/1172
s 2
f 883/1173/1173 882/1170/1161 934/1166/1174 933/1169/1175
s 5
f 889/1325/1176 888/1326/1177 941/1319/1178 946/1315/1179
s 3
f 888/1253/1180 887/1204/1181 942/1208/1182 941/1257/1183
s 9
f 898/1221/1184 897/1222/1185 947/1223/1186 952/1224/1187
s 5
f 897/1222/1188 896/1324/1189 948/1318/1190 947/1223/1191
s 9
f 902/1271/1192 901/1279/1193 969/1159/1194 968/1239/1195
s 2
f 901/1279/1196 900/1277/1152 970/1150/1197 969/1159/1198
s 1
f 907/1146/1199 906/1152/1200 980/1160/1201 985/1154/1202
s 9
f 906/1341/1203 905/1270/1204 981/1272/1205 980/1342/1206
s 14
f 914/1190/1207 913/1189/1208 984/1195/1209 983/1196/1210
s 1
f 913/1189/1211 912/1153/1212 985/1154/1202 984/1195/1213
s 3
f 919/1185/1214 918/1188/1215 925/1194/1216 924/1191/1217
s 14
f 918/1304/1218 917/1297/1219 926/1289/1220 925/1296/1221
s 3
f 924/1337/1217 923/1287/1222 987/1295/1223 986/1338/1224
s 18
f 923/1287/1225 928/1283/1226 988/1293/1227 987/1295/1228
f 928/1283/1226 927/1284/1229 973/1285/1230 972/1286/1231
s 14
f 927/1284/1232 926/1289/1220 974/1290/1233 973/1285/1234
s 19
f 938/1215/1235 937/1214/1236 960/1219/1237 959/1220/1238
s 20
f 937/1214/1239 936/1371/1240 961/1216/1241 960/1219/1242
s 3
f 940/1207/1243 939/1369/1244 943/1213/1245 942/1208/1182
s 19
f 939/1332/1246 938/1215/1235 944/1321/1247 943/1327/1248
s 5
f 946/1315/1179 945/1316/1249 949/1317/1250 948/1318/1190
s 19
f 945/1316/1251 944/1321/1247 950/1322/1252 949/1317/1253
s 9
f 952/1352/1187 951/1328/1254 958/1333/1255 957/1367/1256
s 19
f 951/1328/1257 950/1322/1252 959/1220/1238 958/1333/1258
s 9
f 957/1264/1256 956/1362/1259 993/1365/1260 992/1263/1261
s 20
f 956/1363/1262 961/1340/1241 994/1310/1263 993/1356/1264
s 9
f 979/1269/1265 978/1347/1266 982/1345/1267 981/1272/1205
s 14
f 978/1307/1268 977/1298/1269 983/1306/1210 982/1313/1270
s 3
f 875/1175/1154 878/1177/1157 870/1181/1271 908/1182/1272
f 908/1182/1272 870/1181/1271 986/1186/1224 920/1187/1273
f 920/1187/1273 986/1186/1224 998/1192/1274 929/1193/1275
f 929/1193/1275 998/1192/1274 989/1199/1276 932/1200/1172
f 932/1200/1172 989/1199/1276 887/1204/1181 884/1205/1169
s 5
f 886/1329/1166 889/1325/1176 896/1324/1189 893/1330/1167
s 9
f 895/1262/1277 898/1221/1184 992/1263/1261 953/1231/1278
f 953/1231/1278 992/1263/1261 1001/1265/1279 962/1234/1280
f 962/1234/1280 1001/1265/1279 995/1266/1281 965/1238/1282
f 965/1238/1282 995/1266/1281 871/1267/1283 968/1239/1195
f 968/1239/1195 871/1267/1283 905/1270/1204 902/1271/1192
s 14
f 914/1305/1207 983/1306/1210 977/1298/1269 917/1297/1219
f 917/1297/1219 977/1298/1269 974/1290/1233 926/1289/1220
s 19
f 938/1215/1235 959/1220/1238 950/1322/1252 944/1321/1247
s 2
f 900/1277/1152 877/1278/1151 910/1149/1284 970/1150/1197
f 970/1150/1197 910/1149/1284 922/1157/1285 967/1158/1286
f 967/1158/1286 922/1157/1285 931/1276/1287 964/1163/1288
f 964/1163/1288 931/1276/1287 934/1275/1174 955/1167/1289
f 955/1167/1289 934/1275/1174 882/1235/1161 891/1171/1164
s 3
f 870/1181/1271 878/1177/1157 916/1180/1290 919/1185/1214
f 986/1186/1224 870/1181/1271 919/1185/1214 924/1191/1217
f 887/1204/1181 989/1199/1276 940/1207/1243 942/1208/1182
s 5
f 896/1324/1189 889/1325/1176 946/1315/1179 948/1318/1190
s 9
f 992/1263/1261 898/1221/1184 952/1224/1187 957/1264/1256
f 871/1267/1283 995/1266/1281 976/1268/1291 979/1269/1265
f 905/1270/1204 871/1267/1283 979/1269/1265 981/1272/1205
s 20
f 936/1339/1240 991/1309/1292 994/1310/1263 961/1340/1241
s 1
f 912/1153/1212 880/1145/1159 907/1146/1199 985/1154/1202
f 880/1145/1159 873/1135/1146 904/1138/1149 907/1146/1199
s 18
f 988/1293/1227 928/1283/1226 972/1286/1231 997/1294/1293
s 24
f 991/1309/1294 1000/1301/1295 1003/1302/1296 994/1310/1297
f 1000/1301/1295 988/1293/1298 997/1294/1299 1003/1302/1296
s 3
f 878/1177/1157 879/1147/1156 911/1155/1300 916/1180/1290
s 1
f 879/1147/1160 880/1145/1159 912/1153/1212 911/1155/1301
s 5
f 886/1329/1166 885/1331/1302 888/1326/1177 889/1325/1176
s 3
f 885/1251/1303 884/1205/1169 887/1204/1181 888/1253/1180
s 9
f 895/1225/1277 894/1226/1304 897/1222/1185 898/1221/1184
s 5
f 894/1334/1305 893/1330/1167 896/1324/1189 897/1222/1188
s 1
f 904/1138/1149 903/1143/1306 906/1152/1200 907/1146/1199
s 9
f 903/1343/1307 902/1344/1192 905/1270/1204 906/1341/1203
s 2
f 877/1141/1151 876/1281/1308 909/1156/1309 910/1149/1284
s 3
f 876/1260/1310 875/1261/1154 908/1259/1272 909/1258/1311
f 916/1180/1290 915/1183/1312 918/1188/1215 919/1185/1214
s 14
f 915/1312/1313 914/1305/1207 917/1297/1219 918/1304/1218
s 2
f 910/1149/1284 909/1156/1309 921/1161/1314 922/1157/1285
s 3
f 909/1258/1311 908/1259/1272 920/1187/1273 921/1161/1315
s 2
f 922/1157/1285 921/1161/1314 930/1165/1316 931/1162/1287
s 3
f 921/1161/1315 920/1187/1273 929/1193/1275 930/1165/1317
s 2
f 931/1162/1287 930/1165/1316 933/1169/1175 934/1166/1174
s 3
f 930/1165/1317 929/1193/1275 932/1250/1172 933/1249/1171
s 2
f 891/1171/1164 890/1174/1318 954/1172/1319 955/1167/1289
s 9
f 890/1174/1320 895/1262/1277 953/1231/1278 954/1172/1321
s 2
f 955/1167/1289 954/1172/1319 963/1168/1322 964/1163/1288
s 9
f 954/1172/1321 953/1231/1278 962/1234/1280 963/1168/1323
s 2
f 964/1163/1288 963/1168/1322 966/1164/1324 967/1158/1286
s 9
f 963/1168/1323 962/1234/1280 965/1238/1282 966/1164/1325
s 2
f 967/1158/1286 966/1164/1324 969/1159/1198 970/1150/1197
s 9
f 966/1164/1325 965/1238/1282 968/1239/1195 969/1159/1194
f 976/1268/1291 975/1351/1326 978/1347/1266 979/1269/1265
s 14
f 975/1299/1327 974/1290/1233 977/1298/1269 978/1307/1268
s 3
f 986/1186/1224 987/1197/1328 999/1198/1329 998/1192/1274
s 24
f 987/1295/1330 988/1293/1298 1000/1301/1295 999/1303/1331
s 20
f 936/1211/1240 935/1370/1332 990/1203/1333 991/1212/1292
s 3
f 935/1370/1334 940/1207/1243 989/1199/1276 990/1203/1335
s 9
f 992/1357/1261 993/1314/1336 1002/1308/1337 1001/1366/1279
s 24
f 993/1314/1338 994/1310/1297 1003/1302/1296 1002/1308/1339
s 18
f 972/1286/1231 971/1291/1340 996/1300/1341 997/1294/1293
s 9
f 971/1291/1342 976/1335/1291 995/1336/1281 996/1300/1343
s 24
f 991/1309/1294 990/1311/1344 999/1303/1331 1000/1301/1295
s 3
f 990/1203/1345 989/1199/1276 998/1192/1274 999/1198/1329
s 24
f 997/1294/1299 996/1300/1346 1002/1308/1339 1003/1302/1296
s 9
f 996/1300/1347 995/1359/1281 1001/1358/1279 1002/1308/1337
s 2
f 876/1148/1308 877/1282/1151 872/1136/1150 1004/1140/1348
s 1
f 872/1136/1147 873/1135/1146 874/1139/1158 1004/1140/1349
s 3
f 874/1176/1155 875/1175/1154 876/1178/1310 1004/1179/1350
s 5
f 885/1251/1302 886/1254/1166 881/1255/1165 1005/1252/1351
s 2
f 881/1255/1162 882/1256/1161 883/1248/1173 1005/1252/1352
s 3
f 883/1248/1170 884/1205/1169 885/1251/1303 1005/1252/1353
s 9
f 894/1226/1304 895/1225/1277 890/1229/1320 1006/1230/1354
s 2
f 890/1174/1318 891/1171/1164 892/1273/1163 1006/1274/1355
s 5
f 892/1232/1168 893/1233/1167 894/1226/1305 1006/1230/1356
s 1
f 903/1143/1306 904/1138/1149 899/1137/1148 1007/1144/1357
s 2
f 899/1137/1153 900/1142/1152 901/1151/1196 1007/1144/1358
s 9
f 901/1242/1193 902/1241/1192 903/1244/1307 1007/1245/1359
s 3
f 915/1183/1312 916/1180/1290 911/1155/1300 1008/1184/1360
s 1
f 911/1155/1301 912/1153/1212 913/1189/1211 1008/1184/1361
s 14
f 913/1189/1208 914/1190/1207 915/1183/1313 1008/1184/1362
s 18
f 927/1284/1229 928/1283/1226 923/1287/1225 1009/1288/1363
s 3
f 923/1201/1222 924/1191/1217 925/1194/1216 1009/1202/1364
s 14
f 925/1296/1221 926/1289/1220 927/1284/1232 1009/1288/1365
s 3
f 939/1209/1244 940/1368/1243 935/1206/1334 1010/1210/1366
s 20
f 935/1206/1332 936/1371/1240 937/1214/1239 1010/1210/1367
s 19
f 937/1214/1236 938/1215/1235 939/1209/1246 1010/1210/1368
s 5
f 945/1316/1249 946/1315/1179 941/1319/1178 1011/1320/1369
s 3
f 941/1217/1183 942/1208/1182 943/1213/1245 1011/1218/1370
s 19
f 943/1327/1248 944/1321/1247 945/1316/1251 1011/1320/1371
s 9
f 951/1227/1254 952/1224/1187 947/1223/1186 1012/1228/1372
s 5
f 947/1223/1191 948/1318/1190 949/1317/1250 1012/1323/1373
s 19
f 949/1317/1253 950/1322/1252 951/1328/1257 1012/1323/1374
s 20
f 960/1219/1242 961/1216/1241 956/1364/1262 1013/1360/1375
s 9
f 956/1354/1259 957/1367/1256 958/1333/1255 1013/1355/1376
s 19
f 958/1353/1258 959/1220/1238 960/1219/1237 1013/1361/1377
s 9
f 975/1246/1326 976/1240/1291 971/1243/1342 1014/1247/1378
s 18
f 971/1291/1340 972/1286/1231 973/1285/1230 1014/1292/1379
s 14
f 973/1285/1234 974/1290/1233 975/1299/1327 1014/1292/1380
s 1
f 984/1349/1213 985/1350/1202 980/1342/1201 1015/1346/1381
s 9
f 980/1342/1206 981/1272/1205 982/1345/1267 1015/1346/1382
s 14
f 982/1345/1270 983/1348/1210 984/1349/1209 1015/1346/1383
g default
v -0.050067 0.041670 -0.322647
v -0.036988 0.035130 -0.311321
v -0.036988 0.052996 -0.316108
v -0.036988 -0.060283 -0.381510
v -0.036988 -0.055496 -0.363643
v -0.050067 -0.048956 -0.374970
v 0.067658 0.052996 -0.316108
v 0.067658 0.035130 -0.311321
v 0.080737 0.041670 -0.322647
v 0.080737 -0.048956 -0.374970
v 0.067658 -0.055496 -0.363643
v 0.067658 -0.060283 -0.381510
v 0.067658 0.105319 -0.406734
v 0.080737 0.093992 -0.413273
v 0.067658 0.100532 -0.424600
v 0.067658 0.009906 -0.476923
v 0.080737 0.003367 -0.465596
v 0.067658 -0.007960 -0.472136
v -0.036988 0.105319 -0.406734
v -0.036988 0.100532 -0.424600
v -0.050067 0.093992 -0.413273
v -0.050067 0.003367 -0.465596
v -0.036988 0.009906 -0.476923
v -0.036988 -0.007960 -0.472136
vt 0.873616 0.274078
vt 0.867190 0.274078
vt 0.867190 0.222659
vt 0.873616 0.023417
vt 0.873616 0.029844
vt 0.931461 0.274078
vt 0.925035 0.274078
vt 0.931461 0.222659
vt 0.937888 0.029844
vt 0.867190 0.094116
vt 0.867190 0.145534
vt 0.873616 0.081263
vt 0.925035 0.081263
vt 0.931461 0.094116
vt 0.867190 0.158387
vt 0.867190 0.209806
vt 0.873616 0.145534
vt 0.925035 0.145534
vt 0.931461 0.158387
vt 0.931461 0.209806
vt 0.873616 0.209806
vt 0.925035 0.209806
vt 0.925035 0.222659
vt 0.925035 0.029844
vt 0.873616 0.094116
vt 0.925035 0.094116
vt 0.873616 0.158387
vt 0.925035 0.158387
vt 0.873616 0.222659
vt 0.989307 0.029844
vt 0.989307 0.081263
vt 0.809344 0.029844
vt 0.860763 0.029844
vt 0.860763 0.081263
vt 0.809344 0.081263
vt 0.925035 0.023417
vt 0.937888 0.081263
vt 0.931461 0.145534
vn -0.707107 0.612372 0.353553
vn -0.707107 0.612372 0.353553
vn -0.707107 0.612372 0.353553
vn -0.707107 0.612372 0.353553
vn -0.707106 -0.353554 0.612373
vn -0.707106 -0.353554 0.612373
vn -0.707106 -0.353554 0.612373
vn -0.707106 -0.353554 0.612373
vn -0.000000 0.258820 0.965926
vn -0.000000 0.258820 0.965926
vn -0.000000 0.258820 0.965926
vn -0.000000 0.258820 0.965926
vn -0.707107 -0.612372 -0.353553
vn -0.707107 -0.612372 -0.353553
vn -0.707107 -0.612372 -0.353553
vn -0.707107 -0.612372 -0.353553
vn 0.000000 -0.965926 0.258819
vn 0.000000 -0.965926 0.258819
vn 0.000000 -0.965926 0.258819
vn 0.000000 -0.965926 0.258819
vn 0.707106 0.612373 0.353554
vn 0.707106 0.612373 0.353554
vn 0.707106 0.612373 0.353554
vn 0.707106 0.612373 0.353554
vn 0.707107 -0.353553 0.612372
vn 0.707107 -0.353553 0.612372
vn 0.707107 -0.353553 0.612372
vn 0.707107 -0.353553 0.612372
vn 0.707107 -0.612373 -0.353553
vn 0.707107 -0.612373 -0.353553
vn 0.707107 -0.612372 -0.353553
vn 0.707107 -0.612372 -0.353553
vn -0.000000 0.965926 -0.258818
vn -0.000000 0.965926 -0.258818
vn -0.000000 0.965926 -0.258818
vn -0.000000 0.965926 -0.258818
vn 0.707108 0.353553 -0.612372
vn 0.707108 0.353553 -0.612372
vn 0.707108 0.353553 -0.612372
vn 0.707108 0.353553 -0.612372
vn 0.000000 -0.258819 -0.965926
vn 0.000000 -0.258819 -0.965926
vn 0.000000 -0.258819 -0.965926
vn 0.000000 -0.258819 -0.965926
vn -0.707107 0.353553 -0.612373
vn -0.707107 0.353553 -0.612373
vn -0.707107 0.353553 -0.612373
vn -0.707107 0.353553 -0.612373
vn -0.000000 -0.500000 0.866025
vn -0.000000 -0.500000 0.866025
vn -0.000000 -0.500000 0.866025
vn -0.000000 -0.500000 0.866025
vn 1.000000 0.000000 0.000000
vn 1.000000 0.000000 0.000000
vn 1.000000 0.000000 0.000000
vn 1.000000 0.000000 0.000000
vn -0.000000 0.500000 -0.866026
vn -0.000000 0.500000 -0.866026
vn -0.000000 0.500000 -0.866026
vn -0.000000 0.500000 -0.866026
vn -1.000000 0.000000 0.000000
vn -1.000000 0.000000 0.000000
vn -1.000000 0.000000 0.000000
vn -1.000000 0.000000 0.000000
vn 0.000000 -0.866025 -0.500000
vn 0.000000 -0.866025 -0.500000
vn 0.000000 -0.866025 -0.500000
vn 0.000000 -0.866025 -0.500000
vn -0.000000 0.866025 0.500000
vn -0.000000 0.866025 0.500000
vn -0.000000 0.866025 0.500000
vn -0.000000 0.866025 0.500000
vn -0.577350 0.211324 0.788675
vn -0.577350 0.211324 0.788675
vn -0.577350 0.211324 0.788675
vn -0.577349 -0.788676 0.211325
vn -0.577349 -0.788676 0.211325
vn -0.577349 -0.788676 0.211325
vn 0.577350 0.211326 0.788675
vn 0.577350 0.211326 0.788675
vn 0.577350 0.211326 0.788675
vn 0.577349 -0.788676 0.211325
vn 0.577349 -0.788676 0.211325
vn 0.577349 -0.788676 0.211325
vn 0.577351 0.788675 -0.211325
vn 0.577351 0.788675 -0.211325
vn 0.577351 0.788675 -0.211325
vn 0.577350 -0.211325 -0.788676
vn 0.577350 -0.211325 -0.788676
vn 0.577350 -0.211325 -0.788676
vn -0.577351 0.788674 -0.211325
vn -0.577351 0.788674 -0.211325
vn -0.577351 0.788674 -0.211325
vn -0.577349 -0.211324 -0.788676
vn -0.577349 -0.211324 -0.788676
vn -0.577349 -0.211324 -0.788676
s off
g TET_BattleAltar Keystone pCube4
usemtl initialShadingGroup
f 1016/1372/1384 1018/1373/1385 1034/1374/1386 1036/1400/1387
f 1017/1376/1388 1016/1375/1389 1021/1407/1390 1020/1395/1391
f 1018/1404/1392 1017/1376/1393 1023/1383/1394 1022/1405/1395
f 1019/1377/1396 1021/1378/1397 1037/1394/1398 1039/1379/1399
f 1020/1395/1400 1019/1380/1401 1027/1408/1402 1026/1384/1403
f 1022/1381/1404 1024/1396/1405 1029/1388/1406 1028/1382/1407
f 1024/1396/1408 1023/1383/1409 1026/1384/1410 1025/1397/1411
f 1025/1397/1412 1027/1385/1413 1033/1409/1414 1032/1389/1415
f 1028/1386/1416 1030/1398/1417 1035/1392/1418 1034/1387/1419
f 1030/1398/1420 1029/1388/1421 1032/1389/1422 1031/1399/1423
f 1031/1399/1424 1033/1390/1425 1039/1391/1426 1038/1393/1427
f 1036/1400/1428 1035/1392/1429 1038/1393/1430 1037/1394/1431
f 1017/1376/1432 1020/1395/1433 1026/1384/1434 1023/1383/1435
f 1024/1396/1436 1025/1397/1437 1032/1389/1438 1029/1388/1439
f 1030/1398/1440 1031/1399/1441 1038/1393/1442 1035/1392/1443
f 1036/1400/1444 1037/1394/1445 1021/1378/1446 1016/1372/1447
f 1019/1380/1448 1039/1401/1449 1033/1402/1450 1027/1408/1451
f 1034/1403/1452 1018/1404/1453 1022/1405/1454 1028/1406/1455
f 1016/1375/1456 1017/1376/1457 1018/1404/1458
f 1019/1380/1459 1020/1395/1460 1021/1407/1461
f 1022/1405/1462 1023/1383/1463 1024/1396/1464
f 1025/1397/1465 1026/1384/1466 1027/1408/1467
f 1028/1382/1468 1029/1388/1469 1030/1398/1470
f 1031/1399/1471 1032/1389/1472 1033/1409/1473
f 1034/1387/1474 1035/1392/1475 1036/1400/1476
f 1037/1394/1477 1038/1393/1478 1039/1391/1479
g default
v 0.083500 0.208260 0.148691
v 0.070421 0.201721 0.160018
v 0.070421 0.196933 0.142152
v 0.070421 0.310213 0.207554
v 0.070421 0.292346 0.212341
v 0.083500 0.298886 0.201014
v -0.034225 0.196933 0.142152
v -0.034225 0.201721 0.160018
v -0.047304 0.208260 0.148691
v -0.047304 0.298886 0.201014
v -0.034225 0.292346 0.212341
v -0.034225 0.310213 0.207554
v -0.034225 0.249256 0.051526
v -0.047304 0.260583 0.058066
v -0.034225 0.267122 0.046739
v -0.034225 0.357748 0.099062
v -0.047304 0.351209 0.110388
v -0.034225 0.362535 0.116928
v 0.070421 0.249256 0.051526
v 0.070421 0.267122 0.046739
v 0.083500 0.260583 0.058066
v 0.083500 0.351209 0.110388
v 0.070421 0.357748 0.099062
v 0.070421 0.362536 0.116928
vt 0.873616 0.274078
vt 0.867190 0.274078
vt 0.867190 0.222659
vt 0.873616 0.023417
vt 0.873616 0.029844
vt 0.931461 0.274078
vt 0.925035 0.274078
vt 0.931461 0.222659
vt 0.937888 0.029844
vt 0.867190 0.094116
vt 0.867190 0.145534
vt 0.873616 0.081263
vt 0.925035 0.081263
vt 0.931461 0.094116
vt 0.867190 0.158387
vt 0.867190 0.209806
vt 0.873616 0.145534
vt 0.925035 0.145534
vt 0.931461 0.158387
vt 0.931461 0.209806
vt 0.873616 0.209806
vt 0.925035 0.209806
vt 0.925035 0.222659
vt 0.925035 0.029844
vt 0.873616 0.094116
vt 0.925035 0.094116
vt 0.873616 0.158387
vt 0.925035 0.158387
vt 0.873616 0.222659
vt 0.989307 0.029844
vt 0.989307 0.081263
vt 0.809344 0.029844
vt 0.860763 0.029844
vt 0.860763 0.081263
vt 0.809344 0.081263
vt 0.925035 0.023417
vt 0.937888 0.081263
vt 0.931461 0.145534
vn 0.707106 -0.612373 -0.353554
vn 0.707106 -0.612373 -0.353554
vn 0.707106 -0.612373 -0.353554
vn 0.707106 -0.612373 -0.353554
vn 0.707106 -0.353554 0.612373
vn 0.707106 -0.353554 0.612373
vn 0.707106 -0.353554 0.612373
vn 0.707106 -0.353554 0.612373
vn 0.000000 -0.965926 0.258819
vn 0.000000 -0.965926 0.258819
vn 0.000000 -0.965926 0.258819
vn 0.000000 -0.965926 0.258819
vn 0.707107 0.612372 0.353553
vn 0.707107 0.612372 0.353553
vn 0.707107 0.612372 0.353553
vn 0.707107 0.612372 0.353553
vn -0.000000 0.258819 0.965926
vn -0.000000 0.258819 0.965926
vn -0.000000 0.258819 0.965926
vn -0.000000 0.258819 0.965926
vn -0.707106 -0.612373 -0.353554
vn -0.707106 -0.612373 -0.353554
vn -0.707106 -0.612373 -0.353554
vn -0.707106 -0.612373 -0.353554
vn -0.707106 -0.353554 0.612373
vn -0.707106 -0.353554 0.612373
vn -0.707106 -0.353554 0.612373
vn -0.707106 -0.353554 0.612373
vn -0.707106 0.612373 0.353554
vn -0.707106 0.612373 0.353554
vn -0.707106 0.612373 0.353554
vn -0.707106 0.612373 0.353553
vn 0.000000 -0.258819 -0.965926
vn 0.000000 -0.258819 -0.965926
vn 0.000000 -0.258819 -0.965926
vn 0.000000 -0.258819 -0.965926
vn -0.707106 0.353554 -0.612373
vn -0.707106 0.353554 -0.612373
vn -0.707106 0.353554 -0.612373
vn -0.707106 0.353554 -0.612373
vn -0.000000 0.965927 -0.258816
vn -0.000000 0.965927 -0.258816
vn -0.000000 0.965927 -0.258816
vn -0.000000 0.965927 -0.258816
vn 0.707107 0.353554 -0.612372
vn 0.707107 0.353554 -0.612372
vn 0.707107 0.353554 -0.612372
vn 0.707107 0.353554 -0.612372
vn 0.000000 -0.500000 0.866025
vn 0.000000 -0.500000 0.866025
vn 0.000000 -0.500000 0.866025
vn 0.000000 -0.500000 0.866025
vn -1.000000 0.000000 0.000000
vn -1.000000 0.000000 0.000000
vn -1.000000 0.000000 0.000000
vn -1.000000 0.000000 0.000000
vn 0.000000 0.500000 -0.866026
vn 0.000000 0.500000 -0.866026
vn 0.000000 0.500000 -0.866025
vn 0.000000 0.500000 -0.866025
vn 1.000000 -0.000000 0.000000
vn 1.000000 -0.000000 0.000000
vn 1.000000 -0.000000 0.000000
vn 1.000000 -0.000000 0.000000
vn -0.000001 0.866025 0.500000
vn -0.000001 0.866025 0.500000
vn -0.000001 0.866025 0.500000
vn -0.000001 0.866025 0.500000
vn 0.000000 -0.866026 -0.500000
vn 0.000000 -0.866025 -0.500000
vn 0.000000 -0.866026 -0.500000
vn 0.000000 -0.866025 -0.500000
vn 0.577350 -0.788675 0.211324
vn 0.577350 -0.788675 0.211324
vn 0.577350 -0.788675 0.211324
vn 0.577351 0.211325 0.788674
vn 0.577351 0.211325 0.788674
vn 0.577351 0.211325 0.788674
vn -0.577349 -0.788677 0.211324
vn -0.577349 -0.788677 0.211324
vn -0.577349 -0.788677 0.211324
vn -0.577347 0.211325 0.788677
vn -0.577347 0.211325 0.788677
vn -0.577347 0.211325 0.788677
vn -0.577350 -0.211325 -0.788675
vn -0.577350 -0.211325 -0.788675
vn -0.577350 -0.211325 -0.788675
vn -0.577348 0.788678 -0.211321
vn -0.577348 0.788678 -0.211321
vn -0.577348 0.788678 -0.211321
vn 0.577349 -0.211324 -0.788676
vn 0.577349 -0.211324 -0.788676
vn 0.577349 -0.211324 -0.788676
vn 0.577352 0.788674 -0.211324
vn 0.577352 0.788675 -0.211324
vn 0.577352 0.788674 -0.211324
s off
g TET_BattleAltar Keystone pCube5
usemtl initialShadingGroup
f 1040/1410/1480 1042/1411/1481 1058/1412/1482 1060/1438/1483
f 1041/1414/1484 1040/1413/1485 1045/1445/1486 1044/1433/1487
f 1042/1442/1488 1041/1414/1489 1047/1421/1490 1046/1443/1491
f 1043/1415/1492 1045/1416/1493 1061/1432/1494 1063/1417/1495
f 1044/1433/1496 1043/1418/1497 1051/1446/1498 1050/1422/1499
f 1046/1419/1500 1048/1434/1501 1053/1426/1502 1052/1420/1503
f 1048/1434/1504 1047/1421/1505 1050/1422/1506 1049/1435/1507
f 1049/1435/1508 1051/1423/1509 1057/1447/1510 1056/1427/1511
f 1052/1424/1512 1054/1436/1513 1059/1430/1514 1058/1425/1515
f 1054/1436/1516 1053/1426/1517 1056/1427/1518 1055/1437/1519
f 1055/1437/1520 1057/1428/1521 1063/1429/1522 1062/1431/1523
f 1060/1438/1524 1059/1430/1525 1062/1431/1526 1061/1432/1527
f 1041/1414/1528 1044/1433/1529 1050/1422/1530 1047/1421/1531
f 1048/1434/1532 1049/1435/1533 1056/1427/1534 1053/1426/1535
f 1054/1436/1536 1055/1437/1537 1062/1431/1538 1059/1430/1539
f 1060/1438/1540 1061/1432/1541 1045/1416/1542 1040/1410/1543
f 1043/1418/1544 1063/1439/1545 1057/1440/1546 1051/1446/1547
f 1058/1441/1548 1042/1442/1549 1046/1443/1550 1052/1444/1551
f 1040/1413/1552 1041/1414/1553 1042/1442/1554
f 1043/1418/1555 1044/1433/1556 1045/1445/1557
f 1046/1443/1558 1047/1421/1559 1048/1434/1560
f 1049/1435/1561 1050/1422/1562 1051/1446/1563
f 1052/1420/1564 1053/1426/1565 1054/1436/1566
f 1055/1437/1567 1056/1427/1568 1057/1447/1569
f 1058/1425/1570 1059/1430/1571 1060/1438/1572
f 1061/1432/1573 1062/1431/1574 1063/1429/1575
g default
v 0.083500 0.063522 0.399386
v 0.070421 0.056982 0.410712
v 0.070421 0.052195 0.392846
v 0.070421 0.165474 0.458248
v 0.070421 0.147608 0.463035
v 0.083500 0.154148 0.451708
v -0.034225 0.052195 0.392846
v -0.034225 0.056982 0.410712
v -0.047304 0.063522 0.399386
v -0.047304 0.154147 0.451708
v -0.034225 0.147608 0.463035
v -0.034225 0.165474 0.458248
v -0.034225 0.104518 0.302220
v -0.047304 0.115844 0.308760
v -0.034225 0.122384 0.297433
v -0.034225 0.213010 0.349756
v -0.047304 0.206470 0.361083
v -0.034225 0.217797 0.367622
v 0.070421 0.104518 0.302220
v 0.070421 0.122384 0.297433
v 0.083500 0.115845 0.308760
v 0.083500 0.206470 0.361083
v 0.070421 0.213010 0.349756
v 0.070421 0.217797 0.367622
vt 0.873616 0.274078
vt 0.867190 0.274078
vt 0.867190 0.222659
vt 0.873616 0.023417
vt 0.873616 0.029844
vt 0.931461 0.274078
vt 0.925035 0.274078
vt 0.931461 0.222659
vt 0.937888 0.029844
vt 0.867190 0.094116
vt 0.867190 0.145534
vt 0.873616 0.081263
vt 0.925035 0.081263
vt 0.931461 0.094116
vt 0.867190 0.158387
vt 0.867190 0.209806
vt 0.873616 0.145534
vt 0.925035 0.145534
vt 0.931461 0.158387
vt 0.931461 0.209806
vt 0.873616 0.209806
vt 0.925035 0.209806
vt 0.925035 0.222659
vt 0.925035 0.029844
vt 0.873616 0.094116
vt 0.925035 0.094116
vt 0.873616 0.158387
vt 0.925035 0.158387
vt 0.873616 0.222659
vt 0.989307 0.029844
vt 0.989307 0.081263
vt 0.809344 0.029844
vt 0.860763 0.029844
vt 0.860763 0.081263
vt 0.809344 0.081263
vt 0.925035 0.023417
vt 0.937888 0.081263
vt 0.931461 0.145534
vn 0.707107 -0.612372 -0.353553
vn 0.707107 -0.612372 -0.353553
vn 0.707107 -0.612372 -0.353553
vn 0.707107 -0.612372 -0.353553
vn 0.707109 -0.353553 0.612371
vn 0.707109 -0.353553 0.612371
vn 0.707109 -0.353553 0.612371
vn 0.707109 -0.353553 0.612371
vn 0.000000 -0.965926 0.258819
vn 0.000000 -0.965926 0.258819
vn 0.000000 -0.965926 0.258819
vn 0.000000 -0.965926 0.258819
vn 0.707106 0.612373 0.353554
vn 0.707106 0.612373 0.353554
vn 0.707106 0.612373 0.353554
vn 0.707106 0.612373 0.353554
vn 0.000000 0.258819 0.965926
vn 0.000000 0.258819 0.965926
vn 0.000000 0.258819 0.965926
vn 0.000000 0.258819 0.965926
vn -0.707106 -0.612373 -0.353554
vn -0.707106 -0.612373 -0.353554
vn -0.707106 -0.612373 -0.353554
vn -0.707106 -0.612373 -0.353554
vn -0.707105 -0.353554 0.612374
vn -0.707105 -0.353554 0.612374
vn -0.707105 -0.353554 0.612374
vn -0.707105 -0.353554 0.612374
vn -0.707106 0.612373 0.353554
vn -0.707106 0.612373 0.353554
vn -0.707106 0.612373 0.353554
vn -0.707106 0.612373 0.353554
vn -0.000000 -0.258819 -0.965926
vn -0.000000 -0.258820 -0.965926
vn -0.000000 -0.258819 -0.965926
vn -0.000000 -0.258819 -0.965926
vn -0.707108 0.353553 -0.612372
vn -0.707108 0.353553 -0.612372
vn -0.707108 0.353553 -0.612372
vn -0.707108 0.353553 -0.612372
vn 0.000000 0.965926 -0.258819
vn 0.000000 0.965926 -0.258819
vn 0.000000 0.965926 -0.258819
vn 0.000000 0.965926 -0.258819
vn 0.707107 0.353553 -0.612372
vn 0.707107 0.353553 -0.612372
vn 0.707107 0.353553 -0.612372
vn 0.707107 0.353553 -0.612372
vn -0.000000 -0.500000 0.866025
vn -0.000000 -0.500000 0.866025
vn -0.000000 -0.500000 0.866025
vn -0.000000 -0.500000 0.866025
vn -1.000000 0.000000 0.000000
vn -1.000000 0.000000 0.000000
vn -1.000000 0.000000 0.000000
vn -1.000000 0.000000 0.000000
vn 0.000000 0.500000 -0.866026
vn 0.000000 0.500000 -0.866025
vn 0.000000 0.500000 -0.866026
vn 0.000000 0.500000 -0.866025
vn 1.000000 0.000000 0.000000
vn 1.000000 0.000000 0.000000
vn 1.000000 0.000000 0.000000
vn 1.000000 0.000000 0.000000
vn -0.000000 0.866026 0.500000
vn -0.000000 0.866026 0.500000
vn -0.000000 0.866026 0.500000
vn -0.000000 0.866025 0.500000
vn 0.000000 -0.866025 -0.500000
vn 0.000000 -0.866025 -0.500000
vn 0.000000 -0.866025 -0.500000
vn 0.000000 -0.866025 -0.500000
vn 0.577350 -0.788676 0.211326
vn 0.577350 -0.788675 0.211326
vn 0.577350 -0.788676 0.211326
vn 0.577354 0.211325 0.788673
vn 0.577354 0.211325 0.788673
vn 0.577354 0.211325 0.788673
vn -0.577351 -0.788675 0.211325
vn -0.577351 -0.788675 0.211325
vn -0.577351 -0.788675 0.211325
vn -0.577353 0.211322 0.788674
vn -0.577353 0.211322 0.788674
vn -0.577353 0.211322 0.788674
vn -0.577349 -0.211325 -0.788676
vn -0.577349 -0.211325 -0.788676
vn -0.577349 -0.211325 -0.788676
vn -0.577350 0.788674 -0.211327
vn -0.577350 0.788675 -0.211327
vn -0.577350 0.788674 -0.211327
vn 0.577353 -0.211325 -0.788673
vn 0.577353 -0.211325 -0.788673
vn 0.577353 -0.211325 -0.788673
vn 0.577352 0.788674 -0.211325
vn 0.577351 0.788674 -0.211325
vn 0.577352 0.788674 -0.211325
s off
g TET_BattleAltar Keystone pCube7
usemtl initialShadingGroup
f 1064/1448/1576 1066/1449/1577 1082/1450/1578 1084/1476/1579
f 1065/1452/1580 1064/1451/1581 1069/1483/1582 1068/1471/1583
f 1066/1480/1584 1065/1452/1585 1071/1459/1586 1070/1481/1587
f 1067/1453/1588 1069/1454/1589 1085/1470/1590 1087/1455/1591
f 1068/1471/1592 1067/1456/1593 1075/1484/1594 1074/1460/1595
f 1070/1457/1596 1072/1472/1597 1077/1464/1598 1076/1458/1599
f 1072/1472/1600 1071/1459/1601 1074/1460/1602 1073/1473/1603
f 1073/1473/1604 1075/1461/1605 1081/1485/1606 1080/1465/1607
f 1076/1462/1608 1078/1474/1609 1083/1468/1610 1082/1463/1611
f 1078/1474/1612 1077/1464/1613 1080/1465/1614 1079/1475/1615
f 1079/1475/1616 1081/1466/1617 1087/1467/1618 1086/1469/1619
f 1084/1476/1620 1083/1468/1621 1086/1469/1622 1085/1470/1623
f 1065/1452/1624 1068/1471/1625 1074/1460/1626 1071/1459/1627
f 1072/1472/1628 1073/1473/1629 1080/1465/1630 1077/1464/1631
f 1078/1474/1632 1079/1475/1633 1086/1469/1634 1083/1468/1635
f 1084/1476/1636 1085/1470/1637 1069/1454/1638 1064/1448/1639
f 1067/1456/1640 1087/1477/1641 1081/1478/1642 1075/1484/1643
f 1082/1479/1644 1066/1480/1645 1070/1481/1646 1076/1482/1647
f 1064/1451/1648 1065/1452/1649 1066/1480/1650
f 1067/1456/1651 1068/1471/1652 1069/1483/1653
f 1070/1481/1654 1071/1459/1655 1072/1472/1656
f 1073/1473/1657 1074/1460/1658 1075/1484/1659
f 1076/1458/1660 1077/1464/1661 1078/1474/1662
f 1079/1475/1663 1080/1465/1664 1081/1485/1665
f 1082/1463/1666 1083/1468/1667 1084/1476/1668
f 1085/1470/1669 1086/1469/1670 1087/1467/1671
g default
v -0.050067 -0.090682 -0.093408
v -0.036988 -0.097221 -0.082081
v -0.036988 -0.079355 -0.086869
v -0.036988 -0.192634 -0.152270
v -0.036988 -0.187847 -0.134404
v -0.050067 -0.181308 -0.145731
v 0.067658 -0.079355 -0.086869
v 0.067658 -0.097221 -0.082081
v 0.080737 -0.090682 -0.093408
v 0.080737 -0.181308 -0.145731
v 0.067658 -0.187847 -0.134404
v 0.067658 -0.192634 -0.152270
v 0.067658 -0.027032 -0.177494
v 0.080737 -0.038359 -0.184034
v 0.067658 -0.031819 -0.195361
v 0.067658 -0.122445 -0.247683
v 0.080737 -0.128985 -0.236357
v 0.067658 -0.140312 -0.242896
v -0.036988 -0.027032 -0.177494
v -0.036988 -0.031819 -0.195361
v -0.050067 -0.038359 -0.184034
v -0.050067 -0.128985 -0.236357
v -0.036988 -0.122445 -0.247684
v -0.036988 -0.140312 -0.242896
vt 0.873616 0.274078
vt 0.867190 0.274078
vt 0.867190 0.222659
vt 0.873616 0.023417
vt 0.873616 0.029844
vt 0.931461 0.274078
vt 0.925035 0.274078
vt 0.931461 0.222659
vt 0.937888 0.029844
vt 0.867190 0.094116
vt 0.867190 0.145534
vt 0.873616 0.081263
vt 0.925035 0.081263
vt 0.931461 0.094116
vt 0.867190 0.158387
vt 0.867190 0.209806
vt 0.873616 0.145534
vt 0.925035 0.145534
vt 0.931461 0.158387
vt 0.931461 0.209806
vt 0.873616 0.209806
vt 0.925035 0.209806
vt 0.925035 0.222659
vt 0.925035 0.029844
vt 0.873616 0.094116
vt 0.925035 0.094116
vt 0.873616 0.158387
vt 0.925035 0.158387
vt 0.873616 0.222659
vt 0.989307 0.029844
vt 0.989307 0.081263
vt 0.809344 0.029844
vt 0.860763 0.029844
vt 0.860763 0.081263
vt 0.809344 0.081263
vt 0.925035 0.023417
vt 0.937888 0.081263
vt 0.931461 0.145534
vn -0.707107 0.612373 0.353553
vn -0.707107 0.612373 0.353553
vn -0.707107 0.612373 0.353553
vn -0.707107 0.612373 0.353553
vn -0.707107 -0.353553 0.612372
vn -0.707107 -0.353553 0.612372
vn -0.707107 -0.353553 0.612372
vn -0.707107 -0.353553 0.612372
vn -0.000000 0.258819 0.965926
vn -0.000000 0.258819 0.965926
vn -0.000000 0.258819 0.965926
vn -0.000000 0.258819 0.965926
vn -0.707107 -0.612372 -0.353553
vn -0.707107 -0.612372 -0.353553
vn -0.707107 -0.612372 -0.353553
vn -0.707107 -0.612372 -0.353553
vn 0.000000 -0.965926 0.258819
vn 0.000000 -0.965926 0.258819
vn 0.000000 -0.965926 0.258819
vn 0.000000 -0.965926 0.258819
vn 0.707107 0.612373 0.353553
vn 0.707107 0.612373 0.353553
vn 0.707107 0.612373 0.353553
vn 0.707107 0.612373 0.353553
vn 0.707107 -0.353553 0.612372
vn 0.707107 -0.353553 0.612372
vn 0.707107 -0.353553 0.612373
vn 0.707107 -0.353553 0.612373
vn 0.707107 -0.612372 -0.353554
vn 0.707107 -0.612373 -0.353554
vn 0.707107 -0.612373 -0.353554
vn 0.707107 -0.612373 -0.353554
vn -0.000000 0.965926 -0.258819
vn -0.000000 0.965926 -0.258819
vn -0.000000 0.965926 -0.258819
vn -0.000000 0.965926 -0.258819
vn 0.707107 0.353553 -0.612372
vn 0.707107 0.353553 -0.612372
vn 0.707107 0.353553 -0.612372
vn 0.707107 0.353553 -0.612372
vn -0.000000 -0.258819 -0.965926
vn -0.000000 -0.258819 -0.965926
vn -0.000000 -0.258819 -0.965926
vn -0.000000 -0.258819 -0.965926
vn -0.707107 0.353553 -0.612372
vn -0.707107 0.353553 -0.612372
vn -0.707107 0.353553 -0.612372
vn -0.707107 0.353553 -0.612372
vn 0.000000 -0.500000 0.866025
vn 0.000000 -0.500000 0.866025
vn 0.000000 -0.500000 0.866025
vn 0.000000 -0.500000 0.866025
vn 1.000000 0.000000 0.000000
vn 1.000000 0.000000 0.000000
vn 1.000000 0.000000 0.000000
vn 1.000000 0.000000 0.000000
vn 0.000000 0.500000 -0.866025
vn 0.000000 0.500000 -0.866025
vn 0.000000 0.500000 -0.866025
vn 0.000000 0.500000 -0.866025
vn -1.000000 0.000000 0.000000
vn -1.000000 0.000000 0.000000
vn -1.000000 0.000000 0.000000
vn -1.000000 0.000000 0.000000
vn 0.000000 -0.866025 -0.500000
vn 0.000000 -0.866025 -0.500000
vn 0.000000 -0.866025 -0.500000
vn 0.000000 -0.866025 -0.500000
vn -0.000000 0.866025 0.500000
vn -0.000000 0.866025 0.500000
vn -0.000000 0.866025 0.500000
vn -0.000000 0.866025 0.500000
vn -0.577351 0.211325 0.788675
vn -0.577351 0.211325 0.788675
vn -0.577351 0.211325 0.788675
vn -0.577350 -0.788675 0.211324
vn -0.577350 -0.788675 0.211324
vn -0.577350 -0.788675 0.211324
vn 0.577350 0.211325 0.788675
vn 0.577350 0.211325 0.788676
vn 0.577350 0.211325 0.788676
vn 0.577350 -0.788675 0.211326
vn 0.577350 -0.788675 0.211326
vn 0.577350 -0.788675 0.211326
vn 0.577350 0.788675 -0.211324
vn 0.577350 0.788675 -0.211324
vn 0.577350 0.788675 -0.211324
vn 0.577351 -0.211325 -0.788674
vn 0.577351 -0.211325 -0.788674
vn 0.577351 -0.211325 -0.788674
vn -0.577350 0.788676 -0.211325
vn -0.577350 0.788676 -0.211325
vn -0.577350 0.788676 -0.211325
vn -0.577350 -0.211325 -0.788675
vn -0.577350 -0.211325 -0.788675
vn -0.577350 -0.211325 -0.788675
s off
g TET_BattleAltar Keystone pCube8
usemtl initialShadingGroup
f 1088/1486/1672 1090/1487/1673 1106/1488/1674 1108/1514/1675
f 1089/1490/1676 1088/1489/1677 1093/1521/1678 1092/1509/1679
f 1090/1518/1680 1089/1490/1681 1095/1497/1682 1094/1519/1683
f 1091/1491/1684 1093/1492/1685 1109/1508/1686 1111/1493/1687
f 1092/1509/1688 1091/1494/1689 1099/1522/1690 1098/1498/1691
f 1094/1495/1692 1096/1510/1693 1101/1502/1694 1100/1496/1695
f 1096/1510/1696 1095/1497/1697 1098/1498/1698 1097/1511/1699
f 1097/1511/1700 1099/1499/1701 1105/1523/1702 1104/1503/1703
f 1100/1500/1704 1102/1512/1705 1107/1506/1706 1106/1501/1707
f 1102/1512/1708 1101/1502/1709 1104/1503/1710 1103/1513/1711
f 1103/1513/1712 1105/1504/1713 1111/1505/1714 1110/1507/1715
f 1108/1514/1716 1107/1506/1717 1110/1507/1718 1109/1508/1719
f 1089/1490/1720 1092/1509/1721 1098/1498/1722 1095/1497/1723
f 1096/1510/1724 1097/1511/1725 1104/1503/1726 1101/1502/1727
f 1102/1512/1728 1103/1513/1729 1110/1507/1730 1107/1506/1731
f 1108/1514/1732 1109/1508/1733 1093/1492/1734 1088/1486/1735
f 1091/1494/1736 1111/1515/1737 1105/1516/1738 1099/1522/1739
f 1106/1517/1740 1090/1518/1741 1094/1519/1742 1100/1520/1743
f 1088/1489/1744 1089/1490/1745 1090/1518/1746
f 1091/1494/1747 1092/1509/1748 1093/1521/1749
f 1094/1519/1750 1095/1497/1751 1096/1510/1752
f 1097/1511/1753 1098/1498/1754 1099/1522/1755
f 1100/1496/1756 1101/1502/1757 1102/1512/1758
f 1103/1513/1759 1104/1503/1760 1105/1523/1761
f 1106/1501/1762 1107/1506/1763 1108/1514/1764
f 1109/1508/1765 1110/1507/1766 1111/1505/1767
g default
v 0.315378 -0.090636 0.201509
v 0.315378 0.018107 0.013159
v 0.555196 -0.091846 0.181567
v 0.550315 -0.081641 0.187459
v 0.546863 -0.090522 0.195939
v 0.538531 -0.100178 0.196000
v 0.546863 -0.104954 0.187606
v 0.550315 -0.102051 0.175675
v 0.421445 0.001221 0.254542
v 0.429778 0.010877 0.254481
v 0.433229 0.019758 0.246002
v -0.027157 -0.596178 -0.109609
v -0.015373 -0.591951 -0.107169
v -0.018824 -0.594854 -0.095238
v -0.027157 -0.590078 -0.086844
v -0.035489 -0.594854 -0.095238
v -0.038941 -0.591951 -0.107169
v -0.144242 -0.488679 -0.028302
v -0.152575 -0.493455 -0.036695
v -0.156026 -0.490552 -0.048626
v -0.018824 -0.490991 -0.275133
v -0.015373 -0.499872 -0.266653
v -0.027157 -0.504099 -0.269094
v -0.038941 -0.499872 -0.266653
v -0.035489 -0.490991 -0.275133
v -0.027157 -0.481335 -0.275194
v -0.156026 -0.398474 -0.208111
v -0.152575 -0.389592 -0.216590
v -0.144242 -0.379936 -0.216651
v 0.555196 0.000233 0.022083
v 0.550315 -0.009972 0.016191
v 0.546863 -0.001091 0.007711
v 0.538531 0.008565 0.007650
v 0.546863 0.013341 0.016044
v 0.550315 0.010438 0.027975
v 0.421445 0.109964 0.066193
v 0.429778 0.114740 0.074586
v 0.433229 0.111837 0.086517
v 0.432464 -0.192035 0.142966
v 0.440796 -0.196811 0.134573
v 0.444248 -0.193908 0.122642
v -0.073915 0.447089 0.506328
v -0.070464 0.455970 0.497849
v -0.082248 0.460197 0.500289
v -0.094032 0.455970 0.497849
v -0.090580 0.447089 0.506328
v -0.082248 0.437432 0.506389
v -0.200099 0.364113 0.444815
v -0.196648 0.355232 0.453294
v -0.188315 0.345575 0.453355
v 0.314612 -0.294097 0.084040
v 0.322945 -0.298873 0.075647
v 0.326396 -0.295970 0.063716
v -0.302715 0.248943 0.391928
v -0.294382 0.253718 0.400322
v -0.302715 0.263375 0.400261
v -0.306166 0.272256 0.391781
v -0.311047 0.262051 0.385889
v -0.306166 0.251846 0.379997
v 0.196761 -0.396159 0.025115
v 0.205094 -0.400935 0.016721
v 0.208545 -0.398032 0.004791
v 0.078910 -0.498221 -0.033811
v 0.087243 -0.502997 -0.042204
v 0.090694 -0.500094 -0.054135
v -0.545320 0.038840 0.270626
v -0.541869 0.047721 0.262146
v -0.553652 0.051948 0.264587
v -0.565436 0.047721 0.262146
v -0.561985 0.038840 0.270626
v -0.553653 0.029184 0.270687
v -0.656268 -0.057244 0.215152
v -0.647936 -0.052468 0.223545
v -0.656268 -0.042811 0.223484
v -0.659720 -0.033930 0.215005
v -0.664601 -0.044136 0.209113
v -0.659720 -0.054341 0.203221
v -0.656268 0.046619 0.035257
v -0.659720 0.037738 0.043736
v -0.664601 0.047943 0.049628
v -0.659720 0.058148 0.055520
v -0.656268 0.061051 0.043589
v -0.647936 0.056275 0.035196
v 0.078910 -0.389478 -0.222160
v 0.087243 -0.399135 -0.222099
v 0.090694 -0.408015 -0.213620
v -0.545320 0.142703 0.090731
v -0.553652 0.137927 0.082337
v -0.561985 0.142703 0.090731
v -0.565436 0.139800 0.102662
v -0.553652 0.144027 0.105102
v -0.541868 0.139800 0.102662
v 0.196761 -0.287416 -0.163234
v 0.205094 -0.297072 -0.163174
v 0.208545 -0.305953 -0.154694
v 0.314613 -0.185354 -0.104309
v 0.322945 -0.195010 -0.104248
v 0.326396 -0.203891 -0.095769
v 0.432464 -0.083292 -0.045383
v 0.440796 -0.092948 -0.045322
v 0.444248 -0.101829 -0.036843
v -0.302715 0.352805 0.212033
v -0.306166 0.343924 0.220513
v -0.311047 0.354129 0.226405
v -0.306166 0.364334 0.232297
v -0.302715 0.367237 0.220366
v -0.294382 0.362462 0.211972
v -0.200099 0.456191 0.285330
v -0.196648 0.459094 0.273399
v -0.188315 0.454319 0.265006
v -0.073915 0.550951 0.326433
v -0.082248 0.546176 0.318040
v -0.090580 0.550951 0.326433
v -0.094032 0.548048 0.338364
v -0.082248 0.552275 0.340804
v -0.070464 0.548048 0.338364
v 0.221095 -0.192698 0.142583
v 0.204430 -0.190258 0.138356
v 0.197527 -0.184366 0.128151
v -0.038175 -0.417233 0.012948
v -0.038175 -0.400360 0.017053
v -0.038175 -0.388490 0.010300
v -0.038175 -0.308489 -0.175401
v -0.038175 -0.296497 -0.162842
v -0.038175 -0.296411 -0.149185
v 0.221095 -0.083955 -0.045766
v 0.204430 -0.086395 -0.041539
v 0.197527 -0.092287 -0.031334
v 0.091460 -0.304966 0.077766
v 0.083127 -0.295309 0.077705
v 0.079676 -0.286428 0.069225
v 0.091460 -0.196222 -0.110584
v 0.083127 -0.191446 -0.102190
v 0.079676 -0.194349 -0.090259
v 0.552133 -0.096655 0.189897
v -0.027157 -0.598335 -0.099748
v -0.027157 -0.496638 -0.275892
v 0.552133 0.005042 0.013753
v -0.082248 0.452735 0.507087
v -0.307985 0.257242 0.394219
v -0.553653 0.044487 0.271385
v -0.661538 -0.048945 0.217442
v -0.661538 0.052752 0.041299
v -0.553652 0.146184 0.095241
v -0.307985 0.358938 0.218075
v -0.082248 0.554432 0.330943
vt 0.107323 0.527813
vt 0.107323 0.531690
vt 0.046134 0.531690
vt 0.046134 0.527813
vt 0.111504 0.527813
vt 0.111504 0.531690
vt 0.117094 0.535849
vt 0.046134 0.535465
vt 0.042339 0.527813
vt 0.042339 0.531690
vt 0.107323 0.474720
vt 0.046134 0.474720
vt 0.111504 0.474720
vt 0.111504 0.535465
vt 0.165627 0.535849
vt 0.165627 0.597372
vt 0.042339 0.535465
vt 0.042339 0.474720
vt 0.107220 0.232805
vt 0.045724 0.233313
vt 0.111504 0.233808
vt 0.165627 0.531133
vt 0.219241 0.535849
vt 0.219241 0.597372
vt 0.165627 0.601249
vt 0.042339 0.233808
vt 0.219241 0.531133
vt 0.278610 0.535849
vt 0.277859 0.597372
vt 0.219241 0.601249
vt 0.278610 0.531133
vt 0.334325 0.535849
vt 0.334358 0.597372
vt 0.277859 0.601249
vt 0.334325 0.531133
vt 0.384456 0.535849
vt 0.384502 0.597372
vt 0.334358 0.601249
vt 0.384456 0.531133
vt 0.384502 0.601249
vt 0.116510 0.527633
vt 0.111504 0.527633
vt 0.116510 0.474720
vt 0.115476 0.530920
vt 0.114191 0.529722
vt 0.116510 0.233808
vt 0.166208 0.474720
vt 0.166208 0.527633
vt 0.116510 0.228985
vt 0.112661 0.231341
vt 0.166208 0.233808
vt 0.219241 0.474720
vt 0.219241 0.527633
vt 0.166208 0.228985
vt 0.109924 0.228790
vt 0.112354 0.226181
vt 0.219241 0.233808
vt 0.278610 0.474720
vt 0.278610 0.527633
vt 0.219241 0.228985
vt 0.048120 0.229806
vt 0.050551 0.227198
vt 0.221185 0.473235
vt 0.278610 0.473235
vt 0.340402 0.474720
vt 0.340402 0.527633
vt 0.219297 0.233808
vt 0.219297 0.228985
vt 0.338994 0.473235
vt 0.398294 0.474720
vt 0.398294 0.527633
vt 0.468766 0.971973
vt 0.340402 0.233856
vt 0.398294 0.233856
vt 0.472627 0.968375
vt 0.469301 0.970152
vt 0.333726 0.233856
vt 0.333726 0.470526
vt 0.391548 0.233856
vt 0.467469 0.971855
vt 0.467469 0.967070
vt 0.402486 0.976711
vt 0.395623 0.233856
vt 0.393461 0.231010
vt 0.402486 0.971855
vt 0.402486 0.967071
vt 0.391642 0.662300
vt 0.398469 0.662300
vt 0.398469 0.911793
vt 0.391642 0.911793
vt 0.391642 0.603936
vt 0.398469 0.603936
vt 0.391642 0.914670
vt 0.398469 0.914670
vt 0.391642 0.599888
vt 0.398469 0.599888
vt 0.341089 0.605808
vt 0.401819 0.598554
vt 0.401819 0.603936
vt 0.277859 0.605808
vt 0.384502 0.535849
vt 0.388411 0.535849
vt 0.393020 0.535849
vt 0.219076 0.605808
vt 0.165627 0.605808
vt 0.004640 0.019777
vt 0.005103 0.000016
vt 0.000000 0.004041
vt -0.000982 0.014764
vt 0.005103 0.004041
vt 0.002107 0.006587
vt 0.006108 0.014764
vt 0.001642 0.011593
vt 0.398294 0.531133
vt 0.334318 0.531133
vt 0.334318 0.527633
vt 0.414014 0.527633
vt 0.387009 0.531133
vt 0.414014 0.474720
vt 0.391884 0.529908
vt 0.389397 0.532577
vt 0.387109 0.535033
vt 0.414014 0.233856
vt 0.167218 0.531133
vt 0.167218 0.527633
vt 0.117087 0.531133
vt 0.117087 0.527633
vt 0.391642 0.605808
vt 0.341089 0.662300
vt 0.341089 0.911793
vt 0.277859 0.662300
vt 0.219076 0.662300
vt 0.165627 0.662300
vt 0.216708 0.936631
vt 0.164537 0.927634
vt 0.112555 0.662300
vt 0.112555 0.605808
vt 0.112555 0.918638
vt 0.388411 0.597372
vt 0.388411 0.601249
vt 0.334358 0.535849
vt 0.277859 0.535849
vt 0.117150 0.597372
vt 0.117150 0.535849
vt 0.117150 0.601249
vt 0.393020 0.597372
vt 0.117094 0.531133
vt 0.107323 0.535465
vt 0.660577 0.127254
vt 0.665707 0.127446
vt 0.665320 0.200439
vt 0.660307 0.200510
vt 0.661082 0.122169
vt 0.665723 0.123383
vt 0.670853 0.127418
vt 0.670325 0.200579
vt 0.660670 0.205605
vt 0.665243 0.204500
vt 0.375995 0.121128
vt 0.373092 0.196714
vt 0.375500 0.115849
vt 0.670331 0.122318
vt 0.730802 0.127116
vt 0.730921 0.201753
vt 0.669738 0.205646
vt 0.372393 0.201877
vt 0.307713 0.122235
vt 0.308416 0.194299
vt 0.307398 0.117163
vt 0.730696 0.121983
vt 0.791106 0.127227
vt 0.791271 0.201858
vt 0.730765 0.206894
vt 0.308041 0.199369
vt 0.241380 0.121320
vt 0.242199 0.195374
vt 0.237791 0.117719
vt 0.791077 0.122094
vt 0.791221 0.206996
vt 0.238606 0.198956
vt 0.467469 0.911793
vt 0.467469 0.916141
vt 0.402486 0.916141
vt 0.402486 0.911793
vt 0.471476 0.911793
vt 0.471476 0.916141
vt 0.467469 0.920326
vt 0.402486 0.920326
vt 0.398469 0.916141
vt 0.402486 0.662300
vt 0.467469 0.662300
vt 0.471476 0.662300
vt 0.471476 0.920326
vt 0.398469 0.920326
vt 0.467469 0.604510
vt 0.402486 0.604510
vt 0.471476 0.604510
vt 0.471476 0.967070
vt 0.398469 0.967070
vt 0.398469 0.604510
vt 0.660741 0.210732
vt 0.367516 0.206738
vt 0.661304 0.117045
vt 0.370656 0.110989
vt 0.042271 0.124306
vt 0.043083 0.196823
vt 0.107386 0.661714
vt 0.107385 0.918052
vt 0.107385 0.602127
vt 0.112555 0.602713
vt 0.111383 0.923706
vt 0.107601 0.922141
vt 0.162276 0.941700
vt 0.108557 0.927462
vt 0.104558 0.924292
vt 0.102902 0.919466
vt 0.213168 0.959692
vt 0.393433 0.920896
vt 0.398080 0.967182
vt 0.394574 0.972579
vt 0.398259 0.971053
vt 0.244687 0.198839
vt 0.234460 0.204745
vt 0.308441 0.204781
vt 0.377213 0.207461
vt 0.399084 0.972852
vt 0.399133 0.970873
vt 0.336173 0.911236
vt 0.044207 0.200297
vt 0.398015 0.976598
vt 0.336173 0.665776
vt 0.308665 0.205186
vt 0.393433 0.967641
vt 0.469862 0.970951
vt 0.343953 0.233856
vt 0.338994 0.233856
vt 0.464664 0.975794
vn 0.725702 0.583287 0.364875
vn 0.923041 0.325075 0.205722
vn 0.923041 0.340697 0.178664
vn 0.725702 0.607635 0.322704
vn 0.923040 -0.340700 -0.178663
vn 0.727487 -0.605973 -0.321807
vn 0.727487 -0.581679 -0.363884
vn 0.923040 -0.325078 -0.205721
vn 0.039831 -0.497979 0.866274
vn 0.281415 -0.239729 0.929159
vn 0.270599 -0.227596 0.935402
vn 0.021324 -0.481306 0.876293
vn 0.665970 0.365228 0.650456
vn 0.706887 0.599731 0.375011
vn 0.653282 0.374416 0.658054
vn 0.685691 -0.642169 -0.342705
vn 0.384382 -0.807189 -0.447992
vn 0.384382 -0.791567 -0.475050
vn 0.685691 -0.617876 -0.384783
vn -0.384382 -0.807189 -0.447992
vn -0.687578 -0.640650 -0.341765
vn -0.687578 -0.616302 -0.383937
vn -0.384382 -0.791567 -0.475050
vn -0.002064 -0.537491 0.843267
vn 0.255628 -0.706921 0.659482
vn 0.270597 -0.696283 0.664806
vn 0.020899 -0.517881 0.855197
vn 0.640361 -0.768063 -0.004088
vn 0.706887 -0.624634 -0.331877
vn 0.653282 -0.757100 0.004769
vn -0.706888 -0.624634 -0.331877
vn -0.653282 -0.757100 0.004771
vn -0.656368 -0.754418 0.005778
vn -0.711541 -0.620514 -0.329653
vn -0.270599 -0.696284 0.664804
vn -0.022518 -0.519248 0.854327
vn -0.027980 -0.516009 0.856126
vn -0.273223 -0.693530 0.666608
vn -0.022518 0.480245 -0.876845
vn -0.270599 0.227593 -0.935402
vn -0.273223 0.230533 -0.933919
vn -0.027980 0.483423 -0.874940
vn -0.653281 -0.374416 -0.658055
vn -0.706888 -0.599731 -0.375010
vn -0.711541 -0.595745 -0.372554
vn -0.656367 -0.372204 -0.656236
vn 0.039831 0.501226 -0.864399
vn 0.282474 0.240912 -0.928531
vn 0.270598 0.227595 -0.935402
vn 0.020460 0.482072 -0.875893
vn 0.667205 -0.364321 -0.649698
vn 0.706888 -0.599731 -0.375010
vn 0.653282 -0.374417 -0.658054
vn 0.706887 0.624634 0.331877
vn 0.653281 0.757100 -0.004772
vn 0.650456 0.759538 -0.002823
vn 0.702207 0.628597 0.334320
vn 0.270600 0.696285 -0.664803
vn 0.021324 0.518239 -0.854970
vn 0.016564 0.522156 -0.852689
vn 0.267312 0.698649 -0.663651
vn -0.685691 0.617876 0.384783
vn -0.384378 0.791568 0.475051
vn -0.384378 0.807190 0.447993
vn -0.685691 0.642169 0.342705
vn 0.384378 0.791568 0.475051
vn 0.702207 0.603828 0.377221
vn 0.384378 0.807190 0.447993
vn -0.004739 -0.495885 0.868376
vn -0.270598 -0.227596 0.935402
vn -0.282472 -0.240913 0.928531
vn -0.025869 -0.514213 0.857272
vn -0.653282 0.374416 0.658054
vn -0.706887 0.599731 0.375011
vn -0.727487 0.581679 0.363884
vn -0.667205 0.364320 0.649699
vn -0.273183 -0.693570 0.666582
vn -0.270598 -0.696284 0.664804
vn -0.010291 -0.505364 0.862845
vn -0.656357 -0.754428 0.005775
vn -0.711539 -0.620553 -0.329585
vn -0.706781 -0.627273 -0.327093
vn -0.653281 -0.757100 0.004773
vn -0.923044 -0.340690 -0.178661
vn -0.923044 -0.325068 -0.205718
vn -0.711539 -0.595705 -0.372623
vn -0.923043 0.325071 0.205719
vn -0.727487 0.605973 0.321807
vn -0.923043 0.340693 0.178661
vn -0.683216 0.619927 0.385884
vn -0.384377 0.791569 0.475050
vn -0.384377 0.807191 0.447992
vn -0.683216 0.644149 0.343930
vn 0.384378 0.791569 0.475050
vn 0.702207 0.603787 0.377289
vn 0.702207 0.628635 0.334251
vn 0.384378 0.807191 0.447992
vn 0.019141 -0.475204 0.879668
vn -0.253867 -0.216496 0.942699
vn -0.283859 -0.242469 0.927703
vn -0.638831 0.389104 0.663697
vn -0.729814 0.579572 0.362585
vn -0.668822 0.363131 0.648701
vn -0.923041 -0.340697 -0.178663
vn -0.923041 -0.325075 -0.205721
vn -0.923040 0.325078 0.205721
vn -0.729814 0.603794 0.320631
vn -0.923040 0.340699 0.178663
vn -0.283859 0.682180 -0.673836
vn -0.253867 0.708153 -0.658840
vn 0.019141 0.524213 -0.851372
vn -0.668821 0.743358 -0.009873
vn -0.638830 0.769331 0.005123
vn 0.267360 0.698615 -0.663669
vn 0.270599 0.696285 -0.664803
vn 0.006877 0.509785 -0.860274
vn 0.650466 0.759530 -0.002830
vn 0.706781 0.627273 0.327093
vn 0.653282 0.757100 -0.004773
vn -0.004739 0.504093 -0.863636
vn -0.270598 0.696285 -0.664804
vn -0.255630 0.706925 -0.659478
vn -0.653282 0.757100 -0.004774
vn -0.706888 0.624634 0.331877
vn -0.640360 0.768064 0.004082
vn -0.000000 -0.500000 0.866026
vn 0.020460 -0.517509 0.855433
vn 0.020945 -0.517919 0.855173
vn -0.021744 -0.480933 0.876488
vn 0.020518 -0.517558 0.855402
vn 0.006877 -0.490127 0.871624
vn -0.002064 0.461545 -0.887115
vn 0.020900 0.481682 -0.876097
vn -0.021744 0.518595 -0.854744
vn 0.020518 0.482021 -0.875920
vn -0.010291 0.494564 -0.869080
vn 0.020945 0.481642 -0.876118
vn -0.000000 0.500000 -0.866025
vn 0.706887 -0.624634 -0.331877
vn 0.706888 -0.624634 -0.331877
vn 0.706888 -0.599731 -0.375011
vn 0.706887 -0.624634 -0.331877
vn 0.706887 -0.599731 -0.375011
vn 0.706887 -0.599731 -0.375011
vn 0.016564 -0.477373 0.878545
vn -0.025869 0.485313 -0.873958
vn 0.706781 0.596907 0.379688
vn -0.706781 -0.596907 -0.379688
vn -0.706774 0.596745 0.379956
vn -0.706881 0.599555 0.375304
vn -0.706881 0.624800 0.331578
vn -0.706774 0.627424 0.326818
vn -0.706774 0.596745 0.379956
vn -0.706774 0.627424 0.326818
vn 0.267311 -0.225416 0.936874
vn 0.650458 0.377323 0.659190
vn -0.641525 -0.767095 -0.003298
vn -0.256971 -0.705981 0.659967
vn -0.256971 0.218555 -0.941382
vn -0.641525 -0.386399 -0.662678
vn 0.665970 0.745925 -0.008929
vn 0.281417 0.684813 -0.672187
vn 0.667205 -0.744816 0.009339
vn 0.653282 -0.757100 0.004774
vn 0.282473 -0.683675 0.672903
vn 0.270598 -0.696285 0.664804
vn -0.255629 -0.217667 0.941953
vn -0.640360 0.387568 0.663121
vn 0.653281 -0.757100 0.004775
vn 0.270598 -0.696285 0.664804
vn 0.653282 -0.757100 0.004773
vn 0.270597 -0.696284 0.664805
vn 0.640361 -0.387571 -0.663119
vn 0.653282 -0.374417 -0.658054
vn 0.255630 0.217664 -0.941953
vn 0.270599 0.227594 -0.935402
vn 0.653282 -0.374416 -0.658055
vn 0.270598 0.227595 -0.935402
vn 0.653281 -0.374416 -0.658055
vn 0.270597 0.227596 -0.935402
vn -0.282471 0.683674 -0.672904
vn -0.667205 0.744816 -0.009340
vn -0.270597 -0.227595 0.935403
vn -0.270597 -0.227595 0.935403
vn -0.653282 0.374417 0.658054
vn -0.653282 0.374417 0.658054
vn 0.650466 0.377313 0.659188
vn 0.653281 0.374415 0.658055
vn 0.267360 -0.225448 0.936852
vn 0.270599 -0.227596 0.935402
vn -0.270601 0.696286 -0.664802
vn -0.270600 0.696286 -0.664802
vn -0.653282 0.757100 -0.004773
vn -0.653282 0.757100 -0.004772
vn -0.656358 -0.372213 -0.656241
vn -0.653282 -0.374417 -0.658054
vn -0.273182 0.230492 -0.933941
vn -0.270597 0.227596 -0.935402
vn -0.653282 0.374417 0.658054
vn -0.270597 -0.227595 0.935403
vn -0.653282 0.757100 -0.004772
vn -0.270600 0.696286 -0.664802
vn 0.857849 -0.507193 0.082762
vn 0.857850 0.181920 0.480623
vn 0.459997 -0.443963 0.768960
vn -0.397853 -0.905559 -0.147232
vn 0.397853 -0.905558 -0.147235
vn 0.000000 -0.842333 0.538957
vn 0.000000 0.045587 -0.998960
vn 0.397854 -0.580289 -0.710617
vn -0.397854 -0.580289 -0.710617
vn 0.857853 0.507188 -0.082761
vn 0.857853 -0.181921 -0.480617
vn 0.460003 0.443957 -0.768960
vn 0.000000 -0.045593 0.998960
vn 0.397851 0.580289 0.710619
vn -0.397851 0.580290 0.710619
vn -0.857852 -0.507189 0.082762
vn -0.459999 -0.443960 0.768961
vn -0.857854 0.181918 0.480618
vn 0.000001 -0.045585 0.998961
vn 0.397852 0.580286 0.710621
vn -0.397854 0.580290 0.710617
vn -0.857854 -0.507186 0.082762
vn -0.460002 -0.443959 0.768960
vn -0.857853 0.181917 0.480618
vn -0.460002 0.443959 -0.768959
vn -0.857854 -0.181917 -0.480617
vn -0.857854 0.507185 -0.082761
vn 0.397854 0.905557 0.147235
vn 0.000000 0.842332 -0.538960
vn -0.397852 0.905558 0.147234
vn -0.459998 0.443961 -0.768961
vn -0.857855 -0.181919 -0.480615
vn -0.857852 0.507188 -0.082764
vn 0.397857 0.905556 0.147238
vn 0.000000 0.842330 -0.538962
vn -0.397857 0.905557 0.147231
s 1
g TET_BattleAltar Keystone pCube9
usemtl initialShadingGroup
f 1115/1524/1768 1114/1525/1769 1141/1526/1770 1146/1527/1771
s 2
f 1114/1525/1772 1119/1671/1773 1142/1531/1774 1141/1526/1775
s 3
f 1117/1564/1776 1116/1565/1777 1121/1536/1778 1120/1566/1779
s 1
f 1116/1528/1780 1115/1524/1768 1122/1534/1781 1121/1536/1782
s 2
f 1124/1624/1783 1123/1625/1784 1134/1662/1785 1133/1560/1786
s 5
f 1123/1625/1787 1128/1626/1788 1135/1669/1789 1134/1662/1790
s 3
f 1126/1594/1791 1125/1637/1792 1175/1638/1793 1174/1639/1794
s 2
f 1125/1562/1795 1124/1559/1783 1176/1555/1796 1175/1558/1797
s 5
f 1131/1714/1798 1130/1715/1799 1183/1708/1800 1188/1704/1801
s 3
f 1130/1642/1802 1129/1593/1803 1184/1597/1804 1183/1646/1805
s 9
f 1140/1610/1806 1139/1611/1807 1189/1612/1808 1194/1613/1809
s 5
f 1139/1611/1810 1138/1713/1811 1190/1707/1812 1189/1612/1813
s 9
f 1144/1660/1814 1143/1668/1815 1211/1548/1816 1210/1628/1817
s 2
f 1143/1668/1818 1142/1666/1774 1212/1539/1819 1211/1548/1820
s 1
f 1149/1535/1821 1148/1541/1822 1222/1549/1823 1227/1543/1824
s 9
f 1148/1730/1825 1147/1659/1826 1223/1661/1827 1222/1731/1828
s 14
f 1156/1579/1829 1155/1578/1830 1226/1584/1831 1225/1585/1832
s 1
f 1155/1578/1833 1154/1542/1834 1227/1543/1824 1226/1584/1835
s 3
f 1161/1574/1836 1160/1577/1837 1167/1583/1838 1166/1580/1839
s 14
f 1160/1693/1840 1159/1686/1841 1168/1678/1842 1167/1685/1843
s 3
f 1166/1726/1839 1165/1676/1844 1229/1684/1845 1228/1727/1846
s 18
f 1165/1676/1847 1170/1672/1848 1230/1682/1849 1229/1684/1850
f 1170/1672/1848 1169/1673/1851 1215/1674/1852 1214/1675/1853
s 14
f 1169/1673/1854 1168/1678/1842 1216/1679/1855 1215/1674/1856
s 19
f 1180/1604/1857 1179/1603/1858 1202/1608/1859 1201/1609/1860
s 20
f 1179/1603/1861 1178/1760/1862 1203/1605/1863 1202/1608/1864
s 3
f 1182/1596/1865 1181/1758/1866 1185/1602/1867 1184/1597/1804
s 19
f 1181/1721/1868 1180/1604/1857 1186/1710/1869 1185/1716/1870
s 5
f 1188/1704/1801 1187/1705/1871 1191/1706/1872 1190/1707/1812
s 19
f 1187/1705/1873 1186/1710/1869 1192/1711/1874 1191/1706/1875
s 9
f 1194/1741/1809 1193/1717/1876 1200/1722/1877 1199/1756/1878
s 19
f 1193/1717/1879 1192/1711/1874 1201/1609/1860 1200/1722/1880
s 9
f 1199/1653/1878 1198/1751/1881 1235/1754/1882 1234/1652/1883
s 20
f 1198/1752/1884 1203/1729/1863 1236/1699/1885 1235/1745/1886
s 9
f 1221/1658/1887 1220/1736/1888 1224/1734/1889 1223/1661/1827
s 14
f 1220/1696/1890 1219/1687/1891 1225/1695/1832 1224/1702/1892
s 3
f 1117/1564/1776 1120/1566/1779 1112/1570/1893 1150/1571/1894
f 1150/1571/1894 1112/1570/1893 1228/1575/1846 1162/1576/1895
f 1162/1576/1895 1228/1575/1846 1240/1581/1896 1171/1582/1897
f 1171/1582/1897 1240/1581/1896 1231/1588/1898 1174/1589/1794
f 1174/1589/1794 1231/1588/1898 1129/1593/1803 1126/1594/1791
s 5
f 1128/1718/1788 1131/1714/1798 1138/1713/1811 1135/1719/1789
s 9
f 1137/1651/1899 1140/1610/1806 1234/1652/1883 1195/1620/1900
f 1195/1620/1900 1234/1652/1883 1243/1654/1901 1204/1623/1902
f 1204/1623/1902 1243/1654/1901 1237/1655/1903 1207/1627/1904
f 1207/1627/1904 1237/1655/1903 1113/1656/1905 1210/1628/1817
f 1210/1628/1817 1113/1656/1905 1147/1659/1826 1144/1660/1814
s 14
f 1156/1694/1829 1225/1695/1832 1219/1687/1891 1159/1686/1841
f 1159/1686/1841 1219/1687/1891 1216/1679/1855 1168/1678/1842
s 19
f 1180/1604/1857 1201/1609/1860 1192/1711/1874 1186/1710/1869
s 2
f 1142/1666/1774 1119/1667/1773 1152/1538/1906 1212/1539/1819
f 1212/1539/1819 1152/1538/1906 1164/1546/1907 1209/1547/1908
f 1209/1547/1908 1164/1546/1907 1173/1665/1909 1206/1552/1910
f 1206/1552/1910 1173/1665/1909 1176/1664/1796 1197/1556/1911
f 1197/1556/1911 1176/1664/1796 1124/1624/1783 1133/1560/1786
s 3
f 1112/1570/1893 1120/1566/1779 1158/1569/1912 1161/1574/1836
f 1228/1575/1846 1112/1570/1893 1161/1574/1836 1166/1580/1839
f 1129/1593/1803 1231/1588/1898 1182/1596/1865 1184/1597/1804
s 5
f 1138/1713/1811 1131/1714/1798 1188/1704/1801 1190/1707/1812
s 9
f 1234/1652/1883 1140/1610/1806 1194/1613/1809 1199/1653/1878
f 1113/1656/1905 1237/1655/1903 1218/1657/1913 1221/1658/1887
f 1147/1659/1826 1113/1656/1905 1221/1658/1887 1223/1661/1827
s 20
f 1178/1728/1862 1233/1698/1914 1236/1699/1885 1203/1729/1863
s 1
f 1154/1542/1834 1122/1534/1781 1149/1535/1821 1227/1543/1824
f 1122/1534/1781 1115/1524/1768 1146/1527/1771 1149/1535/1821
s 18
f 1230/1682/1849 1170/1672/1848 1214/1675/1853 1239/1683/1915
s 24
f 1233/1698/1916 1242/1690/1917 1245/1691/1918 1236/1699/1919
f 1242/1690/1917 1230/1682/1920 1239/1683/1921 1245/1691/1918
s 3
f 1120/1566/1779 1121/1536/1778 1153/1544/1922 1158/1569/1912
s 1
f 1121/1536/1782 1122/1534/1781 1154/1542/1834 1153/1544/1923
s 5
f 1128/1718/1788 1127/1720/1924 1130/1715/1799 1131/1714/1798
s 3
f 1127/1640/1925 1126/1594/1791 1129/1593/1803 1130/1642/1802
s 9
f 1137/1614/1899 1136/1615/1926 1139/1611/1807 1140/1610/1806
s 5
f 1136/1723/1927 1135/1719/1789 1138/1713/1811 1139/1611/1810
s 1
f 1146/1527/1771 1145/1532/1928 1148/1541/1822 1149/1535/1821
s 9
f 1145/1732/1929 1144/1733/1814 1147/1659/1826 1148/1730/1825
s 2
f 1119/1530/1773 1118/1670/1930 1151/1545/1931 1152/1538/1906
s 3
f 1118/1649/1932 1117/1650/1776 1150/1648/1894 1151/1647/1933
f 1158/1569/1912 1157/1572/1934 1160/1577/1837 1161/1574/1836
s 14
f 1157/1701/1935 1156/1694/1829 1159/1686/1841 1160/1693/1840
s 2
f 1152/1538/1906 1151/1545/1931 1163/1550/1936 1164/1546/1907
s 3
f 1151/1647/1933 1150/1648/1894 1162/1576/1895 1163/1550/1937
s 2
f 1164/1546/1907 1163/1550/1936 1172/1554/1938 1173/1551/1909
s 3
f 1163/1550/1937 1162/1576/1895 1171/1582/1897 1172/1554/1939
s 2
f 1173/1551/1909 1172/1554/1938 1175/1558/1797 1176/1555/1796
s 3
f 1172/1554/1939 1171/1582/1897 1174/1639/1794 1175/1638/1793
s 2
f 1133/1560/1786 1132/1563/1940 1196/1561/1941 1197/1556/1911
s 9
f 1132/1563/1942 1137/1651/1899 1195/1620/1900 1196/1561/1943
s 2
f 1197/1556/1911 1196/1561/1941 1205/1557/1944 1206/1552/1910
s 9
f 1196/1561/1943 1195/1620/1900 1204/1623/1902 1205/1557/1945
s 2
f 1206/1552/1910 1205/1557/1944 1208/1553/1946 1209/1547/1908
s 9
f 1205/1557/1945 1204/1623/1902 1207/1627/1904 1208/1553/1947
s 2
f 1209/1547/1908 1208/1553/1946 1211/1548/1820 1212/1539/1819
s 9
f 1208/1553/1947 1207/1627/1904 1210/1628/1817 1211/1548/1816
f 1218/1657/1913 1217/1740/1948 1220/1736/1888 1221/1658/1887
s 14
f 1217/1688/1949 1216/1679/1855 1219/1687/1891 1220/1696/1890
s 3
f 1228/1575/1846 1229/1586/1950 1241/1587/1951 1240/1581/1896
s 24
f 1229/1684/1952 1230/1682/1920 1242/1690/1917 1241/1692/1953
s 20
f 1178/1600/1862 1177/1759/1954 1232/1592/1955 1233/1601/1914
s 3
f 1177/1759/1956 1182/1596/1865 1231/1588/1898 1232/1592/1957
s 9
f 1234/1746/1883 1235/1703/1958 1244/1697/1959 1243/1755/1901
s 24
f 1235/1703/1960 1236/1699/1919 1245/1691/1918 1244/1697/1961
s 18
f 1214/1675/1853 1213/1680/1962 1238/1689/1963 1239/1683/1915
s 9
f 1213/1680/1964 1218/1724/1913 1237/1725/1903 1238/1689/1965
s 24
f 1233/1698/1916 1232/1700/1966 1241/1692/1953 1242/1690/1917
s 3
f 1232/1592/1967 1231/1588/1898 1240/1581/1896 1241/1587/1951
s 24
f 1239/1683/1921 1238/1689/1968 1244/1697/1961 1245/1691/1918
s 9
f 1238/1689/1969 1237/1748/1903 1243/1747/1901 1244/1697/1959
s 2
f 1118/1537/1930 1119/1671/1773 1114/1525/1772 1246/1529/1970
s 1
f 1114/1525/1769 1115/1524/1768 1116/1528/1780 1246/1529/1971
s 3
f 1116/1565/1777 1117/1564/1776 1118/1567/1932 1246/1568/1972
s 5
f 1127/1640/1924 1128/1643/1788 1123/1644/1787 1247/1641/1973
s 2
f 1123/1644/1784 1124/1645/1783 1125/1637/1795 1247/1641/1974
s 3
f 1125/1637/1792 1126/1594/1791 1127/1640/1925 1247/1641/1975
s 9
f 1136/1615/1926 1137/1614/1899 1132/1618/1942 1248/1619/1976
s 2
f 1132/1563/1940 1133/1560/1786 1134/1662/1785 1248/1663/1977
s 5
f 1134/1621/1790 1135/1622/1789 1136/1615/1927 1248/1619/1978
s 1
f 1145/1532/1928 1146/1527/1771 1141/1526/1770 1249/1533/1979
s 2
f 1141/1526/1775 1142/1531/1774 1143/1540/1818 1249/1533/1980
s 9
f 1143/1631/1815 1144/1630/1814 1145/1633/1929 1249/1634/1981
s 3
f 1157/1572/1934 1158/1569/1912 1153/1544/1922 1250/1573/1982
s 1
f 1153/1544/1923 1154/1542/1834 1155/1578/1833 1250/1573/1983
s 14
f 1155/1578/1830 1156/1579/1829 1157/1572/1935 1250/1573/1984
s 18
f 1169/1673/1851 1170/1672/1848 1165/1676/1847 1251/1677/1985
s 3
f 1165/1590/1844 1166/1580/1839 1167/1583/1838 1251/1591/1986
s 14
f 1167/1685/1843 1168/1678/1842 1169/1673/1854 1251/1677/1987
s 3
f 1181/1598/1866 1182/1757/1865 1177/1595/1956 1252/1599/1988
s 20
f 1177/1595/1954 1178/1760/1862 1179/1603/1861 1252/1599/1989
s 19
f 1179/1603/1858 1180/1604/1857 1181/1598/1868 1252/1599/1990
s 5
f 1187/1705/1871 1188/1704/1801 1183/1708/1800 1253/1709/1991
s 3
f 1183/1606/1805 1184/1597/1804 1185/1602/1867 1253/1607/1992
s 19
f 1185/1716/1870 1186/1710/1869 1187/1705/1873 1253/1709/1993
s 9
f 1193/1616/1876 1194/1613/1809 1189/1612/1808 1254/1617/1994
s 5
f 1189/1612/1813 1190/1707/1812 1191/1706/1872 1254/1712/1995
s 19
f 1191/1706/1875 1192/1711/1874 1193/1717/1879 1254/1712/1996
s 20
f 1202/1608/1864 1203/1605/1863 1198/1753/1884 1255/1749/1997
s 9
f 1198/1743/1881 1199/1756/1878 1200/1722/1877 1255/1744/1998
s 19
f 1200/1742/1880 1201/1609/1860 1202/1608/1859 1255/1750/1999
s 9
f 1217/1635/1948 1218/1629/1913 1213/1632/1964 1256/1636/2000
s 18
f 1213/1680/1962 1214/1675/1853 1215/1674/1852 1256/1681/2001
s 14
f 1215/1674/1856 1216/1679/1855 1217/1688/1949 1256/1681/2002
s 1
f 1226/1738/1835 1227/1739/1824 1222/1731/1823 1257/1735/2003
s 9
f 1222/1731/1828 1223/1661/1827 1224/1734/1889 1257/1735/2004
s 14
f 1224/1734/1892 1225/1737/1832 1226/1738/1831 1257/1735/2005
