# This file uses centimeters as units for non-parametric coordinates.

mtllib TET-Rock.mtl
g default
v -0.613876 0.920499 -0.282513
v -0.615149 0.920506 -0.270636
v -0.607417 0.928665 -0.264930
v -0.600724 0.928665 -0.274707
v -0.598656 0.928665 -0.288815
v -0.603427 0.929113 -0.303897
v -0.305800 0.936988 -0.385352
v -0.305800 0.954893 -0.389048
v -0.298307 0.981519 -0.398583
v -0.297693 0.937049 -0.398737
v -0.297987 0.928665 -0.406971
v -0.307360 0.928665 -0.420682
v -0.313646 0.928665 -0.400371
v -0.313853 0.928665 -0.387435
v -0.315592 0.928665 -0.047129
v -0.314457 0.928665 0.017087
v -0.305995 0.934953 -0.062538
v -0.305800 0.936894 -0.074643
v -0.313870 0.928665 -0.081134
v -0.318578 0.928665 -0.070036
v -0.325499 0.928665 -0.053914
v -0.918787 0.050706 -0.677774
v -0.903260 0.050706 -0.677939
v -0.902971 0.050706 -0.690528
v -0.914860 0.041873 -0.691502
v -0.923760 0.041861 -0.683520
v -0.652933 0.050706 -0.360890
v -0.647543 0.050706 -0.363910
v -0.663219 0.050706 -0.363678
v -0.651476 0.050706 -0.345972
v -0.643608 0.058933 -0.341972
v -0.642544 0.075413 -0.351867
v -0.645900 0.112062 -0.380149
v -0.650208 0.060396 -0.355023
v -0.608142 -0.006716 0.946400
v -0.600423 -0.002910 0.937055
v -0.607417 0.005244 0.930371
v -0.619172 0.004422 0.926886
v -0.628455 0.003326 0.935784
v -0.624960 0.003209 0.947351
v -0.611473 -0.002208 0.957866
v -0.805563 -0.000000 0.987503
v -0.794137 0.000146 0.980938
v -0.802787 0.000170 0.970450
v -0.814617 0.000083 0.963626
v -0.835986 -0.000000 0.959199
v -0.816156 -0.000000 0.981108
v -0.001531 0.049102 1.188902
v -0.001319 0.041800 1.200545
v 0.010670 0.041973 1.200576
v 0.010875 0.049088 1.188812
v -0.256910 0.003919 0.982988
v -0.238619 0.007994 0.998588
v -0.250952 0.013896 0.977572
v -0.254220 0.014412 0.964752
v -0.266868 0.014041 0.969451
v -0.287157 0.005247 0.971865
v -0.267787 0.002443 0.977163
v -0.244417 0.058378 0.686109
v -0.251560 0.049728 0.692089
v -0.246479 0.048428 0.703898
v -0.233779 0.049017 0.697932
v -0.231337 0.057561 0.690398
v -0.232502 0.096572 0.688824
v 0.008129 0.031843 0.764850
v -0.003794 0.031849 0.764852
v -0.011481 0.023640 0.770542
v -0.003857 0.023423 0.779628
v 0.008485 0.023432 0.780049
v 0.015803 0.023612 0.770567
v 0.013365 0.928665 0.501824
v 0.008494 0.936900 0.495096
v 0.006197 0.961141 0.496422
v -0.006010 0.968979 0.495940
v -0.007520 0.937004 0.494921
v -0.017099 0.928665 0.498185
v -0.030700 0.928665 0.513562
v -0.005985 0.928665 0.511342
v 0.006130 0.928665 0.511393
v -0.415001 0.920583 0.601413
v -0.393938 0.928665 0.599112
v -0.396643 0.928665 0.587578
v -0.408753 0.928665 0.581932
v -0.398607 0.928665 0.507884
v -0.427034 0.928665 0.590195
v -0.429963 0.920467 0.597977
v -0.427444 0.895025 0.599023
v 0.506126 0.019929 0.869000
v 0.499646 0.018965 0.879309
v 0.508126 0.010759 0.885120
v 0.519584 0.010462 0.881520
v 0.518439 0.018742 0.873066
v 0.244724 0.057722 0.687530
v 0.247208 0.049068 0.694905
v 0.259435 0.048843 0.698248
v 0.266081 0.049805 0.688000
v 0.262677 0.058404 0.680959
v 0.257861 0.073654 0.682396
v 0.245956 0.094146 0.685908
v 0.270411 0.002547 0.977735
v 0.287360 0.006284 0.971204
v 0.269640 0.014181 0.969146
v 0.257295 0.014419 0.965245
v 0.253288 0.013986 0.977646
v 0.242254 0.008186 0.998170
v 0.259608 0.003888 0.983632
v 0.466322 0.921170 0.550989
v 0.455080 0.928665 0.526544
v 0.445906 0.928665 0.535050
v 0.452177 0.928665 0.555032
v 0.460184 0.921188 0.561341
v 0.223813 0.928665 0.388393
v 0.224743 0.928665 0.373812
v 0.216506 0.937116 0.368100
v 0.210614 0.936997 0.378402
v 0.211325 0.928665 0.387678
v 0.970230 -0.026333 0.252838
v 0.969732 -0.006085 0.248887
v 0.962122 0.002487 0.243844
v 0.959838 0.002476 0.258849
v 0.966520 -0.005898 0.264652
v 0.485960 0.048866 -0.280664
v 0.483113 0.048620 -0.292864
v 0.472137 0.048708 -0.297911
v 0.459613 0.049947 -0.288981
v 0.429753 0.050486 -0.302354
v 0.435429 0.050706 -0.299080
v 0.437126 0.050423 -0.315142
v 0.467182 0.050637 -0.283530
v 0.473217 0.050706 -0.273189
v 0.470757 0.050706 -0.254948
v 0.470723 0.050059 -0.251079
v 0.490357 0.048101 -0.239356
v 0.492797 0.048097 -0.254200
v 0.490996 0.048486 -0.268559
v 0.994671 -0.007606 -0.595460
v 0.989338 0.000639 -0.588398
v 0.994632 0.000654 -0.577632
v 1.003251 -0.007476 -0.578466
v 1.003863 -0.026517 -0.583309
v 0.998805 -0.031517 -0.594354
v 1.088087 0.000730 -0.253124
v 1.095360 -0.007656 -0.249251
v 1.098156 -0.024768 -0.253772
v 1.097636 -0.007591 -0.265091
v 1.088657 0.000661 -0.265130
v 0.874092 -0.018366 0.509338
v 0.878599 -0.040629 0.497983
v 0.876727 -0.001601 0.495181
v 0.871397 0.006671 0.486651
v 0.852016 0.008609 0.475416
v 0.820982 0.011982 0.464082
v 0.856788 0.008181 0.499903
v 0.864262 0.007143 0.510631
v 0.871994 -0.001403 0.513461
v 0.210550 1.486255 -0.128769
v 0.208208 1.511125 -0.130251
v 0.204273 1.519457 -0.123210
v 0.186291 1.519457 -0.095344
v 0.208232 1.519457 -0.104185
v 0.216506 1.511264 -0.115242
v 0.216506 1.486958 -0.117952
v -0.146190 1.519457 0.380419
v -0.139213 1.519457 0.360613
v -0.166444 1.519457 0.376754
v -0.171284 1.511420 0.383487
v -0.161648 1.480666 0.390812
v -0.159543 1.511211 0.392234
v -0.144578 1.519457 0.392354
v 0.216506 1.510917 0.118961
v 0.208177 1.519457 0.123560
v 0.207971 1.519457 0.138148
v 0.216506 1.511014 0.130970
v 0.216506 0.936719 0.115408
v 0.216506 0.958884 0.118869
v 0.216506 0.959600 0.131276
v 0.216506 0.936913 0.134823
v 0.224577 0.928665 0.150394
v 0.233245 0.928665 0.141738
v 0.229053 0.928665 0.125000
v 0.224564 0.928665 0.113769
v 0.433299 0.920741 0.008258
v 0.434914 0.888289 0.005409
v 0.433416 0.920412 -0.006408
v 0.433145 0.920452 -0.051799
v 0.425014 0.928665 -0.011202
v 0.420217 0.928665 -0.000000
v 0.425071 0.928665 0.011185
v 0.815733 0.000645 -0.814532
v 0.820625 -0.007506 -0.822264
v 0.811767 -0.027165 -0.829765
v 0.806698 -0.007582 -0.828634
v 0.805122 0.000676 -0.820245
v 0.495267 -0.006885 -0.869890
v 0.444429 0.002744 -0.883842
v 0.493771 0.001389 -0.861622
v 0.505767 0.001166 -0.858330
v 0.506784 -0.007195 -0.866667
v -0.530378 0.050706 -0.667084
v -0.516396 0.050706 -0.671769
v -0.520837 0.050706 -0.670441
v -0.534361 0.050706 -0.677124
v -0.536847 0.050706 -0.663977
v -0.611279 0.042121 -1.075303
v -0.609903 0.050706 -1.060688
v -0.598110 0.050706 -1.063860
v -0.586559 0.050385 -1.069985
v -0.600845 0.042033 -1.080543
v -0.732451 0.018561 -0.826017
v -0.740090 0.014291 -0.816416
v -0.744385 0.042093 -0.817609
v -0.737594 0.050706 -0.813222
v -0.715107 0.050706 -0.798819
v -0.727735 0.050706 -0.823867
v -0.732605 0.042101 -0.831626
v -0.227738 0.903115 -0.833385
v -0.231810 0.920833 -0.830623
v -0.237786 0.928501 -0.820916
v -0.231139 0.928665 -0.810534
v -0.221310 0.928665 -0.796543
v -0.212354 0.928665 -0.816372
v -0.215772 0.920766 -0.828833
v -0.009273 1.519457 -0.236892
v 0.010572 1.519457 -0.245536
v 0.015160 1.510998 -0.252404
v 0.006004 1.511028 -0.260070
v -0.018103 1.519457 -0.274470
v -0.003566 1.519457 -0.254853
v -0.305800 1.511210 -0.389306
v -0.297241 1.519457 -0.386251
v -0.283323 1.519457 -0.393389
v -0.298635 1.511220 -0.398500
v -0.147079 1.511083 -0.427612
v -0.148949 1.486277 -0.429659
v -0.160679 1.468401 -0.433132
v -0.162077 1.510813 -0.432781
v -0.156393 1.519457 -0.425989
v 0.409673 0.928665 -0.243912
v 0.424683 0.928665 -0.238335
v 0.433147 0.920354 -0.243265
v 0.427252 0.920417 -0.253506
v 0.405631 0.928475 -0.256314
v 0.216506 0.937006 -0.118267
v 0.224624 0.928665 -0.113685
v 0.229442 0.928665 -0.125000
v 0.219015 0.928665 -0.133206
v 0.210767 0.937079 -0.128632
v -0.149216 0.928665 -0.446864
v -0.160871 0.928665 -0.441704
v -0.160434 0.937072 -0.433194
v -0.149085 0.937006 -0.429808
v -0.143220 0.928665 -0.435802
v 0.007316 0.928665 -0.270892
v 0.003677 0.936716 -0.262618
v 0.005907 0.959846 -0.260177
v 0.015387 0.960400 -0.252261
v 0.018276 0.936913 -0.250433
v 0.034694 0.928665 -0.249595
v 0.032377 0.928469 -0.261459
v 0.018907 0.928530 -0.267826
v -1.206829 -0.422311 -0.367596
v -1.205117 -0.408594 -0.379083
v -1.204371 -0.437802 -0.379771
v -1.200826 -0.451291 -0.383234
v -1.202279 -0.470248 -0.382232
v -1.204062 -0.508655 -0.377261
v -1.208247 -0.460506 -0.368236
v -1.207588 -0.442143 -0.367248
v -1.178668 0.035373 -0.357647
v -1.177130 0.036616 -0.369622
v -1.187246 0.028104 -0.370779
v -1.188435 0.027138 -0.358981
v -1.263639 0.000000 0.673814
v -1.205075 0.000000 0.673663
v -1.265397 -0.008378 0.654152
v -1.273099 -0.009519 0.665417
v -1.239187 -0.519930 0.248926
v -1.233985 -0.506437 0.267302
v -1.232625 -0.495531 0.279343
v -1.232657 -0.478285 0.281340
v -1.236439 -0.416744 0.329856
v -1.228982 -0.449988 0.296324
v -1.223932 -0.472687 0.277608
v -1.224203 -0.481773 0.269856
v -0.478421 0.004628 0.920366
v -0.471324 0.013669 0.914541
v -0.475457 0.015119 0.901808
v -0.489264 0.013290 0.911775
v -0.490351 0.004119 0.919729
v -0.476803 -0.101029 0.918014
v -0.489009 -0.096388 0.917394
v -0.487614 -0.108164 0.925063
v -0.477130 -0.114024 0.926612
v -0.465360 -0.108575 0.921041
v -0.001602 -0.118690 1.210074
v 0.009804 -0.122118 1.212135
v 0.025447 -0.140773 1.200600
v 0.014077 -0.118993 1.198196
v 0.010716 -0.107732 1.200535
v -0.001239 -0.107796 1.200613
v -0.014991 -0.113901 1.188878
v 1.014174 -0.551200 0.004655
v 1.015969 -0.573429 0.003598
v 1.018357 -0.572069 -0.008061
v 1.024440 -0.572057 -0.021262
v 1.017787 -0.549222 -0.009105
v 1.016061 -0.526082 -0.007632
v 1.013154 -0.524740 0.003934
v 1.163999 -0.739708 -0.276995
v 1.164552 -0.754993 -0.277901
v 1.165513 -0.757935 -0.289230
v 1.164694 -0.745220 -0.292203
v 1.163389 -0.722329 -0.288372
v 0.006498 -1.208381 -1.008928
v 0.007253 -1.263990 -1.008810
v 0.006666 -1.277086 -1.012061
v -0.004501 -1.290222 -1.016285
v -0.008672 -1.272629 -1.008797
v -0.006817 -1.260614 -1.008099
v -0.005425 -1.207799 -1.010006
v -0.277735 0.032226 -1.022528
v -0.273168 0.040865 -1.014218
v -0.260561 0.041140 -0.996206
v -0.240110 0.041047 -0.984738
v -0.250014 0.039948 -1.011868
v -0.160583 0.034108 -1.005980
v -0.188768 0.035841 -1.020450
v -0.260462 0.034023 -1.021871
v -0.261543 -0.019732 -1.019967
v -0.273958 0.010884 -1.020662
v -0.351328 -0.183762 1.157099
v -0.356478 -0.191414 1.164457
v -0.356660 -0.232286 1.168933
v -0.344573 -0.193376 1.170228
v -0.340745 -0.185365 1.162377
v -0.517868 -0.724436 1.175311
v -0.514373 -0.739108 1.174503
v -0.502819 -0.728421 1.175717
v -0.500954 -0.716135 1.175998
v -0.501251 -0.677339 1.171593
v -0.514346 -0.712762 1.174211
v 1.062332 -1.597669 1.040018
v 1.070241 -1.592789 1.031385
v 1.070906 -1.582542 1.019700
v 1.067395 -1.571540 1.023643
v 1.060311 -1.544955 1.022685
v 1.060545 -1.579135 1.038867
v 1.053056 -1.590007 1.043502
v 1.104245 -1.966998 1.071218
v 1.112220 -1.974980 1.063303
v 1.114110 -1.961767 1.060764
v 1.111900 -1.948973 1.062930
v 1.104081 -1.954743 1.071715
v 1.094743 -1.350343 0.632561
v 1.098462 -1.360555 0.626881
v 1.105778 -1.366905 0.615559
v 1.092788 -1.355301 0.613437
v 1.088049 -1.348073 0.621798
v 1.140524 -1.402246 0.583280
v 1.127899 -1.387694 0.580994
v 1.120067 -1.379738 0.587682
v 1.131224 -1.389324 0.591954
v 1.186189 -1.655503 0.617118
v 1.191742 -1.672116 0.606401
v 1.191182 -1.653093 0.601332
v 1.192003 -1.641920 0.596928
v 1.187172 -1.633533 0.604633
v 1.167530 -1.569628 0.608654
v 1.182916 -1.637407 0.616956
v 1.182800 -1.647970 0.626660
v 1.364574 -2.331772 0.366231
v 1.363614 -2.330925 0.353442
v 1.365078 -2.329828 0.340941
v 1.370902 -2.328243 0.328370
v 1.379027 -2.319799 0.326627
v 1.378920 -2.319685 0.344842
v 1.373925 -2.300918 0.356766
v 1.375652 -2.324049 0.360310
v 1.237416 -1.549616 0.477453
v 1.241818 -1.558741 0.470852
v 1.237889 -1.558902 0.458217
v 1.231719 -1.549840 0.464250
v 1.226964 -1.537834 0.473410
v 1.356155 -2.080278 0.059043
v 1.357461 -2.093492 0.056039
v 1.359097 -2.103520 0.043869
v 1.351518 -2.091091 0.040030
v 1.342558 -2.083772 0.042672
v 1.345787 -2.074671 0.051492
v 1.345733 -2.058387 0.065695
v 1.376981 -2.249916 -0.048641
v 1.353964 -2.247819 -0.056711
v 1.379554 -2.238642 -0.053526
v 1.385199 -2.241982 -0.043594
v -1.074130 0.000000 0.710346
v -1.088828 0.000000 0.718661
v -1.070517 0.000000 0.724909
v -1.059512 0.000083 0.718982
v -1.061616 0.000105 0.706048
v -1.063250 -0.007815 0.666103
v -1.070189 -0.032040 0.655587
v -1.073317 -0.005212 0.677840
v -1.071691 0.000000 0.688866
v -1.059204 0.000111 0.687009
v -1.055629 0.000144 0.671369
v -1.251545 -0.008857 0.764492
v -1.249949 -0.014842 0.775350
v -1.246250 -0.014318 0.786837
v -1.238641 -0.007623 0.794594
v -1.217933 0.000000 0.802387
v -1.232456 0.000000 0.782465
v -1.242732 0.000000 0.773283
v -1.247871 -2.331575 0.835518
v -1.236148 -2.331092 0.831528
v -1.442340 -2.327101 0.862362
v -1.443141 -2.331785 0.888714
v -1.441436 -2.332011 0.901112
v -1.450671 -2.323924 0.903559
v -1.453865 -2.311147 0.891702
v -1.453987 -2.322336 0.884973
v -1.314771 -0.838339 -0.036124
v -1.315666 -0.846901 -0.045444
v -1.320668 -0.861674 -0.064215
v -1.332078 -0.879318 -0.075974
v -1.325870 -0.861161 -0.044977
v -1.323063 -0.849881 -0.033209
v -1.307345 -0.812925 -0.012871
v -1.113797 -0.824542 -0.091842
v -1.115338 -0.839879 -0.095282
v -1.122169 -0.846728 -0.088564
v -1.119447 -0.838637 -0.080191
v -1.110215 -0.825327 -0.080085
v -1.386671 -2.223276 -0.042824
v -1.388802 -2.228946 -0.054495
v -1.382113 -2.237208 -0.062764
v -1.376009 -2.237208 -0.044943
v -1.374378 -2.237218 -0.032601
v -1.375092 -2.237231 -0.013852
v -1.384334 -2.229030 -0.026694
v -1.384438 -2.208646 -0.030459
v -1.156592 -2.237218 -0.079116
v -1.159070 -2.237208 -0.090828
v -0.585893 -0.007989 1.146881
v -0.574260 -0.012194 1.145168
v -0.571107 -0.004862 1.136333
v -0.583717 0.000153 1.130125
v -0.592984 -0.000000 1.138390
v -0.490456 -0.134593 1.116914
v -0.478216 -0.131135 1.117414
v -0.469018 -0.125390 1.111873
v -0.477559 -0.121316 1.103660
v -0.488273 -0.115198 1.099304
v -0.492975 -0.109521 1.109065
v -0.492934 -0.120611 1.117077
v -0.267402 -0.172312 0.976503
v -0.278482 -0.178074 0.981911
v -0.274880 -0.180832 0.993173
v -0.260708 -0.182301 0.991095
v -0.231866 -0.175810 1.013570
v -0.256886 -0.173961 0.982131
v -0.281231 -2.237208 1.072911
v -0.297043 -2.237208 1.078364
v -0.280818 -2.237208 1.053338
v -0.557649 -2.237664 1.219460
v -0.535910 -2.237386 1.215333
v -0.523446 -2.237208 1.212378
v -0.513872 -2.237208 1.220575
v -0.520258 -2.229155 1.227257
v -0.524104 -2.210170 1.226070
v -0.536296 -2.214812 1.224954
v -0.541475 -2.229342 1.225541
v -0.384858 -2.228736 1.269055
v -0.381311 -2.237208 1.261304
v -0.370149 -2.237208 1.265680
v -0.373690 -2.228743 1.273379
v 1.263950 -2.324068 0.632275
v 1.259792 -2.319588 0.643547
v 1.253369 -2.321352 0.659489
v 1.242879 -2.327554 0.659290
v 1.248170 -2.330311 0.640256
v 1.256297 -2.331785 0.630083
v 0.923459 -2.252037 0.891807
v 0.914443 -2.250677 0.899924
v 0.914835 -2.251567 0.883112
v 1.042808 -2.255135 1.024025
v 1.052856 -2.256523 1.017159
v 1.060304 -2.249181 1.023888
v 1.051548 -2.243845 1.031476
v 1.035252 -2.246708 1.035500
v 1.291986 -1.727002 0.335197
v 1.262580 -1.718812 0.334953
v 1.287608 -1.715069 0.343950
v 1.290717 -1.711051 0.358964
v 1.296793 -1.727064 0.346866
v 1.301059 -1.740701 0.335245
v 1.119232 -2.249607 -0.013526
v 1.147278 -2.251629 -0.006546
v 1.133667 -2.253034 0.002644
v 1.117072 -2.251268 0.000077
v -0.720484 -2.193958 -1.277100
v -0.712685 -2.199648 -1.284828
v -0.711142 -2.200733 -1.285983
v -0.695825 -2.206692 -1.252070
v -0.721798 -2.203391 -1.276461
v -0.745361 -2.208613 -1.259123
v -0.733217 -2.194403 -1.275179
v -0.625875 -2.183607 -1.119879
v -0.620456 -2.195011 -1.119098
v -0.623912 -2.202361 -1.127418
v -0.633562 -2.199568 -1.133959
v -0.640557 -2.193429 -1.124626
v -0.649791 -2.172352 -1.108003
v -0.636516 -2.175287 -1.114259
v -0.556792 -2.230912 -1.299050
v -0.534256 -2.233572 -1.329748
v -0.554775 -2.225508 -1.266022
v -0.647962 -2.237208 -1.122739
v -0.673230 -2.234564 -1.160074
v -0.639828 -2.237208 -1.107606
v -0.563875 -2.237208 -1.110741
v -0.583757 -2.229671 -1.149880
v -0.576550 -2.224959 -1.117604
v -0.551708 -2.226930 -1.109592
v -0.544672 -2.238205 -1.108861
v -0.725738 0.059087 -0.710876
v -0.718395 0.050706 -0.705211
v -0.725564 0.050706 -0.695509
v -0.732925 0.059086 -0.701453
v -0.804171 0.060420 -0.369614
v -0.810486 0.059278 -0.379380
v -0.796685 0.050706 -0.397803
v -0.798904 0.050706 -0.375049
v -0.732898 0.638702 -0.701567
v -0.729842 0.615125 -0.677815
v -0.724417 0.659980 -0.698931
v -0.719488 0.670675 -0.702881
v -0.720280 0.666523 -0.713322
v -0.718427 0.651481 -0.714905
v -0.725800 0.639945 -0.710841
v 0.636441 0.059102 -0.003669
v 0.628196 0.050581 0.005106
v 0.628109 0.050706 -0.010844
v 0.624435 0.050706 -0.039138
v 0.635773 0.059146 -0.015580
v 0.595736 0.058979 -0.332562
v 0.586447 0.050706 -0.338565
v 0.580224 0.050636 -0.348857
v 0.588585 0.058764 -0.353312
v 0.594415 0.066177 -0.343017
v 0.470961 0.050034 0.136240
v 0.471303 0.050706 0.124752
v 0.486536 0.050576 0.128004
v 0.472703 0.060178 0.134679
v 0.464772 0.058834 0.144272
v 0.472867 0.049826 0.154342
v 0.465045 0.070341 0.261960
v 0.466131 0.058558 0.268431
v 0.474226 0.049768 0.268677
v 0.472675 0.049847 0.253807
v 0.464772 0.058456 0.242185
v 0.464229 0.077871 0.241674
v 0.463217 0.093702 0.249648
v 0.463070 0.405426 -0.014875
v 0.464202 0.379223 -0.003213
v 0.464772 0.330659 0.020540
v 0.472818 0.349232 0.002965
v 0.474891 0.371164 -0.006997
v 0.472430 0.382095 -0.012184
v -1.189511 -1.077483 -0.358793
v -1.185681 -1.091533 -0.369921
v -1.188575 -1.107964 -0.376144
v -1.198525 -1.098905 -0.371185
v -1.199186 -1.090724 -0.361763
v -1.193815 -1.077030 -0.344133
v 0.395409 -2.216325 1.269051
v 0.389542 -2.228929 1.271130
v 0.391855 -2.237208 1.261196
v 0.400559 -2.237208 1.251887
v 0.414471 -2.237208 1.251353
v 0.413141 -2.229202 1.260922
v 0.406916 -2.218584 1.264083
v 0.641417 -1.915269 1.174199
v 0.631997 -1.907793 1.177702
v 0.620948 -1.906211 1.182397
v 0.618010 -1.920487 1.181846
v 0.619534 -1.937790 1.180533
v 0.630801 -1.931715 1.176419
v 0.644909 -1.927579 1.173027
v 0.659239 -1.535079 1.237425
v 0.670867 -1.530755 1.233627
v 0.679317 -1.520236 1.228483
v 0.694844 -1.490385 1.211938
v 0.669790 -1.508067 1.231509
v 0.655850 -1.470050 1.231658
v 0.659211 -1.521192 1.238173
v -1.387276 -1.103146 -0.415459
v -1.393299 -1.115252 -0.418795
v -1.397403 -1.105614 -0.407387
v -1.387753 -1.095029 -0.406148
v 0.288345 -2.237208 1.073021
v 0.289842 -2.237208 1.050705
v 1.023224 -1.189693 0.814101
v 1.017826 -1.175083 0.828341
v 1.015670 -1.164418 0.838910
v 1.021023 -1.174432 0.844103
v 1.022852 -1.187560 0.844825
v 1.027104 -1.186168 0.831807
v 0.976738 -1.054533 0.966428
v 0.980231 -1.068674 0.965339
v 0.986951 -1.067307 0.955224
v 0.981123 -1.056270 0.950763
v 0.974204 -1.048407 0.956611
v -0.617161 0.645702 -0.611898
v -0.613192 0.630909 -0.593602
v -0.611532 0.652666 -0.601910
v -0.602701 0.676209 -0.609104
v -0.609755 0.661818 -0.618389
v -0.620558 0.657432 -0.622899
v -0.644578 0.440703 -0.320825
v -0.646573 0.417091 -0.309341
v -0.646734 0.323445 -0.308963
v -0.647525 0.417788 -0.297012
v -0.646847 0.438775 -0.296054
v -0.645376 0.441713 -0.307821
v -0.615028 0.050706 -0.626433
v -0.629570 0.050706 -0.627596
v -0.623865 0.050706 -0.613994
v -0.625315 0.050706 -0.598677
v -0.625794 0.050706 -0.617603
v -0.618899 0.050706 -0.627407
v -0.600956 0.050706 -0.633191
v 0.444745 0.819180 -0.230742
v 0.441991 0.854223 -0.251419
v 0.436832 0.860957 -0.259828
v 0.417734 0.865422 -0.269719
v 0.428280 0.869339 -0.254042
v 0.433990 0.868014 -0.243522
v 0.434428 0.856386 -0.240231
v 0.559982 0.842104 -0.316908
v 0.552840 0.856145 -0.326694
v 0.544158 0.864208 -0.321752
v 0.551889 0.857122 -0.314740
v 0.623096 0.421622 -0.034893
v 0.627260 0.382756 -0.012515
v 0.628311 0.371713 -0.007246
v 0.636444 0.344839 -0.003911
v 0.635754 0.362713 -0.015727
v 0.635199 0.375420 -0.020118
v 0.633407 0.392765 -0.028027
v -0.639868 0.752908 -0.744786
v -0.647494 0.743418 -0.742597
v -0.650803 0.744335 -0.730814
v -0.642372 0.754920 -0.733864
v -0.627530 0.771074 -0.738644
v 0.013321 0.050706 -0.542782
v 0.009175 0.050486 -0.545171
v -0.015262 0.050414 -0.564011
v -0.020753 0.050706 -0.568302
v 0.004799 0.050706 -0.551556
v -0.224509 0.059091 -0.889343
v -0.206813 0.050706 -0.868501
v -0.226253 0.050706 -0.875757
v -0.237488 0.050706 -0.883058
v -0.236137 0.059106 -0.891715
v 0.079521 0.920723 -0.641275
v 0.078678 0.928665 -0.631804
v 0.080557 0.928665 -0.618057
v 0.092477 0.928528 -0.614736
v 0.105447 0.928131 -0.615752
v 0.097361 0.920600 -0.630065
v 0.095906 0.885413 -0.633056
v 0.085340 0.909273 -0.638331
v -0.248808 0.050706 -0.746149
v -0.249458 0.050414 -0.746646
v -0.261960 0.050385 -0.758301
v -0.266864 0.050706 -0.746422
v -0.271131 0.050706 -0.745143
v -0.259827 0.050706 -0.752743
v -0.475307 0.058757 -0.848919
v -0.471700 0.077300 -0.850907
v -0.460061 0.069365 -0.854912
v -0.452809 0.058965 -0.856104
v -0.445030 0.050706 -0.849210
v -0.462614 0.050706 -0.845052
v -0.485881 0.050706 -0.811799
v -0.485960 0.050706 -0.833831
v -0.381356 0.928665 -0.641365
v -0.385712 0.928490 -0.654739
v -0.397087 0.924234 -0.652733
v -0.413046 0.907489 -0.647945
v -0.404881 0.922103 -0.638337
v -0.403316 0.929129 -0.629340
v -0.389813 0.928665 -0.628107
v -0.446847 0.909775 -0.795906
v -0.442586 0.920969 -0.787446
v -0.431453 0.924977 -0.789639
v -0.434810 0.916963 -0.798135
v 0.095039 0.063971 -0.685857
v 0.105397 0.059223 -0.679469
v 0.135202 0.050438 -0.652583
v 0.101235 0.050706 -0.672411
v 0.091008 0.050706 -0.679189
v 0.083859 0.058996 -0.693476
v 0.303152 0.904351 -0.512322
v 0.292461 0.913080 -0.518279
v 0.288445 0.921244 -0.511115
v 0.296971 0.919529 -0.501963
v 0.316571 0.914678 -0.490663
v 0.312558 0.909471 -0.505137
v 0.214224 0.925030 -0.366762
v 0.266789 0.917794 -0.346143
v 0.225440 0.923099 -0.379165
v 0.216958 0.924688 -0.388062
v 0.208472 0.924951 -0.377451
v -0.168562 0.928665 0.396312
v -0.162253 0.936715 0.390403
v -0.171844 0.968298 0.383002
v -0.173722 0.936929 0.381378
v -0.178150 0.928665 0.388753
v -0.323276 0.928665 0.257121
v -0.313751 0.928665 0.271289
v -0.311212 0.936684 0.262441
v -0.315744 0.954395 0.251320
v -0.315610 0.936987 0.246999
v 0.187506 1.519457 0.381934
v 0.208043 1.511252 0.379886
v 0.210431 1.487290 0.378507
v 0.216506 1.486815 0.367881
v 0.216506 1.511100 0.365047
v 0.208072 1.519457 0.369302
v -0.697266 -0.422817 -0.773934
v -0.696776 -0.438968 -0.773427
v -0.704658 -0.435630 -0.764544
v -0.705211 -0.421692 -0.765023
v -0.714975 -1.287905 -0.810798
v -0.719672 -1.298760 -0.806248
v -0.726838 -1.285167 -0.796961
v -0.730017 -1.265025 -0.793204
v -0.724464 -1.240206 -0.794116
v -0.716850 -1.252595 -0.803375
v -0.715615 -1.276123 -0.806701
v -1.060507 0.050706 -0.524157
v -1.068140 0.042173 -0.527236
v -1.074661 0.033216 -0.520143
v -1.081597 0.041462 -0.512793
v -1.072738 0.050083 -0.510627
v -0.956754 0.050706 -0.467273
v -0.872298 -0.526917 -0.655902
v -0.875066 -0.542358 -0.653317
v -0.878368 -0.577754 -0.654528
v -0.886007 -0.544101 -0.645787
v -0.888547 -0.530972 -0.643157
v -0.887102 -0.507228 -0.646893
v -0.878211 -0.507181 -0.654870
v -0.665070 0.920300 0.093635
v -0.654267 0.928665 0.086146
v -0.652178 0.928665 0.072349
v -0.660764 0.920856 0.070032
v -0.660939 0.883660 0.056614
v -0.661788 0.900081 0.077068
v -0.663782 0.903381 0.088975
v -0.214266 0.928665 0.653817
v -0.227933 0.928665 0.648689
v -0.236944 0.920696 0.654815
v -0.236082 0.874769 0.656860
v -0.224161 0.920762 0.659209
v -0.776947 0.928665 0.506045
v -0.793521 0.920082 0.531259
v -0.787621 0.920243 0.540823
v -0.782517 0.928665 0.532745
v -1.326295 -1.516424 0.284468
v -1.329391 -1.533351 0.277854
v -1.328738 -1.546799 0.284872
v -1.328803 -1.537874 0.296731
v -1.328200 -1.523548 0.300982
v -1.325986 -1.508558 0.315072
v -1.324222 -1.508480 0.296034
v -1.253480 -1.159191 0.763120
v -1.255671 -1.161386 0.779352
v -1.250985 -1.158363 0.789690
v -1.245407 -1.147079 0.792495
v -1.248822 -1.135115 0.787885
v -1.252256 -1.132492 0.776791
v -1.252107 -1.146481 0.771816
v 1.080092 -1.205640 -0.016320
v 1.077740 -1.190701 -0.018791
v 1.075514 -1.178530 -0.015625
v 1.073070 -1.179212 -0.003959
v 1.072405 -1.189126 0.002785
v 1.075370 -1.198600 -0.004486
v 1.024596 -1.323492 0.261266
v 1.024294 -1.312716 0.255497
v 1.021809 -1.302113 0.260346
v 1.018875 -1.283955 0.271739
v 1.016965 -1.307719 0.273752
v 1.018360 -1.319813 0.273067
v 1.031824 -1.395134 0.275200
v 1.142196 -0.986550 -0.267259
v 1.144249 -0.999214 -0.269776
v 1.144460 -0.991027 -0.281267
v 1.144356 -0.976216 -0.281260
v 1.143504 -0.970534 -0.270471
v 1.197705 -1.493392 -0.300040
v 1.198065 -1.470469 -0.297728
v 1.198136 -1.481494 -0.286236
v 1.199274 -1.493589 -0.280980
v 1.200220 -1.505557 -0.281530
v 1.197427 -1.539093 -0.277961
v 1.200624 -1.555205 -0.286233
v 1.198431 -1.505351 -0.298140
v -0.003086 -0.678363 1.361714
v -0.002681 -0.690803 1.361563
v 0.008884 -0.688530 1.361429
v 0.008898 -0.674457 1.361792
v 0.008699 -1.286087 1.361831
v 0.007291 -1.261977 1.361426
v -0.004291 -1.267292 1.361400
v -0.006569 -1.285197 1.359864
v -0.004114 -1.296890 1.362570
v 0.007743 -1.300715 1.364837
v 0.613530 -0.801205 1.083095
v 0.585946 -0.780090 1.091908
v 0.577091 -0.771795 1.094079
v 0.567694 -0.758735 1.102591
v 0.579575 -0.780074 1.106930
v 0.590365 -0.790184 1.101747
v -1.231292 -1.293089 -0.562892
v -1.225019 -1.307905 -0.576507
v -1.246810 -1.295085 -0.561998
v -1.255058 -1.283381 -0.552090
v -1.245039 -1.276796 -0.553250
v -1.234427 -1.283320 -0.555550
v -0.916550 -1.577035 -0.674516
v -0.925715 -1.559755 -0.659826
v -0.911137 -1.561415 -0.666682
v -0.903851 -1.574696 -0.675944
v -0.910744 -1.585613 -0.681405
v 0.872544 -1.052099 0.854249
v 0.882440 -1.060043 0.851049
v 0.878981 -1.066156 0.841093
v 0.873032 -1.054819 0.837519
v 0.872986 -1.038231 0.838886
v 0.864852 -1.039461 0.847695
v 0.848458 -1.034619 0.859609
v 0.923191 -0.689071 0.527222
v 0.922804 -0.700072 0.532444
v 0.923454 -0.712131 0.527305
v 0.926266 -0.725077 0.515753
v 0.932944 -0.731834 0.501029
v 0.926393 -0.694636 0.515730
v 0.906633 -1.393824 0.525253
v 0.941869 -1.393470 0.532981
v 0.915834 -1.404221 0.515770
v 0.912443 -1.412744 0.507685
v 0.902682 -1.402516 0.502939
v 0.899021 -1.392060 0.508323
v 0.895871 -1.384123 0.520095
v 0.900773 -1.380208 0.538288
v -0.636592 -1.651647 -1.114106
v -0.637037 -1.639270 -1.111307
v -0.634360 -1.619843 -1.108362
v -0.626072 -1.639146 -1.118157
v -0.626253 -1.653721 -1.119904
v -0.769855 -1.776676 -0.845040
v -0.763818 -1.806799 -0.856551
v -0.762215 -1.817980 -0.861802
v -0.772563 -1.822470 -0.860322
v -0.779542 -1.812868 -0.856381
v -0.783661 -1.800632 -0.845578
v -0.777170 -1.788913 -0.839970
v -1.313206 -1.190423 -0.030848
v -1.311576 -1.178631 -0.027817
v -1.312839 -1.157348 -0.031098
v -1.315287 -1.179675 -0.042524
v -1.315972 -1.192095 -0.042553
v -1.236161 -1.204306 0.279867
v -1.234483 -1.192481 0.279635
v -1.235769 -1.192779 0.267738
v -1.237795 -1.204554 0.263169
v -1.239959 -1.218211 0.268618
v -0.499120 -1.450255 1.138170
v -0.499000 -1.463770 1.139191
v -0.487606 -1.468585 1.139653
v -0.486194 -1.456359 1.138720
v -0.488270 -1.399284 1.141411
v -0.357935 -0.731322 1.220666
v -0.353509 -0.717423 1.223039
v -0.352605 -0.705343 1.223684
v -0.358040 -0.693418 1.220501
v -0.369194 -0.706574 1.216668
v -0.370566 -0.718701 1.216553
v -0.368432 -0.774078 1.213978
v -0.939133 -1.837604 -1.002923
v -0.947975 -1.846272 -0.994838
v -0.948133 -1.820714 -0.993056
v -0.938755 -1.813531 -0.990622
v -0.932950 -1.823267 -0.995661
v -0.919941 -1.849052 -1.013364
v -1.107112 -2.209097 -0.887804
v -1.104897 -2.228938 -0.891067
v -1.103524 -2.237208 -0.882334
v -1.110805 -2.237208 -0.872325
v -1.130244 -2.237208 -0.849326
v -1.128178 -2.229141 -0.865903
v -1.123525 -2.219479 -0.870947
v -1.115862 -2.214702 -0.879144
v 1.111148 -2.291754 0.278038
v 1.108698 -2.292640 0.289736
v 0.394440 -0.547950 1.216504
v 0.398575 -0.523216 1.210443
v 0.387001 -0.502443 1.206176
v 0.379244 -0.493171 1.208264
v 0.358734 -0.469534 1.219638
v 0.376129 -0.496961 1.218914
v 0.374524 -0.510725 1.219207
v 0.381897 -0.522184 1.217290
v -1.393261 -1.305895 -0.405113
v -1.391008 -1.293682 -0.400036
v -1.389033 -1.279400 -0.393851
v -1.391555 -1.273797 -0.404584
v -1.387956 -1.284601 -0.415806
v -1.376465 -1.296360 -0.429137
v -1.383632 -1.305088 -0.423416
v -1.390704 -1.312210 -0.416276
v 1.025728 -0.972791 0.270662
v 1.025374 -0.997313 0.276770
v 1.028318 -1.023502 0.270775
v 1.031586 -1.031969 0.259406
v 1.031523 -1.019226 0.257261
v 1.029765 -0.998210 0.259106
v 0.877332 -0.783141 -0.879651
v 0.875937 -0.795985 -0.882580
v 0.865410 -0.801733 -0.888023
v 0.858033 -0.792224 -0.888936
v 0.865129 -0.781908 -0.888064
v 0.873343 -0.757354 -0.880255
v 1.071982 -0.735208 -0.613728
v 1.070877 -0.745880 -0.619227
v 1.068199 -0.755610 -0.627307
v 1.062060 -0.762159 -0.637703
v 1.061211 -0.735813 -0.641125
v 1.062630 -0.722965 -0.638179
v 1.067947 -0.722257 -0.627661
v 0.543794 -0.655624 -0.928101
v 0.541500 -0.667546 -0.928355
v 0.529882 -0.659919 -0.929282
v 0.528542 -0.626307 -0.929080
v 0.540479 -0.632972 -0.926413
v 0.527530 -0.993796 -0.900097
v 0.527856 -1.017924 -0.902769
v 0.515464 -1.011168 -0.904542
v 0.513298 -0.990593 -0.902695
v 0.515295 -0.951208 -0.903667
v 0.525915 -0.980980 -0.900799
v 0.265396 -1.448708 -1.009457
v 0.258942 -1.438530 -1.008637
v 0.264270 -1.428416 -1.005383
v 0.276053 -1.417841 -1.002835
v 0.278341 -1.438154 -1.004623
v 0.277200 -1.452263 -1.007219
v 0.254196 0.000518 -0.975786
v 0.184458 0.011580 -0.987032
v 0.259395 0.006995 -0.966775
v 0.271956 -0.001799 -0.970278
v 0.288634 -0.075855 -0.968397
v 0.267255 -0.039792 -0.973011
v 0.255635 -0.051594 -0.975581
v 0.538403 -0.141497 0.900212
v 0.534511 -0.130076 0.899942
v 0.522942 -0.128706 0.903400
v 0.521194 -0.141004 0.905554
v 0.524297 -0.156742 0.905133
v 0.535703 -0.157884 0.901616
v 0.542079 -0.765056 0.908939
v 0.530320 -0.758219 0.912431
v 0.533893 -0.771006 0.919824
v 0.542496 -0.779077 0.917698
v 0.548829 -0.775309 0.907714
v 0.854322 -0.608417 0.842198
v 0.856662 -0.620757 0.841914
v 0.864892 -0.618629 0.833540
v 0.864703 -0.606797 0.831252
v 0.862682 -0.583449 0.832028
v 0.855178 -0.589175 0.841141
v 0.976837 -1.247121 0.963462
v 0.983455 -1.240206 0.953443
v 0.981802 -1.226918 0.952435
v 0.975145 -1.233141 0.962278
v -0.924884 -2.237208 -1.011839
v -0.930968 -2.237208 -0.996569
v -0.936908 -2.237208 -0.985553
v -0.949136 -2.237208 -0.984126
v -0.947330 -2.229168 -0.995265
v -0.938679 -2.230130 -1.003522
v -0.874505 -2.231223 -1.088372
v -1.266983 -2.237208 -0.379967
v -1.263202 -2.237208 -0.391403
v -1.253310 -2.237208 -0.382536
v 0.013080 -1.589213 -1.149550
v 0.001110 -1.573464 -1.148126
v 0.001775 -1.556217 -1.144396
v 0.013090 -1.547677 -1.141994
v 0.014179 -1.560782 -1.146002
v 0.393347 -1.671584 1.297799
v 0.406604 -1.687253 1.294110
v 0.417513 -1.696851 1.288984
v 0.421398 -1.683637 1.289031
v 0.418119 -1.671824 1.290476
v 0.406213 -1.668390 1.292707
v 0.009542 -2.237208 1.252863
v -0.002429 -2.237208 1.252863
v 0.009228 -2.229194 1.448057
v -0.002769 -2.223811 1.447723
v -0.014897 -2.228892 1.442023
v -0.017158 -2.237208 1.432047
v -0.002571 -2.237208 1.431950
v 0.009824 -2.237208 1.431518
v 0.024271 -2.237208 1.432107
v -0.386629 -1.913022 1.268509
v -0.384839 -1.936778 1.269061
v -0.373690 -1.922869 1.273379
v -0.370353 -1.910573 1.274947
v -0.373409 -1.898836 1.271604
v -0.384407 -1.900317 1.267470
v -0.017314 -0.121967 1.368777
v -0.007248 -0.127090 1.385428
v -0.001348 -0.138821 1.388740
v 0.010659 -0.133374 1.388921
v 0.009477 -0.121793 1.382259
v -0.002159 -0.118828 1.370139
v 0.312489 0.093334 -0.554773
v 0.323768 0.067477 -0.549488
v 0.329271 0.055471 -0.546098
v 0.340223 0.047455 -0.526790
v 0.317188 0.047393 -0.545246
v 0.311183 0.056221 -0.557790
v 0.586972 0.563449 -0.351875
v 0.593570 0.550983 -0.342708
v 0.594336 0.537456 -0.343644
v 0.588363 0.526101 -0.353477
v 0.587166 0.546608 -0.353697
v 0.273494 -0.480860 1.016396
v 0.279065 -0.494481 1.022587
v 0.287555 -0.503738 1.021912
v 0.299154 -0.518923 1.013969
v 0.286694 -0.496819 1.010377
v 0.284148 -0.480033 1.010506
v -0.460376 0.477898 -0.854860
v -0.471612 0.484284 -0.850956
v -0.488127 0.509664 -0.841241
v -0.470861 0.504812 -0.849448
v -0.458832 0.513255 -0.851484
v -0.458119 0.490226 -0.854484
v -0.590404 0.930331 -0.566026
v -0.581272 0.938663 -0.571776
v -0.582760 0.931207 -0.580801
v -0.591032 0.916358 -0.572681
v -0.236186 0.345160 -0.891707
v -0.238840 0.362044 -0.891270
v -0.235672 0.373882 -0.891044
v -0.224156 0.385797 -0.886976
v -0.223170 0.365182 -0.888015
v -0.224458 0.350750 -0.889311
v 0.622478 0.058689 0.134413
v 0.626611 0.048549 0.128524
v 0.634679 0.056765 0.126141
v 0.625762 0.078790 0.125277
v -0.297290 1.519457 -0.080847
v -0.305800 1.511400 -0.079810
v -0.305800 1.495779 -0.074953
v -0.305995 1.495185 -0.062552
v -0.306153 1.511109 -0.057456
v -0.297524 1.519457 -0.066873
v -0.005909 1.510907 0.496009
v 0.006237 1.510821 0.496399
v 0.000341 1.519457 0.490338
v -0.309177 1.511140 0.264202
v -0.304823 1.519457 0.257325
v -0.292752 1.519457 0.233718
v -0.306797 1.519457 0.232835
v -0.315767 1.511443 0.252059
v -0.310628 1.478173 0.262946
v 0.228156 0.920777 0.656455
v 0.239771 0.907789 0.652749
v 0.245069 0.920750 0.649912
v 0.238365 0.928665 0.643505
v 0.226120 0.928665 0.641650
v 0.218849 0.928665 0.651355
v 0.628040 -2.229037 1.172483
v 0.616840 -2.228803 1.176678
v 0.614726 -2.237208 1.168777
v 0.625407 -2.237448 1.162274
v 0.648030 -2.238353 1.157124
v 0.561453 -2.237437 0.949104
v 0.554514 -2.237208 0.968305
v 0.548860 -2.237208 0.952820
v 1.080123 -1.712238 0.286517
v 1.090536 -1.727936 0.286785
v 1.094974 -1.737297 0.280131
v 1.094489 -1.753314 0.266046
v 1.087158 -1.733017 0.270800
v 1.085424 -1.721804 0.275152
v 1.179924 -1.544249 -0.022235
v 1.175544 -1.538422 -0.010309
v 1.176898 -1.550772 -0.006385
v 1.178313 -1.562194 -0.010171
v 1.180840 -1.556386 -0.022298
v 1.011525 -1.628238 -0.602683
v 1.006456 -1.608661 -0.604066
v 1.007619 -1.596411 -0.600207
v 1.013428 -1.594006 -0.589715
v 1.014721 -1.605586 -0.586943
v 1.015054 -1.623205 -0.590989
v -0.522070 -1.814957 1.224973
v -0.521346 -1.790289 1.218803
v -0.534237 -1.800378 1.222089
v -0.550345 -1.797142 1.225718
v -0.535985 -1.820385 1.224919
v -0.524249 -1.827689 1.226025
v -1.452083 -1.882748 -0.431187
v -1.453103 -1.896971 -0.431084
v -1.455519 -1.900777 -0.419857
v -1.454776 -1.887722 -0.415787
v -1.454695 -1.875620 -0.419519
v -1.446482 -2.237208 -0.417941
v -1.455525 -2.228785 -0.419889
v -1.452822 -2.228827 -0.431460
v -1.443495 -2.237208 -0.429663
v -0.347702 -1.512341 1.181287
v -0.337169 -1.502081 1.185858
v -0.346939 -1.494996 1.179278
v -0.358107 -1.497162 1.174751
v -0.360919 -1.508764 1.175263
v -0.360010 -1.530919 1.181080
v -0.008506 -1.576510 1.443113
v -0.002100 -1.585651 1.448038
v 0.009507 -1.593423 1.447927
v 0.016340 -1.582472 1.445388
v 0.009716 -1.568521 1.446522
v -0.002128 -1.565578 1.444510
v -0.804000 0.004280 0.527493
v -0.809489 0.004201 0.539629
v -0.913639 0.002511 0.609037
v -0.805993 0.004204 0.552780
v -0.794128 0.004199 0.569158
v -0.788585 0.005279 0.552194
v -0.789466 0.013850 0.543704
v -0.790752 0.041807 0.542876
v -0.797119 0.034746 0.532878
v -0.796602 0.012879 0.530783
v -0.447327 0.057807 0.625588
v -0.451539 0.048914 0.632692
v -0.452935 0.046171 0.659579
v -0.437242 0.049711 0.636532
v -0.434310 0.058247 0.629158
v -0.434366 0.107262 0.627235
v 0.589486 -1.708972 -1.033898
v 0.587536 -1.684078 -1.032223
v 0.587613 -1.669281 -1.029562
v 0.599741 -1.675040 -1.027631
v 0.600325 -1.687169 -1.028816
v 1.073330 -1.673679 0.325660
v 1.064017 -1.662204 0.322169
v 1.057970 -1.648596 0.330961
v 1.066710 -1.658234 0.336642
v 1.076803 -1.664711 0.333674
v -0.767512 -2.229141 -1.229836
v -0.756293 -2.234251 -1.230279
v -0.763465 -2.237208 -1.220893
v -0.268184 -1.873816 -1.096559
v -0.278539 -1.902575 -1.098569
v -0.280457 -1.920905 -1.098714
v -0.292265 -1.919685 -1.097198
v -0.328519 -1.946157 -1.099211
v -0.295821 -1.902515 -1.097400
v -0.301277 -1.883682 -1.096026
v -0.291075 -1.878127 -1.092742
v -0.278763 -1.871237 -1.091408
v -0.293298 -2.275833 -1.103549
v -0.281428 -2.277847 -1.105097
v 1.160666 -2.237527 -0.145224
v 1.157446 -2.221192 -0.136936
v 1.163881 -2.225665 -0.127661
v 1.179279 -2.228570 -0.124689
v 1.155193 -2.238523 -0.128977
v 1.214626 -2.237681 -0.297821
v 1.212043 -2.212775 -0.296986
v 1.213805 -2.237222 -0.285079
v -0.951812 -1.542690 1.265816
v -0.952346 -1.555087 1.266736
v -0.941215 -1.572718 1.270889
v -0.928885 -1.569938 1.269491
v -0.940974 -1.548105 1.270046
v -1.341945 -1.389860 0.843865
v -1.346639 -1.393366 0.833442
v -1.349574 -1.405229 0.834725
v -1.345965 -1.416399 0.846203
v -1.339321 -1.407766 0.851528
v -1.332834 -1.397558 0.856990
v -1.384443 -1.678090 -0.042565
v -1.386630 -1.691202 -0.046427
v -1.386621 -1.702631 -0.042555
v -1.384493 -1.696665 -0.030765
v -1.380586 -1.677413 -0.019743
v -1.381147 -1.672655 -0.030859
v -1.021003 -0.457910 0.269001
v -1.021873 -0.475209 0.266565
v -1.034016 -0.501360 0.253581
v -1.031994 -0.482471 0.271119
v -1.028744 -0.473163 0.279088
v -1.020987 -0.458440 0.281243
v -0.918432 -1.083071 -0.694905
v -0.914732 -1.103097 -0.698850
v -0.919246 -1.126331 -0.696202
v -0.927262 -1.096965 -0.687403
v -0.929159 -1.084036 -0.686146
v -0.927398 -1.065891 -0.687472
v -0.570306 -0.662990 -1.009699
v -0.570390 -0.688501 -1.009310
v -0.581178 -0.695016 -1.004619
v -0.580756 -0.664972 -1.003758
v -0.583884 -0.643803 -0.998957
v -0.581959 -0.629700 -1.006914
v -0.571186 -0.635166 -1.011673
v -1.082882 -1.263686 -0.463225
v -1.081603 -1.244548 -0.455470
v -1.071329 -1.256817 -0.465964
v -1.067321 -1.267483 -0.470448
v -1.077782 -1.272828 -0.469029
v 0.506961 0.048901 0.595276
v 0.515539 0.048656 0.586234
v 0.507597 0.049765 0.575395
v 0.499529 0.058326 0.575570
v 0.493430 0.058193 0.585994
v 0.494761 0.049776 0.594158
v 0.497907 0.546047 0.574583
v 0.491717 0.549256 0.584486
v 0.493369 0.526137 0.585461
v 0.493532 0.501341 0.585952
v 0.499568 0.505750 0.575923
v 0.499126 0.526085 0.575380
v 1.000331 -2.292521 0.551132
v 1.012261 -2.294540 0.558186
v 0.995247 -2.291786 0.565643
v -0.899892 -1.251571 1.226079
v -0.907778 -1.233961 1.226734
v -0.910119 -1.217687 1.227399
v -0.921111 -1.228852 1.222933
v -0.935294 -1.237612 1.208533
v -0.922620 -1.243913 1.224825
v -0.912191 -1.253799 1.229619
v 1.002401 -0.005781 0.005515
v 1.005293 -0.005819 -0.006103
v 0.997897 0.002896 -0.009802
v 0.994645 0.002962 0.001971
v 0.802359 0.003383 0.803503
v 0.792435 -0.004245 0.814783
v 0.811999 -0.008109 0.809881
v 0.819961 -0.005228 0.800741
v 0.812337 0.002904 0.795689
v -1.140678 -2.238989 0.305749
v -1.160447 -2.237730 0.294212
v -1.126444 -2.240583 0.313567
v -1.056530 -0.014694 -0.067242
v -1.055100 -0.004396 -0.059869
v -1.047402 0.003952 -0.063362
v -1.041794 0.004830 -0.074086
v -1.052109 0.005334 -0.082274
v -1.061765 -0.002541 -0.084078
v -1.060208 -0.015659 -0.079185
v -0.678877 0.006010 0.096007
v -0.668052 0.014530 0.088303
v -0.666080 0.015231 0.076522
v -0.673867 0.006869 0.073441
v -0.681429 0.006048 0.083431
v 1.369562 -2.264844 0.042923
v 1.368738 -2.267807 0.054845
v 1.360260 -2.276052 0.052863
v 1.361198 -2.273414 0.041076
v -0.518214 -2.237208 0.997240
v -0.530181 -2.237382 0.997017
v -0.647718 0.057577 -0.293748
v -0.647541 0.081252 -0.296585
v -0.646749 0.058942 -0.308803
v -0.654446 0.050706 -0.313045
v -0.680270 0.050230 -0.312928
v -0.667091 0.049363 -0.299026
v -0.655759 0.049001 -0.291704
v -0.027664 -2.259722 -1.176281
v -0.023198 -2.298748 -1.178928
v -1.049410 -1.574321 -0.834031
v -1.046414 -1.585364 -0.844686
v -1.057688 -1.588598 -0.844784
v -1.064595 -1.572909 -0.834770
v -1.089224 -1.537319 -0.799501
v -1.057207 -1.565687 -0.829613
v -0.572170 -1.282699 -1.018307
v -0.577527 -1.298773 -1.022913
v -0.586305 -1.282993 -1.014060
v -0.585358 -1.271167 -1.012482
v -0.574516 -1.270742 -1.017405
v -0.884479 -2.247622 1.077425
v -0.890819 -2.247432 1.087787
v -0.899743 -2.249121 1.076189
v 0.868168 -1.651787 -0.890552
v 0.862461 -1.634796 -0.890963
v 0.862910 -1.622354 -0.889236
v 0.865138 -1.602148 -0.886491
v 0.875367 -1.590218 -0.881263
v 0.875720 -1.619986 -0.878429
v 0.875170 -1.632169 -0.880962
v -0.007650 0.920741 0.747208
v -0.005865 0.884314 0.748888
v 0.006207 0.884964 0.748837
v 0.007968 0.920569 0.747081
v 0.005986 0.928665 0.738566
v -0.005985 0.928665 0.738595
v -1.020998 -0.008366 0.281338
v -1.014091 0.000141 0.291878
v -1.010442 0.000183 0.277277
v -1.013161 0.000210 0.264789
v -1.020962 -0.008324 0.269402
v -1.357135 -2.229514 0.301912
v -1.356669 -2.228581 0.289937
v -1.348365 -2.237231 0.290098
v -1.348846 -2.238173 0.302028
v 0.434666 0.910891 0.256446
v 0.433305 0.920571 0.244207
v 0.424628 0.928665 0.238190
v 0.425170 0.928665 0.252287
v 0.435196 0.920620 0.264351
v -0.962675 -2.237208 -0.725696
v -0.952224 -2.237208 -0.696108
v -0.772293 -2.237208 -0.847841
v -0.764600 -2.237208 -0.857013
v -0.003744 0.017830 -1.037586
v 0.001713 0.026100 -1.029725
v 0.008629 0.017075 -1.036460
v -0.252919 -1.254358 -0.967171
v -0.253122 -1.266284 -0.968119
v -0.265089 -1.266515 -0.968125
v -0.268496 -1.254714 -0.967429
v -0.265002 -1.235841 -0.967325
v -0.939083 -2.237680 1.262463
v -0.941438 -2.229370 1.270915
v -0.952604 -2.216057 1.266459
v -0.956654 -2.230581 1.263911
v -0.974033 -2.243899 1.242463
v -0.950151 -2.239159 1.256512
v 0.589486 -2.333106 -1.033898
v 0.600325 -2.304744 -1.028816
v 0.601310 -2.333106 -1.030822
v -0.880017 -0.459915 1.212550
v -0.902310 -0.471095 1.216566
v -0.914059 -0.480657 1.213681
v -0.916191 -0.495496 1.213119
v -0.915236 -0.512107 1.214579
v -0.904329 -0.505402 1.219151
v -0.900538 -0.493872 1.218010
v -0.864379 -0.000000 1.143996
v -0.867447 -0.007753 1.153814
v -0.856332 -0.007850 1.158071
v -0.853234 -0.000000 1.148919
v 0.959079 -2.333106 -0.986271
v 0.964473 -2.300413 -0.974742
v 0.968876 -2.331822 -0.979505
v 0.302948 -2.295149 -1.146127
v 0.319689 -2.244246 -1.134007
v 0.286945 -2.298243 -1.150253
v 1.114565 -2.060711 -0.013943
v 1.116197 -2.035274 -0.013389
v 1.113165 -2.045016 -0.000983
v 1.120098 -2.059729 -0.000493
v 1.121765 -2.068938 -0.007995
v 1.125182 -2.265629 -0.673967
v 1.129324 -2.264034 -0.662657
vt 0.343227 0.489976
vt 0.341441 0.491500
vt 0.316036 0.491655
vt 0.316406 0.490665
vt 0.344383 0.489711
vt 0.312748 0.437456
vt 0.313679 0.436783
vt 0.345333 0.491041
vt 0.377620 0.477465
vt 0.378341 0.478864
vt 0.344480 0.492028
vt 0.381372 0.520211
vt 0.379430 0.520593
vt 0.342855 0.492321
vt 0.330351 0.522810
vt 0.328405 0.522788
vt 0.308489 0.508024
vt 0.308213 0.506627
vt 0.330608 0.524090
vt 0.380437 0.521720
vt 0.330269 0.526161
vt 0.389475 0.585183
vt 0.388896 0.586980
vt 0.328802 0.529175
vt 0.342302 0.586051
vt 0.340807 0.585985
vt 0.326972 0.524596
vt 0.324564 0.582706
vt 0.323681 0.577972
vt 0.325293 0.523708
vt 0.302450 0.526606
vt 0.301669 0.525705
vt 0.325371 0.522366
vt 0.299490 0.521461
vt 0.296324 0.520640
vt 0.307391 0.508458
vt 0.385260 0.520039
vt 0.383453 0.519094
vt 0.417174 0.463840
vt 0.419744 0.462534
vt 0.393558 0.517501
vt 0.455756 0.478865
vt 0.447795 0.485966
vt 0.382233 0.521254
vt 0.425072 0.507422
vt 0.425584 0.509903
vt 0.391498 0.584988
vt 0.379623 0.478435
vt 0.231566 0.363533
vt 0.231063 0.362179
vt 0.249831 0.352671
vt 0.250404 0.353849
vt 0.231559 0.365048
vt 0.279664 0.394545
vt 0.279441 0.396016
vt 0.229963 0.364245
vt 0.234592 0.395199
vt 0.232318 0.394386
vt 0.229989 0.362645
vt 0.209896 0.371108
vt 0.209330 0.369472
vt 0.202885 0.300645
vt 0.204107 0.300396
vt 0.280349 0.396383
vt 0.283492 0.397616
vt 0.269389 0.400819
vt 0.269596 0.400175
vt 0.237335 0.395254
vt 0.282770 0.395761
vt 0.260152 0.364920
vt 0.285353 0.396903
vt 0.287792 0.394968
vt 0.289627 0.395920
vt 0.285306 0.399123
vt 0.305371 0.424265
vt 0.311242 0.434652
vt 0.284508 0.403959
vt 0.295704 0.463719
vt 0.294668 0.465756
vt 0.280649 0.466709
vt 0.279766 0.461279
vt 0.438030 0.332347
vt 0.437498 0.331057
vt 0.451999 0.306283
vt 0.452777 0.306944
vt 0.438516 0.333752
vt 0.453160 0.328040
vt 0.452628 0.329570
vt 0.437083 0.334660
vt 0.450183 0.340059
vt 0.449916 0.341416
vt 0.435558 0.334774
vt 0.444008 0.368742
vt 0.442896 0.371618
vt 0.435015 0.333500
vt 0.394074 0.360877
vt 0.394328 0.358766
vt 0.435757 0.332267
vt 0.416786 0.324335
vt 0.418183 0.323891
vt 0.440387 0.313120
vt 0.441530 0.312170
vt 0.416972 0.323061
vt 0.415567 0.323182
vt 0.418375 0.306288
vt 0.419326 0.306228
vt 0.439675 0.312205
vt 0.415122 0.324407
vt 0.391700 0.359341
vt 0.412803 0.323188
vt 0.379445 0.323998
vt 0.379627 0.322653
vt 0.378397 0.305388
vt 0.380719 0.305136
vt 0.506185 0.327919
vt 0.507375 0.327952
vt 0.509460 0.369604
vt 0.507815 0.369679
vt 0.506328 0.326549
vt 0.478744 0.342052
vt 0.480372 0.339677
vt 0.507056 0.326634
vt 0.504873 0.311625
vt 0.506705 0.311622
vt 0.534065 0.338716
vt 0.535786 0.341061
vt 0.477915 0.340520
vt 0.476580 0.340698
vt 0.472863 0.320763
vt 0.473711 0.320391
vt 0.502684 0.312178
vt 0.478285 0.343459
vt 0.506624 0.370474
vt 0.476939 0.342400
vt 0.474481 0.373192
vt 0.472892 0.372098
vt 0.474406 0.341063
vt 0.451975 0.341839
vt 0.451589 0.340476
vt 0.453844 0.329233
vt 0.455199 0.328509
vt 0.472584 0.374370
vt 0.474366 0.379214
vt 0.478012 0.476374
vt 0.476493 0.470559
vt 0.471727 0.373113
vt 0.445287 0.373373
vt 0.445048 0.372043
vt 0.451107 0.343131
vt 0.474637 0.374520
vt 0.507816 0.371698
vt 0.503707 0.469630
vt 0.503668 0.474165
vt 0.509521 0.371726
vt 0.510661 0.370532
vt 0.544137 0.375311
vt 0.544060 0.376690
vt 0.505047 0.469945
vt 0.536409 0.342494
vt 0.503351 0.504018
vt 0.501652 0.503029
vt 0.528994 0.480361
vt 0.530100 0.481282
vt 0.502686 0.505378
vt 0.545860 0.509358
vt 0.546687 0.510869
vt 0.501510 0.508071
vt 0.529750 0.567274
vt 0.529148 0.569754
vt 0.499162 0.509059
vt 0.499446 0.566742
vt 0.497966 0.567041
vt 0.498375 0.505052
vt 0.474820 0.575501
vt 0.474342 0.571995
vt 0.496385 0.503908
vt 0.464490 0.508941
vt 0.464192 0.507632
vt 0.495804 0.501530
vt 0.457097 0.479794
vt 0.458177 0.478575
vt 0.499413 0.502912
vt 0.477604 0.477900
vt 0.479169 0.477815
vt 0.503351 0.475490
vt 0.504481 0.475702
vt 0.456765 0.477153
vt 0.455269 0.473577
vt 0.443254 0.372984
vt 0.445533 0.379405
vt 0.476916 0.476363
vt 0.455495 0.479943
vt 0.461911 0.507681
vt 0.428638 0.507788
vt 0.455743 0.476885
vt 0.420183 0.461953
vt 0.393852 0.365728
vt 0.393615 0.362205
vt 0.565686 0.346635
vt 0.566502 0.345507
vt 0.585753 0.376453
vt 0.584417 0.377471
vt 0.564598 0.345509
vt 0.547222 0.375604
vt 0.545719 0.374688
vt 0.565030 0.344059
vt 0.537604 0.341438
vt 0.539673 0.340220
vt 0.566220 0.344013
vt 0.565626 0.326440
vt 0.566720 0.326057
vt 0.591009 0.336941
vt 0.592570 0.337798
vt 0.543885 0.381207
vt 0.504636 0.474393
vt 0.547044 0.376921
vt 0.585031 0.379067
vt 0.545912 0.378731
vt 0.570232 0.431191
vt 0.569711 0.434247
vt 0.531814 0.477307
vt 0.530229 0.478999
vt 0.537760 0.339472
vt 0.536484 0.339309
vt 0.545490 0.282640
vt 0.546562 0.282790
vt 0.565568 0.324864
vt 0.507597 0.310753
vt 0.556475 0.479689
vt 0.555454 0.479437
vt 0.568654 0.437230
vt 0.570008 0.437038
vt 0.557774 0.481885
vt 0.585289 0.493126
vt 0.585836 0.495144
vt 0.556043 0.482388
vt 0.585219 0.521818
vt 0.583229 0.522250
vt 0.555107 0.480500
vt 0.549931 0.509762
vt 0.547831 0.508729
vt 0.531294 0.480432
vt 0.531982 0.478962
vt 0.548992 0.511294
vt 0.585476 0.524463
vt 0.531401 0.567591
vt 0.650102 0.336256
vt 0.648605 0.338794
vt 0.660000 0.231579
vt 0.661452 0.228525
vt 0.650423 0.338516
vt 0.679919 0.276123
vt 0.679587 0.279278
vt 0.651111 0.339687
vt 0.677096 0.336042
vt 0.677599 0.337350
vt 0.649315 0.339752
vt 0.711260 0.392460
vt 0.708959 0.392462
vt 0.621451 0.345789
vt 0.621724 0.344112
vt 0.715516 0.393565
vt 0.713532 0.392878
vt 0.703198 0.330024
vt 0.704362 0.329858
vt 0.717754 0.392491
vt 0.735147 0.329191
vt 0.736294 0.329032
vt 0.719599 0.392537
vt 0.763525 0.332533
vt 0.764701 0.332786
vt 0.792945 0.340129
vt 0.725165 0.394001
vt 0.147119 0.390478
vt 0.148008 0.394031
vt 0.724253 0.393977
vt 0.792020 0.398195
vt 0.723932 0.395710
vt 0.781011 0.415310
vt 0.775583 0.414849
vt 0.717262 0.394417
vt 0.749454 0.412593
vt 0.745892 0.411828
vt 0.713880 0.394792
vt 0.710902 0.407567
vt 0.709584 0.407542
vt 0.710523 0.394605
vt 0.677270 0.403774
vt 0.673375 0.403711
vt 0.709907 0.394535
vt 0.652243 0.392637
vt 0.650425 0.392527
vt 0.622570 0.348098
vt 0.678880 0.337163
vt 0.736660 0.327844
vt 0.736719 0.325286
vt 0.773334 0.257284
vt 0.773201 0.260050
vt 0.763677 0.331574
vt 0.735097 0.328054
vt 0.704076 0.328762
vt 0.735579 0.325925
vt 0.712338 0.256559
vt 0.712787 0.254053
vt 0.743994 0.254885
vt 0.745064 0.254955
vt 0.702754 0.329033
vt 0.678345 0.335874
vt 0.703133 0.326991
vt 0.680693 0.278803
vt 0.680869 0.276138
vt 0.711410 0.254637
vt 0.620830 0.341832
vt 0.620203 0.343942
vt 0.601416 0.272381
vt 0.601793 0.269460
vt 0.622251 0.339114
vt 0.630444 0.260859
vt 0.631604 0.260142
vt 0.659855 0.228509
vt 0.622971 0.351660
vt 0.647607 0.392246
vt 0.620364 0.346882
vt 0.632516 0.390837
vt 0.630348 0.390320
vt 0.620078 0.345453
vt 0.588031 0.378072
vt 0.587507 0.376431
vt 0.593805 0.337671
vt 0.593947 0.336597
vt 0.588928 0.610663
vt 0.586775 0.610108
vt 0.624153 0.533702
vt 0.626036 0.534033
vt 0.587984 0.614577
vt 0.655048 0.542769
vt 0.653936 0.545788
vt 0.630532 0.598436
vt 0.576014 0.614427
vt 0.442864 0.588412
vt 0.449094 0.587165
vt 0.580622 0.614093
vt 0.473558 0.577699
vt 0.479934 0.578978
vt 0.584421 0.613577
vt 0.552916 0.590416
vt 0.554772 0.590110
vt 0.586803 0.527938
vt 0.588703 0.525100
vt 0.477574 0.577484
vt 0.477406 0.576322
vt 0.526000 0.570505
vt 0.529414 0.570975
vt 0.551198 0.589082
vt 0.473285 0.576381
vt 0.447331 0.584997
vt 0.462827 0.512990
vt 0.498737 0.567541
vt 0.553388 0.589028
vt 0.584870 0.527365
vt 0.530374 0.570402
vt 0.589316 0.523856
vt 0.623922 0.531882
vt 0.587509 0.523114
vt 0.587382 0.495794
vt 0.613099 0.503694
vt 0.614496 0.504435
vt 0.613951 0.502375
vt 0.587375 0.494101
vt 0.615937 0.498351
vt 0.630079 0.396539
vt 0.631880 0.394744
vt 0.615815 0.502584
vt 0.641220 0.437844
vt 0.641010 0.441572
vt 0.621841 0.503058
vt 0.647099 0.497699
vt 0.647291 0.499144
vt 0.616166 0.504072
vt 0.644462 0.505107
vt 0.643519 0.506461
vt 0.625910 0.531353
vt 0.764955 0.329789
vt 0.774587 0.257818
vt 0.765018 0.331738
vt 0.798413 0.285970
vt 0.797965 0.288576
vt 0.793985 0.339271
vt 0.795386 0.339421
vt 0.798657 0.290326
vt 0.827495 0.337616
vt 0.138006 0.388677
vt 0.217450 0.402903
vt 0.218519 0.402405
vt 0.231407 0.396416
vt 0.229083 0.397497
vt 0.215202 0.403768
vt 0.211682 0.421051
vt 0.208856 0.425470
vt 0.215817 0.403519
vt 0.181331 0.417365
vt 0.180743 0.417599
vt 0.216334 0.401826
vt 0.179160 0.374505
vt 0.180360 0.373834
vt 0.208770 0.371281
vt 0.211240 0.374575
vt 0.179328 0.372947
vt 0.178254 0.373107
vt 0.145598 0.297858
vt 0.147114 0.298214
vt 0.207664 0.369698
vt 0.177566 0.374688
vt 0.178781 0.416989
vt 0.149258 0.389504
vt 0.148359 0.387685
vt 0.206767 0.366747
vt 0.147012 0.296184
vt 0.207751 0.365880
vt 0.184293 0.314426
vt 0.185565 0.314279
vt 0.201397 0.298384
vt 0.287600 0.520678
vt 0.289669 0.523299
vt 0.211233 0.477988
vt 0.210330 0.475936
vt 0.290414 0.521560
vt 0.240822 0.470618
vt 0.243934 0.472508
vt 0.293225 0.520833
vt 0.290415 0.502683
vt 0.291604 0.503271
vt 0.306178 0.507607
vt 0.297601 0.521634
vt 0.300165 0.524195
vt 0.388213 0.588228
vt 0.390455 0.588445
vt 0.441440 0.586706
vt 0.322426 0.582181
vt 0.323284 0.583536
vt 0.338610 0.586914
vt 0.342172 0.587317
vt 0.323012 0.580058
vt 0.301089 0.526794
vt 0.643940 0.508190
vt 0.645874 0.507870
vt 0.656154 0.541083
vt 0.654075 0.541313
vt 0.627433 0.532315
vt 0.645127 0.505629
vt 0.649046 0.500045
vt 0.663125 0.515073
vt 0.667449 0.519353
vt 0.299796 0.525764
vt 0.710180 0.516073
vt 0.657790 0.541947
vt 0.709219 0.515366
vt 0.669186 0.519569
vt 0.251269 0.298579
vt 0.250441 0.296317
vt 0.299443 0.342533
vt 0.299284 0.343974
vt 0.250507 0.299949
vt 0.266970 0.343512
vt 0.265943 0.343832
vt 0.249313 0.296519
vt 0.251382 0.351761
vt 0.250171 0.351294
vt 0.248414 0.295185
vt 0.203363 0.297572
vt 0.202576 0.296143
vt 0.247913 0.293021
vt 0.182325 0.236311
vt 0.181824 0.234146
vt 0.247145 0.288529
vt 0.205562 0.208939
vt 0.207617 0.209948
vt 0.249750 0.294191
vt 0.228017 0.223340
vt 0.229924 0.224850
vt 0.267098 0.249848
vt 0.267832 0.251708
vt 0.267248 0.344573
vt 0.300085 0.345358
vt 0.265988 0.344918
vt 0.289616 0.393199
vt 0.287283 0.392109
vt 0.251544 0.353215
vt 0.371563 0.306807
vt 0.371028 0.305774
vt 0.376785 0.303654
vt 0.377660 0.304607
vt 0.372761 0.312452
vt 0.378377 0.321478
vt 0.377840 0.323457
vt 0.370495 0.306307
vt 0.375604 0.324899
vt 0.374124 0.325284
vt 0.324674 0.269131
vt 0.328809 0.271673
vt 0.317826 0.261740
vt 0.321183 0.266088
vt 0.282936 0.234172
vt 0.279775 0.229892
vt 0.320150 0.263005
vt 0.275466 0.195458
vt 0.275396 0.192977
vt 0.321674 0.264121
vt 0.305034 0.185942
vt 0.306195 0.185720
vt 0.322276 0.266097
vt 0.354836 0.183834
vt 0.355483 0.185507
vt 0.377252 0.302898
vt 0.321773 0.267322
vt 0.371128 0.323218
vt 0.316438 0.286676
vt 0.315528 0.285454
vt 0.454167 0.327522
vt 0.453798 0.305796
vt 0.471933 0.319732
vt 0.504412 0.310230
vt 0.477007 0.318137
vt 0.506453 0.309838
vt 0.500947 0.297091
vt 0.501334 0.295957
vt 0.508885 0.308164
vt 0.534105 0.263278
vt 0.536674 0.260963
vt 0.546034 0.280756
vt 0.680057 0.273407
vt 0.661867 0.226042
vt 0.681146 0.273596
vt 0.689571 0.206777
vt 0.690720 0.206743
vt 0.682523 0.273524
vt 0.713395 0.227137
vt 0.713435 0.229023
vt 0.711621 0.253023
vt 0.712643 0.252685
vt 0.714534 0.228267
vt 0.742653 0.253581
vt 0.881515 0.219913
vt 0.850959 0.350941
vt 0.882621 0.214053
vt 0.828081 0.338608
vt 0.828320 0.333006
vt 0.882853 0.212323
vt 0.854118 0.196183
vt 0.854927 0.194759
vt 0.884775 0.176932
vt 0.065825 0.148597
vt 0.067143 0.149337
vt 0.080997 0.227531
vt 0.081154 0.229148
vt 0.143866 0.381474
vt 0.147638 0.388952
vt 0.146810 0.384941
vt 0.144268 0.294205
vt 0.150285 0.392437
vt 0.178542 0.418797
vt 0.141526 0.387963
vt 0.851201 0.351928
vt 0.083453 0.231296
vt 0.466346 0.297729
vt 0.467459 0.297309
vt 0.473784 0.318974
vt 0.472485 0.318479
vt 0.466058 0.296136
vt 0.454696 0.304637
vt 0.453919 0.303391
vt 0.465944 0.290855
vt 0.452160 0.237542
vt 0.452044 0.232600
vt 0.467200 0.295786
vt 0.464159 0.233377
vt 0.465197 0.235242
vt 0.500166 0.295537
vt 0.499225 0.296743
vt 0.450733 0.231426
vt 0.451058 0.232878
vt 0.418357 0.252032
vt 0.418021 0.250672
vt 0.450759 0.229653
vt 0.410342 0.173159
vt 0.410408 0.171240
vt 0.451827 0.231141
vt 0.448393 0.149968
vt 0.449556 0.156162
vt 0.464188 0.231905
vt 0.452767 0.302871
vt 0.595453 0.136059
vt 0.594570 0.136841
vt 0.556847 0.098866
vt 0.557698 0.097998
vt 0.596450 0.136718
vt 0.596753 0.095837
vt 0.597653 0.096705
vt 0.597456 0.137942
vt 0.632439 0.132770
vt 0.633228 0.133996
vt 0.596900 0.139152
vt 0.627567 0.166555
vt 0.626937 0.167782
vt 0.596618 0.142427
vt 0.608082 0.187466
vt 0.606878 0.187069
vt 0.595600 0.137988
vt 0.596926 0.178843
vt 0.595855 0.177767
vt 0.560315 0.145877
vt 0.559390 0.144651
vt 0.596729 0.094493
vt 0.558106 0.096526
vt 0.597594 0.093696
vt 0.596346 0.062631
vt 0.597325 0.062233
vt 0.597798 0.095209
vt 0.633902 0.057767
vt 0.635504 0.058016
vt 0.633415 0.132023
vt 0.627948 0.168435
vt 0.609735 0.187548
vt 0.628754 0.165493
vt 0.632764 0.142194
vt 0.628768 0.167473
vt 0.631621 0.162096
vt 0.631531 0.163643
vt 0.639786 0.178941
vt 0.641181 0.182281
vt 0.632677 0.160322
vt 0.634187 0.134549
vt 0.632284 0.162483
vt 0.645424 0.144045
vt 0.645415 0.145781
vt 0.642283 0.180821
vt 0.634484 0.130047
vt 0.636583 0.057762
vt 0.634700 0.132358
vt 0.662502 0.061688
vt 0.662507 0.064456
vt 0.635038 0.133610
vt 0.659126 0.126722
vt 0.657750 0.128346
vt 0.646183 0.143189
vt 0.661874 0.060413
vt 0.636479 0.056550
vt 0.663153 0.060120
vt 0.636241 0.028474
vt 0.636830 0.026892
vt 0.664222 0.060086
vt 0.671075 0.035304
vt 0.672733 0.035913
vt 0.665242 0.061113
vt 0.705716 0.050364
vt 0.704906 0.052094
vt 0.665201 0.062387
vt 0.689229 0.070299
vt 0.688800 0.071436
vt 0.663670 0.062285
vt 0.687314 0.089155
vt 0.686981 0.090484
vt 0.660245 0.125124
vt 0.647332 0.143471
vt 0.659304 0.128224
vt 0.646586 0.144533
vt 0.666534 0.150411
vt 0.666295 0.151852
vt 0.643423 0.180419
vt 0.686243 0.093201
vt 0.660059 0.127092
vt 0.688438 0.088189
vt 0.689703 0.071889
vt 0.688747 0.089808
vt 0.695708 0.075104
vt 0.696659 0.074920
vt 0.689085 0.090758
vt 0.712166 0.077315
vt 0.713196 0.078689
vt 0.687803 0.091285
vt 0.702695 0.102816
vt 0.702063 0.104176
vt 0.674560 0.140308
vt 0.672976 0.142050
vt 0.696739 0.074833
vt 0.690120 0.070799
vt 0.698238 0.073264
vt 0.705187 0.054449
vt 0.707687 0.053473
vt 0.714052 0.075423
vt 0.378110 0.324632
vt 0.376650 0.325968
vt 0.385130 0.344859
vt 0.373934 0.326118
vt 0.375610 0.327135
vt 0.343808 0.340991
vt 0.341760 0.340031
vt 0.317336 0.288649
vt 0.389877 0.359766
vt 0.378230 0.302914
vt 0.356558 0.184968
vt 0.379044 0.303738
vt 0.417135 0.251521
vt 0.417255 0.253290
vt 0.418614 0.304993
vt 0.351376 0.034332
vt 0.351515 0.033140
vt 0.404527 0.056598
vt 0.401333 0.056563
vt 0.348952 0.052327
vt 0.348199 0.052392
vt 0.345391 0.052881
vt 0.347270 0.053771
vt 0.293896 0.062743
vt 0.293911 0.061220
vt 0.293261 0.036018
vt 0.294056 0.034126
vt 0.348736 0.053470
vt 0.404024 0.058122
vt 0.347859 0.055018
vt 0.356513 0.151580
vt 0.355491 0.152950
vt 0.302287 0.146324
vt 0.301788 0.144564
vt 0.279674 0.231420
vt 0.313110 0.283706
vt 0.278411 0.230684
vt 0.268695 0.249622
vt 0.267610 0.248721
vt 0.275921 0.229028
vt 0.231888 0.224562
vt 0.229759 0.222844
vt 0.274576 0.226623
vt 0.238149 0.204168
vt 0.238111 0.202690
vt 0.278199 0.228652
vt 0.236349 0.184598
vt 0.237455 0.184055
vt 0.274036 0.192836
vt 0.269047 0.251458
vt 0.300848 0.342800
vt 0.315555 0.286924
vt 0.259526 0.069650
vt 0.260977 0.071304
vt 0.268527 0.132702
vt 0.267326 0.132009
vt 0.258233 0.069196
vt 0.229540 0.114816
vt 0.229015 0.113331
vt 0.257057 0.068048
vt 0.223435 0.077356
vt 0.223183 0.076100
vt 0.259050 0.067329
vt 0.219009 0.056908
vt 0.218064 0.055334
vt 0.260320 0.067083
vt 0.251708 0.042795
vt 0.252942 0.042429
vt 0.262247 0.067018
vt 0.292119 0.038571
vt 0.260978 0.068659
vt 0.292693 0.061492
vt 0.292698 0.063012
vt 0.300565 0.143706
vt 0.300108 0.145448
vt 0.440711 0.311182
vt 0.419497 0.305052
vt 0.441786 0.311103
vt 0.418291 0.254477
vt 0.420176 0.256489
vt 0.452260 0.304326
vt 0.466341 0.030533
vt 0.466139 0.028343
vt 0.496852 0.059341
vt 0.495353 0.059680
vt 0.464834 0.031792
vt 0.460899 0.055183
vt 0.459741 0.055122
vt 0.446053 0.054300
vt 0.445016 0.053527
vt 0.441505 0.054541
vt 0.443365 0.055825
vt 0.405386 0.058210
vt 0.405495 0.056949
vt 0.443811 0.054133
vt 0.404478 0.038120
vt 0.405163 0.036994
vt 0.441165 0.028614
vt 0.442261 0.028431
vt 0.445420 0.055729
vt 0.459488 0.056543
vt 0.445092 0.058228
vt 0.458756 0.090922
vt 0.458718 0.093938
vt 0.443902 0.057664
vt 0.446008 0.104689
vt 0.444990 0.105787
vt 0.410658 0.131604
vt 0.409476 0.131367
vt 0.460667 0.056608
vt 0.459803 0.092836
vt 0.495599 0.060970
vt 0.633404 0.056496
vt 0.597397 0.060882
vt 0.635429 0.055970
vt 0.596581 0.040300
vt 0.596497 0.038728
vt 0.634611 0.027001
vt 0.595424 0.040681
vt 0.596380 0.060853
vt 0.560966 0.058461
vt 0.558672 0.058155
vt 0.595027 0.062137
vt 0.558545 0.059774
vt 0.556787 0.096000
vt 0.661192 0.130264
vt 0.672295 0.143353
vt 0.667627 0.149801
vt 0.116594 0.101132
vt 0.117808 0.100909
vt 0.152592 0.133346
vt 0.150130 0.132814
vt 0.116455 0.100104
vt 0.105115 0.111536
vt 0.104652 0.110160
vt 0.116354 0.100020
vt 0.105009 0.105834
vt 0.105503 0.105358
vt 0.114599 0.098523
vt 0.102008 0.100400
vt 0.099194 0.098763
vt 0.116809 0.100394
vt 0.107501 0.087213
vt 0.111615 0.091294
vt 0.119043 0.099357
vt 0.120029 0.096806
vt 0.121146 0.097049
vt 0.136802 0.091148
vt 0.146855 0.087813
vt 0.103778 0.111521
vt 0.105188 0.113072
vt 0.111203 0.172963
vt 0.109938 0.172665
vt 0.103329 0.109658
vt 0.068638 0.145238
vt 0.072476 0.139608
vt 0.103469 0.109187
vt 0.097632 0.102822
vt 0.100293 0.102196
vt 0.104967 0.105839
vt 0.107030 0.113722
vt 0.152777 0.135561
vt 0.139544 0.154548
vt 0.138706 0.155387
vt 0.108744 0.088263
vt 0.146348 0.085878
vt 0.144946 0.087088
vt 0.120821 0.096279
vt 0.096806 0.101545
vt 0.068239 0.143295
vt 0.237987 0.411987
vt 0.238993 0.411464
vt 0.278942 0.464435
vt 0.278015 0.465132
vt 0.237483 0.410717
vt 0.210270 0.426255
vt 0.211328 0.423995
vt 0.238579 0.410150
vt 0.231956 0.396846
vt 0.234638 0.396383
vt 0.266452 0.400584
vt 0.268375 0.401085
vt 0.280717 0.467577
vt 0.293897 0.467193
vt 0.279559 0.467490
vt 0.282995 0.475868
vt 0.281741 0.476385
vt 0.278136 0.466586
vt 0.245523 0.470095
vt 0.241647 0.469043
vt 0.211243 0.428363
vt 0.672723 0.404603
vt 0.673962 0.404596
vt 0.660653 0.433339
vt 0.660344 0.431289
vt 0.671470 0.403577
vt 0.660833 0.403769
vt 0.660443 0.403050
vt 0.651731 0.394333
vt 0.708037 0.408569
vt 0.708832 0.409378
vt 0.660282 0.434730
vt 0.710431 0.408773
vt 0.748144 0.413573
vt 0.685283 0.455639
vt 0.683460 0.456715
vt 0.648723 0.394898
vt 0.659636 0.403267
vt 0.647200 0.394343
vt 0.641950 0.434273
vt 0.641191 0.431176
vt 0.633438 0.392264
vt 0.629906 0.393212
vt 0.586621 0.492288
vt 0.629727 0.391573
vt 0.570719 0.434537
vt 0.571567 0.432100
vt 0.587063 0.379459
vt 0.641951 0.438565
vt 0.648014 0.492781
vt 0.642104 0.436910
vt 0.659604 0.405662
vt 0.659099 0.434040
vt 0.658820 0.435095
vt 0.227018 0.221058
vt 0.206378 0.207665
vt 0.228542 0.221597
vt 0.214758 0.189800
vt 0.215963 0.189823
vt 0.237320 0.203252
vt 0.535553 0.062640
vt 0.536664 0.062250
vt 0.536589 0.123266
vt 0.535562 0.124558
vt 0.534937 0.061214
vt 0.499756 0.131930
vt 0.499170 0.130576
vt 0.535539 0.059879
vt 0.497754 0.060926
vt 0.499360 0.059728
vt 0.536456 0.059014
vt 0.530432 0.035202
vt 0.531140 0.032828
vt 0.537726 0.059507
vt 0.558152 0.032291
vt 0.558173 0.034297
vt 0.537265 0.060888
vt 0.557560 0.058562
vt 0.557415 0.059951
vt 0.555878 0.095028
vt 0.555829 0.097247
vt 0.555862 0.099113
vt 0.558374 0.143933
vt 0.536809 0.124955
vt 0.558714 0.145703
vt 0.536449 0.126320
vt 0.562534 0.149465
vt 0.595923 0.179417
vt 0.559555 0.147235
vt 0.596013 0.197642
vt 0.595813 0.199266
vt 0.558526 0.151904
vt 0.559932 0.231415
vt 0.558754 0.232610
vt 0.538078 0.257168
vt 0.537628 0.253957
vt 0.237091 0.201654
vt 0.216623 0.188553
vt 0.234998 0.183648
vt 0.497864 0.059209
vt 0.608166 0.189344
vt 0.639544 0.183836
vt 0.607086 0.190387
vt 0.604699 0.212885
vt 0.603605 0.213071
vt 0.606892 0.188753
vt 0.597035 0.199600
vt 0.596942 0.198068
vt 0.596981 0.180415
vt 0.596343 0.200415
vt 0.563074 0.230424
vt 0.602832 0.214725
vt 0.295933 0.466460
vt 0.311360 0.437603
vt 0.296689 0.469506
vt 0.315035 0.489363
vt 0.315241 0.491135
vt 0.295062 0.468016
vt 0.306956 0.505694
vt 0.305353 0.503627
vt 0.283333 0.477102
vt 0.312272 0.434501
vt 0.292622 0.398109
vt 0.373960 0.473651
vt 0.648754 0.497101
vt 0.659161 0.440078
vt 0.650062 0.498633
vt 0.662164 0.489585
vt 0.662414 0.490410
vt 0.651682 0.500469
vt 0.683872 0.505312
vt 0.685784 0.506926
vt 0.668753 0.518104
vt 0.663293 0.487647
vt 0.660240 0.436675
vt 0.663317 0.489356
vt 0.682575 0.458096
vt 0.682752 0.459752
vt 0.686192 0.505029
vt 0.282106 0.477441
vt 0.283965 0.479492
vt 0.291274 0.502242
vt 0.289840 0.501223
vt 0.243605 0.470985
vt 0.305991 0.506157
vt 0.178510 0.418811
vt 0.184069 0.435757
vt 0.181605 0.435749
vt 0.184858 0.438179
vt 0.186103 0.437623
vt 0.207964 0.472212
vt 0.207187 0.473570
vt 0.185611 0.436096
vt 0.180352 0.418523
vt 0.206687 0.426250
vt 0.208016 0.427289
vt 0.208314 0.475617
vt 0.708847 0.514243
vt 0.670482 0.518364
vt 0.711695 0.513510
vt 0.687225 0.507160
vt 0.688442 0.506216
vt 0.714628 0.509571
vt 0.747810 0.418143
vt 0.750832 0.413899
vt 0.779928 0.416778
vt 0.209431 0.428152
vt 0.240023 0.469275
vt 0.209558 0.474172
vt 0.687821 0.504996
vt 0.683905 0.457877
vt 0.748312 0.415009
vt 0.461544 0.508896
vt 0.446066 0.580529
vt 0.428393 0.509583
vt 0.426870 0.512220
vt 0.445002 0.585228
vt 0.392536 0.587090
vt 0.183327 0.312579
vt 0.145268 0.293743
vt 0.184741 0.312754
vt 0.149191 0.221184
vt 0.151059 0.222484
vt 0.201388 0.296507
vt 0.147358 0.216992
vt 0.147974 0.218270
vt 0.119626 0.220663
vt 0.119158 0.219137
vt 0.148090 0.215725
vt 0.111902 0.176900
vt 0.111476 0.174500
vt 0.149688 0.217259
vt 0.139243 0.156776
vt 0.140980 0.160420
vt 0.150617 0.219468
vt 0.178919 0.232439
vt 0.180361 0.234507
vt 0.200027 0.292274
vt 0.144092 0.289925
vt 0.379474 0.476644
vt 0.378345 0.474778
vt 0.390505 0.362215
vt 0.391928 0.364824
vt 0.419211 0.461923
vt 0.376961 0.474769
vt 0.291696 0.395476
vt 0.334426 0.380939
vt 0.335771 0.380408
vt 0.301054 0.147322
vt 0.302266 0.148176
vt 0.306030 0.184373
vt 0.304689 0.182995
vt 0.269897 0.134767
vt 0.304130 0.147901
vt 0.355586 0.154261
vt 0.355244 0.182090
vt 0.353650 0.182543
vt 0.356445 0.182303
vt 0.356648 0.154405
vt 0.356969 0.183580
vt 0.406906 0.170862
vt 0.409094 0.171727
vt 0.416902 0.249651
vt 0.691313 0.203533
vt 0.690020 0.204559
vt 0.697539 0.165149
vt 0.698791 0.164286
vt 0.691169 0.205333
vt 0.722287 0.169624
vt 0.722431 0.171138
vt 0.713665 0.225589
vt 0.689155 0.205661
vt 0.662141 0.224489
vt 0.666482 0.193707
vt 0.667003 0.192417
vt 0.666762 0.191081
vt 0.666839 0.182381
vt 0.671882 0.145654
vt 0.673166 0.144421
vt 0.697477 0.163671
vt 0.665120 0.195938
vt 0.660949 0.225563
vt 0.665427 0.193035
vt 0.633721 0.255895
vt 0.632050 0.256520
vt 0.665682 0.191614
vt 0.642567 0.182982
vt 0.643409 0.182012
vt 0.666435 0.153444
vt 0.667557 0.151638
vt 0.714656 0.226562
vt 0.723311 0.172159
vt 0.743371 0.252471
vt 0.723840 0.169439
vt 0.723962 0.168063
vt 0.758517 0.159238
vt 0.758649 0.160559
vt 0.744389 0.251524
vt 0.722574 0.168212
vt 0.699011 0.162944
vt 0.722397 0.163999
vt 0.702978 0.107220
vt 0.703093 0.103970
vt 0.723234 0.161811
vt 0.713901 0.080189
vt 0.714763 0.078195
vt 0.727989 0.081597
vt 0.728840 0.084940
vt 0.499555 0.236898
vt 0.500630 0.237506
vt 0.501416 0.294494
vt 0.500533 0.294169
vt 0.499455 0.235514
vt 0.465652 0.233744
vt 0.465497 0.232322
vt 0.500498 0.235916
vt 0.498015 0.170040
vt 0.499087 0.170825
vt 0.535917 0.258421
vt 0.535950 0.260005
vt 0.499025 0.167841
vt 0.499125 0.165943
vt 0.534144 0.126258
vt 0.535356 0.126743
vt 0.536526 0.257004
vt 0.497815 0.167829
vt 0.465172 0.230536
vt 0.498034 0.166430
vt 0.462050 0.143849
vt 0.463117 0.143100
vt 0.498134 0.133851
vt 0.499096 0.133436
vt 0.560136 0.233074
vt 0.600610 0.217144
vt 0.559463 0.234257
vt 0.571887 0.248949
vt 0.571129 0.249851
vt 0.557982 0.235497
vt 0.548109 0.277757
vt 0.546636 0.279410
vt 0.537172 0.259852
vt 0.213857 0.188618
vt 0.205261 0.206856
vt 0.212108 0.186838
vt 0.171499 0.181431
vt 0.169316 0.179711
vt 0.215052 0.187410
vt 0.178173 0.160239
vt 0.183314 0.162775
vt 0.232923 0.182894
vt 0.168197 0.178767
vt 0.177015 0.159725
vt 0.169821 0.181695
vt 0.204528 0.207916
vt 0.168281 0.180299
vt 0.181105 0.232745
vt 0.178929 0.229642
vt 0.141578 0.158786
vt 0.141604 0.157073
vt 0.604550 0.214691
vt 0.641317 0.183815
vt 0.604181 0.216807
vt 0.630674 0.258008
vt 0.630114 0.259469
vt 0.602924 0.216553
vt 0.601709 0.268044
vt 0.600675 0.267622
vt 0.573006 0.249553
vt 0.110356 0.174343
vt 0.117366 0.217255
vt 0.069421 0.147606
vt 0.140524 0.155461
vt 0.153751 0.136341
vt 0.175918 0.158314
vt 0.274979 0.191612
vt 0.273788 0.191401
vt 0.267627 0.134985
vt 0.268863 0.135516
vt 0.304381 0.184706
vt 0.236569 0.182516
vt 0.448454 0.148420
vt 0.411285 0.169242
vt 0.449450 0.147999
vt 0.445070 0.108245
vt 0.446238 0.109419
vt 0.449349 0.149444
vt 0.460752 0.142389
vt 0.460969 0.143726
vt 0.463967 0.225321
vt 0.153697 0.131961
vt 0.148046 0.087633
vt 0.154177 0.134983
vt 0.166901 0.086227
vt 0.167584 0.088395
vt 0.176821 0.157567
vt 0.168749 0.087588
vt 0.178283 0.159295
vt 0.167186 0.084983
vt 0.148614 0.086046
vt 0.168304 0.084622
vt 0.165943 0.061652
vt 0.167103 0.057930
vt 0.171786 0.084051
vt 0.217711 0.057042
vt 0.170349 0.085626
vt 0.222121 0.076194
vt 0.222458 0.077491
vt 0.169788 0.086846
vt 0.227997 0.114058
vt 0.228115 0.115628
vt 0.234611 0.180705
vt 0.233707 0.181684
vt 0.235839 0.181247
vt 0.229341 0.116242
vt 0.267159 0.133440
vt 0.774057 0.256101
vt 0.745479 0.253743
vt 0.775261 0.255828
vt 0.790775 0.167067
vt 0.792167 0.166047
vt 0.775680 0.257130
vt 0.810501 0.244710
vt 0.810078 0.246354
vt 0.798941 0.284543
vt 0.745669 0.250785
vt 0.759890 0.160335
vt 0.791079 0.163618
vt 0.799725 0.285918
vt 0.810009 0.250415
vt 0.822950 0.330108
vt 0.810985 0.241704
vt 0.792793 0.163475
vt 0.811986 0.242991
vt 0.824360 0.161786
vt 0.825491 0.162784
vt 0.811077 0.245889
vt 0.852783 0.194927
vt 0.852410 0.197434
vt 0.826124 0.333853
vt 0.854492 0.193386
vt 0.853274 0.193112
vt 0.857041 0.096607
vt 0.858812 0.090487
vt 0.884918 0.175331
vt 0.825604 0.160964
vt 0.567063 0.324578
vt 0.567087 0.322504
vt 0.600540 0.269150
vt 0.600395 0.271526
vt 0.592901 0.336371
vt 0.565994 0.322834
vt 0.546911 0.280747
vt 0.571289 0.251613
vt 0.572431 0.250776
vt 0.147466 0.085275
vt 0.136834 0.063665
vt 0.138256 0.063073
vt 0.885147 0.171730
vt 0.859178 0.089085
vt 0.066817 0.145253
vt 0.497512 0.041412
vt 0.499225 0.041551
vt 0.496760 0.061506
vt 0.498170 0.131596
vt 0.460091 0.094345
vt 0.458819 0.095534
vt 0.446120 0.106311
vt 0.459892 0.095800
vt 0.497494 0.132601
vt 0.461878 0.141976
vt 0.460727 0.139605
vt 0.559449 0.032305
vt 0.673706 0.143055
vt 0.701984 0.106010
vt 0.697949 0.162324
vt 0.760180 0.156621
vt 0.758951 0.157161
vt 0.762508 0.081856
vt 0.763606 0.081814
vt 0.760476 0.159084
vt 0.795063 0.079407
vt 0.794667 0.083198
vt 0.791481 0.162153
vt 0.728690 0.081791
vt 0.443536 0.108530
vt 0.410034 0.169032
vt 0.409485 0.134058
vt 0.389012 0.360895
vt 0.336416 0.378814
vt 0.342307 0.341581
vt 0.825747 0.157852
vt 0.824381 0.160377
vt 0.827948 0.088505
vt 0.829150 0.084912
vt 0.793175 0.162046
vt 0.066866 0.143161
vt 0.066260 0.099261
vt 0.067642 0.099470
vt 0.068366 0.148443
vt 0.117324 0.219498
vt 0.082357 0.227346
vt 0.408524 0.134844
vt 0.408928 0.170074
vt 0.408483 0.133450
vt 0.358274 0.153542
vt 0.357356 0.152487
vt 0.404406 0.059901
vt 0.316354 0.289032
vt 0.340413 0.340168
vt 0.302144 0.343970
vt 0.143047 0.291017
vt 0.083029 0.228843
vt 0.118216 0.220888
vt 0.302251 0.345319
vt 0.340590 0.341529
vt 0.301335 0.346301
vt 0.334745 0.378938
vt 0.333794 0.379886
vt 0.291131 0.394233
vt 0.402674 0.037086
vt 0.792792 0.159854
vt 0.795876 0.079205
vt 0.828314 0.085102
vt 0.719820 0.393730
vt 0.587259 0.617965
vt 0.765383 0.595740
vt 0.671100 0.608204
vt 0.801490 0.340289
vt 0.871856 0.369221
vt 0.755583 0.524903
vt 0.699637 0.584264
vt 0.636416 0.598476
vt 0.762474 0.593648
vt 0.761742 0.594765
vt 0.632474 0.597592
vt 0.637213 0.596004
vt 0.674319 0.576290
vt 0.662490 0.581013
vt 0.655768 0.545464
vt 0.663721 0.579412
vt 0.712277 0.515176
vt 0.691109 0.544282
vt 0.657482 0.543576
vt 0.884405 0.210418
vt 0.884762 0.212646
vt 0.912985 0.215166
vt 0.884455 0.213794
vt 0.878336 0.359853
vt 0.870216 0.372176
vt 0.793010 0.397928
vt 0.864466 0.364188
vt 0.826267 0.340432
vt 0.868666 0.363924
vt 0.852078 0.351662
vt 0.797830 0.396744
vt 0.833759 0.400730
vt 0.798651 0.396897
vt 0.827602 0.419419
vt 0.826674 0.422083
vt 0.782204 0.415639
vt 0.799760 0.464578
vt 0.783158 0.417235
vt 0.802698 0.460465
vt 0.801349 0.462184
vt 0.886357 0.173628
vt 0.921178 0.139870
vt 0.922425 0.136470
vt 0.922603 0.134152
vt 0.663372 0.580527
vt 0.824906 0.420071
vt 0.794042 0.397675
vt 0.695753 0.543605
vt 0.893512 0.094619
vt 0.893128 0.089920
vt 0.922399 0.091284
vt 0.634910 0.598123
vt 0.675713 0.576180
vt 0.833627 0.400771
vt 0.834273 0.343514
vt 0.867695 0.371372
vt 0.702031 0.584487
vt 0.630888 0.599422
vt 0.693215 0.543568
vt 0.659043 0.542468
vt 0.794619 0.339899
vt 0.757117 0.523805
vt 0.713848 0.514147
vt 0.922450 0.140340
vt 0.885991 0.175687
vt 0.781069 0.417510
vt 0.714086 0.512643
vt 0.882902 0.220131
vt 0.876666 0.366039
vt 0.912759 0.216732
vn -0.601259 0.798256 -0.035693
vn -0.172605 0.984900 0.013406
vn -0.677733 0.734685 -0.030258
vn -0.677733 0.734685 -0.030258
vn -0.988789 0.071966 -0.130836
vn -0.994186 0.069745 -0.082030
vn -0.994210 0.068413 -0.082863
vn -0.991109 0.062326 -0.117549
vn -0.077794 0.996917 -0.010210
vn -0.648026 0.757036 -0.083425
vn -0.673544 0.733627 -0.090170
vn -0.673544 0.733627 -0.090170
vn -0.010267 0.999947 -0.000902
vn 0.000000 1.000000 0.000000
vn 0.000000 1.000000 -0.000000
vn -0.011604 0.999932 0.000859
vn 0.000000 1.000000 -0.000000
vn 0.000000 1.000000 0.000000
vn -0.006510 0.999974 -0.002978
vn 0.037506 0.998994 0.024566
vn -0.716350 0.697741 0.000087
vn -0.716350 0.697741 0.000087
vn -0.688953 0.724806 0.000909
vn -0.651098 0.758992 0.001995
vn -1.000000 0.000000 0.000000
vn -1.000000 0.000000 0.000000
vn -0.999989 0.004018 -0.002421
vn -0.999141 0.041450 -0.000139
vn -0.787271 -0.000338 -0.616607
vn -0.787271 -0.000338 -0.616607
vn -0.787271 -0.000338 -0.616607
vn -0.787271 -0.000338 -0.616607
vn -0.243480 -0.000000 -0.969906
vn -0.243480 0.000000 -0.969906
vn -0.243480 0.000000 -0.969906
vn -0.243480 -0.000000 -0.969906
vn -0.366883 0.660971 -0.654610
vn -0.400519 0.651133 -0.644678
vn -0.131715 0.724387 -0.676694
vn -0.123994 0.728683 -0.673533
vn 0.000000 1.000000 -0.000001
vn 0.000000 1.000000 -0.000000
vn 0.001264 0.999952 -0.009739
vn 0.003089 0.999042 -0.043656
vn -0.009896 0.999937 -0.005301
vn 0.000000 1.000000 0.000001
vn 0.000000 1.000000 0.000001
vn 0.000000 1.000000 0.000002
vn 0.000000 1.000000 0.000000
vn 0.000000 1.000000 -0.000001
vn 0.000000 1.000000 -0.000000
vn 0.000000 1.000000 -0.000001
vn -0.503772 0.863832 0.002681
vn -0.748059 0.663075 -0.027198
vn -0.780836 0.623324 0.041977
vn -0.764378 0.644766 0.001715
vn -0.999999 -0.000000 -0.001274
vn -0.999549 -0.000000 -0.030040
vn -0.999584 0.003788 -0.028587
vn 0.000000 1.000000 0.000000
vn 0.000000 1.000000 -0.000000
vn -0.529681 0.684807 -0.500478
vn -0.532405 0.681802 -0.501689
vn -0.551978 0.659521 -0.510248
vn -0.551978 0.659521 -0.510248
vn 0.000000 1.000000 0.000000
vn 0.000000 1.000000 -0.000000
vn 0.000000 1.000000 -0.000000
vn 0.000000 1.000000 0.000000
vn 0.000000 1.000000 0.000000
vn 0.000000 1.000000 0.000000
vn 0.000000 1.000000 -0.000000
vn -0.427738 0.704992 -0.565709
vn -0.439677 0.678128 -0.588920
vn -0.520193 0.605554 -0.602249
vn -0.503569 0.619128 -0.602577
vn -0.724934 -0.093917 -0.682386
vn -0.599721 -0.093058 -0.794780
vn -0.588063 -0.099875 -0.802625
vn -0.700404 -0.083557 -0.708839
vn -0.082136 -0.509683 0.856433
vn -0.082136 -0.509683 0.856433
vn -0.082136 -0.509683 0.856433
vn -0.082136 -0.509683 0.856433
vn 0.000000 -1.000000 0.000000
vn 0.000000 -1.000000 -0.000000
vn 0.000000 -1.000000 0.000000
vn 0.000000 1.000000 0.000000
vn 0.000000 1.000000 -0.000000
vn -0.008697 0.999946 -0.005621
vn -0.010327 0.999790 0.017707
vn -0.708480 0.702676 -0.065588
vn -0.708480 0.702676 -0.065588
vn -0.129784 0.991514 0.007515
vn -0.629397 0.777079 0.002715
vn -0.993671 0.002262 -0.112305
vn -0.995272 0.000360 -0.097131
vn -0.996365 0.000750 -0.085188
vn -0.993548 0.003721 -0.113351
vn -0.902513 0.211281 0.375274
vn -0.902513 0.211281 0.375274
vn -0.994909 0.083680 0.056158
vn -0.894848 0.264678 0.359435
vn -0.102262 0.494136 0.863350
vn -0.408660 0.415861 0.812439
vn -0.548709 0.367707 0.750806
vn -0.259752 0.457555 0.850396
vn 0.662470 0.748991 0.012090
vn 0.653037 0.750562 -0.100992
vn 0.756959 0.638221 -0.140314
vn 0.631846 0.775010 0.011392
vn 0.544699 0.507753 0.667450
vn 0.544699 0.507753 0.667450
vn 0.462079 0.524710 0.714957
vn 0.520444 0.513341 0.682362
vn 0.074422 0.658288 0.749078
vn 0.074422 0.658288 0.749078
vn 0.052355 0.685048 0.726614
vn -0.042355 0.985032 0.167087
vn -0.125100 0.989768 0.068621
vn -0.045815 0.991567 0.121226
vn -0.066573 0.991578 0.111090
vn -0.142719 0.987424 0.068010
vn -0.017241 0.999695 0.017658
vn -0.139709 0.988028 0.065432
vn -0.034129 0.999251 0.018251
vn 0.019964 0.999509 0.024153
vn -0.015605 0.999830 0.009811
vn -0.012335 0.999794 0.016099
vn 0.089112 0.996007 -0.005357
vn 0.740732 0.653021 -0.157734
vn -0.000946 0.999999 0.001236
vn -0.000131 1.000000 0.000120
vn 0.000000 1.000000 0.000000
vn -0.000000 1.000000 0.000000
vn -0.002096 0.999993 0.002948
vn -0.010114 0.999904 0.009507
vn -0.010025 0.999902 0.009788
vn -0.001534 0.999998 0.001531
vn -0.009475 0.999914 0.009071
vn -0.000480 1.000000 0.000447
vn 0.000000 1.000000 -0.000000
vn 0.000000 1.000000 0.000000
vn -0.074305 0.995305 -0.062026
vn 0.075388 0.995168 -0.062902
vn 0.068258 0.996589 -0.046382
vn -0.067945 0.996650 -0.045515
vn -0.511367 0.710370 0.483610
vn -0.511367 0.710370 0.483610
vn -0.441370 0.706859 0.552759
vn -0.646666 0.246834 0.721731
vn 0.001996 0.000094 0.999998
vn 0.001996 0.000094 0.999998
vn 0.001996 0.000094 0.999998
vn 0.001996 0.000094 0.999998
vn 0.511996 0.721159 0.466680
vn 0.511996 0.721159 0.466680
vn 0.650174 0.260571 0.713706
vn 0.444301 0.721518 0.531045
vn -0.632347 0.023212 0.774338
vn -0.308918 0.035895 0.950411
vn -0.299655 -0.004260 0.954038
vn -0.637256 -0.003799 0.770643
vn -0.648972 -0.003027 0.760806
vn -0.648167 -0.000171 0.761498
vn 0.045816 0.992335 0.114767
vn -0.083353 0.994935 -0.056181
vn 0.029215 0.978179 0.205700
vn -0.030915 0.991545 0.126030
vn 0.065142 0.988940 0.133242
vn -0.025296 0.991667 0.126321
vn -0.259147 0.228986 0.938301
vn -0.280921 0.674440 0.682799
vn -0.058700 0.974959 0.214497
vn -0.181011 0.681222 0.709346
vn -0.242176 -0.023349 0.969951
vn -0.269438 -0.007288 0.962990
vn -0.288163 0.037225 0.956858
vn -0.349786 0.033656 0.936225
vn -0.375004 0.051398 0.925597
vn -0.303795 0.037656 0.951993
vn -0.219943 0.644416 0.732361
vn -0.226614 0.616836 0.753764
vn -0.221717 0.643641 0.732508
vn -0.222222 0.641959 0.733829
vn -0.037060 0.991581 0.124071
vn -0.038806 0.990952 0.128483
vn -0.182227 0.630655 0.754366
vn -0.178375 0.637925 0.749155
vn -0.132381 0.714041 0.687474
vn -0.309953 0.017278 0.950595
vn -0.252254 0.024272 0.967357
vn -0.371460 0.038983 0.927630
vn 0.137045 0.708647 0.692125
vn -0.026697 0.978634 0.203871
vn 0.194355 0.613782 0.765179
vn 0.307698 0.040500 0.950622
vn -0.279991 0.017296 0.959847
vn 0.281160 0.018641 0.959480
vn 0.258489 0.025915 0.965667
vn 0.084407 0.994798 -0.057034
vn -0.045460 0.992648 0.112177
vn -0.001512 0.999543 0.030192
vn -0.001917 0.999266 0.038261
vn 0.000000 1.000000 0.000000
vn 0.000000 1.000000 -0.000000
vn 0.352355 0.708902 0.610986
vn 0.352355 0.708902 0.610986
vn 0.357218 0.723101 0.591202
vn 0.361436 0.735585 0.572956
vn 0.500000 -0.000000 0.866025
vn 0.500000 -0.000000 0.866025
vn 0.500000 -0.000000 0.866025
vn 0.500000 0.000000 0.866025
vn -0.035814 -0.000036 0.999359
vn -0.035814 -0.000036 0.999359
vn -0.035814 -0.000036 0.999359
vn -0.035814 -0.000036 0.999358
vn -0.559739 0.000000 0.828669
vn -0.559738 -0.000000 0.828670
vn -0.559739 -0.000000 0.828669
vn -0.576264 -0.000000 0.817264
vn -0.062534 0.988734 0.135992
vn -0.243739 0.701595 0.669593
vn -0.561320 0.033833 0.826907
vn -0.432451 0.654251 0.620437
vn -0.000872 0.999848 0.017415
vn 0.000000 1.000000 -0.000001
vn 0.000000 1.000000 0.000000
vn -0.002951 0.998258 0.058920
vn 0.000000 1.000000 -0.000000
vn 0.000000 1.000000 -0.000001
vn 0.000000 1.000000 -0.000000
vn 0.000000 1.000000 -0.000000
vn -0.286195 0.037211 0.957449
vn -0.232827 0.032163 0.971986
vn -0.237268 0.036438 0.970761
vn -0.277418 0.037079 0.960034
vn -0.198879 0.721095 0.663678
vn -0.198879 0.721095 0.663678
vn -0.286994 0.067818 0.955529
vn -0.239392 0.611998 0.753757
vn 0.000000 1.000000 -0.000001
vn 0.000000 1.000000 -0.000000
vn 0.000000 1.000000 -0.000000
vn 0.000000 1.000000 0.000000
vn 0.000000 1.000000 0.000000
vn -0.111355 0.713710 0.691533
vn -0.111355 0.713710 0.691533
vn -0.111355 0.713710 0.691533
vn -0.111355 0.713710 0.691533
vn -0.159031 0.003388 0.987268
vn -0.171566 0.008665 0.985135
vn -0.235811 0.035914 0.971135
vn 0.046919 0.992578 0.112196
vn 0.090695 0.983344 0.157510
vn 0.085256 0.991055 0.102667
vn 0.074986 0.982789 0.168830
vn 0.060031 0.977506 0.202187
vn 0.042580 0.993295 0.107479
vn 0.022337 0.991950 0.124647
vn 0.234203 0.731601 0.640242
vn 0.293126 0.715355 0.634306
vn 0.331214 0.327464 0.884909
vn 0.247670 0.151733 0.956889
vn 0.351133 0.158265 0.922853
vn 0.343449 0.145610 0.927815
vn 0.251741 0.142222 0.957288
vn 0.201076 0.725669 0.658007
vn 0.208016 0.715893 0.666503
vn 0.243590 0.711105 0.659540
vn 0.356578 0.038526 0.933471
vn 0.375451 0.042909 0.925848
vn -0.062152 0.989675 0.129153
vn 0.024069 0.991738 0.125999
vn 0.376347 0.053979 0.924905
vn 0.285707 0.626950 0.724780
vn 0.300908 0.724439 0.620196
vn 0.321365 0.044958 0.945888
vn 0.368071 0.007594 0.929767
vn 0.313668 0.040554 0.948666
vn 0.324615 0.043369 0.944852
vn 0.378671 0.041097 0.924618
vn 0.338592 0.086976 0.936905
vn 0.622804 0.079603 0.778318
vn 0.616950 0.070664 0.783823
vn 0.347849 0.067908 0.935088
vn 0.316641 0.073831 0.945668
vn 0.656139 0.006754 0.754610
vn 0.636978 0.068036 0.767874
vn 0.856835 0.103989 0.504996
vn 0.856834 0.103989 0.504996
vn 0.857242 0.099913 0.505128
vn 0.857570 0.096516 0.505231
vn 0.222392 0.974705 -0.022159
vn 0.559077 0.829016 -0.012859
vn 0.677150 0.732192 -0.073230
vn 0.708950 0.701500 -0.072719
vn 0.010895 0.999937 0.002527
vn 0.000000 1.000000 0.000000
vn 0.000000 1.000000 -0.000000
vn 0.010586 0.999941 0.002456
vn 0.000000 1.000000 -0.000000
vn 0.000000 1.000000 0.000000
vn 0.252482 0.748208 0.613545
vn 0.252482 0.748208 0.613545
vn 0.257397 0.731050 0.631912
vn 0.255789 0.736782 0.625879
vn 0.000000 1.000000 -0.000000
vn 0.000000 1.000000 0.000000
vn 0.699856 0.713983 0.020735
vn 0.679846 0.731893 0.046281
vn 0.730389 0.683031 -0.000645
vn 0.771116 0.636695 -0.000863
vn 0.868096 0.000195 0.496396
vn 0.998880 0.000019 0.047318
vn 0.994453 0.005197 0.105056
vn 0.864192 0.027082 0.502434
vn 0.993140 0.058840 0.101050
vn 0.931518 0.077249 0.355397
vn 0.952760 0.063170 0.297082
vn 0.995784 0.064023 0.065691
vn 0.989810 0.055930 0.130947
vn 0.996889 0.061237 0.049620
vn 0.989549 0.027361 0.141576
vn 0.734377 0.670864 0.103107
vn 0.719277 0.687328 0.101093
vn 0.719025 0.687357 0.102678
vn 0.082391 0.996507 0.013618
vn 0.082866 0.996474 0.013167
vn 0.082265 0.996507 0.014370
vn 0.087648 0.996093 0.010806
vn 0.709093 0.663398 0.238937
vn 0.147646 0.988399 0.035620
vn 0.637504 0.744252 0.199194
vn 0.079284 0.996582 -0.023195
vn 0.079576 0.996730 0.014029
vn 0.079251 0.996693 0.017977
vn 0.080279 0.996524 -0.022257
vn 0.061628 0.996809 -0.050734
vn 0.079688 0.996499 -0.025286
vn 0.065848 0.996625 -0.049011
vn 0.022732 0.996471 -0.080797
vn 0.062632 0.996695 -0.051726
vn 0.015299 0.996524 -0.081884
vn 0.066341 0.994602 -0.079788
vn 0.014761 0.996387 -0.083638
vn 0.067118 0.994499 -0.080415
vn 0.034705 0.998250 -0.047876
vn 0.066889 0.994585 -0.079536
vn 0.032227 0.998474 -0.044853
vn 0.499946 -0.013710 -0.865948
vn 0.499946 -0.013710 -0.865948
vn 0.499946 -0.013710 -0.865948
vn 0.499946 -0.013710 -0.865948
vn -0.015582 -0.999701 0.018861
vn 0.002229 -0.999995 0.002435
vn -0.000555 -1.000000 0.000496
vn -0.021043 -0.999602 0.018805
vn 0.015799 -0.999846 0.007674
vn -0.034609 -0.998914 0.031192
vn -0.004518 -0.999870 0.015456
vn 0.008477 -0.999962 -0.002001
vn 0.005493 -0.999940 0.009514
vn 0.000297 -1.000000 0.000515
vn 0.012912 -0.999910 -0.003769
vn 0.000000 -1.000000 -0.000000
vn -0.000261 -1.000000 -0.000301
vn 0.958521 -0.285020 -0.000989
vn 0.958521 -0.285020 -0.000989
vn 0.958521 -0.285020 -0.000989
vn 0.958521 -0.285020 -0.000989
vn 0.106432 0.994320 0.000872
vn 0.131424 0.991265 0.010987
vn 0.082802 0.996477 0.013362
vn 0.079372 0.996642 0.020109
vn 0.787009 0.132150 -0.602622
vn 0.801661 0.111693 -0.587251
vn 0.773355 0.106772 -0.624918
vn 0.720051 0.104799 -0.685961
vn 0.606167 0.669812 -0.428850
vn 0.780559 0.119846 -0.613486
vn 0.540320 0.709937 -0.451712
vn 0.949343 0.128309 -0.286854
vn 0.696251 0.678423 -0.234472
vn 0.680466 0.710011 -0.181247
vn 0.954270 0.115715 -0.275641
vn 0.949804 0.107862 -0.293663
vn 0.974316 0.097253 -0.203103
vn 0.958350 0.099187 -0.267819
vn 0.953696 0.103533 -0.282391
vn 0.783813 0.109155 -0.611328
vn 0.706340 0.668956 0.231479
vn 0.703833 0.671117 0.232856
vn 0.680246 0.691376 0.243444
vn 0.680547 0.691336 0.242715
vn 0.932935 0.070434 0.353089
vn 0.936391 0.020069 0.350386
vn 0.938162 0.027104 0.345134
vn 0.896517 0.066724 0.437955
vn 0.902730 0.063763 0.425457
vn 0.981839 0.077210 0.173294
vn 0.980550 0.081928 0.178352
vn 0.980894 0.081093 0.176835
vn 0.982755 0.075477 0.168808
vn 0.953169 0.073581 0.293351
vn 0.981521 0.075174 0.175968
vn 0.952762 0.076727 0.293865
vn 0.930835 0.059453 0.360571
vn 0.948210 0.064139 0.311101
vn 0.116589 0.993180 -0.000800
vn 0.108074 0.994143 -0.000000
vn 0.108074 0.994143 0.000000
vn 0.146390 0.989227 0.000678
vn 0.108511 0.994095 -0.000733
vn 0.114884 0.993313 -0.011427
vn 0.186200 0.981372 0.047310
vn 0.156967 0.987515 -0.013285
vn 0.125235 0.991292 0.040704
vn 0.664380 0.734691 0.137215
vn 0.695830 0.705150 0.136324
vn 0.695830 0.705150 0.136324
vn 0.614627 0.000051 -0.788818
vn 0.995874 0.000047 -0.090751
vn 0.998958 0.000024 -0.045644
vn 0.573767 0.000024 -0.819019
vn 0.534708 0.000000 -0.845037
vn 0.534708 0.000000 -0.845037
vn 0.556720 0.000010 -0.830700
vn 0.477584 0.688379 -0.545938
vn 0.474973 0.688739 -0.547758
vn 0.377245 0.730605 -0.569125
vn 0.375323 0.740273 -0.557789
vn 0.000000 1.000000 0.000000
vn 0.000000 1.000000 0.000000
vn 0.000000 1.000000 0.000000
vn 0.000000 1.000000 0.000001
vn 0.000000 1.000000 -0.000001
vn -0.024444 0.999265 0.029527
vn -0.003522 0.999982 0.004808
vn 0.717902 0.682249 -0.138396
vn 0.715788 0.694905 -0.068957
vn 0.710167 0.704033 0.000813
vn 0.710143 0.704057 0.000693
vn 1.000000 0.000000 -0.000000
vn 1.000000 0.000000 -0.000000
vn 1.000000 -0.000000 -0.000000
vn -0.018270 0.999522 0.024940
vn -0.106159 0.982100 0.155593
vn 0.000000 1.000000 0.000000
vn 0.000000 1.000000 0.000000
vn 0.000000 1.000000 0.000000
vn 0.000000 1.000000 -0.000001
vn -0.432162 0.734377 0.523379
vn -0.528247 0.707858 0.468927
vn -0.522720 0.707948 0.474946
vn -0.652839 -0.000000 0.757497
vn -0.638647 0.000941 0.769499
vn -0.382861 0.743819 0.547860
vn -0.393423 0.698962 0.597218
vn 0.021396 0.755651 0.654625
vn 1.000000 0.000000 -0.000000
vn 1.000000 -0.000000 -0.000000
vn 1.000000 0.000000 -0.000000
vn 0.704191 0.710011 0.000054
vn 0.703632 0.710565 -0.000198
vn 0.703439 0.710756 -0.000285
vn 0.703439 0.710756 -0.000285
vn 0.749643 0.661842 0.000005
vn 0.737862 0.674951 0.000172
vn 0.701223 0.712836 -0.012260
vn 0.687403 0.725719 -0.028467
vn 1.000000 0.000000 -0.000000
vn 1.000000 -0.000000 -0.000000
vn 0.000000 1.000000 -0.000001
vn 0.000000 1.000000 0.000001
vn 0.000000 1.000000 0.000000
vn 0.000000 1.000000 -0.000001
vn 0.000000 1.000000 -0.000001
vn 0.000000 1.000000 -0.000001
vn 0.687697 0.725997 0.000916
vn 0.687697 0.725998 0.000916
vn 0.696723 0.717335 -0.002696
vn 0.720165 0.693694 -0.012304
vn 0.997682 0.052116 0.043767
vn 0.999335 0.036452 0.001034
vn 0.999006 0.041021 -0.017432
vn 0.997116 0.056298 0.050885
vn 0.998295 0.057468 -0.010233
vn 0.996107 0.055981 0.068092
vn 0.998343 0.057414 0.003811
vn 0.999418 0.033763 -0.004870
vn 0.998331 0.056665 -0.011190
vn 0.998904 0.024053 -0.040155
vn 0.704595 0.709609 -0.000719
vn 0.704595 0.709609 -0.000719
vn 0.657904 0.751482 -0.049366
vn 0.121436 0.992572 -0.007363
vn 0.000000 1.000000 0.000001
vn 0.000000 1.000000 -0.000000
vn 0.000000 1.000000 0.000000
vn 0.236342 0.093853 -0.967127
vn 0.168075 0.084032 -0.982186
vn 0.127232 0.131779 -0.983080
vn 0.155334 0.084296 -0.984259
vn 0.145930 0.098694 -0.984360
vn 0.114064 0.697406 -0.707541
vn 0.111890 0.713497 -0.691666
vn 0.109651 0.713503 -0.692019
vn 0.398197 0.108430 -0.910869
vn 0.136730 0.101446 -0.985400
vn 0.307617 0.077633 -0.948338
vn 0.308271 0.692381 -0.652363
vn 0.286264 0.699683 -0.654597
vn 0.308679 0.692241 -0.652318
vn 0.308679 0.692241 -0.652318
vn 0.071622 0.992416 -0.099905
vn 0.069583 0.995132 -0.069787
vn 0.000000 1.000000 0.000000
vn 0.000000 1.000000 0.000000
vn 0.000000 1.000000 0.000000
vn 0.000000 0.998053 0.062378
vn -0.000000 -1.000000 -0.000000
vn -0.000000 -1.000000 0.000000
vn -0.000000 -1.000000 -0.000000
vn -0.000000 -1.000000 -0.000000
vn 0.000000 1.000000 0.000000
vn 0.000000 1.000000 -0.000730
vn 0.000000 0.999995 -0.003205
vn 0.001941 0.999996 -0.002023
vn 0.000000 1.000000 -0.000000
vn -0.000989 0.999930 -0.011803
vn -0.002929 0.999970 -0.007214
vn 0.000000 1.000000 -0.000000
vn 0.000000 1.000000 -0.000000
vn -0.447288 -0.109866 -0.887617
vn -0.447288 -0.109866 -0.887617
vn -0.463053 -0.100352 -0.880631
vn -0.454585 -0.105480 -0.884436
vn -0.663721 0.671089 -0.330325
vn -0.663721 0.671089 -0.330325
vn -0.671058 0.638614 -0.376633
vn -0.674576 0.616982 -0.405316
vn 0.058771 0.978082 -0.199753
vn 0.032452 0.998883 -0.034344
vn 0.083625 0.715680 -0.693404
vn 0.152335 0.653887 -0.741098
vn 0.152335 0.653887 -0.741098
vn -0.903109 -0.099748 -0.417665
vn -0.892798 -0.084766 -0.442411
vn -0.899303 -0.089991 -0.427966
vn -0.922157 -0.097432 -0.374344
vn -0.572620 -0.121490 -0.810769
vn -0.920199 -0.115268 -0.374095
vn -0.505195 -0.137810 -0.851931
vn -0.589628 -0.094011 -0.802185
vn -0.496520 -0.120071 -0.859681
vn 0.000000 1.000000 -0.000000
vn -0.021530 0.111892 -0.993487
vn 0.527820 0.083597 -0.845232
vn 0.488504 0.083331 -0.868574
vn -0.082346 0.104395 -0.991121
vn -0.156689 0.137336 -0.978053
vn -0.110698 0.107400 -0.988034
vn -0.176684 0.134040 -0.975098
vn -0.041990 0.973031 -0.226820
vn -0.049792 0.798329 -0.600159
vn -0.148553 0.741931 -0.653813
vn -0.133997 0.742865 -0.655894
vn -0.066258 0.997714 -0.013277
vn 0.066700 0.991016 -0.115922
vn 0.000000 1.000000 0.000000
vn 0.000000 1.000000 0.000000
vn 0.280212 0.782201 -0.556455
vn 0.037024 0.997614 -0.058266
vn 0.374583 0.715472 -0.589735
vn 0.000000 1.000000 0.000000
vn 0.000000 1.000000 0.000000
vn 0.000000 1.000000 0.000000
vn 0.000000 1.000000 0.000000
vn 0.000000 1.000000 0.000000
vn 0.000000 1.000000 0.000000
vn 0.729474 0.000005 -0.684009
vn 0.545405 0.000005 -0.838173
vn 0.720667 0.000010 -0.693282
vn 0.527919 0.698401 -0.483257
vn 0.422972 0.808824 -0.408533
vn 0.533745 0.691120 -0.487307
vn 0.533745 0.691120 -0.487307
vn 0.000000 1.000000 -0.000000
vn 0.000000 1.000000 -0.000001
vn 0.000000 1.000000 0.000000
vn -0.690704 0.723138 -0.000279
vn -0.690704 0.723138 -0.000279
vn -0.722142 0.691744 -0.001480
vn -0.220951 0.727355 -0.649720
vn -0.182332 0.707348 -0.682945
vn -0.173999 0.702792 -0.689788
vn -0.173999 0.702792 -0.689788
vn 0.698442 0.002848 -0.715661
vn 0.732994 0.001459 -0.680234
vn 0.738244 0.000000 -0.674534
vn 0.284854 0.002125 -0.958569
vn 0.284719 0.000216 -0.958611
vn 0.284719 0.000216 -0.958611
vn 0.010857 0.999851 -0.013456
vn 0.093465 0.978925 -0.181574
vn 0.003032 0.999732 -0.022971
vn 0.000091 0.999979 -0.006504
vn 0.000000 1.000000 -0.000001
vn 0.873279 0.019538 -0.486828
vn 0.998402 0.016701 -0.053993
vn 0.873279 0.019538 -0.486828
vn 0.343956 0.792089 -0.504271
vn 0.340299 0.714786 -0.610964
vn 0.340299 0.714786 -0.610964
vn 0.393548 0.713968 -0.579111
vn 0.403106 0.724756 -0.558780
vn 0.400599 0.684120 -0.609509
vn 0.448476 0.641608 -0.622261
vn 0.000000 1.000000 0.000000
vn 0.018449 0.999504 -0.025510
vn 0.488286 0.728862 -0.479935
vn 0.487714 0.729162 -0.480060
vn 0.522012 0.667562 -0.530909
vn 0.520921 0.686528 -0.507269
vn 0.002041 0.999998 0.000431
vn 0.018631 0.999823 0.002735
vn 0.046752 0.998119 -0.039655
vn 0.005617 0.999539 -0.029830
vn 0.023837 0.999713 0.002499
vn -0.908555 0.032673 0.416487
vn -0.919772 0.053934 0.388730
vn -0.925034 0.058085 0.375417
vn -0.901765 0.093450 0.422003
vn -0.866049 0.026447 -0.499258
vn -0.980739 0.024642 -0.193761
vn -0.994373 0.042546 -0.097015
vn -0.994373 0.042546 -0.097015
vn -0.655923 -0.044110 -0.753538
vn -0.793134 0.037074 -0.607918
vn -0.662982 -0.046251 -0.747206
vn -0.636935 0.094842 -0.765061
vn -0.647601 -0.041343 -0.760857
vn -0.616274 0.107334 -0.780183
vn -0.792215 -0.042617 -0.608752
vn -0.624781 0.091348 -0.775438
vn -0.807245 -0.069220 -0.586144
vn -0.834831 -0.043603 -0.548777
vn -0.808139 -0.071866 -0.584592
vn -0.705349 -0.042157 -0.707605
vn -0.948144 -0.012280 -0.317604
vn -0.959961 -0.033585 -0.278114
vn -0.959961 -0.033585 -0.278114
vn -0.953150 -0.016103 0.302069
vn -0.955779 -0.023135 0.293176
vn -0.927990 0.052498 0.368887
vn -0.630826 0.691625 0.351729
vn -0.631773 0.693700 0.345895
vn -0.667464 0.660271 0.344289
vn -0.035860 0.996541 0.074967
vn -0.041293 0.991455 0.123737
vn -0.057828 0.990898 0.121558
vn -0.037548 0.996884 0.069374
vn -0.596143 0.730061 -0.334103
vn -0.592052 0.726211 -0.349417
vn -0.587044 0.721441 -0.367291
vn -0.587044 0.721441 -0.367291
vn -0.771610 0.614864 0.162972
vn -0.771610 0.614864 0.162972
vn -0.748716 0.631582 0.201316
vn -0.701408 0.658949 0.271684
vn 0.023528 0.967009 -0.253652
vn -0.011676 0.998435 -0.054701
vn -0.000069 1.000000 0.000022
vn -0.001252 0.999999 0.000190
vn 0.082149 0.638527 -0.765202
vn -0.032723 0.956484 -0.289944
vn 0.072909 0.650869 -0.755681
vn -0.777064 0.356717 -0.518580
vn -0.777064 0.356717 -0.518580
vn -0.807601 0.375853 -0.454439
vn -0.777483 0.356975 -0.517774
vn -0.760424 0.519450 -0.389779
vn -0.799314 0.425669 -0.424150
vn -0.759033 0.523876 -0.386553
vn -0.776544 0.545168 -0.315866
vn -0.977280 0.001645 0.211948
vn -0.955294 -0.019237 0.295031
vn -0.956367 -0.022472 0.291302
vn -0.968264 0.005397 0.249871
vn -0.999576 0.002597 -0.028999
vn -0.971209 0.004844 0.238181
vn -0.999540 0.007654 -0.029334
vn -0.999329 0.001714 -0.036575
vn -0.999383 0.007472 -0.034327
vn -0.999996 0.002657 -0.000087
vn -0.985431 -0.139818 0.096832
vn -0.999987 -0.002669 -0.004359
vn -0.968987 -0.196135 0.150319
vn 0.008840 0.649235 -0.760536
vn 0.064042 0.636730 -0.768423
vn 0.027367 0.645299 -0.763440
vn 0.007359 0.648255 -0.761388
vn 0.007349 0.649552 -0.760282
vn 0.002450 0.650661 -0.759365
vn -0.238956 -0.025317 0.970700
vn 0.116974 -0.021428 0.992904
vn 0.086289 -0.021846 0.996031
vn -0.037387 0.991588 0.123917
vn 0.322043 0.945891 0.039738
vn 0.626994 0.778291 0.033799
vn 0.322021 0.945381 0.050576
vn 0.023786 0.676317 0.736227
vn 0.042164 0.660664 0.749497
vn -0.027661 0.710373 0.703282
vn -0.071159 0.735501 0.673777
vn -0.590680 0.625393 0.509884
vn -0.590680 0.625393 0.509884
vn -0.430067 0.746153 0.508230
vn -0.586661 0.628980 0.510110
vn 0.686308 0.727305 0.002996
vn -0.201556 0.979346 0.016015
vn -0.119329 0.992832 -0.006666
vn 0.695472 0.718553 0.000005
vn 0.679071 0.675588 -0.287130
vn 0.703119 0.703933 -0.100511
vn 0.663974 0.657379 -0.356359
vn 0.717057 0.553146 0.424099
vn 0.835990 0.473242 0.277780
vn 0.829034 0.466219 0.308777
vn 0.838750 0.467734 0.278788
vn 0.989325 0.087573 0.116479
vn 0.990609 0.089103 0.103702
vn 0.948802 0.077975 0.306096
vn 0.989151 0.088570 0.117201
vn 0.949107 0.086353 0.302884
vn 0.883792 -0.018079 0.467530
vn 0.944447 0.082397 0.318168
vn 0.898769 -0.043672 0.436243
vn 0.867940 -0.062603 0.492707
vn 0.940862 0.018478 0.338286
vn 0.989569 0.020069 0.142653
vn 0.962071 -0.093793 -0.256170
vn 0.967823 -0.076665 -0.239667
vn 0.960844 -0.052385 -0.272092
vn 0.154870 -0.011270 -0.987871
vn -0.048359 -0.025650 -0.998501
vn -0.050303 -0.022399 -0.998483
vn 0.224451 -0.022279 -0.974231
vn 0.029294 0.024238 -0.999277
vn 0.236823 -0.021896 -0.971306
vn 0.120491 0.014039 -0.992615
vn 0.232493 0.381799 -0.894526
vn 0.044105 0.028951 -0.998607
vn 0.276326 0.384458 -0.880816
vn -0.420072 0.340846 -0.841049
vn 0.233237 0.408955 -0.882245
vn -0.531349 0.350044 -0.771451
vn -0.163681 0.199043 -0.966225
vn -0.437747 0.283984 -0.853071
vn -0.152638 0.216056 -0.964376
vn -0.162133 -0.039110 -0.985994
vn -0.142803 0.198620 -0.969617
vn -0.160694 -0.040825 -0.986160
vn -0.105244 -0.039265 -0.993671
vn -0.063329 -0.022539 -0.997738
vn 0.171048 -0.091165 -0.981036
vn 0.065022 -0.047424 -0.996756
vn 0.060134 -0.042227 -0.997297
vn 0.154818 -0.084086 -0.984358
vn 0.030342 0.998814 -0.038067
vn 0.037145 0.998558 -0.038769
vn 0.030113 0.998806 -0.038461
vn 0.026548 0.998981 -0.036507
vn 0.018506 0.999318 -0.031954
vn 0.063320 0.997872 0.015568
vn 0.074594 0.990689 -0.113895
vn 0.065487 0.997811 -0.009177
vn -0.001280 0.682338 -0.731036
vn -0.001280 0.682338 -0.731036
vn 0.104971 0.683437 -0.722423
vn 0.000676 0.681780 -0.731557
vn 0.036886 -0.038888 -0.998563
vn 0.339136 0.924376 0.174689
vn -0.143623 0.988397 -0.049438
vn -0.145140 0.988242 -0.048075
vn 0.297006 0.944669 0.139243
vn -0.302385 0.131315 0.944097
vn -0.031628 0.622357 0.782094
vn 0.108158 0.672466 0.732183
vn 0.170818 0.674381 0.718354
vn -0.352263 0.104385 0.930062
vn -0.211042 0.104424 0.971883
vn -0.292986 0.096896 0.951194
vn -0.548900 0.125657 0.826389
vn -0.311459 0.096292 0.945368
vn -0.513692 0.084608 0.853793
vn -0.462529 0.701948 0.541605
vn -0.390454 0.732812 0.557255
vn -0.455308 0.726475 0.514713
vn 0.119231 0.011298 0.992802
vn 0.155148 0.087829 0.983979
vn 0.158322 0.087682 0.983487
vn 0.090946 0.013653 0.995762
vn 0.150625 -0.043227 0.987645
vn 0.045716 0.007755 0.998924
vn 0.184707 -0.041884 0.981901
vn -0.269499 -0.051242 0.961636
vn 0.187752 -0.037694 0.981493
vn -0.193462 -0.054366 0.979600
vn -0.293868 -0.050591 0.954506
vn -0.272278 0.106330 0.956326
vn 0.144822 0.084589 0.985835
vn 0.233219 0.099585 0.967312
vn 0.410378 -0.125440 0.903247
vn 0.403512 -0.160549 0.900778
vn 0.241143 0.074652 0.967614
vn 0.951924 0.139159 0.272902
vn 0.705142 0.154157 0.692106
vn 0.693937 0.130629 0.708087
vn 0.945405 0.135051 0.296600
vn 0.938598 0.257529 0.229591
vn 0.958028 0.143721 0.248045
vn 0.935284 0.270503 0.228195
vn 0.958391 0.201904 0.201794
vn 0.935125 0.271783 0.227321
vn 0.965198 0.192888 0.176598
vn 0.823034 0.294945 0.485410
vn 0.963963 0.192302 0.183834
vn 0.875333 0.273359 0.398832
vn 0.470601 0.293323 0.832164
vn 0.824129 0.307481 0.475676
vn 0.498258 0.287334 0.818033
vn 0.465362 0.264476 0.844684
vn 0.416239 -0.166175 0.893941
vn 0.214027 -0.166734 0.962493
vn 0.223380 0.101156 0.969468
vn 0.216592 -0.132922 0.967171
vn 0.839972 -0.195921 0.506026
vn 0.231593 -0.175945 0.956769
vn 0.832622 -0.230071 0.503794
vn 0.963508 0.110115 0.243980
vn 0.875528 -0.170391 0.452126
vn 0.962245 0.110507 0.248744
vn 0.963139 0.118169 0.241660
vn 0.710757 0.644625 -0.281574
vn 0.713786 0.645172 -0.272512
vn 0.715382 0.638082 -0.284747
vn 0.771857 0.590741 -0.235079
vn 0.844294 0.240713 0.478775
vn 0.842573 0.233003 0.485572
vn 0.719469 0.689106 -0.086587
vn 0.678560 0.733931 -0.030023
vn 0.692101 0.719315 -0.059849
vn 0.668358 0.743584 -0.019519
vn 0.124121 0.785961 -0.605689
vn 0.126098 0.783628 -0.608297
vn 0.138793 0.753622 -0.642488
vn 0.145389 0.779316 -0.609531
vn 0.837010 0.215246 0.503075
vn 0.768924 0.210753 0.603606
vn 0.864351 0.201867 0.460593
vn 0.753551 0.637207 -0.161643
vn 0.760357 0.626310 -0.172024
vn 0.758032 0.619660 -0.203492
vn 0.760513 0.624355 -0.178332
vn 0.140239 0.750749 -0.645530
vn 0.175778 0.652761 -0.736889
vn 0.175097 0.648911 -0.740443
vn 0.926881 0.119475 0.355834
vn 0.920419 0.116751 0.373093
vn 0.927977 0.129370 0.349461
vn 0.918909 0.117021 0.376712
vn 0.940360 0.129805 0.314442
vn 0.922484 0.062224 0.380987
vn 0.931982 0.135476 0.336239
vn 0.927335 0.045815 0.371417
vn 0.923072 0.028564 0.383566
vn 0.857201 0.203636 0.473010
vn 0.644230 -0.717663 0.264438
vn 0.644230 -0.717663 0.264438
vn 0.634096 -0.723549 0.272764
vn 0.633137 -0.724094 0.273542
vn -0.133315 -0.989195 -0.061000
vn -0.134699 -0.989340 -0.055337
vn -0.138205 -0.989448 -0.043505
vn -0.134870 -0.989326 -0.055171
vn -0.067754 -0.988535 -0.134940
vn -0.133861 -0.989250 -0.058867
vn -0.112176 -0.983429 -0.142420
vn 0.064358 -0.982511 -0.174729
vn -0.106131 -0.983133 -0.148946
vn -0.065606 -0.981421 -0.180300
vn 0.711341 -0.690644 -0.130401
vn 0.701679 -0.694978 -0.157009
vn 0.701670 -0.694981 -0.157041
vn 0.990344 0.132493 0.040792
vn 0.996651 0.080926 -0.011706
vn 0.997162 0.074464 -0.011079
vn 0.990656 0.132547 0.032118
vn 0.981628 0.190773 -0.003518
vn 0.828035 0.482666 -0.285292
vn 0.818611 0.497017 -0.287838
vn 0.820057 0.485935 -0.302281
vn 0.757717 0.531356 -0.378849
vn 0.169735 0.632704 -0.755563
vn 0.183305 0.619442 -0.763342
vn 0.183325 0.618718 -0.763924
vn 0.169450 0.632151 -0.756090
vn 0.175728 0.644963 -0.743736
vn 0.169745 0.634280 -0.754239
vn 0.741699 0.483396 -0.464984
vn 0.742224 0.490698 -0.456420
vn 0.709869 0.520069 -0.474989
vn 0.988890 0.063287 0.134508
vn 0.997729 0.064683 -0.018778
vn 0.984629 0.062877 0.162946
vn 0.801359 0.428555 -0.417331
vn 0.833261 0.401765 -0.379817
vn 0.845314 0.390672 -0.364445
vn 0.845314 0.390672 -0.364445
vn 0.222202 0.623747 -0.749377
vn 0.293176 0.560605 -0.774448
vn 0.287389 0.565871 -0.772785
vn 0.219598 0.623855 -0.750055
vn 0.210077 0.650476 -0.729896
vn 0.213673 0.629878 -0.746725
vn 0.211063 0.650881 -0.729250
vn 0.183338 0.640965 -0.745353
vn 0.204662 0.649156 -0.732605
vn 0.177383 0.637588 -0.749678
vn 0.715842 -0.696056 -0.055473
vn 0.715842 -0.696056 -0.055473
vn 0.715821 -0.695610 -0.061056
vn 0.715811 -0.695484 -0.062580
vn -0.018628 -0.989666 -0.142174
vn -0.038874 -0.967082 -0.251477
vn -0.037595 -0.976326 -0.213011
vn -0.012875 -0.994142 -0.107308
vn 0.325903 -0.423200 -0.845393
vn 0.291655 -0.415929 -0.861360
vn 0.289738 -0.415507 -0.862210
vn 0.289738 -0.415507 -0.862210
vn -0.013398 0.999907 0.002650
vn -0.082789 0.993985 -0.071699
vn 0.000000 1.000000 0.000000
vn -0.015535 0.999879 0.001094
vn -0.684328 0.717411 -0.130450
vn -0.094155 0.995408 -0.017283
vn -0.708094 0.701936 -0.076739
vn -0.703505 0.707243 -0.069921
vn -0.668122 0.445859 -0.595670
vn -0.668122 0.445859 -0.595670
vn -0.673612 0.446596 -0.588897
vn -0.692816 0.448950 -0.564313
vn -0.017538 0.999844 -0.001902
vn -0.802656 0.005447 0.596417
vn -0.805911 0.003506 0.592026
vn -0.695723 0.145775 0.703363
vn -0.788733 0.003778 0.614724
vn -0.679762 0.145138 0.718929
vn -0.456652 0.758689 0.464607
vn -0.520219 0.738876 0.428291
vn -0.444827 0.761646 0.471195
vn -0.447762 0.760959 0.469523
vn 0.060784 -0.985206 0.160233
vn -0.012759 -0.991873 -0.126594
vn 0.153685 -0.982910 0.101333
vn 0.081949 -0.984176 0.157108
vn 0.057590 -0.984917 0.163160
vn -0.043449 -0.983703 -0.174471
vn -0.706710 -0.672075 -0.221081
vn -0.722926 -0.670177 -0.168048
vn -0.706071 -0.672650 -0.221370
vn -0.706047 -0.672620 -0.221541
vn -0.015320 -0.986247 -0.164566
vn -0.005602 -0.987358 -0.158410
vn -0.036854 -0.983673 -0.176154
vn -0.383336 -0.619181 0.685324
vn -0.383336 -0.619181 0.685324
vn -0.382461 -0.618953 0.686018
vn -0.359345 -0.612706 0.703891
vn -0.993896 0.110107 -0.006935
vn -0.607742 0.119730 0.785057
vn -0.649499 0.116464 0.751390
vn -0.992018 0.114649 -0.052508
vn -0.987212 0.042277 -0.153706
vn -0.991674 0.110637 -0.065901
vn -0.988629 0.046109 -0.143133
vn -0.149776 0.714674 -0.683234
vn -0.034464 0.667783 -0.743558
vn -0.114835 0.700857 -0.703997
vn -0.136602 0.755379 -0.640892
vn -0.152734 0.715390 -0.681828
vn -0.143652 0.753485 -0.641579
vn 0.063849 0.803173 -0.592314
vn -0.091082 0.770604 -0.630772
vn 0.112451 0.805892 -0.581285
vn -0.690000 0.653207 -0.311802
vn -0.735996 0.609488 -0.294676
vn -0.685757 0.654893 -0.317575
vn -0.683147 0.650401 -0.332096
vn -0.974592 -0.030684 0.221876
vn -0.976485 -0.030546 0.213410
vn -0.991263 -0.027607 0.128982
vn -0.979899 -0.013548 0.199033
vn -0.948724 -0.029381 0.314737
vn -0.976580 -0.026092 0.213568
vn -0.982286 0.111165 0.150853
vn -0.978494 0.062716 0.196509
vn -0.810439 0.530277 -0.248986
vn -0.814304 0.526699 -0.243921
vn -0.750814 0.558338 -0.352897
vn -0.795821 0.540435 -0.273128
vn -0.795073 0.520321 -0.311648
vn -0.775265 0.531723 -0.340932
vn -0.782224 0.505189 -0.364567
vn -0.983750 -0.000000 0.179544
vn -0.986632 0.006265 0.162844
vn -0.984602 0.002689 0.174793
vn -0.984079 0.004097 0.177682
vn -0.983733 0.000000 0.179635
vn -0.984311 0.003164 0.176412
vn -0.990432 0.000240 0.137999
vn -0.706681 -0.696134 0.126490
vn -0.728862 -0.672988 0.125884
vn -0.696511 -0.708215 0.115343
vn -0.696752 -0.707449 0.118543
vn -0.000018 -1.000000 -0.000087
vn 0.000000 -1.000000 0.000003
vn 0.000000 -1.000000 0.000001
vn 0.000000 -1.000000 0.000000
vn -0.034159 -0.999416 0.000223
vn -0.000013 -1.000000 -0.000064
vn -0.001695 -0.999967 -0.007944
vn -0.220872 -0.974572 0.037738
vn -0.009378 -0.999952 -0.002717
vn -0.027734 -0.999602 0.005073
vn -0.751409 -0.654321 0.085143
vn -0.715682 -0.696072 0.057290
vn -0.715626 -0.696066 0.058072
vn -0.995218 0.040512 0.088882
vn -0.996790 0.037477 0.070753
vn -0.987330 0.025101 0.156682
vn 0.064763 0.762330 0.643940
vn 0.042568 0.753366 0.656222
vn 0.016803 0.749700 0.661565
vn 0.013331 0.750589 0.660635
vn 0.256387 -0.029698 0.966118
vn 0.060839 0.107757 0.992314
vn -0.060850 0.123586 0.990467
vn 0.203563 0.017976 0.978897
vn 0.724021 0.394885 0.565560
vn 0.724021 0.394885 0.565560
vn 0.608630 0.509936 0.607894
vn 0.675796 0.446886 0.586168
vn 0.268736 -0.035745 0.962550
vn 0.363938 0.916259 0.167387
vn 0.305574 0.950492 0.056477
vn -0.210456 0.977387 -0.020576
vn -0.175747 0.983458 -0.043870
vn 0.000000 -1.000000 0.000002
vn 0.000000 -1.000000 0.000001
vn 0.000000 -1.000000 0.000002
vn 0.000000 -1.000000 0.000004
vn 0.000000 -1.000000 -0.000000
vn 0.000000 -1.000000 0.000000
vn 0.000000 -1.000000 0.000000
vn 0.000000 -1.000000 0.000000
vn 0.002055 -0.999998 0.000051
vn 0.076127 -0.688288 0.721433
vn 0.035987 -0.646725 0.761874
vn 0.029266 -0.685749 0.727250
vn 0.047244 -0.688545 0.723653
vn 0.027585 -0.999618 0.002022
vn 0.011288 -0.998898 0.045558
vn 0.014713 -0.998298 0.056425
vn 0.026509 -0.999618 0.007877
vn 0.027951 -0.999609 0.000716
vn 0.001525 -0.999999 0.000038
vn -0.141096 -0.645927 0.750247
vn -0.170443 -0.676282 0.716654
vn -0.210377 -0.710807 0.671189
vn -0.209741 -0.710838 0.671356
vn -0.237418 0.000036 0.971408
vn -0.294965 -0.000000 0.955508
vn -0.316116 0.000687 0.948720
vn -0.293695 0.006871 0.955874
vn 0.096166 0.000010 0.995365
vn -0.237614 0.013271 0.971269
vn 0.107419 0.002138 0.994212
vn 0.112720 -0.000000 0.993627
vn 0.118845 0.012772 0.992831
vn 0.020888 0.000289 0.999782
vn -0.304794 0.000000 0.952418
vn -0.421859 0.000000 0.906661
vn -0.422168 0.000954 0.906517
vn -0.302034 -0.702064 0.644889
vn -0.302096 -0.702055 0.644869
vn -0.285972 -0.713606 0.639521
vn -0.255724 -0.732938 0.630402
vn 0.457325 -0.797571 0.393363
vn 0.463462 -0.795766 0.389820
vn 0.438056 -0.795160 0.419318
vn 0.442006 -0.796627 0.412330
vn -0.170078 -0.982675 0.073646
vn -0.152448 -0.982226 0.109509
vn -0.145793 -0.983041 0.111242
vn -0.114291 -0.991922 0.055039
vn -0.135883 -0.989397 -0.051281
vn -0.172694 -0.981854 0.078357
vn -0.039374 -0.999142 0.012842
vn -0.144047 -0.983038 0.113516
vn -0.045677 -0.998892 0.011366
vn -0.029985 -0.999398 0.017448
vn -0.035012 -0.999318 0.011754
vn 0.206746 -0.711094 0.672013
vn 0.197646 -0.713010 0.672720
vn 0.195865 -0.727313 0.657764
vn 0.195941 -0.713983 0.672187
vn 0.301193 -0.039461 0.952746
vn 0.315204 -0.023573 0.948731
vn 0.182226 0.617845 -0.764893
vn 0.176203 0.637920 -0.749674
vn 0.182500 0.613824 -0.768058
vn 0.184838 0.617792 -0.764308
vn 0.183642 0.611611 -0.769551
vn -0.042591 -0.967036 -0.251053
vn -0.058408 -0.980808 -0.186024
vn -0.166989 0.402022 -0.900274
vn -0.732640 0.077618 -0.676176
vn -0.179330 0.505598 -0.843926
vn -0.130457 0.551698 -0.823778
vn 0.196801 0.974926 -0.103872
vn 0.653753 0.673512 -0.344947
vn 0.657727 0.664938 -0.353911
vn 0.230761 0.967364 -0.104676
vn -0.191678 -0.979925 -0.054828
vn -0.203926 -0.974564 -0.092954
vn -0.181079 -0.980712 -0.073582
vn -0.170543 -0.984834 -0.031884
vn 0.120663 -0.961746 -0.245937
vn -0.145357 -0.986579 -0.074383
vn -0.014855 -0.980174 -0.197579
vn 0.317211 -0.877261 -0.360264
vn 0.009495 -0.977354 -0.211398
vn 0.281201 -0.914260 -0.291642
vn -0.352157 -0.629288 -0.692808
vn -0.352157 -0.629288 -0.692808
vn -0.353617 -0.637874 -0.684158
vn -0.489877 -0.726941 -0.481226
vn -0.792217 -0.017741 -0.609981
vn -0.752025 -0.325894 -0.572932
vn -0.790555 -0.017001 -0.612155
vn -0.478071 -0.000101 -0.878321
vn -0.478071 -0.000101 -0.878321
vn -0.480187 0.009712 -0.877112
vn -0.479326 0.005692 -0.877618
vn 0.105824 -0.044765 -0.993377
vn 0.070292 -0.002765 -0.997523
vn 0.070429 0.002813 -0.997513
vn 0.082964 -0.025015 -0.996239
vn 0.213727 0.529997 -0.820624
vn 0.227323 0.527170 -0.818790
vn 0.557042 0.368068 -0.744466
vn 0.446501 0.443870 -0.776927
vn 0.362363 0.931723 0.024203
vn 0.293421 0.955861 -0.015300
vn 0.167454 0.982157 -0.085598
vn 0.546111 0.623256 -0.559744
vn 0.631564 0.649158 -0.423935
vn 0.512370 0.610612 -0.603846
vn -0.212844 0.502613 -0.837901
vn -0.288518 0.481605 -0.827535
vn -0.313868 0.466846 -0.826765
vn -0.313317 0.467336 -0.826698
vn 0.427575 -0.900470 0.079582
vn 0.437320 -0.896002 0.077012
vn 0.437320 -0.896002 0.077012
vn 0.002177 -0.999994 -0.002592
vn 0.000000 -1.000000 0.000003
vn 0.000000 -1.000000 0.000001
vn 0.000000 -1.000000 0.000006
vn 0.011402 -0.999843 -0.013591
vn 0.258117 -0.915521 -0.308540
vn 0.028817 0.013770 -0.999490
vn 0.101070 -0.043620 -0.993923
vn -0.003612 0.023531 -0.999717
vn -0.509444 -0.000005 -0.860504
vn -0.965536 -0.000005 -0.260269
vn -0.951452 -0.000013 -0.307798
vn -0.537351 -0.000010 -0.843359
vn -0.348762 -0.712285 -0.609111
vn -0.352138 -0.713316 -0.605953
vn -0.340889 -0.709829 -0.616391
vn -0.340889 -0.709829 -0.616391
vn 0.000000 -1.000000 0.000000
vn 0.000000 -1.000000 0.000000
vn 0.000000 -1.000000 -0.000000
vn 0.000000 -1.000000 0.000000
vn -0.667766 -0.724039 -0.172792
vn -0.669703 -0.723215 -0.168697
vn -0.672736 -0.722915 -0.157542
vn -0.666987 -0.736143 -0.114984
vn -0.801125 0.369157 0.471086
vn -0.801125 0.369157 0.471086
vn -0.804850 0.368966 0.464845
vn -0.891019 0.355827 0.281908
vn 0.000000 -1.000000 0.000000
vn 0.000000 -1.000000 0.000000
vn -0.447583 0.609680 0.654186
vn -0.559082 0.358147 0.747768
vn -0.474801 0.587204 0.655557
vn -0.857937 0.488375 -0.159479
vn -0.838569 0.516424 -0.173519
vn -0.753562 0.614738 -0.232897
vn -0.755971 0.609068 -0.239883
vn -0.479437 0.006322 -0.877554
vn -0.443864 0.071523 -0.893235
vn -0.434006 0.073312 -0.897922
vn -0.474542 0.001492 -0.880231
vn -0.454424 -0.000016 -0.890786
vn -0.482742 0.000000 -0.875763
vn 0.999997 -0.000002 0.002480
vn 0.992685 -0.000001 -0.120732
vn 0.992449 -0.000000 -0.122660
vn 0.999709 -0.000006 -0.024140
vn 0.715382 -0.698694 -0.007434
vn 0.715643 -0.698114 -0.022189
vn 0.715263 -0.698850 -0.002602
vn 0.715263 -0.698850 -0.002602
vn -0.011131 -0.999855 -0.012863
vn -0.010882 -0.999862 -0.012576
vn -0.000547 -1.000000 -0.000632
vn 0.705902 -0.703997 -0.078051
vn 0.700771 -0.707932 -0.088046
vn 0.711612 -0.692424 -0.118985
vn 0.704371 -0.702928 -0.098760
vn 0.992118 0.000000 -0.125310
vn 0.983379 -0.000022 -0.181565
vn 0.992225 0.001754 -0.124448
vn 0.451533 -0.723465 -0.522222
vn 0.433209 -0.727703 -0.531769
vn 0.417406 -0.721136 -0.552934
vn 0.593027 -0.020613 -0.804919
vn 0.610499 -0.000007 -0.792017
vn 0.643213 0.006104 -0.765663
vn 0.989693 0.005815 -0.143090
vn -0.007308 -0.541613 0.840596
vn -0.007308 -0.541613 0.840596
vn -0.007308 -0.541613 0.840596
vn -0.007308 -0.541613 0.840596
vn 0.733541 0.257768 0.628867
vn 0.729922 0.265030 0.630058
vn 0.668085 0.318062 0.672681
vn 0.715186 0.290115 0.635879
vn 0.739096 0.673598 0.001938
vn 0.739096 0.673598 0.001938
vn 0.991845 0.127426 0.002537
vn 0.914654 0.403394 -0.026116
vn 0.988212 0.037311 -0.148476
vn 0.999337 0.036119 -0.004560
vn 0.989201 0.036524 -0.141942
vn 0.992646 0.052887 -0.108887
vn 0.987004 0.034675 -0.156908
vn 0.993303 0.005098 -0.115425
vn 0.778466 0.623284 -0.074222
vn 0.703858 0.708890 -0.045375
vn 0.999333 0.023064 0.028311
vn 0.702412 0.352633 0.618278
vn 0.671753 0.348672 0.653587
vn 0.706428 0.355819 0.611843
vn 0.788870 0.470779 0.395034
vn 0.000187 0.414006 0.910274
vn 0.004182 0.413980 0.910277
vn 0.005480 0.414533 0.910018
vn 0.001373 0.412780 0.910830
vn 0.000001 0.446535 0.894766
vn 0.000001 0.413382 0.910558
vn 0.007055 0.448529 0.893740
vn -0.207162 0.392447 -0.896142
vn -0.303212 0.464777 -0.831892
vn -0.194847 0.377116 -0.905438
vn -0.251446 0.365001 -0.896409
vn 0.157812 0.693046 -0.703408
vn 0.315055 0.637236 -0.703329
vn 0.311979 0.631375 -0.709954
vn 0.087670 0.648958 -0.755756
vn 0.149420 0.694796 -0.703514
vn 0.118449 0.804988 -0.581347
vn 0.360749 -0.046627 0.931497
vn 0.415937 -0.049116 0.908066
vn 0.410155 -0.058141 0.910161
vn 0.350265 -0.048940 0.935371
vn 0.419325 -0.001801 0.907835
vn 0.353919 -0.030345 0.934784
vn 0.355490 -0.003730 0.934673
vn 0.306416 -0.676318 0.669853
vn 0.303094 -0.690439 0.656832
vn 0.166801 -0.762435 0.625196
vn 0.285354 -0.711047 0.642639
vn 0.000000 -1.000000 -0.000001
vn 0.000000 -1.000000 -0.000001
vn 0.000000 -1.000000 -0.000000
vn 0.000000 -1.000000 -0.000001
vn 0.000000 -1.000000 0.000000
vn -0.000099 -1.000000 0.000035
vn -0.003753 -0.999992 0.001125
vn 0.289204 -0.662953 0.690546
vn 0.278526 -0.688828 0.669283
vn 0.260884 -0.715178 0.648429
vn 0.263047 -0.713476 0.649429
vn 0.385646 -0.018658 0.922458
vn 0.381377 -0.021561 0.924168
vn 0.421163 -0.053385 0.905412
vn 0.326931 -0.160029 0.931401
vn 0.312760 -0.151074 0.937741
vn 0.308895 -0.156612 0.938113
vn 0.379020 -0.015765 0.925254
vn 0.319832 -0.015511 0.947347
vn 0.177154 0.068137 0.981822
vn 0.177452 0.063599 0.982072
vn 0.599797 0.084098 0.795720
vn 0.681360 -0.020835 0.731652
vn 0.452412 0.204268 0.868100
vn 0.663042 0.014432 0.748443
vn 0.450655 0.203086 0.869291
vn 0.545903 0.177597 0.818809
vn 0.462272 0.206998 0.862239
vn 0.682253 0.202420 0.702536
vn 0.655626 0.200613 0.727948
vn 0.270251 0.092557 0.958331
vn -0.350020 0.398017 -0.847979
vn -0.372506 0.411414 -0.831852
vn -0.320917 0.412007 -0.852797
vn -0.979443 -0.030693 0.199373
vn -0.792255 -0.036102 -0.609122
vn -0.752772 -0.022048 -0.657912
vn 0.000000 -1.000000 -0.000001
vn 0.000000 -1.000000 0.000000
vn 0.448107 0.642790 -0.621306
vn 0.195943 0.761768 -0.617509
vn 0.375195 0.678717 -0.631325
vn 0.604780 0.649978 -0.460185
vn 0.445619 0.641176 -0.624753
vn 0.484821 0.702509 -0.520990
vn 0.892323 0.434058 -0.123907
vn 0.903048 0.428179 -0.034168
vn 0.959230 0.100775 0.264051
vn 0.941877 -0.010870 0.335783
vn 0.919431 -0.002909 0.393241
vn 0.628186 0.710411 0.317330
vn 0.619825 0.717920 0.316873
vn 0.610796 0.725928 0.316159
vn 0.658765 0.683816 0.313727
vn 0.406691 0.804485 -0.432904
vn 0.489860 0.705955 -0.511532
vn 0.424971 0.805621 -0.412765
vn -0.994955 0.087640 -0.048829
vn -0.995380 0.069022 -0.066744
vn -0.804608 0.127071 -0.580051
vn -0.804608 0.127071 -0.580051
vn -0.984452 0.091691 -0.149822
vn -0.812880 0.163417 -0.559036
vn -0.839466 0.539029 -0.068878
vn -0.776585 0.577734 -0.251274
vn -0.765449 0.581351 -0.275897
vn -0.765449 0.581351 -0.275897
vn -0.579809 0.546484 0.604299
vn -0.584455 0.553311 0.593515
vn -0.457880 0.625161 0.632076
vn -0.994159 0.071801 -0.080573
vn -0.999194 0.001405 -0.040115
vn -0.996103 -0.000003 -0.088199
vn -0.999007 0.001063 -0.044533
vn -0.998349 0.013832 -0.055758
vn -0.988569 0.074495 -0.131082
vn 0.000000 -1.000000 -0.000000
vn 0.000000 -1.000000 -0.000000
vn 0.412619 0.557301 0.720528
vn 0.129654 0.486426 0.864048
vn 0.274182 0.519630 0.809203
vn 0.135685 0.967821 0.211926
vn 0.404904 0.553028 0.728157
vn 0.103062 0.967926 0.229125
vn 0.194178 0.972893 0.125596
vn 0.119421 0.978917 0.165709
vn 0.210257 0.972368 0.101450
vn 0.501855 0.694935 -0.514982
vn 0.501855 0.694935 -0.514982
vn 0.501855 0.694935 -0.514982
vn 0.501855 0.694935 -0.514982
vn 0.830920 0.392570 0.394286
vn 0.834390 0.408154 0.370409
vn 0.830071 0.390044 0.398557
vn 0.815965 0.365567 0.447842
vn 0.620482 0.138759 -0.771847
vn 0.981058 0.126207 -0.146962
vn 0.989848 0.117568 -0.079864
vn 0.654955 0.128708 -0.744626
vn 0.479015 0.774111 -0.413881
vn 0.479015 0.774111 -0.413881
vn 0.486416 0.752360 -0.444245
vn 0.480368 0.770362 -0.419272
vn 0.688793 0.297372 0.661161
vn 0.747841 0.317542 0.583011
vn 0.683330 0.293267 0.668622
vn 0.667660 0.263060 0.696441
vn 0.991976 0.102488 -0.074023
vn -0.671324 0.598640 -0.436982
vn -0.623935 0.601169 -0.499300
vn -0.604521 0.610737 -0.511424
vn -0.617079 0.603477 -0.505003
vn -0.432221 0.084218 -0.897827
vn -0.363473 0.140881 -0.920891
vn -0.349146 0.139046 -0.926695
vn -0.603004 0.740824 0.295914
vn -0.599907 0.611764 0.515613
vn -0.552404 0.817289 0.163977
vn 0.000027 -1.000000 -0.000035
vn 0.000446 -1.000000 -0.000587
vn -0.000000 -1.000000 0.000000
vn 0.614775 -0.024051 -0.788335
vn 0.614775 -0.024051 -0.788336
vn 0.614775 -0.024051 -0.788336
vn 0.614775 -0.024051 -0.788336
vn 0.000030 -1.000000 -0.000039
vn 0.000000 -1.000000 -0.000000
vn 0.000000 -1.000000 0.000000
vn 0.517707 0.000004 -0.855558
vn -0.127126 0.000007 -0.991887
vn -0.092519 0.000632 -0.995711
vn 0.517202 0.005710 -0.855844
vn 0.380363 -0.702003 -0.602093
vn 0.331240 -0.741186 -0.583887
vn 0.384492 -0.696456 -0.605900
vn 0.392178 -0.678282 -0.621393
vn -0.000000 -1.000000 0.000000
vn 0.000000 -1.000000 -0.000000
vn -0.000000 -1.000000 0.000000
vn -0.072386 -0.723041 -0.687002
vn -0.075805 -0.721361 -0.688398
vn -0.114973 -0.701220 -0.703613
vn -0.114973 -0.701220 -0.703613
vn 0.536045 0.081624 -0.840234
vn 0.566882 0.054742 -0.821978
vn 0.568315 0.052315 -0.821147
vn 0.153404 0.966377 -0.206356
vn 0.053453 0.998565 0.003208
vn 0.396410 0.666230 -0.631662
vn 0.389061 0.714031 -0.582058
vn 0.392769 0.713555 -0.580148
vn 0.517484 0.053308 -0.854031
vn 0.498138 0.050758 -0.865611
vn 0.506623 0.049950 -0.860720
vn 0.509274 0.018658 -0.860402
vn 0.511233 0.054060 -0.857740
vn 0.566637 0.051816 -0.822337
vn -0.000000 -1.000000 -0.000000
vn -0.000000 -1.000000 0.000000
vn -0.181148 -0.000010 -0.983456
vn -0.186984 0.005614 -0.982347
vn -0.162179 0.000000 -0.986761
vn -0.154556 0.003769 -0.987977
vn -0.061993 0.998065 -0.004890
vn -0.571311 0.802193 0.173463
vn -0.154019 0.782796 -0.602917
vn -0.154019 0.782796 -0.602917
vn -0.154019 0.782796 -0.602917
vn -0.154019 0.782796 -0.602917
vn -0.338485 0.143035 -0.930037
vn -0.166063 0.138893 -0.976285
vn 0.540752 0.006825 -0.841155
vn 0.365495 -0.679821 -0.635812
vn 0.396808 -0.643599 -0.654464
vn 0.442872 -0.528366 -0.724358
vn 0.533954 0.053017 -0.843850
vn 0.600248 0.126224 -0.789791
vn 0.537422 0.050995 -0.841770
vn 0.499161 0.050706 -0.865024
vn 0.538934 0.040592 -0.841369
vn 0.048551 0.998821 0.000214
vn 0.217093 0.971616 0.093987
vn -0.653260 0.041937 0.755971
vn -0.654237 -0.000000 0.756290
vn -0.760734 0.000004 0.649064
vn -0.484009 0.663714 0.570280
vn -0.559222 0.669101 0.489464
vn -0.488997 0.704041 0.514984
vn -0.998072 0.000002 0.062069
vn -0.669975 0.000001 0.742384
vn -0.999716 0.000000 -0.023821
vn -0.999518 -0.000000 -0.031048
vn -0.997863 0.057574 -0.030885
vn 0.354994 0.703857 0.615276
vn 0.354994 0.703857 0.615276
vn 0.350234 0.702906 0.619080
vn -0.861129 0.033206 -0.507302
vn -0.876603 0.038136 -0.479700
vn -0.585757 0.038968 -0.809550
vn -0.856198 0.037598 -0.515278
vn -0.600681 0.054667 -0.797618
vn -0.563680 0.042261 -0.824911
vn -0.825885 0.232393 -0.513719
vn -0.842494 0.020959 -0.538298
vn -0.845007 0.018465 -0.534436
vn -0.820171 0.253140 -0.513070
vn -0.877280 0.130860 -0.461796
vn -0.840349 0.234138 -0.488869
vn -0.916139 0.117179 -0.383351
vn -0.380849 0.122161 -0.916532
vn -0.907261 0.120556 -0.402919
vn -0.564526 0.099706 -0.819371
vn -0.401487 0.102347 -0.910128
vn -0.400914 0.109740 -0.909519
vn -0.386759 0.102916 -0.916420
vn -0.456956 0.092497 -0.884667
vn -0.852154 0.019037 -0.522944
vn -0.727024 -0.091361 -0.680506
vn -0.040536 0.997275 0.061638
vn -0.959800 0.004839 -0.280643
vn -0.963769 0.007235 -0.266639
vn -0.960278 0.004803 -0.279004
vn -0.959612 0.003563 -0.281304
vn -0.675769 0.710100 -0.197722
vn -0.675769 0.710100 -0.197722
vn -0.666896 0.727618 -0.160692
vn -0.675422 0.710857 -0.196183
vn -0.997168 0.009638 -0.074593
vn -0.998796 0.004806 -0.048818
vn -0.998368 0.004877 -0.056896
vn -0.961815 0.004829 -0.273659
vn -0.260824 0.713128 0.650706
vn -0.254057 0.738371 0.624711
vn -0.254057 0.738371 0.624711
vn -0.287097 0.037225 0.957178
vn -0.847917 0.004339 0.530112
vn -0.847917 0.004339 0.530112
vn -0.847917 0.004339 0.530112
vn -0.847917 0.004339 0.530112
vn -0.961665 0.273209 0.023611
vn -0.960002 0.274159 -0.056866
vn -0.962385 0.265497 -0.057680
vn -0.964602 0.259055 0.049326
vn -0.970610 0.230014 0.070784
vn -0.996106 0.041386 0.077849
vn -0.987344 0.039294 -0.153651
vn -0.948251 0.301662 -0.099092
vn -0.938049 0.333476 -0.094118
vn -0.936486 0.340382 -0.084459
vn -0.964368 0.257285 -0.061636
vn -0.707552 0.395690 0.585491
vn -0.705242 0.402835 0.583402
vn -0.797271 0.025430 0.603086
vn -0.711718 0.331601 0.619272
vn -0.789743 0.016371 0.613220
vn -0.763590 0.013294 0.645565
vn 0.952351 0.257756 0.163064
vn 0.923278 0.254673 0.287574
vn 0.921683 0.256931 0.290666
vn 0.956229 0.262611 0.129078
vn 0.943411 0.098490 0.316664
vn 0.961554 0.243512 0.126952
vn 0.954878 0.106647 0.277189
vn 0.952454 0.095803 0.289230
vn 0.983163 -0.003740 0.182691
vn 0.981457 -0.024647 0.190089
vn 0.979503 -0.010832 0.201140
vn 0.922429 0.243488 0.299730
vn 0.910701 0.158083 0.381619
vn 0.930602 0.162593 0.327939
vn 0.947113 0.154346 0.281344
vn 0.915274 0.140149 0.377667
vn 0.913573 0.146502 0.379369
vn 0.916455 -0.031907 0.398864
vn 0.912759 -0.028540 0.407499
vn 0.898881 -0.034665 0.436820
vn 0.916031 -0.015651 0.400801
vn 0.921298 -0.040347 0.386759
vn 0.856351 0.174027 0.486188
vn 0.908366 -0.025251 0.417413
vn 0.852287 0.176533 0.492385
vn 0.863294 0.186578 0.468948
vn 0.957432 0.157908 0.241640
vn 0.985763 0.111541 -0.125815
vn 0.984035 0.081822 -0.158052
vn 0.979293 0.080515 -0.185748
vn 0.859560 -0.074052 -0.505642
vn 0.849810 0.013454 -0.526918
vn 0.844932 0.017371 -0.534592
vn 0.855684 -0.076644 -0.511792
vn 0.879254 -0.057861 -0.472827
vn 0.992786 -0.106891 0.054321
vn 0.990707 -0.124332 0.055147
vn 0.970417 -0.022587 0.240376
vn 0.987967 -0.109260 0.109472
vn 0.954640 0.020787 0.297036
vn 0.988467 0.017715 0.150400
vn 0.946321 0.011322 0.323031
vn 0.935184 0.018326 0.353687
vn 0.941858 0.018949 0.335476
vn 0.903758 0.036056 -0.426523
vn -0.348029 -0.044870 0.936409
vn 0.351969 -0.046266 0.934868
vn 0.354970 -0.047964 0.933646
vn -0.330660 -0.033192 0.943166
vn -0.344313 -0.000283 0.938855
vn -0.371951 -0.037647 0.927489
vn -0.369461 -0.002469 0.929243
vn 0.350029 -0.001596 0.936737
vn -0.344160 -0.004440 0.938901
vn 0.294557 0.009467 0.955587
vn 0.363015 0.006902 0.931758
vn 0.392437 -0.033097 0.919183
vn 0.235919 0.069746 0.969266
vn 0.350471 0.252737 0.901828
vn 0.384971 0.209157 0.898917
vn 0.234158 0.071543 0.969563
vn 0.250808 0.067952 0.965649
vn -0.440959 -0.049091 0.896184
vn -0.432325 -0.049737 0.900345
vn -0.535417 0.223358 0.814518
vn -0.436876 -0.049230 0.898173
vn -0.555380 0.209274 0.804834
vn -0.530833 0.241438 0.812357
vn 0.388291 0.263366 0.883102
vn 0.622618 0.769903 -0.139988
vn 0.473792 0.808149 -0.349881
vn 0.575809 0.788837 -0.214895
vn 0.690949 0.705131 -0.159307
vn 0.619211 0.770774 -0.149954
vn 0.687112 0.707066 -0.167136
vn 0.685049 0.646249 -0.336259
vn 0.690429 0.691227 -0.213338
vn 0.680917 0.635038 -0.364799
vn 0.791575 0.558169 0.248709
vn 0.833457 0.512170 0.207439
vn 0.837054 0.507822 0.203609
vn 0.837054 0.507822 0.203609
vn 0.345712 0.643565 -0.682867
vn 0.344799 0.626333 -0.699157
vn 0.338444 0.638394 -0.691310
vn 0.489565 0.733012 -0.472249
vn 0.385468 0.671767 -0.632570
vn 0.517130 0.743015 -0.424859
vn -0.124836 0.609504 -0.782893
vn -0.116637 0.653812 -0.747614
vn -0.078633 0.636034 -0.767645
vn -0.115656 0.655785 -0.746036
vn -0.715921 0.003752 -0.698172
vn -0.700898 0.208936 -0.681974
vn -0.715312 0.165941 -0.678817
vn 0.561775 0.687958 -0.459481
vn 0.558552 0.686242 -0.465931
vn 0.520431 0.744889 -0.417482
vn -0.325489 0.410057 -0.852003
vn -0.337864 0.392961 -0.855237
vn -0.342356 0.386188 -0.856534
vn -0.342139 0.386541 -0.856462
vn -0.822986 -0.053809 -0.565507
vn -0.819542 -0.053906 -0.570478
vn -0.815255 -0.053200 -0.576653
vn -0.745239 -0.015596 -0.666615
vn -0.196028 0.520620 -0.830980
vn -0.203185 0.519285 -0.830096
vn -0.689610 0.100004 -0.717243
vn -0.261466 0.481273 -0.836667
vn 0.886621 0.402146 -0.228432
vn 0.881562 0.377424 -0.283548
vn 0.865856 0.380809 -0.324464
vn 0.992871 -0.014010 0.118370
vn 0.984266 0.014574 0.176090
vn 0.992414 -0.041145 0.115853
vn 0.990454 -0.037647 0.132606
vn 0.983045 0.020808 0.182181
vn 0.721680 0.023202 0.691838
vn 0.721680 0.023202 0.691838
vn 0.722436 0.027576 0.690888
vn 0.722198 0.026188 0.691191
vn 0.584708 0.568206 0.579015
vn 0.584708 0.568206 0.579015
vn 0.585327 0.564248 0.582251
vn 0.585850 0.560816 0.585034
vn 0.982882 0.023221 0.182765
vn 0.697151 0.649290 -0.303979
vn 0.744129 0.627630 -0.228807
vn 0.755030 0.614692 -0.228219
vn 0.763941 0.614474 -0.197019
vn -0.896626 0.005569 -0.442754
vn -0.896041 0.003303 -0.443960
vn -0.394994 0.265569 -0.879462
vn -0.356945 0.296581 -0.885793
vn -0.347219 0.278093 -0.895602
vn 0.134546 0.240965 -0.961163
vn 0.078126 0.013593 -0.996851
vn 0.234832 0.226357 -0.945313
vn 0.210916 0.202152 -0.956373
vn 0.506968 0.624063 -0.594583
vn 0.509579 0.609344 -0.607477
vn 0.503730 0.621008 -0.600504
vn 0.554285 0.675604 -0.486135
vn 0.514394 0.633208 -0.578313
vn -0.959346 0.132028 0.249449
vn -0.976401 0.131792 0.171090
vn -0.976850 0.134631 0.166250
vn -0.963054 0.146128 0.226215
vn -0.960482 0.135285 0.243254
vn -0.978832 0.132645 0.155865
vn 0.294232 0.192591 0.936128
vn 0.276212 0.164139 0.946977
vn -0.142686 0.235253 0.961404
vn 0.285167 0.194773 0.938479
vn -0.097591 0.243330 0.965021
vn -0.281627 -0.051091 0.958163
vn -0.196640 0.239643 0.950739
vn -0.299431 -0.047954 0.952912
vn -0.322037 -0.055563 0.945095
vn -0.540029 0.090837 0.836730
vn -0.615099 0.017861 -0.788247
vn -0.789291 -0.000000 -0.614020
vn -0.571571 -0.042774 -0.819437
vn -0.712689 0.103720 -0.693770
vn -0.558437 0.004037 -0.829537
vn -0.702015 0.092225 -0.706165
vn -0.156259 0.475386 -0.865789
vn -0.173737 0.464403 -0.868416
vn -0.125471 0.510246 -0.850827
vn -0.127944 0.505921 -0.853038
vn -0.750830 0.104518 -0.652173
vn -0.751180 0.105288 -0.651647
vn -0.720732 0.104923 -0.685228
vn -0.511107 -0.602209 -0.613282
vn -0.485470 -0.626864 -0.609394
vn -0.417273 -0.717542 -0.557688
vn 0.000000 -1.000000 0.000000
vn 0.000000 -1.000000 0.000001
vn 0.000000 -1.000000 0.000001
vn 0.000000 -1.000000 -0.000000
vn 0.000000 -1.000000 -0.000000
vn 0.000000 -1.000000 -0.000001
vn -0.608477 -0.624490 -0.489660
vn -0.566186 -0.705353 -0.426510
vn -0.562547 -0.715826 -0.413684
vn -0.563780 -0.716458 -0.410901
vn -0.761122 0.094286 -0.641720
vn -0.797133 0.010531 -0.603712
vn -0.809996 0.007533 -0.586387
vn -0.765724 0.097719 -0.635702
vn -0.788845 0.100980 -0.606240
vn -0.754853 0.107849 -0.646966
vn 0.680540 0.631419 -0.371720
vn 0.662267 0.656049 -0.361942
vn 0.689587 0.416815 0.592229
vn 0.690989 0.418771 0.589207
vn 0.690989 0.418771 0.589207
vn -0.989710 0.105992 0.096124
vn -0.990922 0.101194 0.088503
vn -0.986137 0.101491 0.131277
vn -0.721981 0.170142 -0.670668
vn 0.780271 -0.000294 -0.625441
vn 0.797682 0.000047 -0.603078
vn 0.087837 -0.003430 -0.996129
vn 0.749435 -0.013725 -0.661936
vn 0.120442 0.022717 -0.992460
vn 0.094372 -0.072999 -0.992857
vn 0.042380 -0.000649 -0.999101
vn 0.085331 -0.081589 -0.993006
vn 0.084646 -0.082112 -0.993022
vn 0.884097 -0.065611 -0.462674
vn 0.902135 -0.074755 -0.424929
vn 0.899962 -0.069995 -0.430314
vn -0.035040 -0.081782 -0.996034
vn 0.088180 -0.054262 -0.994626
vn 0.158401 -0.016899 -0.987230
vn 0.406645 0.107220 -0.907273
vn 0.337455 0.184531 -0.923078
vn 0.417982 0.204083 -0.885235
vn 0.112875 0.177146 -0.977691
vn 0.412263 0.208729 -0.886832
vn 0.094021 0.193884 -0.976509
vn 0.350683 0.022869 -0.936215
vn 0.069062 0.190743 -0.979208
vn 0.299412 0.031763 -0.953595
vn 0.311657 0.019793 -0.949989
vn 0.390764 0.168118 -0.905008
vn 0.071763 0.162500 -0.984095
vn 0.073011 0.176745 -0.981545
vn 0.361681 0.148339 -0.920425
vn 0.407200 0.164581 -0.898388
vn 0.039095 0.161348 -0.986123
vn 0.218733 0.676889 -0.702835
vn 0.218733 0.676889 -0.702835
vn 0.216991 0.676487 -0.703762
vn 0.278519 0.072753 0.957671
vn 0.222786 0.019594 0.974670
vn 0.203497 0.014892 0.978962
vn 0.270850 0.064919 0.960430
vn 0.280307 0.073219 0.957114
vn 0.252108 0.132037 0.958649
vn 0.367102 0.020321 0.929959
vn 0.385762 0.015950 0.922460
vn 0.368753 0.014977 0.929407
vn 0.208079 0.014065 0.978011
vn 0.200692 0.017290 0.979502
vn 0.200698 0.017277 0.979501
vn 0.706056 0.484703 0.516282
vn 0.717625 0.486239 0.498584
vn 0.734015 0.473092 0.487243
vn 0.721375 0.485885 0.493491
vn 0.737236 0.087861 0.669899
vn 0.737926 0.089761 0.668886
vn 0.738289 0.090765 0.668349
vn 0.738289 0.090765 0.668349
vn -0.524784 -0.744187 -0.413265
vn -0.525305 -0.745421 -0.410369
vn 0.000000 -1.000000 -0.000001
vn 0.000000 -1.000000 0.000000
vn 0.000000 -1.000000 -0.000001
vn 0.000000 -1.000000 0.000001
vn 0.000000 -1.000000 0.000000
vn 0.000000 -1.000000 -0.000001
vn 0.110964 0.058805 -0.992083
vn 0.112136 0.044358 -0.992702
vn -0.247278 0.074945 -0.966042
vn 0.014060 0.033280 -0.999347
vn -0.207450 0.046319 -0.977149
vn -0.229367 0.052176 -0.971941
vn 0.000000 -1.000000 -0.000000
vn 0.000000 -1.000000 0.000000
vn -0.384231 -0.000015 0.923237
vn 0.406199 -0.000005 0.913785
vn -0.407428 0.008906 0.913194
vn -0.425383 0.000000 0.905013
vn -0.428382 0.004938 0.903584
vn -0.200193 0.220773 0.954559
vn -0.148363 0.227413 0.962430
vn -0.545763 0.210011 0.811196
vn -0.558181 0.210974 0.802449
vn -0.563182 0.222875 0.795709
vn -0.233886 0.237991 0.942686
vn -0.772315 0.634923 -0.020074
vn -0.699750 0.714046 -0.022085
vn -0.699750 0.714046 -0.022085
vn 0.264842 0.709254 0.653313
vn 0.262278 0.720320 0.642144
vn 0.260890 0.726121 0.636148
vn 0.260890 0.726121 0.636148
vn 0.375042 0.086453 0.922968
vn 0.366179 0.079839 0.927113
vn -0.001555 -0.999999 0.000465
vn -0.037269 -0.999243 0.011134
vn 0.816215 0.474745 -0.329259
vn 0.784728 0.503916 -0.360929
vn 0.727200 0.554486 -0.404629
vn 0.758349 0.527729 -0.382634
vn 0.843198 0.409388 -0.348450
vn 0.845366 0.390278 -0.364747
vn 0.873394 0.360537 -0.327409
vn 0.989869 -0.042367 0.135514
vn 0.963354 -0.117385 0.241185
vn 0.966492 -0.113725 0.230130
vn 0.868291 0.201009 -0.453505
vn 0.942117 0.177911 -0.284188
vn 0.949132 0.196740 -0.245849
vn 0.855811 0.205686 -0.474637
vn 0.883986 0.171207 -0.435037
vn 0.852367 0.205313 -0.480955
vn 0.816938 0.189092 -0.544845
vn 0.876709 0.175340 -0.447925
vn 0.951052 0.193527 -0.240929
vn 0.194203 0.114652 0.974238
vn 0.125943 0.129576 0.983539
vn 0.167581 0.116058 0.979003
vn -0.810975 -0.000011 -0.585080
vn -0.987669 -0.000016 0.156556
vn -0.696149 0.689652 -0.199391
vn -0.696149 0.689652 -0.199391
vn -0.683493 0.705764 -0.186372
vn -0.693397 0.693235 -0.196534
vn -0.018231 0.999833 -0.001327
vn -0.018020 0.999837 -0.000859
vn -0.017588 0.999844 -0.001861
vn -0.253174 0.670788 0.697099
vn -0.253174 0.670788 0.697098
vn -0.252379 0.655091 0.712152
vn -0.251989 0.648054 0.718698
vn 0.377115 0.000302 -0.926167
vn 0.463067 0.003826 -0.886315
vn 0.409196 0.022532 -0.912168
vn 0.360125 0.000104 -0.932904
vn -0.314826 0.325435 -0.891615
vn -0.314826 0.325435 -0.891615
vn 0.457341 0.012664 -0.889201
vn -0.239362 0.026808 -0.970560
vn -0.263334 0.017964 -0.964537
vn 0.008260 0.017805 -0.999807
vn 0.130072 0.191745 -0.972787
vn 0.148349 0.188188 -0.970864
vn 0.136534 0.188838 -0.972470
vn 0.814649 0.473957 -0.334232
vn 0.814649 0.473958 -0.334232
vn 0.832022 0.454176 -0.318534
vn -0.674857 0.156156 0.721237
vn -0.679400 0.168435 0.714175
vn -0.726135 0.002200 0.687548
vn -0.700124 0.177420 0.691628
vn -0.725850 0.011843 0.687751
vn -0.684827 0.009765 0.728641
vn 0.100189 -0.000002 0.994968
vn -0.602263 0.117146 0.789656
vn -0.994956 0.006994 0.100073
vn -0.995345 0.000004 -0.096381
vn -0.994700 0.000002 -0.102819
vn -0.995368 0.000002 0.096137
vn -0.980568 0.061290 0.186358
vn -0.994164 0.003438 0.107825
vn -0.818820 -0.054522 -0.571456
vn 0.144580 0.003893 -0.989486
vn 0.156833 0.016824 -0.987482
vn -0.418440 0.012045 -0.908164
vn -0.437076 0.004068 -0.899415
vn 0.119123 0.016810 -0.992737
vn -0.406790 0.023192 -0.913227
vn 0.083870 0.991666 0.097797
vn 0.124011 0.991440 0.040840
vn 0.860054 -0.000313 0.510203
vn 0.860054 -0.000313 0.510203
vn 0.860317 0.006470 0.509719
vn 0.860170 0.002544 0.510002
vn 0.990806 0.069997 -0.115772
vn 0.991028 0.073418 -0.111687
vn -0.001084 -0.987955 -0.154740
vn -0.002577 -0.999977 -0.006310
vn -0.731966 0.671759 0.113863
vn -0.727147 0.678382 0.105148
vn -0.709919 0.700434 0.073534
vn -0.712116 0.697698 0.078151
vn -0.047884 0.992987 0.108092
vn -0.012762 0.999764 0.017567
vn -0.013760 0.999732 0.018596
vn -0.049075 0.992868 0.108654
vn -0.041947 0.991041 0.126798
vn -0.125431 0.986252 0.107586
vn -0.017695 0.999843 -0.000224
vn -0.011175 0.999869 0.011743
vn -0.722887 0.690098 0.034624
vn -0.721953 0.691115 0.033819
vn -0.706878 0.706251 0.039151
vn 0.163659 -0.981439 0.099966
vn 0.012366 -0.998173 0.059134
vn 0.255425 0.148086 -0.955421
vn 0.129731 0.154920 -0.979372
vn 0.126725 0.152128 -0.980203
vn 0.011926 0.124105 0.992197
vn -0.674344 0.157785 0.721363
vn 0.000000 1.000000 -0.000001
vn 0.156760 -0.020853 0.987417
vn -0.648119 0.000000 0.761539
vn 0.979123 0.062378 0.193460
vn -0.010605 -0.995048 -0.098833
vn -0.972207 -0.000000 -0.234124
vn 1.000000 0.000001 0.000000
vn -0.243480 -0.000000 -0.969906
vn 0.658078 0.000000 0.752950
vn -0.959516 0.003385 -0.281634
vn -0.014408 -0.999758 -0.016643
vn 0.005740 0.414643 0.909966
vn -1.000000 0.000000 0.000000
vn -0.243480 0.000000 -0.969906
vn 0.066695 0.996928 0.041059
vn -0.299256 0.128346 -0.945502
vn -0.299256 0.128346 -0.945501
vn -0.299256 0.128346 -0.945501
vn 0.500000 -0.000000 0.866025
vn 0.980475 0.082109 0.178681
vn 0.380575 -0.000000 0.924750
vn 0.738244 0.000000 -0.674534
vn 0.379049 0.089452 0.921043
vn 0.999908 0.000000 0.013571
vn 0.055659 0.993465 0.099645
vn 0.499649 0.019144 -0.866016
vn 0.499649 0.019144 -0.866016
vn 0.499649 0.019144 -0.866016
vn 0.500000 0.000000 0.866025
vn 0.000000 1.000000 0.000000
vn -0.559739 -0.000000 0.828669
vn 0.173264 -0.092131 -0.980557
vn 0.358962 0.000000 -0.933352
vn -0.906644 0.029038 0.420896
vn -0.803529 0.044169 -0.593625
vn -0.944303 -0.255701 0.207147
vn -0.157801 0.002871 0.987467
vn -0.797563 -0.000002 -0.603236
vn 0.200614 0.017450 0.979515
vn -0.956303 -0.024581 0.291342
vn -0.082039 0.492422 0.866481
vn -0.660889 -0.030283 -0.749872
vn -0.895177 0.000000 -0.445711
vn 0.994140 -0.000000 -0.108104
vn 0.991213 0.076679 -0.107786
vn -0.892003 -0.084140 -0.444130
vn -0.994024 0.000000 -0.109158
vn 0.303932 0.550676 -0.777420
vn 0.420038 0.905634 0.058273
vn -0.689956 0.515283 -0.508374
vn -0.689956 0.515283 -0.508374
vn -0.689956 0.515283 -0.508374
vn -0.689956 0.515283 -0.508374
vn -0.689956 0.515283 -0.508374
vn -0.689956 0.515283 -0.508374
vn -0.467460 0.883989 0.006635
vn -0.467460 0.883989 0.006635
vn -0.467460 0.883989 0.006635
vn -0.342353 0.846466 -0.407787
vn -0.785499 0.463408 0.410176
vn -0.785499 0.463408 0.410176
vn -0.785499 0.463408 0.410176
vn -0.785499 0.463408 0.410176
vn -0.785499 0.463408 0.410176
vn -0.785499 0.463408 0.410176
vn 0.282689 0.924506 0.255686
vn 0.282689 0.924506 0.255686
vn -0.004268 0.851442 0.524431
vn -0.004268 0.851442 0.524431
vn -0.004268 0.851442 0.524431
vn -0.004268 0.851442 0.524431
vn -0.351667 0.693585 0.628706
vn -0.254252 0.475841 0.841981
vn -0.254252 0.475841 0.841981
vn -0.037579 0.660123 0.750217
vn -0.037579 0.660123 0.750217
vn -0.037579 0.660123 0.750217
vn -0.079769 0.942047 0.325860
vn -0.079769 0.942047 0.325860
vn -0.079769 0.942047 0.325860
vn -0.079769 0.942047 0.325860
vn -0.079769 0.942047 0.325860
vn -0.079769 0.942047 0.325860
vn -0.079769 0.942047 0.325860
vn -0.079769 0.942047 0.325860
vn 0.299391 0.385767 0.872668
vn 0.357164 0.713525 0.602757
vn 0.360692 0.928925 0.083670
vn 0.398352 0.859331 0.320727
vn 0.134320 0.990162 -0.039213
vn 0.134320 0.990162 -0.039213
vn 0.134320 0.990162 -0.039213
vn 0.134320 0.990162 -0.039213
vn 0.134320 0.990162 -0.039213
vn 0.134320 0.990162 -0.039213
vn 0.134320 0.990162 -0.039213
vn 0.134320 0.990162 -0.039213
vn 0.134320 0.990162 -0.039213
vn 0.591468 0.794385 0.138270
vn 0.591468 0.794385 0.138270
vn 0.701706 0.621650 -0.348080
vn 0.701706 0.621650 -0.348080
vn 0.701706 0.621650 -0.348080
vn -0.361741 0.790762 0.493800
vn 0.826722 0.562610 -0.001183
vn 0.826722 0.562610 -0.001183
vn 0.826722 0.562610 -0.001183
vn 0.826722 0.562610 -0.001183
vn 0.814203 0.580579 -0.000644
vn 0.814203 0.580580 -0.000644
vn 0.814203 0.580580 -0.000644
vn 0.814203 0.580579 -0.000644
vn 0.814203 0.580579 -0.000644
vn 0.814203 0.580579 -0.000644
vn 0.814203 0.580580 -0.000644
vn 0.276575 0.702762 -0.655463
vn -0.181410 0.876052 -0.446792
vn -0.675256 0.451780 -0.583030
vn 0.064001 0.867685 -0.492977
vn 0.327668 0.882124 -0.338365
vn 0.327668 0.882124 -0.338365
vn -0.377461 0.787778 -0.486753
vn -0.377461 0.787778 -0.486753
vn 0.290212 0.095489 -0.952186
vn 0.290212 0.095489 -0.952186
vn 0.518421 0.832451 -0.195613
vn 0.166334 0.840403 -0.515806
vn 0.520574 0.568474 -0.637056
vn 0.520574 0.568474 -0.637056
vn 0.520574 0.568474 -0.637056
vn 0.520574 0.568474 -0.637056
vn -0.942141 -0.002654 -0.335206
vn -0.082066 0.919479 -0.384477
vn -0.814338 0.380181 -0.438538
vn -0.814338 0.380181 -0.438538
vn -0.814338 0.380181 -0.438538
vn -0.814338 0.380181 -0.438538
vn 0.162147 0.545226 0.822458
vn 0.313743 0.646188 0.695706
vn 0.313743 0.646188 0.695706
vn 0.313743 0.646188 0.695706
vn 0.030855 0.850813 -0.524562
vn 0.030855 0.850813 -0.524562
vn 0.030855 0.850813 -0.524563
vn 0.030855 0.850813 -0.524562
vn 0.030855 0.850813 -0.524562
vn 0.030855 0.850813 -0.524562
vn 0.030855 0.850813 -0.524562
vn 0.030855 0.850813 -0.524562
vn 0.030855 0.850813 -0.524562
vn 0.030855 0.850813 -0.524562
vn 0.792971 0.217623 0.569067
vn 0.750989 0.646317 -0.135242
vn 0.761252 -0.645898 0.057541
vn 0.761252 -0.645898 0.057541
vn 0.761252 -0.645898 0.057541
vn 0.761252 -0.645898 0.057541
vn 0.761252 -0.645898 0.057541
vn 0.742913 0.596532 -0.303694
vn 0.740650 0.471442 -0.478728
vn 0.740650 0.471442 -0.478728
vn 0.740650 0.471442 -0.478728
vn 0.416354 -0.439760 -0.795776
vn 0.416354 -0.439761 -0.795776
vn -0.452351 0.759622 -0.467282
vn -0.647272 0.681525 0.341413
vn -0.647272 0.681525 0.341413
vn -0.647272 0.681526 0.341413
vn -0.759753 -0.650192 0.004988
vn -0.759753 -0.650192 0.004988
vn -0.759753 -0.650192 0.004988
vn -0.759753 -0.650192 0.004988
vn -0.784745 0.556209 -0.273509
vn -0.784745 0.556209 -0.273509
vn -0.784745 0.556209 -0.273509
vn -0.807582 -0.576932 0.122318
vn -0.807581 -0.576932 0.122318
vn -0.807582 -0.576932 0.122318
vn 0.263365 0.818007 0.511374
vn 0.263365 0.818007 0.511374
vn 0.263365 0.818007 0.511374
vn 0.401350 0.656211 0.638988
vn 0.401350 0.656211 0.638988
vn 0.401350 0.656211 0.638988
vn -0.284816 0.822995 0.491487
vn -0.284816 0.822995 0.491487
vn -0.051948 -0.545173 0.836713
vn -0.051948 -0.545173 0.836713
vn -0.051948 -0.545173 0.836713
vn -0.051948 -0.545173 0.836713
vn 0.558881 -0.760808 0.329884
vn 0.558881 -0.760808 0.329884
vn 0.263599 -0.697616 0.666219
vn 0.588331 0.609165 -0.531775
vn -0.254591 -0.728433 -0.636057
vn -0.254591 -0.728433 -0.636057
vn -0.254591 -0.728433 -0.636057
vn -0.254591 -0.728433 -0.636057
vn 0.077213 0.552313 -0.830053
vn 0.077213 0.552313 -0.830053
vn 0.077213 0.552313 -0.830053
vn 0.440281 0.866115 -0.236636
vn 0.440281 0.866116 -0.236636
vn 0.440281 0.866116 -0.236636
vn 0.605809 0.329639 -0.724108
vn 0.605809 0.329639 -0.724108
vn 0.605809 0.329639 -0.724108
vn -0.616684 -0.780167 0.105077
vn -0.616684 -0.780167 0.105077
vn -0.952507 0.297181 -0.066433
vn -0.952507 0.297181 -0.066433
vn -0.952507 0.297181 -0.066433
vn 0.715618 -0.696035 -0.058529
vn 0.758086 -0.580717 -0.296772
vn 0.846271 -0.107496 0.521796
vn 0.846271 -0.107496 0.521796
vn 0.846270 -0.107496 0.521796
vn 0.846270 -0.107496 0.521796
vn 0.624256 0.341496 0.702627
vn 0.624256 0.341496 0.702627
vn -0.467829 0.576826 -0.669633
vn -0.467829 0.576826 -0.669633
vn 0.329894 -0.546099 0.770030
vn 0.329894 -0.546099 0.770030
vn 0.329894 -0.546099 0.770030
vn 0.435766 0.130819 0.890502
vn 0.435766 0.130819 0.890502
vn 0.435766 0.130819 0.890502
vn 0.435766 0.130819 0.890502
vn 0.435766 0.130819 0.890502
vn 0.877238 0.465957 -0.115489
vn -0.864133 0.391786 0.315877
vn 0.000000 1.000000 0.000000
vn 0.000000 1.000000 0.000000
vn 0.818474 0.555388 0.147124
vn 0.818473 0.555388 0.147124
vn 0.818473 0.555388 0.147124
vn 0.811255 0.584453 0.016726
vn 0.811256 0.584453 0.016726
vn 0.794335 0.332897 0.508145
vn 0.794335 0.332897 0.508145
vn 0.794335 0.332897 0.508145
vn -0.767810 0.577640 -0.277127
vn 0.104933 -0.984855 -0.138023
vn 0.104933 -0.984855 -0.138023
vn 0.212828 -0.819247 -0.532483
vn 0.428667 0.602858 -0.672909
vn 0.428667 0.602858 -0.672909
vn 0.042862 0.992274 -0.116431
vn 0.042862 0.992274 -0.116431
vn 0.042862 0.992274 -0.116431
vn 0.042862 0.992274 -0.116431
vn 0.042862 0.992274 -0.116431
vn 0.042862 0.992274 -0.116431
vn -0.225970 -0.725844 -0.649684
vn -0.225970 -0.725844 -0.649684
vn -0.225970 -0.725844 -0.649684
vn -0.225970 -0.725844 -0.649684
vn -0.225970 -0.725844 -0.649684
vn -0.225970 -0.725844 -0.649684
vn -0.225970 -0.725844 -0.649684
vn -0.225969 -0.725844 -0.649684
vn -0.379164 0.904470 -0.195368
vn -0.379163 0.904470 -0.195368
vn 0.412799 -0.623940 -0.663549
vn 0.412799 -0.623940 -0.663549
vn 0.501840 0.693151 -0.517396
vn 0.501840 0.693151 -0.517396
vn 0.134590 0.990758 -0.016873
vn -0.843112 0.433916 0.317614
vn 0.776487 0.320500 0.542538
vn 0.776487 0.320500 0.542538
vn 0.776487 0.320500 0.542538
vn 0.776487 0.320500 0.542538
vn -0.164977 0.980516 -0.106632
vn -0.164977 0.980516 -0.106632
vn -0.164977 0.980516 -0.106632
vn -0.966560 0.222704 -0.127138
vn -0.966560 0.222704 -0.127138
vn -0.615185 0.788380 0.002098
vn -0.615185 0.788380 0.002098
vn -0.136504 0.538406 -0.831556
vn -0.246551 0.510550 -0.823742
vn 0.823091 0.534225 0.192678
vn 0.823091 0.534225 0.192678
vn 0.823091 0.534225 0.192678
vn 0.536288 0.680765 -0.498953
vn 0.536288 0.680765 -0.498953
vn 0.536288 0.680765 -0.498953
vn -0.507117 0.164946 -0.845946
vn -0.393722 0.391509 -0.831687
vn -0.298278 0.378664 -0.876153
vn -0.298278 0.378664 -0.876153
vn -0.679512 -0.396417 -0.617347
vn -0.679512 -0.396417 -0.617347
vn -0.679512 -0.396417 -0.617347
vn -0.679512 -0.396417 -0.617347
vn 0.598094 0.301431 0.742578
vn 0.598094 0.301431 0.742578
vn -0.941281 0.080506 -0.327887
vn 0.272047 0.242509 -0.931225
vn 0.272047 0.242509 -0.931225
vn 0.272047 0.242509 -0.931225
vn 0.272047 0.242509 -0.931225
vn 0.272047 0.242509 -0.931225
vn 0.272047 0.242509 -0.931225
vn 0.272047 0.242509 -0.931225
vn 0.595613 0.462981 0.656425
vn 0.728097 0.063580 0.682519
vn 0.728097 0.063580 0.682519
vn -0.524521 -0.744124 -0.413711
vn -0.524521 -0.744124 -0.413711
vn -0.073088 -0.825131 0.560194
vn -0.073088 -0.825131 0.560194
vn -0.073088 -0.825131 0.560194
vn -0.151429 0.720644 0.676566
vn -0.151429 0.720644 0.676566
vn -0.151429 0.720644 0.676566
vn -0.151429 0.720644 0.676566
vn 0.757155 0.448469 0.474965
vn 0.757155 0.448469 0.474965
vn -0.830554 0.379976 -0.407184
vn 0.569250 0.103575 0.815615
vn 0.569250 0.103575 0.815615
vn -0.673175 0.684331 0.280227
vn -0.673175 0.684331 0.280227
vn -0.673175 0.684331 0.280227
vn -0.673175 0.684331 0.280227
vn 0.276191 0.653747 0.704510
vn 0.276191 0.653747 0.704510
vn 0.195248 -0.763183 0.615979
vn 0.835688 0.454789 -0.307884
vn 0.835688 0.454790 -0.307884
vn -0.339357 0.920534 0.193534
vn -0.339357 0.920533 0.193534
vn -0.339357 0.920534 0.193534
vn -0.339357 0.920534 0.193534
vn -0.339357 0.920534 0.193534
vn -0.339357 0.920533 0.193534
vn -0.339357 0.920534 0.193534
vn -0.339357 0.920533 0.193534
vn -0.339357 0.920533 0.193534
vn -0.339357 0.920533 0.193534
vn -0.245329 0.557071 0.793401
vn -0.245329 0.557071 0.793401
vn 0.669798 0.597784 -0.440483
vn -0.050614 0.106352 -0.993039
vn -0.050614 0.106352 -0.993039
vn -0.050614 0.106352 -0.993040
vn 0.859684 -0.137880 -0.491867
vn 0.859684 -0.137880 -0.491867
vn 0.859684 -0.137880 -0.491867
vn 0.859684 -0.137880 -0.491867
vn 0.859684 -0.137880 -0.491867
vn -0.792479 0.453827 -0.407454
vn -0.792479 0.453826 -0.407454
vn -0.548755 -0.045854 -0.834725
vn -0.548755 -0.045854 -0.834725
vn -0.548755 -0.045854 -0.834725
vn -0.373473 0.333770 -0.865515
vn 0.861051 0.050052 0.506049
vn 0.861051 0.050052 0.506049
vn -0.300846 0.114500 0.946774
vn -0.300846 0.114500 0.946774
vn 0.379230 0.683309 0.623918
vn 0.379230 0.683309 0.623918
vn 0.379230 0.683309 0.623918
vn -0.455850 -0.516451 0.724899
vn -0.455850 -0.516451 0.724899
vn -0.455850 -0.516451 0.724899
vn -0.798423 0.542326 0.261539
vn -0.570816 0.817073 -0.081004
vn -0.598362 0.800760 0.027317
vn -0.055929 0.623269 -0.780005
vn -0.055929 0.623269 -0.780005
vn 0.006658 0.226936 0.973887
vn 0.006658 0.226936 0.973887
vn -0.663786 0.747784 -0.014369
vn 0.840130 0.538058 -0.068379
vn -0.296909 -0.593625 0.747967
vn -0.296909 -0.593625 0.747967
vn -0.154422 0.070769 0.985467
vn -0.217888 -0.157677 0.963153
vn -0.217888 -0.157677 0.963153
vn -0.217888 -0.157677 0.963152
s 1
g Tether_Rock1
usemtl initialShadingGroup
f 1/1/1 6/2/2 1055/3/3 1054/4/4
s 2
f 2/5/5 1/1/6 624/6/7 623/7/8
s 1
f 3/8/9 2/5/10 758/9/11 757/10/12
f 4/11/13 3/8/9 20/12/14 19/13/15
f 5/14/16 4/11/13 14/15/17 13/16/18
f 6/2/2 5/14/16 693/17/19 692/18/20
f 7/19/21 14/15/22 19/13/23 18/20/24
f 8/21/25 7/19/26 1070/22/27 1069/23/28
s off
f 9/24/29 8/21/30 229/25/31 232/26/32
s 5
f 10/27/33 9/24/34 236/28/35 235/29/36
s 6
f 11/30/37 10/27/38 250/31/39 249/32/40
s 1
f 12/33/41 11/30/42 220/34/43 219/35/44
f 13/16/18 12/33/41 687/36/45 693/17/19
f 15/37/46 21/38/47 767/39/48 770/40/49
f 16/41/50 15/37/46 85/42/51 84/43/52
f 17/44/53 16/41/54 720/45/55 724/46/56
f 18/20/57 17/44/58 1071/47/59 1070/22/27
f 21/38/47 20/12/14 757/10/60 756/48/61
s 10
f 22/49/62 26/50/63 743/51/64 742/52/65
f 23/53/66 22/49/67 29/54/68 28/55/69
f 24/56/70 23/53/66 627/57/71 626/58/72
f 25/59/73 24/56/74 212/60/75 211/61/76
f 26/50/77 25/59/78 754/62/79 753/63/80
s off
f 27/64/81 34/65/82 529/66/83 532/67/84
s 13
f 28/55/85 27/64/86 628/68/87 627/57/88
s 10
f 30/69/89 29/54/68 742/52/90 747/70/91
f 31/71/92 30/69/93 1285/72/94 1284/73/95
s 2
f 32/74/96 31/71/97 621/75/98 620/76/99
f 33/77/100 32/74/101 614/78/102 613/79/103
s 1
f 34/65/104 33/77/105 535/80/106 534/81/107
s 10
f 35/82/108 41/83/109 453/84/110 452/85/111
s 19
f 36/86/112 35/82/113 292/87/114 291/88/115
s 10
f 37/89/116 36/86/117 289/90/118 288/91/119
f 38/92/120 37/89/121 1153/93/122 1152/94/123
f 39/95/124 38/92/120 1146/96/125 1145/97/126
f 40/98/127 39/95/124 44/99/128 43/100/129
f 41/83/109 40/98/127 446/101/130 445/102/131
f 42/103/132 47/104/133 1360/105/134 1363/106/135
f 43/100/129 42/103/132 447/107/136 446/101/130
f 45/108/137 44/99/128 1145/97/126 1144/109/138
f 46/110/139 45/108/137 398/111/140 397/112/141
f 47/104/133 46/110/139 411/113/142 410/114/143
f 48/115/144 51/116/145 69/117/146 68/118/147
f 49/119/148 48/115/149 54/120/150 53/121/151
s off
f 50/122/152 49/119/153 300/123/154 299/124/155
s 10
f 51/116/156 50/122/157 105/125/158 104/126/159
f 52/127/160 58/128/161 455/129/162 460/130/163
f 53/121/151 52/127/160 301/131/164 300/123/165
f 55/132/166 54/120/167 68/118/147 67/133/168
f 56/134/169 55/132/166 62/135/170 61/136/171
f 57/137/172 56/134/173 286/138/174 285/139/175
f 58/128/161 57/137/172 290/140/176 294/141/177
f 59/142/178 64/143/179 766/144/180 765/145/181
f 60/146/182 59/142/183 1155/147/184 1154/148/185
f 61/136/171 60/146/186 287/149/187 286/138/174
f 63/150/188 62/135/189 67/133/168 66/151/190
f 64/143/179 63/150/191 1313/152/192 1312/153/193
f 65/154/194 70/155/195 94/156/196 93/157/197
f 66/151/198 65/154/199 1314/158/200 1313/152/192
f 70/155/195 69/117/146 104/126/201 103/159/202
s 1
f 71/160/203 79/161/204 1088/162/205 1087/163/206
s 6
f 72/164/207 71/160/208 116/165/209 115/166/210
s 32
f 73/167/211 72/164/212 727/168/213 726/169/214
s off
f 74/170/215 73/167/216 1075/171/217 1074/172/218
s 1
f 75/173/219 74/170/220 168/174/221 167/175/222
f 76/176/223 75/173/224 716/177/225 715/178/226
f 77/179/227 76/176/223 82/180/228 81/181/229
f 78/182/230 77/179/227 763/183/231 762/184/232
f 79/161/204 78/182/230 1317/185/233 1316/186/234
s 10
f 80/187/235 87/188/236 1151/189/237 1156/190/238
f 81/181/239 80/187/240 764/191/241 763/183/242
s 1
f 83/192/243 82/180/228 715/178/244 719/193/245
f 84/43/52 83/192/243 721/194/246 720/45/247
s off
f 86/195/248 85/42/249 770/40/250 769/196/251
s 10
f 87/188/236 86/195/252 1148/197/253 1147/198/254
f 88/199/255 92/200/256 1230/201/257 1235/202/258
f 89/203/259 88/199/255 96/204/260 95/205/261
f 90/206/262 89/203/259 102/207/263 101/208/264
f 91/209/265 90/206/266 970/210/267 969/211/268
f 92/200/256 91/209/269 1257/212/270 1256/213/271
f 93/157/197 99/214/272 1315/215/273 1314/158/200
f 95/205/261 94/156/274 103/159/202 102/207/275
f 97/216/276 96/204/277 1235/202/258 1234/217/278
f 98/218/279 97/216/276 1239/219/280 1238/220/281
f 99/214/272 98/218/279 1084/221/282 1083/222/283
f 100/223/284 106/224/285 1042/225/286 1047/226/287
f 101/208/264 100/223/284 971/227/288 970/210/267
f 106/224/285 105/125/158 299/124/289 298/228/290
s 38
f 107/229/291 111/230/292 1237/231/293 1236/232/294
s 1
f 108/233/295 107/229/296 1331/234/297 1330/235/298
f 109/236/299 108/233/295 179/237/300 178/238/301
f 110/239/302 109/236/299 113/240/303 112/241/304
s 40
f 111/230/305 110/239/306 1086/242/307 1085/243/308
s 1
f 112/241/304 116/165/309 1087/163/206 1086/242/310
s 6
f 114/244/311 113/240/312 178/238/313 177/245/314
s 41
f 115/166/315 114/244/316 728/246/317 727/168/318
s 10
f 117/247/319 121/248/320 925/249/321 930/250/322
f 118/251/323 117/247/319 302/252/324 308/253/325
f 119/254/326 118/251/323 1252/255/327 1255/256/328
f 120/257/329 119/254/330 134/258/331 133/259/332
f 121/248/320 120/257/333 150/260/334 149/261/335
f 122/262/336 135/263/337 142/264/338 146/265/339
f 123/266/340 122/262/336 138/267/341 137/268/342
f 124/269/343 123/266/340 189/270/344 193/271/345
f 125/1344/346 124/269/343 197/272/347 196/1405/348
f 126/273/349 125/1344/346 325/1349/350 324/1400/351
s off
f 127/276/352 126/273/353 656/1370/354 655/277/355
s 13
f 128/278/356 127/276/357 701/279/358 700/280/359
f 129/281/360 128/278/356 1035/282/361 1034/283/362
f 130/284/363 129/281/360 547/285/364 546/286/365
f 131/287/366 130/284/363 543/288/367 542/289/368
s off
f 132/290/369 131/287/370 551/291/371 550/292/372
s 10
f 133/259/332 132/290/373 151/293/374 150/260/334
f 135/263/337 134/258/331 1255/256/375 1254/294/376
f 136/295/377 141/296/378 931/297/379 936/298/380
f 137/268/381 136/295/377 190/299/382 189/270/383
f 139/300/384 138/267/385 146/265/386 145/301/387
f 140/302/388 139/300/384 313/303/389 312/304/390
f 141/296/378 140/302/388 943/305/391 942/306/392
f 143/307/393 142/264/394 1254/294/395 1253/308/396
f 144/309/397 143/307/398 307/310/399 306/311/400
f 145/301/387 144/309/397 309/312/401 313/303/389
f 147/313/402 155/314/403 983/315/404 982/316/405
f 148/317/406 147/313/402 845/318/407 850/319/408
f 149/261/409 148/317/406 926/320/410 925/249/321
f 152/321/411 151/293/374 550/292/412 555/322/413
f 153/323/414 152/321/411 559/324/415 558/325/416
f 154/326/417 153/323/414 1232/327/418 1231/328/419
f 155/314/420 154/326/417 1260/329/421 1259/330/422
s 41
f 156/331/423 162/332/424 243/333/425 247/334/426
f 157/335/427 156/331/423 257/336/428 256/337/429
s 51
f 158/1345/430 157/335/431 225/338/432 224/1402/433
s 52
f 159/1347/434 158/1345/435 1079/1354/436 1078/1346/437
f 160/342/438 159/339/434 165/343/439 164/344/440
s 51
f 161/345/441 160/342/442 171/346/443 170/347/444
s 41
f 162/332/424 161/345/445 175/348/446 174/349/447
s 52
f 163/350/448 169/351/449 725/352/450 730/353/451
f 164/344/440 163/350/448 172/354/452 171/346/453
f 166/355/454 165/343/439 1078/341/455 1077/356/456
s 1
f 167/175/222 166/355/457 717/357/458 716/177/225
s 52
f 169/351/449 168/174/459 1074/172/460 1076/358/461
s 41
f 170/347/462 173/359/463 176/360/464 175/348/446
s 51
f 173/359/465 172/354/466 730/353/467 729/361/468
s 6
f 174/349/469 181/362/470 244/363/471 243/333/472
s 41
f 177/245/473 176/360/464 729/361/474 728/246/317
s 1
f 180/364/475 179/237/300 1330/235/476 1329/365/477
f 181/362/478 180/364/475 188/366/479 187/367/480
f 182/368/481 188/366/482 1329/365/483 1328/369/484
s 10
f 183/370/485 182/368/486 562/371/487 561/372/488
f 184/373/489 183/370/485 564/374/490 563/375/491
f 185/376/492 184/373/489 638/377/493 637/378/494
s 1
f 186/379/495 185/376/496 240/380/497 239/381/498
f 187/367/480 186/379/499 245/382/500 244/363/501
s 10
f 191/383/502 190/299/382 936/298/380 935/384/503
f 192/385/504 191/383/502 944/386/505 948/387/506
f 193/271/507 192/385/504 198/388/508 197/272/509
f 194/389/510 198/388/511 948/387/506 947/390/512
f 195/1348/513 194/389/514 964/391/515 963/1372/516
f 196/1405/348 195/1348/517 326/1371/518 325/1349/350
f 199/393/519 203/394/520 625/395/521 631/396/522
s 13
f 200/397/523 199/393/524 685/398/525 684/399/526
s 10
f 201/400/527 200/397/528 677/401/529 676/402/530
f 202/403/531 201/400/527 206/404/532 205/405/533
f 203/394/520 202/403/531 214/406/534 213/407/535
f 204/408/536 208/409/537 1224/410/538 1223/411/539
f 205/405/540 204/408/541 215/412/542 214/406/543
f 207/413/544 206/404/532 676/402/530 675/414/545
f 208/409/546 207/413/544 322/415/547 321/416/548
f 209/417/549 215/412/550 1223/411/551 1222/418/552
f 210/419/553 209/417/549 731/420/554 734/421/555
f 211/61/556 210/419/553 748/422/557 754/62/79
f 213/407/535 212/60/558 626/58/72 625/395/521
s 64
f 216/423/559 222/424/560 1061/425/561 1060/426/562
f 217/427/563 216/423/559 1053/428/564 1052/429/565
s 1
f 218/430/566 217/427/567 697/431/568 696/432/569
f 219/35/44 218/430/566 688/433/570 687/36/45
f 221/434/571 220/34/43 249/32/572 248/435/573
f 222/1406/574 221/1350/571 666/1361/575 665/1407/576
s 52
f 223/1352/577 228/1396/578 1068/1351/579 1073/1401/580
f 224/1402/581 223/1352/577 1080/1353/582 1079/1354/436
s 41
f 226/1355/583 225/338/584 256/337/429 255/1359/585
s 51
f 227/1356/586 226/1355/587 233/1358/588 237/1389/589
s 52
f 228/1396/578 227/1356/590 231/1357/591 230/1397/592
s 1
f 230/442/593 229/25/594 1069/23/28 1068/436/595
s 67
f 232/26/596 231/441/597 237/440/598 236/28/599
s 41
f 234/1360/600 233/1358/601 255/1359/585 254/1363/602
f 235/29/603 234/443/600 251/444/604 250/31/605
s 1
f 238/445/606 242/446/607 259/447/608 258/448/609
f 239/381/498 238/445/606 246/449/610 245/382/500
s 10
f 241/450/611 240/380/612 637/378/494 636/451/613
s 1
f 242/446/607 241/450/614 711/452/615 710/453/616
s 6
f 247/334/617 246/449/618 258/448/619 257/336/620
s 1
f 248/1392/573 252/1403/621 667/455/622 666/1361/575
s 6
f 252/1403/623 251/1362/624 254/1363/625 253/1404/626
s 1
f 253/1404/627 260/456/628 668/457/629 667/455/622
f 260/456/628 259/447/608 710/453/630 714/458/631
s 10
f 261/459/632 268/460/633 1270/461/634 1269/462/635
f 262/463/636 261/459/637 272/464/638 271/465/639
f 263/466/640 262/463/636 745/467/641 744/468/642
f 264/469/643 263/466/640 752/470/644 751/471/645
f 265/472/646 264/469/643 1217/473/647 1216/474/648
f 266/475/649 265/472/646 1227/476/650 1226/477/651
f 267/478/652 266/475/649 570/479/653 569/480/654
f 268/460/633 267/478/655 429/481/656 428/482/657
f 269/483/658 272/464/659 1269/462/635 1268/484/660
f 270/485/661 269/483/662 1287/486/663 1286/487/664
f 271/465/665 270/485/666 746/488/667 745/467/668
s 76
f 273/489/669 276/490/670 406/491/671 412/492/672
s 10
f 274/493/673 273/489/674 396/494/675 395/495/676
f 275/496/677 274/493/673 403/497/678 402/498/679
f 276/490/680 275/496/681 282/499/682 281/500/683
f 277/501/684 284/502/685 427/503/686 426/504/687
f 278/505/688 277/501/689 873/506/690 872/507/691
f 279/508/692 278/505/688 878/509/693 877/510/694
f 280/511/695 279/508/692 784/512/696 783/513/697
f 281/500/698 280/511/695 407/514/699 406/491/700
f 283/515/701 282/499/702 402/498/679 401/516/703
f 284/502/704 283/515/701 1210/517/705 1209/518/706
f 285/139/707 289/90/708 291/88/709 290/140/176
f 288/91/119 287/149/187 1154/148/710 1153/93/122
f 293/519/711 292/87/712 452/85/111 451/520/713
s 19
f 294/141/714 293/519/715 456/521/716 455/129/717
f 295/522/718 301/131/719 460/130/720 459/523/721
s 10
f 296/524/722 295/522/723 1030/525/724 1029/526/725
f 297/527/726 296/524/722 913/528/727 912/529/728
f 298/228/729 297/527/730 1043/530/731 1042/225/732
f 303/531/733 302/252/324 930/250/322 929/532/734
f 304/533/735 303/531/733 788/534/736 787/535/737
f 305/536/738 304/533/735 798/537/739 802/538/740
f 306/311/400 305/536/738 310/539/741 309/312/401
f 308/253/325 307/310/399 1253/308/742 1252/255/743
f 311/540/744 310/539/741 802/538/740 801/541/745
f 312/304/390 311/540/744 937/542/746 943/305/391
f 314/543/747 320/1412/748 1336/1374/749 1338/544/750
f 315/545/751 314/543/747 961/546/752 967/547/753
f 316/548/754 315/545/751 957/549/755 956/550/756
f 317/1364/757 316/548/754 1002/551/758 1001/1409/759
f 318/1365/760 317/1364/757 1170/1386/761 1178/1408/762
f 319/1367/763 318/1365/760 1340/1366/764 1339/1414/765
f 320/1412/748 319/1367/763 329/1368/766 328/1413/767
f 321/416/768 330/558/769 1218/559/770 1224/410/771
f 323/560/772 322/415/773 675/414/545 674/561/774
f 324/1400/351 323/1369/772 657/1375/775 656/1370/776
f 327/1373/777 326/1371/518 963/1372/778 962/1399/779
s 84
f 328/1413/780 327/1373/781 1337/563/782 1336/1374/783
s 10
f 330/558/769 329/556/766 1339/555/765 1343/564/784
f 331/565/785 335/566/786 458/567/787 457/568/788
f 332/569/789 331/565/790 450/570/791 449/571/792
f 333/572/793 332/569/789 340/573/794 339/574/795
f 334/575/796 333/572/793 890/576/797 889/577/798
f 335/566/799 334/575/796 1026/578/800 1025/579/801
f 336/580/802 341/581/803 1359/582/804 1358/583/805
f 337/584/806 336/580/802 1247/585/807 1246/586/808
f 338/587/809 337/584/806 881/588/810 885/589/811
f 339/574/795 338/587/809 891/590/812 890/576/797
f 341/581/803 340/573/794 449/571/813 448/591/814
f 342/592/815 348/593/816 583/594/817 582/595/818
f 343/596/819 342/592/820 353/597/821 352/598/822
f 344/599/823 343/596/819 370/600/824 369/601/825
f 345/602/826 344/599/823 355/603/827 354/604/828
f 346/605/829 345/602/826 607/606/830 606/607/831
f 347/608/832 346/605/829 986/609/833 985/610/834
f 348/593/816 347/608/832 591/611/835 590/612/836
f 349/613/837 353/597/838 582/595/818 588/614/839
f 350/615/840 349/613/837 488/616/841 487/617/842
f 351/618/843 350/615/840 478/619/844 477/620/845
f 352/598/822 351/618/843 363/621/846 370/600/824
f 354/604/847 358/622/848 602/623/849 607/606/850
f 356/624/851 355/603/827 369/601/825 368/625/852
f 357/626/853 356/624/854 362/627/855 361/628/856
f 358/622/857 357/626/858 852/629/859 851/630/860
f 359/631/861 362/627/862 368/625/852 367/632/863
f 360/633/864 359/631/865 379/634/866 383/635/867
f 361/628/868 360/633/869 853/636/870 852/629/859
f 364/637/871 363/621/846 477/620/845 476/638/872
f 365/639/873 364/637/871 378/640/874 377/641/875
f 366/642/876 365/639/873 494/643/877 493/644/878
f 367/632/863 366/642/876 380/645/879 379/634/880
s 92
f 371/646/881 378/640/882 476/638/883 481/647/884
s 10
f 372/648/885 371/646/886 1243/649/887 1242/650/888
f 373/651/889 372/648/885 908/652/890 907/653/891
f 374/654/892 373/651/889 499/655/893 498/656/894
f 375/657/895 374/654/892 1278/658/896 1277/659/897
f 376/660/898 375/657/899 385/661/900 384/662/901
f 377/641/875 376/660/898 495/663/902 494/643/877
f 381/664/903 380/645/904 493/644/905 492/665/906
f 382/666/907 381/664/908 1166/667/909 1165/668/910
f 383/635/911 382/666/907 854/669/912 853/636/870
f 384/662/913 390/670/914 490/671/915 495/663/902
f 386/672/916 385/661/900 1277/659/917 1276/673/918
f 387/674/919 386/672/920 394/675/921 393/676/922
f 388/677/923 387/674/924 1184/678/925 1183/679/926
f 389/680/927 388/677/923 1374/681/928 1373/682/929
f 390/670/930 389/680/927 1100/683/931 1099/684/932
f 391/685/933 394/675/934 1276/673/935 1279/686/936
f 392/687/937 391/685/938 497/688/939 496/689/940
s 100
f 393/676/941 392/687/942 1185/690/943 1184/678/944
s 10
f 395/495/676 399/691/945 404/692/946 403/497/678
f 397/112/141 396/494/675 412/492/947 411/113/142
f 399/691/945 398/111/140 1144/109/138 1143/693/948
f 400/694/949 405/695/950 1319/696/951 1318/697/952
f 401/516/953 400/694/954 1211/698/955 1210/517/956
f 405/695/950 404/692/946 1143/693/948 1142/699/957
f 408/700/958 407/514/699 783/513/697 782/701/959
f 409/702/960 408/700/958 1356/703/961 1355/704/962
s 76
f 410/114/963 409/702/964 1361/705/965 1360/105/966
s 10
f 413/706/967 414/707/968 1349/708/969 1348/709/970
f 414/707/968 413/706/967 417/710/971 416/711/972
f 415/712/973 420/713/974 1323/714/975 1326/715/976
f 416/711/972 415/712/977 1261/716/978 1263/717/979
s 92
f 418/718/980 417/710/981 1348/709/982 1347/719/983
s 10
f 419/720/984 418/718/985 1197/721/986 1196/722/987
f 420/713/988 419/720/984 775/723/989 774/724/990
f 421/725/991 427/503/992 1209/518/706 1208/726/993
f 422/727/994 421/725/991 431/728/995 430/729/996
f 423/730/997 422/727/994 574/731/998 573/732/999
f 424/733/1000 423/730/1001 599/734/1002 598/735/1003
f 425/736/1004 424/733/1005 920/737/1006 919/738/1007
f 426/504/1008 425/736/1004 874/739/1009 873/506/690
f 428/482/657 432/740/1010 1264/741/1011 1270/461/634
f 430/729/1012 429/481/1013 569/480/1014 574/731/1015
f 432/740/1010 431/728/1016 1208/726/1017 1207/742/1018
f 433/743/1019 440/744/1020 1203/745/1021 1202/746/1022
f 434/747/1023 433/743/1019 1123/748/1024 1122/749/1025
f 435/750/1026 434/747/1027 1126/751/1028 1125/752/1029
f 436/753/1030 435/750/1031 996/754/1032 998/755/1033
f 437/756/1034 436/753/1030 442/757/1035 441/758/1036
f 438/759/1037 437/756/1034 1263/717/1038 1262/760/1039
f 439/761/1040 438/759/1037 1325/762/1041 1324/763/1042
f 440/744/1020 439/761/1043 773/764/1044 772/765/1045
s 76
f 443/766/1046 447/107/1047 1363/106/1048 1362/767/1049
s 10
f 444/768/1050 443/766/1051 1354/769/1052 1353/770/1053
f 445/102/1054 444/768/1055 454/771/1056 453/84/1057
f 448/591/814 454/771/1058 1353/770/1053 1359/582/804
f 451/520/713 450/570/1059 457/568/788 456/521/1060
f 459/523/1061 458/567/787 1025/579/1062 1030/525/724
f 461/772/1063 463/773/1064 1016/774/1065 1015/775/1066
f 462/776/1067 461/772/1063 474/777/1068 473/778/1069
f 463/773/1064 462/776/1067 467/779/1070 466/780/1071
s 92
f 464/781/1072 471/782/1073 1345/783/1074 1344/784/1075
s 10
f 465/785/1076 464/781/1077 1303/786/1078 1302/787/1079
f 466/780/1071 465/785/1076 1281/788/1080 1280/789/1081
s 92
f 468/790/1082 467/779/1083 473/778/1084 472/791/1085
s 10
f 469/792/1086 468/790/1087 1020/793/1088 1019/794/1089
f 470/795/1090 469/792/1086 1119/796/1091 1118/797/1092
f 471/782/1093 470/795/1090 1192/798/1094 1191/799/1095
f 472/791/1096 475/800/1097 1021/801/1098 1020/793/1088
s 92
f 475/800/1099 474/777/1100 1015/775/1101 1014/802/1102
f 479/803/1103 478/619/1104 487/617/1105 486/804/1106
s 10
f 480/805/1107 479/803/1108 482/806/1109 484/807/1110
f 481/647/1111 480/805/1107 1244/808/1112 1243/649/887
f 483/809/1113 482/806/1109 486/804/1114 485/810/1115
f 484/807/1110 483/809/1113 1093/811/1116 1092/812/1117
s 92
f 485/810/1118 489/813/1119 1089/814/1120 1093/811/1121
s 10
f 489/813/1122 488/616/841 588/614/839 587/815/1123
f 491/816/1124 490/671/1125 1099/684/932 1098/817/1126
f 492/665/1127 491/816/1124 1162/818/1128 1166/667/909
f 498/656/894 497/688/939 1279/686/1129 1278/658/1130
f 500/819/1131 506/820/1132 893/821/1133 898/822/1134
f 501/823/1135 500/819/1136 511/824/1137 510/825/1138
f 502/826/1139 501/823/1140 515/827/1141 514/828/1142
f 503/829/1143 502/826/1139 521/830/1144 520/831/1145
f 504/832/1146 503/829/1143 519/833/1147 518/834/1148
f 505/835/1149 504/832/1150 1168/836/1151 1167/837/1152
f 506/820/1132 505/835/1153 995/838/1154 994/839/1155
f 507/840/1156 513/841/1157 859/842/1158 863/843/1159
f 508/844/1160 507/840/1161 1175/845/1162 1174/846/1163
f 509/847/1164 508/844/1165 523/848/1166 522/849/1167
f 510/825/1138 509/847/1168 516/850/1169 515/827/1170
f 512/851/1171 511/824/1137 898/822/1172 897/852/1173
f 513/841/1174 512/851/1175 867/853/1176 866/854/1177
f 514/828/1142 516/850/1178 522/849/1179 521/830/1180
f 517/855/1181 519/833/1182 990/856/1183 989/857/1184
f 518/834/1148 517/855/1181 1169/858/1185 1168/836/1186
f 524/859/1187 523/848/1188 1174/846/1163 1173/860/1189
s 64
f 525/861/1190 528/862/1191 533/863/1192 539/864/1193
s 131
f 526/865/1194 525/861/1195 679/866/1196 686/867/1197
s 13
f 527/868/1198 526/865/1199 630/869/1200 629/870/1201
s 131
f 528/862/1202 527/868/1203 531/871/1204 530/872/1205
s 1
f 530/872/1206 529/66/1207 534/81/1208 533/863/1209
s 13
f 532/67/1210 531/871/1211 629/870/1201 628/68/87
s 1
f 536/873/1212 535/80/106 613/79/1213 618/874/1214
f 537/875/1215 536/873/1216 652/876/1217 651/877/1218
s 64
f 538/878/1219 537/875/1220 1050/879/1221 1049/880/1222
f 539/864/1193 538/878/1219 680/881/1223 679/866/1224
f 540/882/1225 544/883/1226 647/884/1227 646/885/1228
f 541/886/1229 540/882/1230 1066/887/1231 1065/888/1232
s 13
f 542/289/368 541/886/1233 552/889/1234 551/291/1235
s 64
f 544/883/1236 543/288/1237 546/286/1238 545/890/1239
f 545/890/1240 549/891/1241 648/892/1242 647/884/1227
f 548/893/1243 547/285/1244 1034/283/1245 1033/894/1246
f 549/891/1241 548/893/1247 1040/895/1248 1039/896/1249
s off
f 553/897/1250 552/889/1251 1065/888/1252 1064/898/1253
s 1
f 554/899/1254 553/897/1255 566/900/1256 565/901/1257
s 10
f 555/322/1258 554/899/1259 560/902/1260 559/324/1261
f 556/903/1262 562/371/487 1328/369/1263 1327/904/1264
f 557/905/1265 556/903/1262 1241/906/1266 1240/907/1267
f 558/325/1268 557/905/1265 1233/908/1269 1232/327/418
f 561/372/488 560/902/1260 565/901/1270 564/374/490
s 1
f 563/375/1271 568/909/1272 632/910/1273 638/377/1274
f 567/911/1275 566/900/1276 1064/898/1277 1067/912/1278
f 568/909/1279 567/911/1275 645/913/1280 644/914/1281
s 10
f 571/915/1282 570/479/1283 1226/477/1284 1225/916/1285
f 572/917/1286 571/915/1287 832/918/1288 831/919/1289
f 573/732/999 572/917/1286 596/920/1290 599/734/1291
f 575/921/1292 581/922/1293 1006/923/1294 1005/924/1295
f 576/925/1296 575/921/1292 1138/926/1297 1137/927/1298
s 92
f 577/928/1299 576/925/1300 1012/929/1301 1018/930/1302
s 10
f 578/931/1303 577/928/1304 600/932/1305 601/933/1306
f 579/934/1307 578/931/1303 1096/935/1308 1095/936/1309
s 92
f 580/937/1310 579/934/1311 1091/938/1312 1090/939/1313
s 10
f 581/922/1293 580/937/1314 586/940/1315 585/941/1316
f 584/942/1317 583/594/817 590/612/836 589/943/1318
f 585/941/1316 584/942/1317 1007/944/1319 1006/923/1294
f 587/815/1123 586/940/1315 1090/939/1320 1089/814/1321
f 589/943/1318 595/945/1322 1008/946/1323 1007/944/1319
f 592/947/1324 591/611/835 985/610/834 988/948/1325
f 593/949/1326 592/947/1324 609/950/1327 608/951/1328
f 594/952/1329 593/949/1326 826/953/1330 825/954/1331
f 595/945/1322 594/952/1329 910/955/1332 909/956/1333
f 597/957/1334 596/920/1335 831/919/1289 830/958/1336
f 598/735/1337 597/957/1338 921/959/1339 920/737/1006
f 601/933/1306 600/932/1305 1018/930/1340 1017/960/1341
f 603/961/1342 602/623/1343 851/630/860 858/962/1344
f 604/963/1345 603/961/1342 840/964/1346 839/965/1347
f 605/966/1348 604/963/1345 611/967/1349 610/968/1350
f 606/607/831 605/966/1351 987/969/1352 986/609/833
f 608/951/1353 612/970/1354 821/971/1355 826/953/1356
f 610/968/1350 609/950/1327 988/948/1325 987/969/1352
f 612/970/1357 611/967/1358 839/965/1347 838/972/1359
s 2
f 615/973/1360 614/78/102 620/76/99 619/974/1361
f 616/975/1362 615/973/1363 1057/976/1364 1056/977/1365
f 617/978/1366 616/975/1367 691/979/1368 690/980/1369
s 1
f 618/874/1214 617/978/1370 653/981/1371 652/876/1372
s 2
f 619/974/1361 624/6/7 1054/4/1373 1057/976/1364
f 622/982/1374 621/75/98 1284/73/1375 1283/983/1376
f 623/7/8 622/982/1374 759/984/1377 758/9/1378
s 13
f 631/396/1379 630/869/1200 686/867/1380 685/398/525
s 1
f 633/985/1381 632/910/1382 644/914/1281 643/986/1383
f 634/987/1384 633/985/1381 642/988/1385 641/989/1386
f 635/990/1387 634/987/1384 708/991/1388 707/992/1389
s off
f 636/451/1390 635/990/1391 712/993/1392 711/452/1393
s 152
f 639/994/1394 642/988/1395 643/986/1396 649/995/1397
s 64
f 640/996/1398 639/994/1399 1038/997/1400 1037/998/1401
s 1
f 641/989/1402 640/996/1403 709/999/1404 708/991/1405
s 152
f 646/885/1406 645/913/1407 1067/912/1408 1066/887/1409
s 64
f 649/995/1410 648/892/1242 1039/896/1249 1038/997/1400
s 1
f 650/1000/1411 654/1001/1412 695/1002/1413 694/1003/1414
s 64
f 651/877/1415 650/1000/1416 1051/1004/1417 1050/879/1221
s 1
f 654/1001/1418 653/981/1371 690/980/1419 689/1005/1420
s 13
f 655/277/1421 659/1391/1422 702/1380/1423 701/279/358
s off
f 658/1377/1424 657/1375/1425 674/1376/1426 673/1398/1427
s 13
f 659/1391/1422 658/1377/1428 662/1378/1429 661/1390/1430
s 64
f 660/1009/1431 664/1010/1432 1058/1011/1433 1063/1012/1434
f 661/1390/1435 660/1379/1436 703/1382/1437 702/1380/1438
s 13
f 663/1013/1439 662/1007/1429 673/1006/1440 678/1014/1441
s 64
f 664/1010/1442 663/1013/1443 683/1015/1444 682/1016/1445
f 665/1407/1446 672/1411/1447 1062/1384/1448 1061/1381/561
s 1
f 669/1018/1449 668/457/629 714/458/631 713/1019/1450
f 670/1020/1451 669/1018/1449 706/1021/1452 705/1022/1453
s 64
f 671/1023/1454 670/1020/1455 1031/1024/1456 1036/1025/1457
f 672/1411/1447 671/1023/1454 699/1026/1458 698/1410/1459
s 13
f 678/1014/1441 677/401/1460 684/399/526 683/1015/1461
s 64
f 681/1027/1462 680/881/1223 1049/880/1222 1048/1028/1463
f 682/1016/1464 681/1027/1462 1059/1029/1465 1058/1011/1433
s 1
f 689/1005/1420 688/433/570 696/432/1466 695/1002/1467
s off
f 692/18/1468 691/979/1469 1056/977/1470 1055/3/1471
s 64
f 694/1003/1472 697/431/1473 1052/429/565 1051/1004/1417
f 698/1410/1459 703/1382/1474 1063/1383/1434 1062/1384/1448
f 700/280/1475 699/1026/1476 1036/1025/1457 1035/282/1477
f 704/1030/1478 709/999/1479 1037/998/1401 1041/1031/1480
f 705/1022/1481 704/1030/1478 1032/1032/1482 1031/1024/1456
s 1
f 707/992/1389 706/1021/1483 713/1019/1450 712/993/1484
f 718/1033/1485 717/357/458 1077/356/1486 1082/1034/1487
f 719/193/1488 718/1033/1485 722/1035/1489 721/194/1490
f 723/1036/1491 722/1035/1492 1082/1034/1487 1081/1037/1493
f 724/46/1494 723/1036/1491 1072/1038/1495 1071/47/59
s 52
f 726/169/1496 725/352/1497 1076/358/461 1075/171/1498
s 10
f 732/1039/1499 731/420/554 1222/418/552 1221/1040/1500
f 733/1041/1501 732/1039/1499 740/1042/1502 739/1043/1503
f 734/421/555 733/1041/1501 749/1044/1504 748/422/557
f 735/1045/1505 741/1046/1506 1300/1047/1507 1299/1048/1508
f 736/1049/1509 735/1045/1505 861/1050/1510 860/1051/1511
f 737/1052/1512 736/1049/1509 865/1053/1513 864/1054/1514
f 738/1055/1515 737/1052/1512 1213/1056/1516 1212/1057/1517
f 739/1043/1503 738/1055/1515 750/1058/1518 749/1044/1504
f 741/1046/1506 740/1042/1502 1221/1040/1500 1220/1059/1519
f 744/468/642 743/51/1520 753/63/80 752/470/644
f 747/70/91 746/488/1521 1286/487/664 1285/72/94
f 751/471/645 750/1058/1518 1212/1057/1517 1217/473/647
s 2
f 755/1060/1522 761/1061/1523 1150/1062/1524 1149/1063/1525
s 161
f 756/48/1526 755/1060/1527 768/1064/1528 767/39/1529
s 2
f 760/1065/1530 759/984/1377 1283/983/1376 1282/1066/1531
f 761/1061/1523 760/1065/1530 1273/1067/1532 1272/1068/1533
s 10
f 762/184/1534 766/144/180 1312/153/1535 1317/185/1536
f 765/145/181 764/191/241 1156/190/238 1155/147/1537
s off
f 769/196/1538 768/1064/1539 1149/1063/1540 1148/197/1541
s 10
f 771/1069/1542 777/1070/1543 876/1071/1544 880/1072/1545
f 772/765/1045 771/1069/1542 1204/1073/1546 1203/745/1021
f 774/724/990 773/764/1044 1324/763/1547 1323/714/1548
f 776/1074/1549 775/723/989 1196/722/987 1195/1075/1550
f 777/1070/1543 776/1074/1549 779/1076/1551 778/1077/1552
f 778/1077/1552 784/512/696 877/510/694 876/1071/1544
f 780/1078/1553 779/1076/1551 1195/1075/1550 1194/1079/1554
f 781/1080/1555 780/1078/1553 1249/1081/1556 1248/1082/1557
f 782/701/959 781/1080/1555 1357/1083/1558 1356/703/961
f 785/1084/1559 790/1085/1560 1104/1086/1561 1103/1087/1562
f 786/1088/1563 785/1084/1559 806/1089/1564 805/1090/1565
f 787/535/737 786/1088/1563 799/1091/1566 798/537/739
f 789/1092/1567 788/534/736 929/532/734 928/1093/1568
f 790/1085/1560 789/1092/1567 793/1094/1569 792/1095/1570
f 791/1096/1571 797/1097/1572 1097/1098/1573 1102/1099/1574
f 792/1095/1570 791/1096/1571 1105/1100/1575 1104/1086/1561
f 794/1101/1576 793/1094/1569 928/1093/1568 927/1102/1577
f 795/1103/1578 794/1101/1576 849/1104/1579 848/1105/1580
f 796/1106/1581 795/1103/1578 856/1107/1582 855/1108/1583
f 797/1097/1572 796/1106/1581 1164/1109/1584 1163/1110/1585
f 800/1111/1586 799/1091/1566 805/1090/1565 804/1112/1587
f 801/541/745 800/1111/1586 938/1113/1588 937/542/746
f 803/1114/1589 810/1115/1590 1112/1116/1591 1111/1117/1592
f 804/1112/1587 803/1114/1589 939/1118/1593 938/1113/1588
f 807/1119/1594 806/1089/1564 1103/1087/1562 1107/1120/1595
f 808/1121/1596 807/1119/1594 1371/1122/1597 1370/1123/1598
f 809/1124/1599 808/1121/1596 1182/1125/1600 1181/1126/1601
f 810/1115/1590 809/1124/1599 1188/1127/1602 1187/1128/1603
f 811/1129/1604 814/1130/1605 1028/1131/1606 1027/1132/1607
f 812/1133/1608 811/1129/1604 888/1134/1609 887/1135/1610
f 813/1136/1611 812/1133/1608 817/1137/1612 816/1138/1613
f 814/1130/1605 813/1136/1611 915/1139/1614 914/1140/1615
f 815/1141/1616 820/1142/1617 1004/1143/1618 1009/1144/1619
f 816/1138/1613 815/1141/1616 916/1145/1620 915/1139/1614
f 818/1146/1621 817/1137/1612 887/1135/1610 886/1147/1622
f 819/1148/1623 818/1146/1621 1131/1149/1624 1130/1150/1625
f 820/1142/1617 819/1148/1623 1140/1151/1626 1139/1152/1627
f 822/1153/1628 821/971/1629 838/972/1359 844/1154/1630
f 823/1155/1631 822/1153/1628 977/1156/1632 976/1157/1633
f 824/1158/1634 823/1155/1631 1045/1159/1635 1044/1160/1636
f 825/954/1637 824/1158/1638 911/1161/1639 910/955/1640
f 827/1162/1641 832/918/1288 1225/916/1642 1229/1163/1643
f 828/1164/1644 827/1162/1641 834/1165/1645 833/1166/1646
f 829/1167/1647 828/1164/1648 1296/1168/1649 1295/1169/1650
f 830/958/1651 829/1167/1652 922/1170/1653 921/959/1339
f 833/1166/1646 837/1171/1654 1291/1172/1655 1296/1168/1656
f 835/1173/1657 834/1165/1658 1229/1163/1659 1228/1174/1660
f 836/1175/1661 835/1173/1662 1215/1176/1663 1214/1177/1664
f 837/1171/1665 836/1175/1666 870/1178/1667 869/1179/1668
f 841/1180/1669 840/964/1670 858/962/1671 857/1181/1672
f 842/1182/1673 841/1180/1674 847/1183/1675 846/1184/1676
s 169
f 843/1185/1677 842/1182/1678 981/1186/1679 980/1187/1680
s 10
f 844/1154/1681 843/1185/1682 978/1188/1683 977/1156/1684
f 846/1184/1676 845/318/407 982/316/405 981/1186/1685
f 848/1105/1580 847/1183/1675 857/1181/1672 856/1107/1582
f 850/319/408 849/1104/1579 927/1102/1577 926/320/410
f 855/1108/1686 854/669/1687 1165/668/1688 1164/1109/1689
f 860/1051/1511 859/842/1690 866/854/1691 865/1053/1513
f 862/1189/1692 861/1050/1693 1299/1048/1694 1298/1190/1695
f 863/843/1696 862/1189/1697 1176/1191/1698 1175/845/1162
f 864/1054/1514 870/1178/1667 1214/1177/1664 1213/1056/1516
f 868/1192/1699 867/853/1700 897/852/1173 896/1193/1701
f 869/1179/1702 868/1192/1699 1292/1194/1703 1291/1172/1655
f 871/1195/1704 875/1196/1705 1200/1197/1706 1205/1198/1707
f 872/507/691 871/1195/1704 879/1199/1708 878/509/693
f 875/1196/1705 874/739/1009 919/738/1007 918/1200/1709
f 880/1072/1545 879/1199/1708 1205/1198/1707 1204/1073/1546
f 882/1201/1710 881/588/810 1246/586/808 1245/1202/1711
f 883/1203/1712 882/1201/1710 1116/1204/1713 1115/1205/1714
f 884/1206/1715 883/1203/1712 1133/1207/1716 1132/1208/1717
f 885/589/811 884/1206/1715 892/1209/1718 891/590/812
f 886/1147/1622 892/1209/1718 1132/1208/1717 1131/1149/1624
f 889/577/798 888/1134/1609 1027/1132/1607 1026/578/1719
f 894/1210/1720 893/821/1721 994/839/1155 993/1211/1722
f 895/1212/1723 894/1210/1720 900/1213/1724 899/1214/1725
f 896/1193/1726 895/1212/1727 1293/1215/1728 1292/1194/1729
f 899/1214/1725 906/1216/1730 1294/1217/1731 1293/1215/1732
f 901/1218/1733 900/1213/1734 993/1211/1722 992/1219/1735
f 902/1220/1736 901/1218/1737 1332/1221/1738 1333/1222/1739
f 903/1223/1740 902/1220/1736 998/755/1033 997/1224/1741
f 904/1225/1742 903/1223/1743 1128/1226/1744 1127/1227/1745
f 905/1228/1746 904/1225/1747 1121/1229/1748 1120/1230/1749
f 906/1216/1730 905/1228/1746 924/1231/1750 923/1232/1751
f 909/956/1333 916/1145/1620 1009/1144/1619 1008/946/1323
f 912/529/728 911/1161/1752 1044/1160/1636 1043/530/1753
f 914/1140/1615 913/528/1754 1029/526/1755 1028/1131/1756
f 917/1233/1757 924/1231/1750 1120/1230/1749 1124/1234/1758
f 918/1200/1709 917/1233/1757 1201/1235/1759 1200/1197/1706
f 923/1232/1751 922/1170/1653 1295/1169/1760 1294/1217/1731
f 932/1236/1761 931/297/379 942/306/392 941/1237/1762
f 933/1238/1763 932/1236/1761 1309/1239/1764 1308/1240/1765
f 934/1241/1766 933/1238/1763 949/1242/1767 954/1243/1768
f 935/384/503 934/1241/1766 945/1244/1769 944/386/505
f 940/1245/1770 939/1118/1593 1111/1117/1592 1110/1246/1771
f 941/1237/1762 940/1245/1770 1310/1247/1772 1309/1239/1764
f 946/1248/1773 945/1244/1769 954/1243/1768 953/1249/1774
f 947/390/512 946/1248/1773 965/1250/1775 964/391/1776
f 950/1251/1777 949/1242/1767 1308/1240/1765 1307/1252/1778
f 951/1253/1779 950/1251/1777 1160/1254/1780 1159/1255/1781
f 952/1256/1782 951/1253/1779 959/1257/1783 958/1258/1784
f 953/1249/1774 952/1256/1782 966/1259/1785 965/1250/1775
f 955/1260/1786 960/1261/1787 1368/1262/1788 1367/1263/1789
f 956/550/756 955/1260/1786 1003/1264/1790 1002/551/758
f 958/1258/1784 957/549/755 967/547/753 966/1259/1785
f 960/1261/1787 959/1257/1783 1159/1255/1781 1158/1265/1791
s 84
f 962/1399/1792 961/546/1793 1338/544/1794 1337/563/782
s 10
f 968/1266/1795 973/1267/1796 979/1268/1797 984/1269/1798
f 969/211/268 968/1266/1795 1258/1270/1799 1257/212/1800
f 972/1271/1801 971/227/288 1047/226/287 1046/1272/1802
f 973/1267/1796 972/1271/1801 975/1273/1803 974/1274/1804
f 974/1274/1804 978/1188/1805 980/1187/1806 979/1268/1797
f 976/1157/1807 975/1273/1808 1046/1272/1809 1045/1159/1810
s 169
f 984/1269/1811 983/315/1812 1259/330/1813 1258/1270/1814
s 10
f 989/857/1815 995/838/1154 1167/837/1152 1169/858/1816
f 991/1275/1817 990/856/1183 1335/1276/1818 1334/1277/1819
f 992/1219/1820 991/1275/1817 1333/1222/1739 1332/1221/1738
f 997/1224/1741 996/754/1032 1125/752/1821 1128/1226/1822
f 999/1278/1823 1003/1264/1790 1367/1263/1789 1369/1279/1824
f 1000/1385/1825 999/1278/1823 1290/1394/1826 1289/1393/1827
f 1001/1409/759 1000/1385/1825 1171/1387/1828 1170/1386/761
f 1005/924/1295 1004/1143/1618 1139/1152/1627 1138/926/1297
f 1011/1281/1829 1010/1282/1830 1017/960/1341 1016/774/1065
f 1013/1283/1831 1012/929/1832 1137/927/1298 1136/1284/1833
f 1014/802/1834 1013/1283/1831 1022/1285/1835 1021/801/1098
f 1019/794/1089 1024/1286/1836 1114/1287/1837 1119/796/1091
f 1023/1288/1838 1022/1285/1835 1136/1284/1833 1135/1289/1839
f 1024/1286/1836 1023/1288/1838 1129/1290/1840 1134/1291/1841
s 64
f 1033/894/1246 1032/1032/1482 1041/1031/1480 1040/895/1248
f 1048/1028/1463 1053/428/564 1060/426/562 1059/1029/1465
s 1
f 1073/437/1842 1072/1038/1495 1081/1037/1843 1080/438/1844
s 40
f 1083/222/1845 1088/162/1846 1316/186/1847 1315/215/1848
s 10
f 1085/243/1849 1084/221/282 1238/220/281 1237/231/1850
f 1092/812/1117 1091/938/1851 1095/936/1309 1094/1292/1852
f 1098/817/1853 1097/1098/1854 1163/1110/1855 1162/818/1856
f 1101/1293/1857 1100/683/1858 1373/682/1859 1372/1294/1860
f 1102/1099/1574 1101/1293/1861 1106/1295/1862 1105/1100/1575
f 1107/1120/1595 1106/1295/1862 1372/1294/1860 1371/1122/1597
f 1108/1296/1863 1113/1297/1864 1376/1298/1865 1375/1299/1866
f 1109/1300/1867 1108/1296/1863 1366/1301/1868 1365/1302/1869
f 1110/1246/1771 1109/1300/1867 1311/1303/1870 1310/1247/1772
f 1113/1297/1864 1112/1116/1591 1187/1128/1603 1186/1304/1871
f 1115/1205/1714 1114/1287/1837 1134/1291/1841 1133/1207/1716
f 1117/1305/1872 1116/1204/1713 1245/1202/1711 1251/1306/1873
f 1118/797/1092 1117/1305/1872 1193/1307/1874 1192/798/1094
f 1122/749/1025 1121/1229/1748 1127/1227/1875 1126/751/1876
f 1124/1234/1758 1123/748/1024 1202/746/1022 1201/1235/1759
f 1130/1150/1625 1129/1290/1840 1135/1289/1839 1140/1151/1626
f 1141/1308/1877 1150/1062/1878 1272/1068/1879 1271/1309/1880
f 1142/699/957 1141/1308/1881 1320/1310/1882 1319/696/1883
f 1147/198/1884 1146/96/1885 1152/94/1886 1151/189/1887
f 1157/1311/1888 1161/1312/1889 1351/1313/1890 1350/1314/1891
f 1158/1265/1791 1157/1311/1892 1369/1279/1893 1368/1262/1788
f 1161/1312/1889 1160/1254/1780 1307/1252/1778 1306/1315/1894
f 1172/1388/1895 1171/1387/1828 1289/1393/1827 1290/1394/1826
f 1173/860/1189 1172/1316/1895 1180/1317/1896 1179/1318/1897
f 1177/1319/1898 1176/1191/1698 1298/1190/1695 1297/1320/1899
f 1178/553/762 1177/1319/1898 1341/1321/1900 1340/554/764
f 1183/679/1901 1182/1125/1902 1370/1123/1598 1374/681/1903
f 1189/1322/1904 1193/1307/1874 1251/1306/1873 1250/1323/1905
f 1190/1324/1906 1189/1322/1904 1199/1325/1907 1198/1326/1908
f 1191/799/1095 1190/1324/1906 1346/1327/1909 1345/783/1910
f 1194/1079/1554 1199/1325/1907 1250/1323/1905 1249/1081/1556
f 1198/1326/1908 1197/721/986 1347/719/1911 1346/1327/1909
f 1206/1328/1912 1211/698/1913 1318/697/1914 1322/1329/1915
f 1207/742/1916 1206/1328/1912 1265/1330/1917 1264/741/1011
f 1216/474/648 1215/1176/1663 1228/1174/1918 1227/476/650
f 1219/1331/1919 1218/559/770 1343/564/784 1342/1332/1920
f 1220/1059/1921 1219/1331/1922 1301/1333/1923 1300/1047/1924
f 1231/328/419 1230/201/257 1256/213/1925 1260/329/1926
s 38
f 1234/217/1927 1233/908/1928 1240/907/1929 1239/219/1930
s 10
f 1236/232/1931 1241/906/1266 1327/904/1264 1331/234/1932
f 1248/1082/1557 1247/585/807 1358/583/805 1357/1083/1558
f 1262/760/1039 1261/716/978 1326/715/1933 1325/762/1934
f 1266/1334/1935 1265/1330/1936 1322/1329/1937 1321/1335/1938
f 1267/1336/1939 1266/1334/1940 1275/1337/1941 1274/1338/1942
f 1268/484/1943 1267/1336/1939 1288/1339/1944 1287/486/663
f 1271/1309/1945 1275/1337/1941 1321/1335/1946 1320/1310/1882
f 1274/1338/1947 1273/1067/1948 1282/1066/1949 1288/1339/1944
f 1297/1320/1899 1301/1333/1923 1342/1332/1920 1341/1321/1900
f 1304/1340/1950 1303/786/1078 1344/784/1951 1349/708/969
f 1305/1341/1952 1311/1303/1870 1365/1302/1869 1364/1342/1953
f 1306/1315/1894 1305/1341/1952 1352/1343/1954 1351/1313/1890
f 1355/704/962 1354/769/1052 1362/767/1955 1361/705/1956
s 1
f 14/15/17 4/11/13 19/13/15
s 10
f 62/135/170 55/132/166 67/133/168
f 102/207/275 89/203/259 95/205/261
s 1
f 112/241/304 1086/242/310 110/239/302
s 52
f 171/346/453 160/342/438 164/344/440
f 163/350/448 730/353/451 172/354/452
s 1
f 113/240/303 109/236/299 178/238/301
s 10
f 124/269/343 193/271/345 197/272/347
s 1
f 12/33/41 219/35/44 687/36/45
s 52
f 231/1357/591 227/1356/590 237/1389/1957
s 10
f 289/90/708 36/86/1958 291/88/709
f 285/139/707 290/140/176 57/137/172
f 49/119/1959 53/121/151 300/123/165
f 90/206/266 101/208/264 970/210/267
f 143/307/398 1253/308/742 307/310/399
f 198/388/511 192/385/504 948/387/506
f 734/421/555 748/422/557 210/419/553
f 1354/769/1052 443/766/1051 1362/767/1955
f 333/572/793 339/574/795 890/576/797
f 1027/1132/1607 888/1134/1609 811/1129/1604
f 355/603/827 344/599/823 369/601/825
f 380/645/879 366/642/876 493/644/878
f 394/675/1960 386/672/916 1276/673/918
f 412/492/947 396/494/675 273/489/674
f 437/756/1034 441/758/1036 1263/717/1038
f 292/87/712 35/82/108 452/85/111
f 40/98/127 43/100/129 446/101/130
f 293/519/711 451/520/713 456/521/1060
f 457/568/788 450/570/1059 331/565/785
f 462/776/1067 473/778/1069 467/779/1070
f 358/622/857 851/630/860 602/623/1343
f 1244/808/1112 480/805/1107 484/807/1110
f 373/651/889 907/653/891 499/655/893
f 1185/690/1961 392/687/937 496/689/940
f 501/823/1135 510/825/1138 515/827/1170
f 503/829/1143 520/831/1145 519/833/1147
f 518/834/1148 1168/836/1186 504/832/1146
s 64
f 533/863/1192 528/862/1191 530/872/1962
s 10
f 554/899/1963 565/901/1270 560/902/1260
f 152/321/411 555/322/413 559/324/415
f 604/963/1345 839/965/1347 611/967/1358
s 2
f 614/78/102 32/74/96 620/76/99
s 13
f 686/867/1380 630/869/1200 526/865/1199
s 1
f 618/874/1214 652/876/1372 536/873/1212
s 13
f 661/1390/1430 702/1380/1423 659/1391/1422
s 1
f 248/1392/573 666/1361/575 221/1350/571
s 13
f 684/399/526 677/401/1460 200/397/523
s 1
f 688/433/570 218/430/566 696/432/1466
s 13
f 128/278/356 700/280/359 1035/282/361
s 1
f 669/1018/1449 713/1019/1450 706/1021/1483
s 41
f 114/244/316 177/245/473 728/246/317
s 5
f 10/27/33 235/29/36 250/31/1964
s 10
f 104/126/201 69/117/146 51/116/145
f 50/122/1965 299/124/289 105/125/158
f 1042/225/286 106/224/285 298/228/290
f 1105/1100/1575 791/1096/1571 1102/1099/1574
f 1221/1040/1500 740/1042/1502 732/1039/1499
s 1
f 1317/185/233 78/182/230 762/184/232
f 720/45/247 16/41/50 84/43/52
s 2
f 768/1064/1966 755/1060/1522 1149/1063/1525
s 10
f 805/1090/1565 799/1091/1566 786/1088/1563
f 812/1133/1608 887/1135/1610 817/1137/1612
f 927/1102/1577 849/1104/1579 794/1101/1576
f 848/1105/1580 856/1107/1582 795/1103/1578
f 736/1049/1509 860/1051/1511 865/1053/1513
f 278/505/688 872/507/691 878/509/693
f 1293/1215/1732 895/1212/1723 899/1214/1725
f 945/1244/1769 934/1241/1766 954/1243/1768
f 966/1259/1785 952/1256/1782 958/1258/1784
f 426/504/1008 873/506/690 277/501/689
f 877/510/694 784/512/696 279/508/692
f 1333/1222/1739 998/755/1033 902/1220/1736
f 987/969/1352 605/966/1351 610/968/1350
f 1020/793/1088 468/790/1087 472/791/1096
f 894/1210/1720 993/1211/1722 900/1213/1724
f 897/852/1173 867/853/1700 512/851/1171
f 1006/923/1294 581/922/1293 585/941/1316
f 773/764/1044 439/761/1043 1324/763/1547
f 1204/1073/1546 771/1069/1542 880/1072/1545
f 637/378/494 240/380/612 185/376/492
s 64
f 1060/426/562 1053/428/564 216/423/559
f 671/1023/1454 1036/1025/1457 699/1026/1458
s 10
f 121/248/320 149/261/409 925/249/321
s 1
f 653/981/1371 617/978/1370 690/980/1419
s 13
f 1065/888/1967 552/889/1234 541/886/1233
s 10
f 787/535/737 798/537/739 304/533/735
s 64
f 664/1010/1432 682/1016/1464 1058/1011/1433
s 1
f 1064/898/1277 566/900/1276 553/897/1968
f 81/181/229 763/183/231 77/179/227
f 75/173/219 167/175/222 716/177/225
f 8/21/25 1069/23/28 229/25/1969
s 5
f 236/28/35 9/24/34 232/26/1970
s 1
f 1081/1037/1493 1072/1038/1495 723/1036/1491
f 1055/3/1971 6/2/2 692/18/20
s off
f 616/975/1972 1056/977/1973 691/979/1974
s 13
f 701/279/358 127/276/357 655/277/1421
f 546/286/365 543/288/367 130/284/363
f 551/291/1235 131/287/366 542/289/368
s 1
f 654/1001/1418 689/1005/1420 695/1002/1467
s 64
f 1051/1004/1417 650/1000/1416 694/1003/1472
s 32
f 727/168/213 72/164/212 115/166/1975
s 10
f 1192/798/1094 470/795/1090 1118/797/1092
f 475/800/1097 1014/802/1834 1021/801/1098
f 586/940/1315 580/937/1314 1090/939/1320
f 1127/1227/1875 1121/1229/1748 904/1225/1747
f 1144/109/138 398/111/140 45/108/137
f 288/91/119 1153/93/122 37/89/121
f 1017/960/1341 1010/1282/1830 601/933/1306
f 919/738/1007 874/739/1009 425/736/1004
f 598/735/1337 920/737/1006 424/733/1005
f 1096/935/1308 578/931/1303 601/933/1306
f 852/629/859 357/626/858 361/628/868
f 999/1278/1823 1369/1279/1824 1290/1394/1826
f 313/303/389 139/300/384 145/301/387
f 140/302/388 312/304/390 943/305/391
f 1108/1296/1863 1375/1299/1866 1366/1301/1868
f 402/498/679 282/499/702 275/496/677
f 377/641/875 494/643/877 365/639/873
f 1259/330/1976 983/315/404 155/314/403
f 1249/1081/1556 780/1078/1553 1194/1079/1554
f 924/1231/1750 905/1228/1746 1120/1230/1749
s 2
f 623/7/8 758/9/1378 2/5/5
s 10
f 334/575/796 889/577/798 1026/578/1719
f 964/391/1776 194/389/510 947/390/512
f 410/114/143 1360/105/134 47/104/133
f 184/373/489 563/375/491 638/377/493
f 918/1200/1709 1200/1197/1706 875/1196/1705
f 280/511/695 783/513/697 407/514/699
f 409/702/960 1355/704/962 1361/705/1956
f 752/470/644 263/466/640 744/468/642
f 1043/530/1753 297/527/726 912/529/728
f 915/1139/1614 813/1136/1611 816/1138/1613
f 608/951/1328 826/953/1330 593/949/1326
f 346/605/829 606/607/831 986/609/833
f 819/1148/1623 1130/1150/1625 1140/1151/1626
f 1328/369/1263 562/371/487 182/368/486
f 1368/1262/1788 960/1261/1787 1158/1265/1791
f 479/803/1108 486/804/1114 482/806/1109
f 818/1146/1621 886/1147/1622 1131/1149/1624
f 1101/1293/1861 1372/1294/1860 1106/1295/1862
f 214/406/534 202/403/531 205/405/533
f 827/1162/1641 1229/1163/1643 834/1165/1645
f 1016/774/1065 463/773/1064 1011/1281/1829
f 1263/717/979 414/707/968 416/711/972
f 750/1058/1518 738/1055/1515 1212/1057/1517
s 1
f 767/39/48 21/38/47 756/48/61
s 10
f 376/660/898 384/662/901 495/663/902
s 2
f 31/71/97 1284/73/1375 621/75/98
s 10
f 39/95/124 1145/97/126 44/99/128
f 1146/96/125 38/92/120 1152/94/123
f 1000/1385/1825 1289/1393/1827 1171/1387/1828
f 939/1118/1593 803/1114/1589 1111/1117/1592
f 981/1186/1685 842/1182/1673 846/1184/1676
f 869/1179/1702 1291/1172/1655 837/1171/1654
f 1256/213/1925 1230/201/257 92/200/256
f 1173/860/1189 1179/1318/1897 524/859/1187
f 1239/219/280 97/216/276 1234/217/1977
f 1298/1190/1695 1176/1191/1698 862/1189/1697
f 206/404/532 201/400/527 676/402/530
f 465/785/1076 1302/787/1079 1281/788/1080
f 1116/1204/1713 882/1201/1710 1245/1202/1711
f 1142/699/957 1319/696/1883 405/695/950
f 46/110/139 397/112/141 411/113/142
f 1290/1394/1826 1180/1395/1896 1172/1388/1895
f 147/313/402 982/316/405 845/318/407
f 1314/158/200 65/154/199 93/157/197
f 1110/1246/1771 1310/1247/1772 940/1245/1770
f 1309/1239/1764 932/1236/1761 941/1237/1762
f 404/692/946 399/691/945 1143/693/948
f 1313/152/192 63/150/191 66/151/198
f 974/1274/1804 979/1268/1797 973/1267/1796
f 825/954/1331 910/955/1332 594/952/1329
s 64
f 548/893/1247 1033/894/1246 1040/895/1248
s 10
f 933/1238/1763 1308/1240/1765 949/1242/1767
f 436/753/1030 998/755/1033 442/757/1035
f 1292/1194/1703 868/1192/1699 896/1193/1701
f 287/149/187 60/146/186 1154/148/710
f 61/136/171 286/138/174 56/134/169
f 854/669/912 382/666/907 1165/668/910
f 211/61/556 754/62/79 25/59/78
s 64
f 545/890/1240 647/884/1227 544/883/1226
s 10
f 847/1183/1675 841/1180/1674 857/1181/1672
f 965/1250/1775 946/1248/1773 953/1249/1774
f 88/199/255 1235/202/258 96/204/260
f 753/63/80 743/51/1520 26/50/77
s 52
f 230/1397/592 1068/1351/579 228/1396/578
s 10
f 855/1108/1583 1164/1109/1584 796/1106/1581
s 41
f 251/1362/1978 234/1360/600 254/1363/602
s 10
f 372/648/885 1242/650/888 908/652/890
s 41
f 243/333/425 162/332/424 174/349/447
s 13
f 658/1377/1428 673/1398/1440 662/1378/1429
f 532/67/1210 628/68/87 27/64/86
f 629/870/1201 531/871/1211 527/868/1198
s 64
f 648/892/1242 549/891/1241 1039/896/1249
s 10
f 87/188/236 1147/198/254 1151/189/237
f 120/257/329 133/259/332 150/260/334
f 135/263/337 1254/294/376 142/264/338
s 13
f 129/281/360 1034/283/362 547/285/364
s 10
f 316/548/754 956/550/756 1002/551/758
s 1
f 11/30/42 249/32/572 220/34/43
s 10
f 824/1158/1634 1044/1160/1636 911/1161/1752
f 626/58/72 212/60/558 24/56/70
f 435/750/1031 1125/752/1821 996/754/1032
f 375/657/899 1277/659/917 385/661/900
f 1085/243/1849 1237/231/1850 111/230/1979
f 338/587/809 885/589/811 891/590/812
f 674/1376/774 657/1375/775 323/1369/772
s 1
f 708/991/1388 634/987/1384 641/989/1386
s 64
f 538/878/1219 1049/880/1222 680/881/1223
s 10
f 806/1089/1564 785/1084/1559 1103/1087/1562
f 909/956/1333 1008/946/1323 595/945/1322
f 68/118/147 54/120/167 48/115/144
s 64
f 1050/879/1221 537/875/1220 651/877/1415
s 1
f 1067/912/1278 645/913/1280 567/911/1275
s 10
f 303/531/733 929/532/734 788/534/736
f 1159/1255/1781 959/1257/1783 951/1253/1779
s 64
f 646/885/1228 1066/887/1980 540/882/1225
s 10
f 1104/1086/1561 790/1085/1560 792/1095/1570
f 597/957/1338 830/958/1651 921/959/1339
f 831/919/1289 596/920/1290 572/917/1286
s 1
f 613/79/1213 535/80/106 33/77/105
s 10
f 832/918/1288 571/915/1287 1225/916/1642
s 1
f 722/1035/1492 718/1033/1485 1082/1034/1487
s 10
f 119/254/330 1255/256/375 134/258/331
f 1018/930/1340 600/932/1305 577/928/1304
f 383/635/911 853/636/870 360/633/869
s 1
f 18/20/57 1070/22/27 7/19/26
s 10
f 675/414/545 322/415/773 207/413/544
f 28/55/69 627/57/71 23/53/66
f 797/1097/1572 1163/1110/1585 1097/1098/1573
f 1092/812/1117 1094/1292/1852 484/807/1110
f 962/1399/779 1337/563/1981 327/1373/777
f 765/145/181 1155/147/1537 59/142/178
f 94/156/274 70/155/195 103/159/202
f 132/290/373 550/292/412 151/293/374
f 310/539/741 305/536/738 802/538/740
s 1
f 13/16/18 693/17/19 5/14/16
s 10
f 1022/1285/1835 1013/1283/1831 1136/1284/1833
s off
f 636/451/1982 711/452/1983 241/450/1984
s 1
f 712/993/1484 635/990/1387 707/992/1389
s 10
f 126/273/349 324/1400/351 656/1370/776
s 41
f 175/348/446 161/345/445 170/347/462
f 173/359/463 729/361/474 176/360/464
s 52
f 1078/341/437 165/343/439 159/339/434
s 10
f 801/541/745 937/542/746 311/540/744
f 789/1092/1567 928/1093/1568 793/1094/1569
s 41
f 157/335/427 256/337/429 225/338/584
s 1
f 108/233/295 1330/235/476 179/237/300
f 238/445/606 258/448/609 246/449/610
s 32
f 726/169/214 1075/171/1985 73/167/211
s 1
f 245/382/500 186/379/499 239/381/498
f 187/367/480 244/363/501 181/362/478
s 52
f 169/351/449 1076/358/1986 725/352/450
s 1
f 17/44/58 724/46/1494 1071/47/59
s 10
f 1287/486/663 269/483/662 1268/484/1943
f 270/485/661 1286/487/664 746/488/1521
s 52
f 1073/1401/580 1080/1353/582 223/1352/577
s 10
f 1047/226/287 971/227/288 100/223/284
s 41
f 247/334/426 257/336/428 156/331/423
f 255/1359/585 233/1358/601 226/1355/583
s 10
f 1325/762/1934 438/759/1037 1262/760/1039
f 573/732/999 599/734/1291 423/730/997
s 52
f 1079/1354/436 158/1345/435 224/1402/581
s 1
f 710/453/630 259/447/608 242/446/607
f 668/457/629 260/456/628 714/458/631
f 253/1404/627 667/455/622 252/1403/621
s 64
f 681/1027/1462 1048/1028/1463 1059/1029/1465
s 10
f 379/634/880 359/631/861 367/632/863
f 991/1275/1817 1334/1277/1819 1333/1222/1739
f 1335/1276/1818 990/856/1183 519/833/1182
s 1
f 71/160/203 1087/163/206 116/165/309
s 10
f 466/780/1071 1280/789/1081 463/773/1064
s 64
f 697/431/1473 217/427/563 1052/429/565
s 10
f 583/594/817 348/593/816 590/612/836
f 41/83/109 445/102/131 453/84/110
f 492/665/1127 1166/667/909 381/664/908
f 603/961/1342 858/962/1344 840/964/1346
f 625/395/521 203/394/520 213/407/535
s 13
f 199/393/524 631/396/1379 685/398/525
s 1
f 1088/162/205 79/161/204 1316/186/234
s 10
f 1169/858/1185 517/855/1181 989/857/1184
f 558/325/416 1232/327/418 153/323/414
f 395/495/676 403/497/678 274/493/673
s 1
f 1074/172/1987 168/174/221 74/170/220
s 10
f 901/1218/1737 992/1219/1820 1332/1221/1738
s 1
f 715/178/244 82/180/228 76/176/223
f 83/192/243 719/193/245 721/194/246
s 10
f 976/1157/1633 1045/1159/1635 823/1155/1631
s 1
f 166/355/457 1077/356/1486 717/357/458
s 10
f 997/1224/1741 1128/1226/1822 903/1223/1740
s 64
f 1063/1383/1434 703/1382/1474 660/1379/1431
s 10
f 430/729/996 574/731/998 422/727/994
f 125/1344/346 196/1405/348 325/1349/350
s 13
f 663/1013/1439 678/1014/1441 683/1015/1461
s 10
f 1270/461/634 268/460/633 428/482/657
f 1264/741/1011 432/740/1010 1207/742/1916
f 936/298/380 190/299/382 136/295/377
f 942/306/392 931/297/379 141/296/378
f 1084/221/282 98/218/279 1238/220/281
f 809/1124/1599 1181/1126/1601 1188/1127/1602
f 309/312/401 144/309/397 306/311/400
f 1113/1297/1864 1186/1304/1871 1376/1298/1865
f 1224/410/771 208/409/1988 321/416/768
f 1305/1341/1952 1364/1342/1953 1352/1343/1954
f 1196/722/987 775/723/989 419/720/984
f 1345/783/1910 471/782/1093 1191/799/1095
s 64
f 1061/1381/561 222/1406/560 665/1407/1446
s 10
f 401/516/703 1210/517/705 283/515/701
f 477/620/845 363/621/846 351/618/843
f 1157/1311/1888 1350/1314/1891 1369/1279/1989
f 870/1178/1667 836/1175/1661 1214/1177/1664
f 1269/462/635 272/464/1990 261/459/632
f 1371/1122/1597 807/1119/1594 1107/1120/1595
f 1348/709/970 417/710/971 413/706/967
s 2
f 761/1061/1523 1272/1068/1533 1150/1062/1524
s 10
f 341/581/803 448/591/814 1359/582/804
f 354/604/828 607/606/830 345/602/826
f 984/1269/1798 1258/1270/1799 968/1266/1795
f 564/374/490 183/370/485 561/372/488
f 1189/1322/1904 1250/1323/1905 1199/1325/1907
f 776/1074/1549 1195/1075/1550 779/1076/1551
f 449/571/813 340/573/794 332/569/789
f 1356/703/961 408/700/958 782/701/959
f 1213/1056/1516 737/1052/1512 864/1054/1514
f 1353/770/1053 454/771/1058 444/768/1050
f 99/214/272 1083/222/283 1315/215/273
f 1215/1176/1663 835/1173/1662 1228/1174/1918
f 1363/106/135 447/107/136 42/103/132
f 356/624/851 368/625/852 362/627/862
f 1012/929/1832 576/925/1296 1137/927/1298
f 778/1077/1552 876/1071/1544 777/1070/1543
f 1357/1083/1558 781/1080/1555 1248/1082/1557
s 1
f 632/910/1382 568/909/1279 644/914/1281
s 10
f 352/598/822 370/600/824 343/596/819
s 1
f 643/986/1383 642/988/1385 633/985/1381
s 64
f 639/994/1399 649/995/1410 1038/997/1400
s 10
f 315/545/751 967/547/753 957/549/755
f 478/619/844 350/615/840 487/617/842
s 2
f 624/6/7 1/1/6 1054/4/1373
s 10
f 913/528/727 296/524/722 1029/526/725
s 64
f 705/1022/1481 1031/1024/1456 670/1020/1455
s 10
f 476/638/872 378/640/874 364/637/871
f 337/584/806 1246/586/808 881/588/810
f 271/465/1991 745/467/641 262/463/636
f 612/970/1357 838/972/1359 821/971/1629
f 281/500/698 406/491/700 276/490/1992
s 2
f 1283/983/1376 759/984/1377 622/982/1374
f 760/1065/1530 1282/1066/1531 1273/1067/1532
s 64
f 704/1030/1478 1041/1031/1480 1032/1032/1482
s 10
f 1124/1234/1758 1201/1235/1759 917/1233/1757
f 1301/1333/1923 1219/1331/1919 1342/1332/1920
f 769/196/1993 1148/197/253 86/195/252
f 1373/682/929 1100/683/931 389/680/927
f 1251/1306/1873 1193/1307/1874 1117/1305/1872
f 985/610/834 591/611/835 347/608/832
f 592/947/1324 988/948/1325 609/950/1327
f 749/1044/1504 733/1041/1501 739/1043/1503
f 582/595/818 353/597/838 342/592/815
f 427/503/992 284/502/704 1209/518/706
f 1203/745/1021 440/744/1020 772/765/1045
f 1295/1169/1760 922/1170/1653 829/1167/1652
f 349/613/837 588/614/839 488/616/841
f 264/469/643 751/471/645 1217/473/647
f 336/580/802 1358/583/805 1247/585/807
s 2
f 619/974/1361 1057/976/1364 615/973/1360
s 10
f 485/810/1115 1093/811/1116 483/809/1113
f 1231/328/419 1260/329/1926 154/326/417
f 511/824/1137 500/819/1136 898/822/1172
f 265/472/646 1216/474/648 1227/476/650
f 1139/1152/1627 1004/1143/1618 820/1142/1617
f 1294/1217/1731 906/1216/1730 923/1232/1751
f 1300/1047/1507 741/1046/1506 1220/1059/1519
f 1126/751/1876 434/747/1023 1122/749/1025
f 822/1153/1628 844/1154/1630 977/1156/1632
f 490/671/1125 390/670/930 1099/684/932
f 575/921/1292 1005/924/1295 1138/926/1297
f 742/52/90 29/54/68 22/49/67
f 30/69/89 747/70/91 1285/72/94
f 1025/579/1062 458/567/787 335/566/786
f 459/523/1061 1030/525/724 295/522/723
f 1167/837/1994 995/838/1154 505/835/1153
f 893/821/1721 506/820/1132 994/839/1155
f 1367/1263/1789 1003/1264/1790 955/1260/1786
s 64
f 679/866/1224 525/861/1190 539/864/1193
s 10
f 415/712/977 1326/715/1933 1261/716/978
f 1257/212/1800 91/209/265 969/211/268
f 491/816/1124 1098/817/1126 1162/818/1128
f 189/270/344 123/266/340 137/268/342
f 1274/1338/1942 1288/1339/1944 1267/1336/1939
f 148/317/406 850/319/408 926/320/410
f 1322/1329/1915 1265/1330/1917 1206/1328/1912
f 122/262/336 146/265/339 138/267/341
s 1
f 1329/365/477 188/366/479 180/364/475
s 10
f 195/1348/517 963/1372/778 326/1371/518
f 587/815/1123 1089/814/1321 489/813/1122
f 1296/1168/1656 828/1164/1644 833/1166/1646
f 1299/1048/1508 861/1050/1510 735/1045/1505
f 978/1188/1805 843/1185/1995 980/1187/1806
f 429/481/656 267/478/655 569/480/1996
f 814/1130/1605 914/1140/1615 1028/1131/1606
f 1133/1207/1716 883/1203/1712 1115/1205/1714
s 1
f 529/66/1997 34/65/104 534/81/107
s 10
f 950/1251/1777 1307/1252/1778 1160/1254/1780
f 731/420/554 209/417/549 1222/418/552
f 871/1195/1704 1205/1198/1707 879/1199/1708
f 1119/796/1091 469/792/1086 1019/794/1089
f 1178/1408/762 1340/1366/764 318/1365/760
f 1341/1321/1900 1177/1319/1898 1297/1320/1899
f 317/1364/757 1001/1409/759 1170/1386/761
f 421/725/991 1208/726/993 431/728/995
f 815/1141/1616 1009/1144/1619 916/1145/1620
f 1141/1308/1881 1271/1309/1945 1320/1310/1882
f 1202/746/1022 1123/748/1024 433/743/1019
f 1024/1286/1836 1134/1291/1841 1114/1287/1837
f 1129/1290/1840 1023/1288/1838 1135/1289/1839
f 80/187/235 1156/190/238 764/191/241
s 1
f 3/8/9 757/10/60 20/12/14
s 10
f 1252/255/743 118/251/323 308/253/325
f 1175/845/1162 507/840/1161 863/843/1696
f 804/1112/1587 938/1113/1588 800/1111/1586
f 1226/477/651 570/479/1998 266/475/649
f 474/777/1068 461/772/1063 1015/775/1066
f 1132/1208/1717 892/1209/1718 884/1206/1715
f 859/842/1690 513/841/1999 866/854/1691
s 64
f 709/999/1479 640/996/1398 1037/998/1401
f 698/1410/1459 1062/1384/1448 672/1411/1447
s 10
f 1233/908/2000 557/905/1265 1240/907/1267
f 1327/904/1264 1241/906/1266 556/903/1262
f 1236/232/1931 1331/234/1932 107/229/2001
f 972/1271/1801 1046/1272/1802 975/1273/1803
f 1321/1335/1946 1275/1337/1941 1266/1334/1940
f 215/412/550 204/408/2002 1223/411/551
f 584/942/1317 589/943/1318 1007/944/1319
f 1304/1340/1950 1349/708/969 414/707/968
s 1
f 15/37/46 770/40/49 85/42/51
s 10
f 117/247/319 930/250/322 302/252/324
f 455/129/162 58/128/161 294/141/177
f 52/127/160 460/130/163 301/131/164
f 1312/153/193 766/144/180 64/143/179
f 1336/1374/749 320/1412/748 328/1413/767
f 314/543/747 1338/544/750 961/546/752
f 774/724/990 1323/714/1548 420/713/988
f 1347/719/1911 1197/721/986 418/718/985
f 1190/1324/1906 1198/1326/1908 1346/1327/1909
f 1318/697/1914 1211/698/1913 400/694/2003
f 1339/1414/765 329/1368/766 319/1367/763
f 330/558/769 1343/564/784 1218/559/770
f 935/384/503 944/386/505 191/383/502
f 374/654/892 498/656/894 1278/658/1130
f 388/677/923 1183/679/926 1374/681/928
f 393/676/2004 1184/678/925 387/674/924
f 481/647/1111 1243/649/887 371/646/886
f 1279/686/1129 497/688/939 391/685/938
f 509/847/1168 522/849/2005 516/850/1169
f 514/828/1142 521/830/1144 502/826/1139
f 1174/846/1163 523/848/1188 508/844/1160
f 579/934/1307 1095/936/1309 1091/938/1851
f 810/1115/1590 1187/1128/1603 1112/1116/1591
f 1109/1300/1867 1365/1302/1869 1311/1303/1870
f 1370/1123/1598 1182/1125/1600 808/1121/1596
f 1344/784/1951 1303/786/1078 464/781/1077
f 1306/1315/1894 1351/1313/1890 1161/1312/1889
s 1
f 1/1/1 2/5/10 3/8/9 4/11/13 5/14/16 6/2/2
s 6
f 7/19/2006 8/21/2007 9/24/2008 10/27/38 11/30/37 12/33/2009 13/16/2010 14/15/2011
s 1
f 15/37/2012 16/41/54 17/44/53 18/20/24 19/13/23 20/12/2013 21/38/2014
s 10
f 22/49/62 23/53/2015 24/56/74 25/59/73 26/50/63
s 1
f 27/64/2016 28/55/2017 29/54/2018 30/69/2019 31/71/2020 32/74/2021 33/77/105 34/65/104
s 10
f 35/82/2022 36/86/2023 37/89/121 38/92/120 39/95/124 40/98/127 41/83/109
f 42/103/132 43/100/129 44/99/128 45/108/137 46/110/139 47/104/133
s off
f 48/115/2024 49/119/2025 50/122/2026 51/116/2027
s 10
f 52/127/160 53/121/151 54/120/150 55/132/2028 56/134/173 57/137/172 58/128/161
f 59/142/183 60/146/182 61/136/2029 62/135/189 63/150/188 64/143/2030
f 65/154/194 66/151/190 67/133/168 68/118/147 69/117/146 70/155/195
s 1
f 71/160/203 72/164/2031 73/167/2032 74/170/2033 75/173/224 76/176/223 77/179/227 78/182/230 79/161/204
s off
f 80/187/2034 81/181/2035 82/180/2036 83/192/2037 84/43/2038 85/42/2039 86/195/2040 87/188/2041
s 10
f 88/199/255 89/203/259 90/206/262 91/209/269 92/200/256
f 93/157/197 94/156/196 95/205/2042 96/204/277 97/216/276 98/218/279 99/214/272
f 100/223/284 101/208/264 102/207/263 103/159/2043 104/126/159 105/125/158 106/224/285
s 1
f 107/229/296 108/233/295 109/236/299 110/239/302 111/230/2044
s 6
f 112/241/2045 113/240/312 114/244/311 115/166/210 116/165/209
s 10
f 117/247/319 118/251/323 119/254/326 120/257/333 121/248/320
s 13
f 122/262/2046 123/266/2047 124/269/2048 125/1344/2049 126/273/2050 127/276/357 128/278/356 129/281/360 130/284/363 131/287/366 132/290/2051 133/259/2052 134/258/2053 135/263/2054
s 10
f 136/295/377 137/268/381 138/267/385 139/300/384 140/302/388 141/296/378
f 142/264/394 143/307/393 144/309/397 145/301/387 146/265/386
f 147/313/2055 148/317/2056 149/261/335 150/260/334 151/293/374 152/321/411 153/323/414 154/326/417 155/314/420
s 51
f 156/331/2057 157/335/431 158/1345/430 159/339/2058 160/342/442 161/345/441 162/332/2059
s 52
f 163/350/448 164/344/440 165/343/439 166/355/454 167/175/2060 168/174/459 169/351/449
s 51
f 170/347/444 171/346/443 172/354/466 173/359/465
s 6
f 174/349/469 175/348/2061 176/360/2062 177/245/314 178/238/313 179/237/2063 180/364/2064 181/362/470
s off
f 182/368/2065 183/370/2066 184/373/2067 185/376/2068 186/379/2069 187/367/2070 188/366/2071
s 10
f 189/270/383 190/299/382 191/383/502 192/385/504 193/271/507
f 194/389/514 195/1348/513 196/1405/2072 197/272/509 198/388/508
f 199/393/519 200/397/528 201/400/527 202/403/531 203/394/520
f 204/408/2073 205/405/533 206/404/532 207/413/544 208/409/546
f 209/417/549 210/419/553 211/61/76 212/60/75 213/407/2074 214/406/543 215/412/542
s 1
f 216/423/2075 217/427/567 218/430/566 219/35/44 220/34/43 221/434/571 222/424/574
s 51
f 223/1352/2076 224/1402/433 225/338/432 226/1355/587 227/1356/586 228/1396/2077
s 67
f 229/25/2078 230/442/2079 231/441/597 232/26/596
s 41
f 233/439/601 234/443/600 235/29/603 236/28/2080 237/440/2081
s 1
f 238/445/606 239/381/498 240/380/497 241/450/614 242/446/607
s 6
f 243/333/472 244/363/471 245/382/2082 246/449/618 247/334/617
f 248/435/2083 249/32/40 250/31/39 251/444/624 252/454/623
f 253/1404/626 254/1363/625 255/1359/2084 256/337/2085 257/336/620 258/448/619 259/447/2086 260/456/2087
s 10
f 261/459/637 262/463/636 263/466/640 264/469/643 265/472/646 266/475/649 267/478/652 268/460/2088
f 269/483/658 270/485/666 271/465/665 272/464/659
f 273/489/674 274/493/673 275/496/677 276/490/2089
f 277/501/684 278/505/2090 279/508/2091 280/511/2092 281/500/683 282/499/682 283/515/2093 284/502/685
f 285/139/175 286/138/174 287/149/187 288/91/119 289/90/118
s 19
f 290/140/2094 291/88/115 292/87/114 293/519/715 294/141/714
s 10
f 295/522/723 296/524/722 297/527/730 298/228/729 299/124/2095 300/123/2096 301/131/2097
f 302/252/324 303/531/733 304/533/735 305/536/738 306/311/400 307/310/399 308/253/325
f 309/312/401 310/539/741 311/540/744 312/304/390 313/303/389
f 314/543/747 315/545/751 316/548/754 317/1364/757 318/1365/760 319/1367/763 320/1412/748
s off
f 321/416/2098 322/415/2099 323/560/2100 324/275/2101 325/274/2102 326/392/2103 327/562/2104 328/557/2105 329/556/2106 330/558/2107
s 10
f 331/565/790 332/569/789 333/572/793 334/575/796 335/566/799
f 336/580/802 337/584/806 338/587/809 339/574/795 340/573/794 341/581/803
f 342/592/820 343/596/819 344/599/823 345/602/826 346/605/829 347/608/832 348/593/2108
f 349/613/837 350/615/840 351/618/843 352/598/822 353/597/821
f 354/604/847 355/603/2109 356/624/854 357/626/853 358/622/848
f 359/631/865 360/633/864 361/628/856 362/627/855
f 363/621/846 364/637/871 365/639/873 366/642/876 367/632/863 368/625/852 369/601/825 370/600/824
f 371/646/2110 372/648/2111 373/651/889 374/654/892 375/657/895 376/660/2112 377/641/2113 378/640/2114
f 379/634/866 380/645/904 381/664/903 382/666/2115 383/635/867
f 384/662/913 385/661/2116 386/672/920 387/674/919 388/677/2117 389/680/2118 390/670/914
s 100
f 391/685/2119 392/687/942 393/676/941 394/675/2120
s 10
f 395/495/676 396/494/675 397/112/141 398/111/140 399/691/945
f 400/694/949 401/516/2121 402/498/679 403/497/678 404/692/946 405/695/950
s 76
f 406/491/671 407/514/2122 408/700/2123 409/702/964 410/114/963 411/113/2124 412/492/672
s 10
f 415/712/973 416/711/2125 417/710/2126 418/718/2127 419/720/2128 420/713/974
f 421/725/2129 422/727/2130 423/730/1001 424/733/1000 425/736/2131 426/504/687 427/503/686
f 428/482/657 429/481/1013 430/729/1012 431/728/1016 432/740/1010
f 433/743/2132 434/747/1027 435/750/1026 436/753/2133 437/756/1034 438/759/1037 439/761/1040 440/744/2134
s 76
f 443/766/1046 444/768/2135 445/102/2136 446/101/2137 447/107/1047
s 10
f 448/591/2138 449/571/792 450/570/791 451/520/2139 452/85/2140 453/84/1057 454/771/1056
s 19
f 455/129/717 456/521/716 457/568/2141 458/567/2142 459/523/721 460/130/720
s 10
f 461/772/1063 462/776/1067 463/773/1064
s 92
f 464/781/1072 465/785/2143 466/780/2144 467/779/1083 468/790/1082 469/792/2145 470/795/2146 471/782/1073
f 472/791/1085 473/778/1084 474/777/1100 475/800/1099
f 476/638/883 477/620/2147 478/619/1104 479/803/1103 480/805/2148 481/647/884
s 10
f 482/806/1109 483/809/1113 484/807/1110
s 92
f 485/810/1118 486/804/1106 487/617/1105 488/616/2149 489/813/1119
s 10
f 490/671/915 491/816/2150 492/665/906 493/644/905 494/643/877 495/663/902
f 496/689/940 497/688/939 498/656/894 499/655/893
f 500/819/1131 501/823/2151 502/826/2152 503/829/2153 504/832/2154 505/835/1153 506/820/1132
f 507/840/2155 508/844/1165 509/847/1164 510/825/2156 511/824/2157 512/851/1175 513/841/1174
f 514/828/1142 515/827/1141 516/850/1178
s off
f 517/855/2158 518/834/2159 519/833/2160
s 10
f 520/831/2161 521/830/2162 522/849/1167 523/848/1166 524/859/2163
s 131
f 525/861/1195 526/865/1194 527/868/1203 528/862/1202
f 529/66/2164 530/872/1205 531/871/1204 532/67/2165
s 1
f 533/863/1209 534/81/1208 535/80/2166 536/873/1216 537/875/1215 538/878/2167 539/864/2168
s 64
f 540/882/1230 541/886/1229 542/289/2169 543/288/1237 544/883/1236
f 545/890/1239 546/286/1238 547/285/1244 548/893/1243 549/891/2170
s 1
f 550/292/2171 551/291/2172 552/889/2173 553/897/1255 554/899/1254 555/322/2174
s 10
f 556/903/1262 557/905/1265 558/325/1268 559/324/1261 560/902/1260 561/372/488 562/371/487
s 1
f 563/375/1271 564/374/2175 565/901/1257 566/900/1256 567/911/2176 568/909/1272
s 10
f 569/480/1014 570/479/1283 571/915/1282 572/917/2177 573/732/2178 574/731/1015
s 92
f 575/921/2179 576/925/1300 577/928/1299 578/931/2180 579/934/1311 580/937/1310 581/922/2181
s 10
f 582/595/818 583/594/817 584/942/1317 585/941/1316 586/940/1315 587/815/1123 588/614/839
f 589/943/1318 590/612/2182 591/611/2183 592/947/2184 593/949/2185 594/952/2186 595/945/1322
f 596/920/1335 597/957/1334 598/735/1003 599/734/1002
f 602/623/849 603/961/1342 604/963/1345 605/966/1348 606/607/2187 607/606/850
f 608/951/1353 609/950/1327 610/968/1350 611/967/1349 612/970/1354
s 2
f 613/79/103 614/78/102 615/973/1360 616/975/1367 617/978/1366 618/874/2188
f 619/974/1361 620/76/99 621/75/98 622/982/1374 623/7/8 624/6/7
s 13
f 625/395/2189 626/58/2190 627/57/88 628/68/87 629/870/1201 630/869/1200 631/396/1379
s 1
f 632/910/1273 633/985/1381 634/987/1384 635/990/2191 636/451/2192 637/378/2193 638/377/1274
s 152
f 639/994/1394 640/996/2194 641/989/2195 642/988/1395
f 643/986/1396 644/914/2196 645/913/1407 646/885/1406 647/884/2197 648/892/2198 649/995/1397
s 1
f 650/1000/1411 651/877/1218 652/876/1217 653/981/2199 654/1001/1412
s 13
f 655/277/1421 656/1370/2200 657/1375/2201 658/1377/1428 659/1391/1422
s 64
f 660/1009/1436 661/1008/1435 662/1007/2202 663/1013/1443 664/1010/1442
s 1
f 665/1407/576 666/1361/575 667/455/622 668/457/629 669/1018/1449 670/1020/1451 671/1023/2203 672/1411/2204
s off
f 673/1006/2205 674/561/2206 675/414/2207 676/402/2208 677/401/2209 678/1014/2210
f 679/866/2211 680/881/2212 681/1027/2213 682/1016/2214 683/1015/2215 684/399/2216 685/398/2217 686/867/2218
s 1
f 687/36/45 688/433/570 689/1005/1420 690/980/2219 691/979/2220 692/18/20 693/17/19
f 694/1003/1414 695/1002/1413 696/432/569 697/431/568
s 64
f 698/1410/2221 699/1026/1476 700/280/1475 701/279/2222 702/1380/1438 703/1382/1437
s 1
f 704/1030/2223 705/1022/1453 706/1021/1452 707/992/2224 708/991/1405 709/999/1404
f 710/453/630 711/452/2225 712/993/1484 713/1019/1450 714/458/631
f 715/178/226 716/177/225 717/357/458 718/1033/1485 719/193/1488
f 720/45/55 721/194/1490 722/1035/1489 723/1036/2226 724/46/56
s 41
f 725/352/2227 726/169/2228 727/168/318 728/246/317 729/361/2229 730/353/2230
s 10
f 731/420/554 732/1039/1499 733/1041/1501 734/421/555
f 735/1045/1505 736/1049/1509 737/1052/1512 738/1055/1515 739/1043/1503 740/1042/1502 741/1046/1506
f 742/52/90 743/51/2231 744/468/2232 745/467/2233 746/488/1521 747/70/91
f 748/422/557 749/1044/1504 750/1058/1518 751/471/645 752/470/644 753/63/80 754/62/79
s 2
f 755/1060/1522 756/48/2234 757/10/2235 758/9/1378 759/984/1377 760/1065/1530 761/1061/1523
s 10
f 762/184/1534 763/183/242 764/191/241 765/145/181 766/144/180
s 161
f 767/39/1529 768/1064/1528 769/196/2236 770/40/2237
s 10
f 771/1069/1542 772/765/1045 773/764/1044 774/724/990 775/723/989 776/1074/1549 777/1070/1543
f 778/1077/1552 779/1076/1551 780/1078/1553 781/1080/1555 782/701/959 783/513/697 784/512/696
f 785/1084/1559 786/1088/1563 787/535/737 788/534/736 789/1092/1567 790/1085/1560
f 791/1096/1571 792/1095/1570 793/1094/1569 794/1101/1576 795/1103/1578 796/1106/1581 797/1097/1572
f 798/537/739 799/1091/1566 800/1111/1586 801/541/745 802/538/740
f 803/1114/1589 804/1112/1587 805/1090/1565 806/1089/1564 807/1119/1594 808/1121/1596 809/1124/1599 810/1115/1590
f 811/1129/1604 812/1133/1608 813/1136/1611 814/1130/1605
f 815/1141/1616 816/1138/1613 817/1137/1612 818/1146/1621 819/1148/1623 820/1142/1617
f 821/971/1355 822/1153/1628 823/1155/1631 824/1158/1638 825/954/1637 826/953/1356
f 827/1162/2238 828/1164/1648 829/1167/1647 830/958/1336 831/919/1289 832/918/1288
f 833/1166/2239 834/1165/1658 835/1173/1657 836/1175/1666 837/1171/1665
f 838/972/1359 839/965/2240 840/964/1670 841/1180/1669 842/1182/2241 843/1185/2242 844/1154/1630
f 845/318/407 846/1184/1676 847/1183/1675 848/1105/1580 849/1104/1579 850/319/408
f 851/630/2243 852/629/2244 853/636/2245 854/669/1687 855/1108/1686 856/1107/1582 857/1181/1672 858/962/1671
f 859/842/1158 860/1051/2246 861/1050/1693 862/1189/1692 863/843/1159
f 864/1054/1514 865/1053/1513 866/854/1177 867/853/1176 868/1192/2247 869/1179/1668 870/1178/1667
f 871/1195/1704 872/507/691 873/506/690 874/739/1009 875/1196/1705
f 876/1071/1544 877/510/694 878/509/693 879/1199/1708 880/1072/1545
f 881/588/810 882/1201/1710 883/1203/1712 884/1206/1715 885/589/811
f 886/1147/1622 887/1135/1610 888/1134/1609 889/577/798 890/576/797 891/590/812 892/1209/1718
f 893/821/1133 894/1210/2248 895/1212/1727 896/1193/1726 897/852/2249 898/822/1134
f 899/1214/2250 900/1213/1734 901/1218/1733 902/1220/2251 903/1223/1743 904/1225/1742 905/1228/2252 906/1216/2253
f 909/956/1333 910/955/1332 911/1161/2254 912/529/2255 913/528/1754 914/1140/1615 915/1139/1614 916/1145/1620
f 917/1233/1757 918/1200/1709 919/738/1007 920/737/1006 921/959/1339 922/1170/2256 923/1232/1751 924/1231/1750
f 925/249/321 926/320/410 927/1102/1577 928/1093/1568 929/532/734 930/250/322
f 931/297/379 932/1236/1761 933/1238/1763 934/1241/1766 935/384/503 936/298/380
f 937/542/746 938/1113/1588 939/1118/1593 940/1245/1770 941/1237/1762 942/306/392 943/305/391
f 944/386/505 945/1244/1769 946/1248/1773 947/390/512 948/387/506
f 949/1242/1767 950/1251/1777 951/1253/1779 952/1256/1782 953/1249/1774 954/1243/1768
f 955/1260/1786 956/550/756 957/549/755 958/1258/1784 959/1257/1783 960/1261/1787
s off
f 961/546/2257 962/1399/2258 963/1372/2259 964/391/2260 965/1250/2261 966/1259/2262 967/547/2263
s 10
f 968/1266/1795 969/211/268 970/210/267 971/227/288 972/1271/1801 973/1267/1796
f 974/1274/2264 975/1273/1808 976/1157/1807 977/1156/1684 978/1188/1683
s 169
f 979/1268/2265 980/1187/1680 981/1186/1679 982/316/2266 983/315/1812 984/1269/1811
s 10
f 985/610/834 986/609/833 987/969/1352 988/948/1325
f 989/857/1815 990/856/2267 991/1275/2268 992/1219/1735 993/1211/1722 994/839/1155 995/838/1154
f 996/754/1032 997/1224/1741 998/755/1033
f 999/1278/1823 1000/1385/1825 1001/1409/759 1002/551/758 1003/1264/1790
f 1004/1143/1618 1005/924/1295 1006/923/1294 1007/944/1319 1008/946/1323 1009/1144/1619
s 92
f 1012/929/1301 1013/1283/2269 1014/802/1102 1015/775/1101 1016/774/2270 1017/960/2271 1018/930/1302
s 10
f 1019/794/1089 1020/793/1088 1021/801/1098 1022/1285/1835 1023/1288/1838 1024/1286/1836
f 1025/579/801 1026/578/800 1027/1132/2272 1028/1131/2273 1029/526/2274 1030/525/2275
s 64
f 1031/1024/1456 1032/1032/1482 1033/894/1246 1034/283/1245 1035/282/1477 1036/1025/1457
f 1037/998/1401 1038/997/1400 1039/896/1249 1040/895/1248 1041/1031/1480
s 10
f 1042/225/732 1043/530/731 1044/1160/2276 1045/1159/1810 1046/1272/1809 1047/226/2277
s 64
f 1048/1028/1463 1049/880/1222 1050/879/1221 1051/1004/1417 1052/429/565 1053/428/564
s 2
f 1054/4/1373 1055/3/2278 1056/977/1365 1057/976/1364
s 64
f 1058/1011/1433 1059/1029/1465 1060/426/562 1061/425/561 1062/1017/1448 1063/1012/1434
s 152
f 1064/898/2279 1065/888/2280 1066/887/1409 1067/912/1408
s 1
f 1068/436/595 1069/23/28 1070/22/27 1071/47/59 1072/1038/1495 1073/437/1842
s 52
f 1074/172/460 1075/171/1498 1076/358/461
f 1077/356/456 1078/341/455 1079/340/2281 1080/438/2282 1081/1037/2283 1082/1034/2284
s 40
f 1083/222/1845 1084/221/2285 1085/243/308 1086/242/307 1087/163/2286 1088/162/1846
s 92
f 1089/814/1120 1090/939/1313 1091/938/1312 1092/812/2287 1093/811/1121
s 10
f 1094/1292/1852 1095/936/1309 1096/935/1308
f 1097/1098/1854 1098/817/1853 1099/684/2288 1100/683/1858 1101/1293/1857 1102/1099/2289
f 1103/1087/1562 1104/1086/1561 1105/1100/1575 1106/1295/1862 1107/1120/1595
f 1108/1296/1863 1109/1300/1867 1110/1246/1771 1111/1117/1592 1112/1116/1591 1113/1297/1864
f 1114/1287/1837 1115/1205/1714 1116/1204/1713 1117/1305/1872 1118/797/1092 1119/796/1091
f 1120/1230/1749 1121/1229/1748 1122/749/1025 1123/748/1024 1124/1234/1758
f 1125/752/1029 1126/751/1028 1127/1227/1745 1128/1226/1744
f 1129/1290/1840 1130/1150/1625 1131/1149/1624 1132/1208/1717 1133/1207/1716 1134/1291/1841
f 1135/1289/1839 1136/1284/1833 1137/927/1298 1138/926/1297 1139/1152/1627 1140/1151/1626
s off
f 1141/1308/2290 1142/699/2291 1143/693/2292 1144/109/2293 1145/97/2294 1146/96/2295 1147/198/2296 1148/197/2297 1149/1063/2298 1150/1062/2299
s 10
f 1151/189/1887 1152/94/1886 1153/93/2300 1154/148/185 1155/147/184 1156/190/2301
f 1157/1311/1888 1158/1265/1791 1159/1255/1781 1160/1254/1780 1161/1312/1889
f 1162/818/1856 1163/1110/1855 1164/1109/1689 1165/668/1688 1166/667/2302
f 1167/837/1152 1168/836/1151 1169/858/1816
f 1170/552/761 1171/1280/1828 1172/1316/1895 1173/860/1189 1174/846/2303 1175/845/2304 1176/1191/2305 1177/1319/1898 1178/553/762
s off
f 1181/1126/2306 1182/1125/2307 1183/679/2308 1184/678/2309 1185/690/2310
s 10
f 1186/1304/1871 1187/1128/1603 1188/1127/1602
f 1189/1322/1904 1190/1324/1906 1191/799/1095 1192/798/1094 1193/1307/1874
f 1194/1079/1554 1195/1075/1550 1196/722/987 1197/721/986 1198/1326/1908 1199/1325/1907
f 1200/1197/1706 1201/1235/1759 1202/746/1022 1203/745/1021 1204/1073/1546 1205/1198/1707
f 1206/1328/2311 1207/742/1018 1208/726/1017 1209/518/2312 1210/517/956 1211/698/955
f 1212/1057/1517 1213/1056/1516 1214/1177/1664 1215/1176/1663 1216/474/648 1217/473/647
f 1218/559/2313 1219/1331/1922 1220/1059/1921 1221/1040/2314 1222/418/2315 1223/411/539 1224/410/538
f 1225/916/1285 1226/477/1284 1227/476/2316 1228/1174/1660 1229/1163/1659
f 1230/201/257 1231/328/419 1232/327/418 1233/908/1269 1234/217/278 1235/202/258
s 38
f 1236/232/294 1237/231/293 1238/220/2317 1239/219/1930 1240/907/1929 1241/906/2318
s 10
f 1242/650/888 1243/649/887 1244/808/1112
f 1245/1202/1711 1246/586/808 1247/585/807 1248/1082/2319 1249/1081/2320 1250/1323/1905 1251/1306/1873
f 1252/255/327 1253/308/396 1254/294/395 1255/256/328
f 1256/213/271 1257/212/270 1258/1270/2321 1259/330/2322 1260/329/2323
s off
f 1261/716/2324 1262/760/2325 1263/717/2326
s 10
f 1264/741/1011 1265/1330/1936 1266/1334/1935 1267/1336/2327 1268/484/660 1269/462/635 1270/461/634
f 1271/1309/1880 1272/1068/1879 1273/1067/1948 1274/1338/1947 1275/1337/2328
f 1276/673/935 1277/659/897 1278/658/896 1279/686/936
f 1282/1066/1949 1283/983/2329 1284/73/95 1285/72/94 1286/487/664 1287/486/663 1288/1339/1944
f 1291/1172/2330 1292/1194/1729 1293/1215/1728 1294/1217/2331 1295/1169/1650 1296/1168/1649
f 1297/1320/1899 1298/1190/1695 1299/1048/1694 1300/1047/1924 1301/1333/1923
f 1302/787/1079 1303/786/1078 1304/1340/1950
f 1305/1341/1952 1306/1315/1894 1307/1252/1778 1308/1240/1765 1309/1239/1764 1310/1247/1772 1311/1303/1870
f 1312/153/193 1313/152/192 1314/158/200 1315/215/273 1316/186/2332 1317/185/2333
f 1318/697/952 1319/696/951 1320/1310/2334 1321/1335/1938 1322/1329/1937
f 1323/714/975 1324/763/1042 1325/762/1041 1326/715/976
s 1
f 1327/904/2335 1328/369/484 1329/365/483 1330/235/298 1331/234/297
s 84
f 1336/1374/783 1337/563/782 1338/544/1794
s 10
f 1339/555/765 1340/554/764 1341/1321/1900 1342/1332/1920 1343/564/784
s 92
f 1344/784/1075 1345/783/1074 1346/1327/2336 1347/719/983 1348/709/982 1349/708/2337
s 10
f 1350/1314/1891 1351/1313/1890 1352/1343/1954
f 1353/770/1053 1354/769/1052 1355/704/962 1356/703/2338 1357/1083/1558 1358/583/805 1359/582/804
s 76
f 1360/105/966 1361/705/965 1362/767/1049 1363/106/1048
s 10
f 1364/1342/1953 1365/1302/1869 1366/1301/1868
s off
f 1367/1263/2339 1368/1262/2340 1369/1279/2341
s 10
f 1370/1123/1598 1371/1122/1597 1372/1294/1860 1373/682/1859 1374/681/1903
