# This file uses centimeters as units for non-parametric coordinates.

mtllib JasperSword.mtl
g default
v -12.122350 0.193393 -12.728166
v -10.774448 0.193393 -12.728166
v -12.122350 -0.193393 -12.728166
v -10.774448 -0.193393 -12.728166
v -11.779847 -0.097007 22.888416
v -11.116952 0.097007 22.888416
v -11.448400 0.094462 23.460247
v -11.448400 0.193393 -12.728166
v -11.448400 -0.193393 -12.728166
v -11.448400 -0.103822 -12.728166
v -11.549858 -0.073413 -12.728166
v -11.549858 0.073413 -12.728166
v -11.448400 0.103822 -12.728166
v -11.346940 0.073413 -12.728166
v -11.346940 -0.073413 -12.728166
v -11.448400 -0.103822 -20.312328
v -11.549858 -0.073413 -20.312328
v -11.549858 0.073413 -20.312328
v -11.448400 0.103822 -20.312328
v -11.346940 0.073413 -20.312328
v -11.346940 -0.073413 -20.312328
v -11.989309 0.101782 19.761459
v -11.448400 0.141085 -10.230428
v -11.989309 0.141085 -10.230428
v -11.448400 0.057974 23.363201
v -10.907490 0.141085 -10.230428
v -11.989309 -0.141085 -10.230434
v -11.448400 -0.141085 -10.230434
v -11.448400 -0.101594 19.761459
v -11.448400 -0.057974 23.363201
v -10.907490 -0.101782 19.761459
v -10.907490 -0.141085 -10.230434
v -12.331853 0.000000 -12.728166
v -10.564945 0.000000 -12.728166
v -10.567940 0.000000 20.033340
v -11.327555 0.000000 24.808411
v -11.448400 0.000000 24.994320
v -11.569244 0.000000 24.808411
v -11.580963 0.000000 -12.728166
v -11.315835 -0.000000 -12.728166
v -11.580963 0.000000 -20.312328
v -11.448400 0.000000 -20.312328
v -11.315835 -0.000000 -20.312328
v -10.880136 0.000000 22.793083
v -10.950823 0.000000 23.142052
v -11.749150 0.059668 22.799633
v -11.795277 0.061626 22.478352
v -11.147649 0.059668 22.799633
v -11.101521 0.061626 22.478352
v -11.173603 0.059437 22.860043
v -11.749150 -0.059668 22.799633
v -11.795277 -0.061626 22.478352
v -11.147649 -0.059668 22.799633
v -11.173603 -0.059437 22.860043
v -11.101521 -0.061626 22.478352
v -11.448400 0.101594 19.761459
v -10.907490 0.101782 19.761459
v -11.989309 -0.101782 19.761459
v -12.328858 0.000000 20.033340
v -11.448400 0.066342 21.735664
v -11.448400 0.068808 21.395416
v -11.887619 0.066270 21.734856
v -11.922423 0.068929 21.395470
v -11.009180 0.066270 21.734856
v -10.974375 0.068929 21.395470
v -11.887619 -0.066270 21.734856
v -11.922423 -0.068929 21.395470
v -11.448400 -0.066342 21.735664
v -11.448400 -0.068808 21.395416
v -11.009180 -0.066270 21.734856
v -10.974375 -0.068929 21.395470
v -10.671050 0.000000 21.657703
v -10.741274 0.000000 22.090076
v -12.155524 0.000000 22.090076
v -11.448400 0.062532 22.476707
v -11.448400 -0.062528 22.477436
v -12.121853 0.139352 19.762321
v -12.118650 0.193393 -10.230428
v -12.117126 0.193393 -10.230428
v -12.122350 0.193393 -10.235654
v -12.122133 0.192787 -10.230354
v -10.774946 0.139352 19.762321
v -10.778797 0.139739 19.761459
v -10.778149 0.193393 -10.230428
v -10.774666 0.192787 -10.230354
v -10.771591 0.191041 -10.230139
v -10.774448 0.193393 -10.235654
v -10.779674 0.193393 -10.230428
v -12.121853 -0.139352 19.762321
v -12.118002 -0.139739 19.761459
v -12.118650 -0.193393 -10.230434
v -12.122133 -0.192787 -10.230361
v -12.125208 -0.191041 -10.230145
v -12.122350 -0.193393 -10.235659
v -12.117126 -0.193393 -10.230434
v -10.774946 -0.139352 19.762321
v -10.771976 -0.138266 19.764713
v -10.778149 -0.193393 -10.230434
v -10.779674 -0.193393 -10.230434
v -10.774448 -0.193393 -10.235659
v -10.771591 -0.191041 -10.230145
v -10.774666 -0.192787 -10.230361
v -11.011558 -0.099377 22.469532
v -11.014838 -0.100481 22.468990
v -11.018273 -0.100857 22.468410
v -11.074541 -0.096327 22.809330
v -11.076852 -0.097198 22.805557
v -11.080215 -0.097515 22.803356
v -11.116955 -0.097007 22.888409
v -11.119019 -0.097017 22.885353
v -11.120421 -0.097031 22.881943
v -11.116729 -0.096576 22.884846
v -11.114705 -0.096075 22.887520
v -11.115822 -0.096544 22.887981
v -11.119017 0.097017 22.885361
v -11.114702 0.096075 22.887524
v -11.116725 0.096576 22.884853
v -11.120418 0.097031 22.881947
v -11.115818 0.096544 22.887989
v -11.074797 0.096502 22.808643
v -11.076890 0.097244 22.805386
v -11.080104 0.097515 22.803391
v -11.018272 0.100857 22.468410
v -11.014837 0.100481 22.468990
v -11.011558 0.099377 22.469532
v -11.777782 -0.097017 22.885361
v -11.822002 -0.096502 22.808643
v -11.819909 -0.097244 22.805386
v -11.780981 -0.096544 22.887989
v -11.816695 -0.097515 22.803391
v -11.878526 -0.100857 22.468410
v -11.881962 -0.100481 22.468990
v -11.885242 -0.099377 22.469532
v -12.016664 0.000000 22.793083
v -11.881961 0.100481 22.468990
v -11.878526 0.100857 22.468410
v -11.819946 0.097198 22.805557
v -11.779844 0.097007 22.888409
v -11.777781 0.097017 22.885353
v -11.816584 0.097515 22.803356
v -11.780976 0.096544 22.887981
v -11.448400 -0.094458 23.460388
v -11.448400 -0.094465 23.453468
v -11.448400 -0.094471 23.446548
v -11.448400 0.094475 23.446411
v -11.448400 0.094469 23.453323
v -10.778797 -0.139739 19.761459
v -10.771976 0.138266 19.764713
v -12.124824 -0.138266 19.764713
v -12.118002 0.139739 19.761459
v -10.912509 -0.107906 21.784969
v -10.909060 -0.107541 21.785454
v -10.905758 -0.106460 21.785908
v -10.849550 -0.112096 21.346199
v -10.852857 -0.113196 21.345837
v -10.856318 -0.113568 21.345444
v -10.905758 0.106460 21.785908
v -10.909060 0.107541 21.785454
v -10.912509 0.107906 21.784969
v -10.856318 0.113568 21.345444
v -10.852857 0.113196 21.345837
v -10.849550 0.112096 21.346199
v -11.991040 -0.106460 21.785908
v -11.987740 -0.107541 21.785454
v -11.984290 -0.107906 21.784969
v -12.040481 -0.113568 21.345444
v -12.043942 -0.113196 21.345837
v -12.047249 -0.112096 21.346199
v -11.984289 0.107906 21.784969
v -11.987740 0.107541 21.785454
v -12.225748 0.000000 21.657703
v -12.043942 0.113196 21.345837
v -12.040481 0.113568 21.345444
v -12.122350 0.193393 -10.230428
v -10.774448 0.193393 -10.230428
v -12.122350 -0.193393 -10.230434
v -10.774448 -0.193393 -10.230434
v -11.117056 -0.096694 22.885902
v -11.117053 0.096694 22.885910
v -11.779746 -0.096694 22.885910
v -11.779742 0.096694 22.885902
v -11.448400 0.186912 -10.230428
v -11.448349 0.193393 -10.236909
v -10.891697 0.187056 -10.230428
v -10.876399 0.193393 -10.230428
v -12.002777 0.186313 -10.230428
v -12.018370 0.193393 -10.230428
v -12.012585 0.139547 19.761459
v -10.892675 0.136028 19.761459
v -12.005102 -0.187056 -10.230434
v -12.020400 -0.193393 -10.230434
v -11.448400 -0.186912 -10.230434
v -11.448450 -0.193393 -10.236916
v -10.894021 -0.186313 -10.230434
v -10.878428 -0.193393 -10.230434
v -10.884214 -0.139547 19.761459
v -11.771441 0.097447 22.806648
v -11.809948 0.097160 22.480423
v -11.818336 0.100669 22.481586
v -11.763268 0.093930 22.804207
v -11.133510 0.093933 22.804207
v -11.125322 0.097447 22.806656
v -11.152835 0.097048 22.870636
v -11.160420 0.093548 22.866852
v -11.086834 0.097162 22.480427
v -11.078445 0.100669 22.481590
v -11.763288 -0.093933 22.804207
v -11.771476 -0.097447 22.806656
v -11.809965 -0.097162 22.480427
v -11.818354 -0.100669 22.481590
v -11.133531 -0.093930 22.804207
v -11.125359 -0.097447 22.806648
v -11.078463 -0.100669 22.481586
v -11.160439 -0.093546 22.866844
v -11.152854 -0.097048 22.870628
v -11.448400 0.091032 23.394180
v -11.448400 0.094497 23.411827
v -11.448400 -0.091032 23.394180
v -11.448400 -0.094496 23.411827
v -12.004123 -0.136028 19.761459
v -12.012586 -0.139547 19.761459
v -10.892677 -0.136028 19.761459
v -10.884212 0.139547 19.761459
v -12.004121 0.136028 19.761459
v -11.910758 -0.108261 21.737473
v -11.937182 -0.109088 21.396820
v -11.945606 -0.112606 21.397644
v -10.994451 -0.104745 21.736473
v -10.986044 -0.108261 21.737473
v -10.951195 -0.112606 21.397644
v -10.994447 0.104745 21.736473
v -10.986041 0.108261 21.737473
v -10.959617 0.109088 21.396820
v -10.951193 0.112606 21.397644
v -11.902349 0.104745 21.736473
v -11.910754 0.108261 21.737473
v -11.937180 0.109088 21.396820
v -11.945603 0.112606 21.397644
v -11.448400 0.164225 -10.230428
v -11.448400 0.170706 -10.230428
v -10.907490 0.167605 -10.230428
v -10.904903 0.173849 -10.230428
v -11.989309 0.168579 -10.230428
v -11.991818 0.174839 -10.230428
v -11.991787 0.123670 19.761459
v -10.907490 0.117680 19.761459
v -11.989309 -0.167624 -10.230434
v -11.989309 -0.117680 19.761459
v -11.448397 -0.177188 -10.230434
v -10.907490 -0.168597 -10.230434
v -11.795285 0.078815 22.478264
v -11.797733 0.084803 22.478653
v -11.751517 0.081604 22.800400
v -11.749150 0.075614 22.799633
v -11.173603 0.075232 22.860043
v -11.171396 0.081220 22.861183
v -11.147649 0.075611 22.799633
v -11.145278 0.081604 22.800400
v -11.101513 0.078814 22.478264
v -11.099064 0.084802 22.478653
v -11.749150 -0.075611 22.799633
v -11.795285 -0.078814 22.478264
v -11.101513 -0.078815 22.478264
v -11.086850 -0.097160 22.480423
v -11.147649 -0.075614 22.799633
v -11.173603 -0.075233 22.860043
v -11.448400 0.072823 23.363201
v -11.448400 0.078790 23.368382
v -11.448400 -0.072823 23.363201
v -11.989309 0.117681 19.761459
v -10.905012 0.123669 19.761459
v -10.907490 -0.117681 19.761459
v -11.887698 0.086412 21.734127
v -11.890155 0.092400 21.734478
v -11.922408 0.090745 21.395664
v -11.924869 0.096733 21.395973
v -11.009105 0.086412 21.734165
v -11.006649 0.092399 21.734516
v -10.974387 0.090744 21.395622
v -10.971927 0.096731 21.395931
v -11.887693 -0.086412 21.734165
v -11.902351 -0.104745 21.736473
v -11.922411 -0.090744 21.395622
v -11.009100 -0.086412 21.734127
v -10.974391 -0.090745 21.395664
v -10.959619 -0.109088 21.396820
v -11.676196 0.093754 -21.001244
v -11.935174 0.332047 -14.107675
v -11.720300 0.483464 -14.157199
v -11.447191 0.500699 -14.204166
v -11.223473 0.299988 -14.253235
v -11.237042 0.136139 -14.279751
v -11.285645 -0.019414 -14.305323
v -11.564092 0.210143 -14.935116
v -11.044248 0.182633 -21.057320
v -11.184348 0.237296 -21.171213
v -11.316264 0.088628 -20.911877
v -11.532850 0.108011 -20.897549
v -11.431374 0.112928 -20.934181
v -11.067241 0.080872 -20.955053
v -11.875516 -0.070044 -18.190351
v -11.467700 0.241802 -18.366035
v -11.301682 0.079066 -18.431894
v -11.337271 -0.114881 -18.508760
v -11.701261 -0.224468 -16.600290
v -11.825929 -0.073991 -16.643019
v -11.840861 0.135740 -16.726980
v -11.715495 0.332757 -16.818071
v -11.481783 0.443213 -16.911032
v -11.201880 0.415850 -17.014622
v -11.346972 -0.612765 -17.586039
v -11.708296 -0.580639 -17.743521
v -11.987800 -0.343296 -17.902821
v -12.061445 -0.001308 -18.058281
v -11.418550 0.382699 -18.424395
v -11.194751 0.110283 -18.518759
v -11.254400 -0.173467 -18.612734
v -11.653938 -0.112525 -18.760668
v -11.667847 0.018874 -18.789452
v -11.596961 0.113988 -18.827026
v -11.488963 0.143223 -18.870863
v -11.400751 0.092899 -18.921492
v -11.366925 0.003456 -18.969601
v -11.349216 -0.128238 -16.090441
v -11.454048 -0.174199 -16.141798
v -11.562057 -0.153717 -16.193911
v -11.651723 -0.029303 -16.262482
v -11.485516 0.156458 -16.375048
v -11.383610 0.126264 -16.419014
v -11.343566 0.087535 -16.441593
v -11.393039 -0.181585 -16.561096
v -11.661821 -0.184012 -16.655972
v -11.762332 -0.057278 -16.695618
v -11.765623 0.116014 -16.764896
v -11.657528 0.273798 -16.840639
v -11.459940 0.355730 -16.911560
v -11.228395 0.321161 -16.985470
v -11.046310 0.139986 -17.076956
v -11.039642 -0.294853 -17.234587
v -11.261132 -0.526410 -17.374395
v -11.417678 -0.579070 -17.449144
v -11.760527 -0.535865 -17.596962
v -12.034495 -0.293213 -17.751104
v -12.099408 0.064399 -17.925167
v -11.353434 0.462171 -18.382401
v -11.097257 0.118063 -18.526819
v -11.187904 -0.236676 -18.647858
v -11.696395 -0.149292 -18.810881
v -11.707313 0.008460 -18.833439
v -11.625463 0.123815 -18.873430
v -11.502125 0.162352 -18.918680
v -11.398975 0.112963 -18.971428
v -11.353731 0.017215 -19.019753
v -11.379971 -0.077967 -19.065363
v -11.465060 -0.120088 -19.114521
v -11.554647 -0.099092 -19.161440
v -11.609259 -0.026848 -19.203825
v -11.590846 0.062030 -19.245905
v -11.515105 0.119485 -19.285858
v -11.420163 0.117163 -19.326574
v -11.346193 0.045854 -19.364983
v -10.757494 -0.091195 -14.961193
v -10.915000 -0.457085 -15.113255
v -11.232665 -0.686733 -15.263570
v -11.617119 -0.706766 -15.409742
v -11.941035 -0.507308 -15.557623
v -12.092134 -0.168085 -15.687326
v -11.312373 0.424150 -16.092499
v -11.391826 -0.291394 -16.352032
v -11.563996 -0.276187 -16.413208
v -11.704429 -0.110902 -16.470537
v -11.559833 0.172261 -16.564180
v -11.376081 -0.097978 -16.756910
v -11.516644 -0.155104 -16.830915
v -11.568113 -0.140582 -16.856279
v -11.648958 -0.067695 -16.908096
v -11.661203 0.047103 -16.960512
v -11.598935 0.153541 -17.015770
v -11.479184 0.196024 -17.065523
v -11.347620 0.170028 -17.115585
v -11.256408 0.058462 -17.160643
v -11.291579 -0.187459 -17.230591
v -11.432364 -0.300010 -17.292402
v -11.526712 -0.317703 -17.323334
v -11.728083 -0.259512 -17.389755
v -11.890039 -0.075998 -17.462498
v -11.903545 0.189366 -17.586918
v -11.150952 0.472827 -18.003033
v -10.886870 0.017966 -18.227751
v -11.128171 -0.467980 -18.443089
v -11.950224 -0.221543 -18.804157
v -11.904561 0.056557 -18.902735
v -11.737061 0.247774 -18.986565
v -11.511658 0.295694 -19.053671
v -11.324939 0.213345 -19.116360
v -11.247714 0.053354 -19.167746
v -11.283591 -0.104514 -19.219559
v -11.400999 -0.186889 -19.279095
v -11.533620 -0.179277 -19.327618
v -11.629581 -0.097157 -19.362003
v -11.640208 0.016039 -19.398184
v -11.580564 0.105065 -19.431276
v -11.483345 0.130570 -19.467068
v -11.398119 0.082604 -19.503605
v -11.369847 -0.005254 -19.543667
v -11.410403 -0.087003 -19.586292
v -11.496812 -0.119843 -19.630041
v -11.616475 0.011028 -19.720871
v -11.209978 0.267664 -14.013294
v -11.228930 0.078043 -14.011444
v -11.297394 -0.103204 -14.042248
v -11.425807 -0.232223 -14.089991
v -11.752730 -0.153259 -14.169286
v -11.828300 0.021182 -14.226243
v -11.786458 0.220162 -14.281590
v -11.632327 0.385780 -14.341843
v -11.393532 0.451309 -14.411910
v -11.117934 0.377914 -14.476875
v -10.891508 -0.178288 -14.702511
v -11.045959 -0.489769 -14.825844
v -11.356251 -0.686521 -14.955214
v -11.733273 -0.678323 -15.103088
v -12.056654 -0.448055 -15.240725
v -12.203756 -0.069151 -15.380399
v -12.009963 0.487094 -15.588154
v -11.856715 0.607744 -15.657488
v -11.303700 0.661950 -15.873384
v -11.130628 0.574379 -15.945631
v -11.374486 -0.489367 -16.405182
v -11.651224 -0.450689 -16.490046
v -11.826774 -0.177320 -16.581863
v -11.621642 0.228468 -16.692003
v -11.328307 -0.082302 -16.885529
v -11.472817 -0.167305 -16.958193
v -11.527687 -0.159291 -16.984259
v -11.613897 -0.095694 -17.035995
v -11.640544 0.005073 -17.085882
v -11.600328 0.100322 -17.135710
v -11.512827 0.152679 -17.186853
v -11.408462 0.151075 -17.237698
v -11.330631 0.068447 -17.283646
v -11.346874 -0.114382 -17.348814
v -11.443890 -0.199774 -17.400640
v -11.508648 -0.215442 -17.427464
v -11.649231 -0.166128 -17.476501
v -11.744108 -0.030817 -17.527628
v -11.738527 0.155614 -17.585649
v -11.164301 0.313423 -17.801149
v -10.981548 -0.087970 -17.965660
v -11.248335 -0.512794 -18.173615
v -12.071877 -0.143638 -18.592209
v -12.024852 0.196395 -18.744541
v -11.781569 0.441787 -18.902107
v -11.443616 0.482108 -19.039389
v -11.174946 0.326623 -19.142389
v -11.088790 0.063562 -19.217691
v -11.166925 -0.182660 -19.295435
v -11.354602 -0.323137 -19.358608
v -11.571568 -0.305483 -19.414188
v -11.723942 -0.166789 -19.459311
v -11.744859 0.009099 -19.506857
v -11.653397 0.137835 -19.535908
v -11.519103 0.179428 -19.567337
v -11.401661 0.132063 -19.599699
v -11.350493 0.028485 -19.634817
v -11.380860 -0.070678 -19.672609
v -11.464714 -0.122426 -19.711769
v -11.558058 -0.099195 -19.753439
v -11.598297 -0.017683 -19.798304
v -11.420863 -0.121084 -20.047932
v -11.572991 -0.116835 -20.113131
v -11.613287 -0.077842 -20.134699
v -11.530269 0.179852 -20.257217
v -11.326686 0.122626 -20.327545
v -12.173968 -0.278525 -14.024513
v -12.048924 0.438156 -14.079331
v -11.773269 0.711046 -14.128600
v -11.332849 0.800335 -14.189175
v -10.803438 0.410292 -14.274377
v -10.731319 0.051028 -14.343580
v -10.826551 -0.311852 -14.448968
v -11.102003 -0.568604 -14.565634
v -11.456079 -0.659033 -14.685862
v -11.963467 -0.276818 -14.900030
v -11.981991 0.023014 -14.970953
v -11.863813 0.263268 -15.054141
v -12.167308 -0.271871 -13.965088
v -12.034741 0.436904 -14.003912
v -11.748572 0.688298 -14.021211
v -11.325148 0.774247 -14.021160
v -10.820147 0.369381 -14.025331
v -10.737549 -0.008769 -14.058437
v -10.855176 -0.397484 -14.139383
v -11.165496 -0.668049 -14.255239
v -12.155708 -0.265939 -13.943196
v -12.024201 0.429119 -13.973667
v -11.736453 0.659021 -13.979151
v -11.337502 0.725713 -13.962970
v -12.087677 -0.245464 -13.939895
v -11.977768 0.387354 -13.946209
v -11.704881 -0.665896 -13.974460
v -11.741395 -0.687449 -13.981981
v -11.699447 -0.689609 -13.979819
v -11.557014 -0.207985 -20.876661
v -11.755803 -0.685995 -13.978346
v -11.733683 0.162016 -14.954014
v -11.592531 0.245837 -15.005337
v -11.438526 0.240885 -15.056597
v -11.326786 0.154243 -15.105659
v -11.282884 0.026573 -15.148081
v -11.312330 -0.097844 -15.189959
v -11.784433 0.679675 -14.232347
v -11.377426 0.769324 -14.339443
v -11.099136 0.655194 -14.402193
v -10.904580 0.423381 -14.468078
v -10.843140 0.137944 -14.534454
v -10.957802 -0.155367 -14.610301
v -11.164358 -0.356907 -14.674172
v -11.415291 -0.432733 -14.736532
v -11.775898 -0.198425 -14.850902
v -11.808831 0.001358 -14.894880
v -11.390043 0.402842 -16.093384
v -11.150748 -0.476616 -16.484158
v -11.630033 -0.624972 -16.690098
v -11.801681 -0.578891 -16.764967
v -12.065189 -0.334996 -16.915855
v -12.149112 0.028467 -17.068052
v -12.017344 0.380796 -17.207750
v -11.382025 0.614726 -17.503469
v -11.265032 -0.312558 -17.955082
v -11.486519 -0.330049 -18.012415
v -11.725791 -0.060831 -18.124153
v -11.718505 0.016543 -18.149996
v -11.642005 0.133259 -18.196930
v -11.460464 0.165841 -18.260599
v -12.065866 -0.242860 -14.027325
v -11.185810 0.330720 -14.381319
v -11.603732 -0.295429 -14.745008
v -11.684649 0.140880 -14.886121
v -11.372877 0.078277 -20.115637
v -11.391096 -0.073257 -20.182632
v -11.390628 0.145728 -18.625912
v -11.553840 -0.203755 -18.853760
v -11.691107 -0.136792 -18.892506
v -11.749393 0.023073 -18.940994
v -11.679407 0.202473 -19.004494
v -11.492878 0.326595 -19.063053
v -11.250967 0.319374 -19.140076
v -11.025600 0.155700 -19.216093
v -10.999885 -0.141862 -19.315016
v -11.193736 -0.425720 -19.423765
v -11.427087 0.116430 -20.891481
v -11.446153 0.245792 -20.705370
v -11.294260 0.262616 -20.730408
v -11.643970 0.381475 -15.118150
v -11.414347 0.366732 -15.177991
v -11.253673 0.242711 -15.238609
v -11.192439 0.062727 -15.288331
v -11.229187 -0.103583 -15.334423
v -11.342173 -0.211132 -15.383904
v -11.481335 -0.235552 -15.434613
v -11.604193 -0.178174 -15.477928
v -11.669370 -0.065305 -15.522840
v -11.383765 0.139233 -15.725368
v -11.312670 -0.026826 -15.806214
v -11.398121 -0.159720 -15.883942
v -11.508892 -0.180765 -15.935208
v -11.682546 0.037640 -16.060768
v -11.417887 0.254057 -16.185446
v -11.308568 -0.359136 -16.401712
v -11.787622 -0.380892 -16.578812
v -11.989591 -0.176822 -16.682333
v -12.052907 0.125564 -16.802526
v -11.893747 0.419077 -16.931139
v -11.239248 0.592839 -17.227976
v -11.242587 -0.515535 -17.854097
v -11.559811 -0.506357 -17.985308
v -11.949170 -0.582624 -14.548332
v -12.169766 -0.249860 -14.686978
v -11.983181 0.458510 -14.954145
v -11.656363 0.614228 -15.078506
v -11.317294 0.561692 -15.173379
v -11.092902 0.358072 -15.298096
v -11.006442 0.073641 -15.374026
v -11.083909 -0.171936 -15.441957
v -11.261541 -0.325367 -15.503725
v -11.464368 -0.355362 -15.559726
v -11.638712 -0.272246 -15.603890
v -11.729476 -0.120133 -15.652438
v -11.695744 0.111858 -15.736542
v -11.647732 0.165405 -15.763359
v -11.458570 0.208324 -15.842168
v -11.398355 0.183637 -15.867409
v -11.372496 -0.128230 -16.021292
v -11.473149 -0.165889 -16.071400
v -11.655812 -0.005828 -16.195066
v -11.573297 0.135077 -16.263603
v -11.461960 0.178243 -16.312433
v -11.352411 0.135412 -16.353868
v -11.311287 0.087564 -16.375114
v -11.381376 -0.228037 -16.496685
v -10.882998 0.344129 -13.923844
v -10.814665 -0.011520 -13.924128
v -10.937618 -0.380318 -13.990032
v -11.238504 -0.635787 -14.094898
v -11.995464 -0.537317 -14.381950
v -12.206006 -0.192709 -14.524107
v -11.981608 0.538443 -14.816339
v -11.621990 0.694763 -14.959614
v -11.247921 0.631869 -15.081451
v -10.989738 0.393893 -15.230143
v -10.889086 0.053838 -15.337313
v -10.991349 -0.244158 -15.438576
v -11.216403 -0.430304 -15.530152
v -11.469211 -0.460187 -15.604004
v -11.682896 -0.340436 -15.655513
v -11.787463 -0.148335 -15.711003
v -11.401391 0.217389 -15.943445
v -11.285344 0.039962 -16.014729
v -11.711886 0.546415 -13.960788
v -11.394853 0.561797 -13.968079
v -11.132901 0.277666 -13.903616
v -11.137099 0.039546 -13.880251
v -11.222978 -0.195406 -13.919045
v -11.408865 -0.357476 -13.975691
v -11.657482 -0.393146 -14.037450
v -12.009624 -0.008971 -14.185800
v -11.978468 0.289233 -14.274885
v -11.771065 0.548245 -14.377213
v -11.444758 0.661175 -14.515882
v -11.087190 0.582248 -14.647574
v -11.707545 0.503161 -14.012194
v -11.419713 0.510967 -14.032417
v -11.268592 0.428356 -14.028134
v -11.306758 -0.170608 -20.806755
v -11.632447 0.059839 -20.661001
v -11.570617 0.174869 -20.684490
v -11.379486 0.043118 -20.046328
v -11.531712 0.132272 -20.322857
v -11.377556 -0.136997 -14.338827
v -11.502526 -0.177500 -14.378645
v -11.670795 -0.023673 -14.467424
v -11.655898 0.096815 -14.514723
v -11.572899 0.187264 -14.558147
v -11.443367 0.208804 -14.596057
v -11.312488 0.159254 -14.640711
v -11.236485 0.034178 -14.679337
v -11.234663 -0.120807 -14.724313
v -11.328792 -0.259475 -14.773606
v -11.494855 -0.330718 -14.822858
v -11.684751 -0.297212 -14.880697
v -11.842925 -0.153170 -14.943616
v -11.901889 0.075830 -15.011364
v -11.060308 0.350328 -15.376477
v -11.529947 -0.697055 -15.916241
v -11.896459 -0.576951 -16.058901
v -12.170248 -0.100659 -16.306707
v -11.684121 0.576191 -16.705832
v -11.126464 -0.160395 -17.110514
v -11.395089 -0.320040 -17.202520
v -11.489785 -0.308592 -17.231930
v -11.646653 -0.220285 -17.282759
v -11.723708 -0.080603 -17.336271
v -11.704704 0.066202 -17.389503
v -11.614907 0.166238 -17.440344
v -11.492480 0.192020 -17.478546
v -11.381962 0.136219 -17.519053
v -11.337032 -0.023458 -17.588005
v -11.398923 -0.108334 -17.634453
v -11.443830 -0.131547 -17.657286
v -11.543582 -0.125433 -17.705711
v -11.619464 -0.057169 -17.755131
v -11.631596 0.046841 -17.802368
v -11.341000 0.113148 -17.942745
v -11.285872 -0.073863 -18.013359
v -11.433594 -0.248906 -18.086142
v -11.857332 0.046036 -18.250633
v -11.787258 0.281187 -18.337770
v -11.555068 0.456353 -18.450422
v -11.247335 0.457056 -18.567654
v -11.010943 0.239091 -18.682825
v -10.931133 -0.098372 -18.794966
v -11.085597 -0.437976 -18.912794
v -11.435205 -0.610204 -19.047562
v -11.814090 -0.510598 -19.187080
v -12.052361 -0.200297 -19.325148
v -12.028075 0.183022 -19.462191
v -11.802242 0.454022 -19.570290
v -11.487696 0.477463 -19.690199
v -11.258291 0.311736 -19.759279
v -11.173159 0.079035 -19.800289
v -11.236366 -0.132046 -19.836378
v -11.392937 -0.243600 -19.887760
v -11.663078 -0.097921 -19.971216
v -11.660184 0.040018 -20.006487
v -11.625666 0.095465 -20.022310
v -11.493699 0.301322 -18.444345
v -11.286713 0.284277 -18.493710
v -11.718818 0.545238 -19.343430
v -11.506407 0.159632 -18.580284
v -11.432103 -0.125660 -20.559158
v -11.535566 -0.330712 -20.457672
v -11.714421 0.084728 -20.551300
v -11.650744 0.151006 -20.569881
v -11.422215 0.176300 -20.631351
v -11.391426 -0.109421 -18.398792
v -11.435954 -0.134616 -18.423073
v -11.535289 -0.131758 -18.470993
v -11.623356 -0.016029 -18.543631
v -11.605751 0.083490 -18.588175
v -11.520805 0.140381 -18.631931
v -11.416031 0.130504 -18.677097
v -11.343525 0.055035 -18.722673
v -11.336510 -0.057652 -18.769245
v -11.414960 -0.164314 -18.814213
v -11.364934 0.132482 -20.651093
v -11.405936 -0.172077 -15.237791
v -11.518732 -0.183386 -15.286037
v -11.614014 -0.125109 -15.334437
v -11.658930 -0.019162 -15.383898
v -11.614585 0.141568 -15.459904
v -11.567234 0.170669 -15.484291
v -11.396517 0.154015 -15.560467
v -11.348582 0.117496 -15.587705
v -11.550096 -0.233694 -15.798687
v -11.680028 -0.157996 -15.848395
v -11.754681 0.082246 -15.928490
v -11.461447 0.211491 -21.095482
v -11.337717 0.193003 -21.134823
v -11.623324 -0.140467 -20.557671
v -11.408754 0.087009 -20.448141
v -11.378522 0.050050 -20.470835
v -11.393153 -0.092932 -20.537256
v -11.567726 0.095752 -20.436195
v -11.523480 -0.545125 -19.542530
v -11.868374 -0.411534 -19.654915
v -12.027240 -0.067323 -19.764097
v -11.083864 0.180712 -20.240917
v -11.157702 -0.252958 -20.374050
v -11.623264 -0.055551 -18.649796
v -11.627432 0.052620 -18.689636
v -11.553560 0.114632 -18.730112
v -11.457283 0.121440 -18.775229
v -11.381089 0.067253 -18.823742
v -11.361803 -0.024367 -18.872171
v -11.416103 -0.110724 -18.917345
v -11.519773 -0.137502 -18.958971
v -11.613885 -0.090952 -19.000067
v -11.653844 0.013723 -19.041914
v -11.611507 0.132667 -19.094254
v -11.484302 0.208316 -19.142237
v -11.326001 0.188408 -19.188349
v -11.203767 0.064189 -19.227085
v -11.201190 -0.128929 -19.274302
v -11.335147 -0.308226 -19.330059
v -11.565144 -0.373573 -19.398499
v -11.397918 -0.084388 -19.014311
v -11.483440 -0.117765 -19.062277
v -11.570074 -0.089364 -19.108889
v -11.617622 -0.010993 -19.152849
v -11.591774 0.083652 -19.197067
v -11.502303 0.140868 -19.238203
v -11.394579 0.128284 -19.278461
v -11.314605 0.041416 -19.314878
v -11.308797 -0.082943 -19.359810
v -11.399934 -0.192454 -19.401810
v -11.551818 -0.222721 -19.448826
v -11.742239 0.044594 -19.564056
v -11.658487 0.233209 -19.613634
v -11.336639 -0.060952 -19.408728
v -11.412721 -0.153565 -19.449814
v -11.538288 -0.175444 -19.493221
v -11.690558 0.042488 -19.596615
v -11.619775 0.191220 -19.644524
v -11.547520 0.241999 -19.669170
v -11.174053 0.004906 -19.817369
v -11.308376 -0.337296 -19.910059
v -11.412555 -0.177301 -19.975008
v -11.622838 -0.169991 -20.046608
v -11.680049 -0.112991 -20.067619
v -11.582779 -0.103910 -20.617577
v -11.794532 -0.249673 -19.480286
v -11.894331 0.021980 -19.561743
v -10.979934 0.123255 -20.026711
v -11.128922 -0.385159 -20.199854
v -11.237540 -0.396382 -19.959618
v -11.882774 0.316275 -20.424450
v -11.718956 -0.367812 -20.049433
v -11.838511 -0.274641 -20.099182
v -11.401418 -0.247346 -20.439226
v -11.370369 -0.112627 -20.738623
v -11.717669 0.261486 -20.614723
v -11.366161 0.273267 -20.687922
v -11.251459 0.383655 -20.638535
v -11.285029 0.199494 -20.710571
v -11.119145 -0.181065 -20.807671
v -11.212058 -0.289986 -20.841951
v -11.153470 0.219029 -20.785629
v -11.085676 0.064975 -21.002787
v -11.645619 -0.023208 -20.913462
v -11.242582 0.163678 -21.153835
v -11.548649 -0.135112 -20.806108
v -12.058452 -0.238744 -13.963038
v -11.943958 0.356705 -13.989967
v -11.708970 0.488994 -14.044978
v -11.429299 0.496883 -14.071107
v -11.512907 0.518512 -14.025509
v -11.551474 -0.194788 -14.255919
v -11.668676 -0.121212 -14.295485
v -11.723479 0.009704 -14.342336
v -11.694530 0.155680 -14.392989
v -11.580526 0.267246 -14.438956
v -11.409297 0.291450 -14.475855
v -11.230176 0.220485 -14.520138
v -11.109978 0.051274 -14.574564
v -11.101367 -0.170986 -14.630901
v -11.337693 0.149337 -21.104256
v -12.173803 -0.276232 -13.993916
v -12.152103 -0.275289 -14.072294
v -12.044125 0.440361 -14.040647
v -12.035866 0.414128 -14.146698
v -11.761488 0.705775 -14.072571
v -11.781982 0.703703 -14.184670
v -11.490123 0.799252 -14.168680
v -11.352555 0.795244 -14.271971
v -11.522181 0.771327 -14.302675
v -11.477346 0.776008 -14.021324
v -11.323654 0.796228 -14.101066
v -11.025489 0.683436 -14.227128
v -11.054646 0.677487 -14.326613
v -11.031536 0.654580 -14.014009
v -11.017281 0.677427 -14.116783
v -10.899064 0.562686 -14.248849
v -10.841122 0.422614 -14.387579
v -10.988153 0.549992 -14.434854
v -10.912663 0.528925 -14.017149
v -10.795037 0.391991 -14.147902
v -10.747297 0.236603 -14.304979
v -10.772697 0.097838 -14.459897
v -10.853299 0.284887 -14.500456
v -10.757962 0.187228 -14.037431
v -10.714684 0.013786 -14.204008
v -10.770347 -0.209845 -14.093343
v -10.818315 -0.370603 -14.301289
v -10.756186 -0.137025 -14.393106
v -10.879405 -0.233413 -14.555641
v -10.882928 -0.014012 -14.572536
v -10.990858 -0.553170 -14.193795
v -11.118130 -0.641052 -14.423432
v -10.947070 -0.457751 -14.506575
v -11.122713 -0.464516 -14.648003
v -11.052897 -0.270506 -14.643352
v -11.576894 -0.742485 -14.394689
v -11.511363 -0.724904 -14.558729
v -11.426132 -0.549739 -14.739338
v -11.775526 -0.689348 -14.471653
v -11.872141 -0.582544 -14.697987
v -11.631600 -0.623038 -14.744312
v -11.535726 -0.415775 -14.767963
v -12.077827 -0.278357 -14.820864
v -11.783806 -0.540074 -14.800461
v -11.859965 -0.243857 -14.898746
v -11.640553 -0.366738 -14.798243
v -12.170962 0.139467 -14.815364
v -12.087477 0.072656 -14.921043
v -11.887654 0.002965 -14.951610
v -12.098282 0.314185 -14.884504
v -11.935225 0.358050 -15.032981
v -11.938397 0.155201 -15.012666
v -11.795018 0.200368 -15.018920
v -11.782668 0.089444 -14.923822
v -11.830093 0.560909 -15.020165
v -11.659832 0.497977 -15.125807
v -11.761312 0.339008 -15.088098
v -11.620346 0.300188 -15.072170
v -11.773153 -0.679417 -13.972742
v -11.744236 -0.690353 -13.967122
v -11.763237 -0.680623 -13.961464
v -11.770420 -0.677348 -13.988075
v -11.478959 0.732608 -13.967384
v -11.069773 0.610016 -13.937231
v -10.964041 0.492838 -13.929129
v -10.829151 0.173307 -13.918808
v -10.851705 -0.202244 -13.949907
v -11.069751 -0.527197 -14.038383
v -11.637580 -0.706906 -14.230486
v -11.828916 -0.649626 -14.306065
v -11.720946 -0.681604 -13.944617
v -11.739930 -0.667242 -13.944618
v -11.498956 0.572999 -13.964952
v -11.219664 0.463595 -13.942736
v -11.710235 -0.668890 -13.943482
v -11.729593 -0.655329 -13.947607
v -11.706700 -0.664506 -13.948935
v -11.725286 -0.652154 -13.961336
v -11.689799 -0.673554 -13.971952
v -11.693574 -0.681555 -13.977481
v -11.708171 -0.672078 -13.982009
v -11.704542 -0.662302 -13.956957
v -11.690005 -0.669764 -13.954074
v -11.725386 -0.654491 -13.977913
v -11.732858 -0.664771 -13.992192
v -11.707790 -0.693483 -13.947243
v -11.693041 -0.674951 -13.947159
v -11.728673 -0.694639 -13.972000
v -11.713455 -0.678659 -13.986705
v -11.697355 -0.682126 -13.943377
v -11.572547 -0.262780 -20.914700
v -11.550457 -0.165718 -20.841112
v -11.698549 -0.041219 -20.958586
v -11.810277 -0.059300 -21.003452
v -11.830542 0.184236 -21.051289
v -11.887242 -0.060595 -20.988932
v -11.912129 0.319407 -20.834255
v -11.685240 0.501711 -20.927479
v -11.791677 0.326232 -20.657372
v -11.524857 0.389727 -15.147913
v -11.434251 0.293898 -15.125776
v -11.322811 0.315462 -15.208984
v -11.300382 0.193897 -15.175783
v -11.210356 0.155274 -15.264582
v -11.247755 0.046231 -15.220301
v -11.199505 -0.025354 -15.311287
v -11.277010 -0.095829 -15.263260
v -11.279123 -0.166573 -15.358709
v -11.376176 -0.185018 -15.312042
v -12.131018 -0.269483 -14.083044
v -12.020777 0.395048 -14.170919
v -11.777422 0.634886 -14.263199
v -11.402113 0.710946 -14.381577
v -11.534241 0.712402 -14.342047
v -11.153341 0.612173 -14.440818
v -10.990304 0.407016 -14.496441
v -11.058588 0.519292 -14.468874
v -10.946965 0.155071 -14.548751
v -11.042670 -0.097796 -14.601940
v -11.211034 -0.273897 -14.647776
v -11.417322 -0.343724 -14.694818
v -11.719839 -0.159472 -14.790392
v -11.564675 0.210636 -16.136515
v -11.574364 0.265937 -16.074995
v -11.709080 0.060417 -15.992650
v -11.494857 0.243486 -16.161863
v -11.398016 0.319799 -16.125685
v -11.264810 0.190626 -16.225218
v -11.201932 0.255858 -16.170811
v -11.207669 0.119446 -16.250431
v -11.130924 0.169924 -16.204674
v -11.162378 -0.069785 -16.305071
v -11.235382 -0.427255 -16.417603
v -11.408823 -0.414071 -16.445656
v -11.655549 -0.534090 -16.588705
v -11.808660 -0.486633 -16.650137
v -12.045359 -0.256527 -16.781958
v -12.121565 0.084769 -16.920664
v -11.969625 0.415447 -17.059381
v -11.665590 0.620132 -17.202248
v -11.304892 0.627921 -17.370491
v -11.728375 0.603156 -17.348246
v -11.450537 0.548456 -17.600430
v -11.767591 0.550626 -17.479258
v -11.022223 0.406323 -17.546576
v -11.230734 0.534432 -17.585920
v -11.314968 0.478169 -17.663326
v -10.939895 -0.093131 -17.760576
v -11.111251 0.414033 -17.665449
v -11.208735 0.377434 -17.723982
v -11.114583 -0.347908 -17.874084
v -11.026482 -0.025956 -17.839939
v -11.119882 0.009244 -17.850252
v -11.241179 -0.414324 -17.929600
v -11.166119 -0.250027 -17.917978
v -11.300174 -0.239793 -17.928822
v -11.222716 -0.183150 -17.901640
v -11.511985 -0.419745 -18.022245
v -11.376223 -0.338639 -17.985388
v -11.480085 -0.261759 -17.974733
v -11.389585 -0.265262 -17.952620
v -11.582747 -0.288569 -18.039680
v -11.560810 -0.231486 -17.996868
v -11.682603 -0.046126 -18.070555
v -11.624846 -0.180832 -18.020016
v -11.677298 0.020755 -18.094357
v -11.610856 0.121684 -18.140671
v -11.448794 0.143194 -18.207392
v -11.503297 0.154360 -18.185707
v -11.400760 0.115614 -18.228966
v -11.351111 0.022657 -18.273434
v -12.071362 -0.245749 -14.044522
v -12.079278 -0.249794 -14.061038
v -11.956123 0.341990 -14.157235
v -11.736128 0.511165 -14.226810
v -11.445642 0.538506 -14.308434
v -11.275551 0.474639 -14.344210
v -11.348735 0.042553 -20.408215
v -11.380657 -0.125497 -20.472517
v -11.283852 0.055641 -20.348135
v -11.421376 -0.196882 -20.464701
v -11.328595 -0.188357 -20.412621
v -11.430169 -0.163464 -20.496464
v -11.655962 -0.175583 -20.526453
v -11.363419 0.094312 -20.154192
v -11.457759 0.145177 -20.073452
v -11.461202 0.173020 -20.110901
v -11.417411 -0.085673 -20.113960
v -11.375297 -0.071426 -20.222563
v -11.519522 -0.112853 -20.246998
v -11.544598 -0.104940 -20.183294
v -11.511512 -0.124059 -20.281851
v -11.559274 -0.089736 -20.269163
v -11.583264 -0.075618 -20.206331
v -11.556169 -0.103550 -20.302517
v -11.602478 0.058862 -20.416048
v -11.588226 0.064427 -20.386292
v -11.553776 0.096715 -20.407757
v -11.577952 0.073479 -20.358198
v -11.420710 0.091507 -20.475147
v -11.542005 0.102132 -20.380640
v -11.378614 0.090333 -20.387291
v -11.537615 0.596171 -19.426964
v -11.357569 0.583394 -19.509052
v -11.427657 0.548979 -19.620546
v -11.644738 0.495356 -19.632404
v -11.775073 0.518264 -19.469734
v -11.175542 0.351654 -19.726816
v -11.357098 0.410607 -19.730627
v -11.089908 0.368224 -19.649269
v -11.085964 0.069733 -19.799509
v -11.196621 0.197799 -19.781746
v -11.001906 0.043377 -19.758045
v -11.172860 -0.186272 -19.862280
v -11.188972 -0.034316 -19.817167
v -11.116308 -0.253497 -19.853539
v -11.373921 -0.320005 -19.933193
v -11.307646 -0.203946 -19.861921
v -11.366618 -0.404824 -19.949301
v -11.630651 -0.328566 -20.001654
v -11.482364 -0.244595 -19.907862
v -11.779881 -0.137953 -20.049234
v -11.711724 -0.119829 -20.017159
v -11.563838 -0.215125 -19.926769
v -11.761806 0.072305 -20.084263
v -11.703789 0.048924 -20.048107
v -11.704842 0.153225 -20.101978
v -11.660618 0.115682 -20.062782
v -11.457561 0.210413 -20.149664
v -11.343360 0.111468 -20.192562
v -11.353432 -0.077666 -20.263338
v -11.506226 -0.143399 -20.318069
v -11.138103 0.119368 -18.565390
v -11.201315 0.217465 -18.527956
v -11.373442 0.099517 -18.699791
v -11.310693 0.056536 -18.673895
v -11.447213 0.162221 -18.602596
v -11.467440 0.144129 -18.654392
v -11.389422 0.311010 -18.468149
v -11.103871 -0.134145 -18.637012
v -11.101954 -0.001219 -18.600517
v -11.330132 0.000928 -18.745941
v -11.306989 -0.078226 -18.719070
v -11.250674 -0.390959 -18.722881
v -11.154855 -0.269256 -18.678551
v -11.365911 -0.115548 -18.792231
v -11.400725 -0.207255 -18.764008
v -11.549109 -0.528814 -18.817343
v -11.387098 -0.483660 -18.767750
v -11.480283 -0.195501 -18.834507
v -11.571389 -0.259043 -18.800426
v -11.627592 -0.183722 -18.872620
v -11.745350 -0.184170 -18.843605
v -11.879820 -0.423503 -18.937920
v -11.721691 -0.507879 -18.875839
v -11.733954 -0.064357 -18.914835
v -11.822421 0.017805 -18.904823
v -12.062708 -0.096134 -19.059256
v -11.998477 -0.278332 -18.998264
v -11.730685 0.114990 -18.972372
v -11.741871 0.245616 -18.984137
v -11.991905 0.284918 -19.191441
v -12.057559 0.099324 -19.123276
v -11.597137 0.276600 -19.032890
v -11.525232 0.412274 -19.068539
v -11.874619 0.437522 -19.264874
v -11.375632 0.341685 -19.100466
v -11.237395 0.415643 -19.177137
v -11.124447 0.257167 -19.176828
v -10.979501 0.229331 -19.291206
v -10.983955 0.015612 -19.263241
v -10.936673 -0.108511 -19.415812
v -11.073758 -0.295484 -19.368168
v -11.128354 -0.427474 -19.542351
v -11.347979 -0.513035 -19.482874
v -11.472471 -0.565463 -19.677183
v -11.707239 -0.509686 -19.599764
v -11.836013 -0.444226 -19.794479
v -12.014141 -0.112853 -19.899618
v -11.948931 0.304576 -19.892210
v -11.947966 0.243385 -20.015844
v -11.813641 0.441459 -19.958759
v -11.826826 0.373637 -20.072882
v -11.419002 -0.132998 -18.866060
v -11.465302 -0.133029 -18.938402
v -11.536874 -0.163856 -18.906643
v -11.571113 -0.122883 -18.979607
v -11.647615 -0.106819 -18.945307
v -11.642661 -0.043491 -19.020113
v -11.693330 0.021100 -18.988161
v -11.643838 0.074913 -19.067638
v -11.637384 0.164755 -19.044165
v -11.555713 0.179574 -19.118723
v -11.481989 0.259628 -19.093708
v -11.405124 0.211576 -19.165983
v -11.284592 0.244094 -19.150820
v -11.254761 0.137865 -19.207710
v -11.111444 0.100708 -19.202461
v -11.185383 -0.028383 -19.249487
v -11.100069 -0.144611 -19.272030
v -11.252769 -0.226530 -19.300917
v -11.268442 -0.377163 -19.353142
v -11.443352 -0.361056 -19.362453
v -11.553218 -0.469893 -19.446444
v -11.613545 0.052046 -20.694771
v -11.601668 0.043904 -20.728889
v -11.551130 0.149152 -20.718727
v -11.591406 0.032670 -20.826145
v -11.435234 0.201517 -20.734997
v -11.300046 0.206446 -20.751413
v -11.599427 0.037740 -20.861462
v -11.380272 0.528229 -20.848164
v -11.596234 0.486215 -20.749556
v -11.338139 0.481033 -20.783010
v -11.714180 0.291231 -20.625355
v -11.709416 0.070421 -20.602715
v -11.776039 0.074403 -20.581879
v -11.479331 0.611312 -15.125113
v -11.374064 0.464655 -15.199709
v -11.188543 0.474899 -15.236700
v -11.182696 0.302557 -15.290149
v -11.030192 0.218353 -15.340582
v -11.109780 0.074233 -15.348636
v -11.027678 -0.058165 -15.408297
v -11.164004 -0.127015 -15.400614
v -11.165143 -0.262540 -15.473577
v -11.303713 -0.255112 -15.451387
v -11.363266 -0.355801 -15.532970
v -11.469206 -0.283399 -15.501959
v -11.411194 -0.234068 -15.409768
v -11.498363 -0.203070 -15.361597
v -11.558894 -0.325566 -15.582402
v -11.614009 -0.218971 -15.544100
v -11.547738 -0.215756 -15.456754
v -11.604671 -0.147419 -15.407159
v -11.695688 -0.201235 -15.627082
v -11.691498 -0.092107 -15.589343
v -11.644489 -0.126296 -15.499873
v -11.658932 -0.040776 -15.454049
v -11.739730 -0.036540 -15.680421
v -11.663292 0.106928 -15.667809
v -11.679580 -0.000379 -15.547077
v -11.618176 0.151909 -15.693727
v -11.641003 0.111647 -15.597974
v -11.446646 0.183632 -15.769522
v -11.595970 0.149186 -15.623577
v -11.392968 0.158147 -15.795196
v -11.432951 0.167393 -15.698881
v -11.369283 0.125207 -15.656488
v -11.302236 0.018120 -15.944218
v -11.311194 -0.004914 -15.874976
v -11.307109 -0.045308 -15.737142
v -11.387764 -0.139813 -15.952653
v -11.406669 -0.184684 -15.814578
v -11.490957 -0.168412 -16.002888
v -11.451720 -0.178109 -15.909650
v -11.528378 -0.201943 -15.867304
v -11.594300 -0.132331 -16.053410
v -11.565342 -0.165041 -15.960424
v -11.615899 -0.132578 -15.985352
v -11.665438 0.016022 -16.128035
v -11.565060 0.167329 -16.199644
v -11.439309 0.208824 -16.248465
v -11.313890 0.153672 -16.287754
v -11.266890 0.095097 -16.309319
v -11.355226 -0.289975 -16.435816
v -12.199300 0.211019 -14.667400
v -12.113479 0.390875 -14.741568
v -11.812200 0.642179 -14.890450
v -11.427713 0.688875 -15.019543
v -11.101164 0.531096 -15.156557
v -11.250724 -0.095601 -20.781847
v -11.184217 -0.132528 -20.812580
v -11.257483 -0.223999 -20.841253
v -11.343780 -0.134362 -20.772818
v -11.333700 -0.060338 -20.716930
v -11.299684 -0.072285 -20.750113
v -11.602311 -0.326623 -20.929596
v -11.186590 -0.364020 -20.774490
v -11.651560 -0.396036 -20.895720
v -11.313268 -0.388543 -20.452644
v -11.753667 -0.382056 -20.590755
v -11.693565 -0.228891 -20.511507
v -11.230869 -0.384352 -14.700171
v -11.469014 -0.526761 -14.774475
v -11.755233 -0.493052 -14.870014
v -12.004044 -0.284767 -14.958521
v -12.112026 0.044871 -15.072397
v -11.903973 0.536390 -15.275137
v -11.745931 0.635945 -15.346847
v -11.197758 0.644098 -15.566135
v -11.024982 0.533620 -15.636747
v -10.865827 -0.132332 -15.560367
v -10.780377 -0.018682 -15.859797
v -11.161934 -0.588048 -15.769855
v -11.059711 -0.535585 -16.084402
v -11.337872 -0.669051 -15.842908
v -11.425611 -0.681291 -16.215528
v -11.722286 -0.663043 -15.986689
v -11.792497 -0.599602 -16.347363
v -12.032053 -0.202311 -16.558880
v -11.994328 0.425113 -16.553757
v -11.891967 0.222641 -16.707754
v -11.849744 0.524607 -16.631332
v -11.677624 0.359358 -16.788795
v -11.356443 0.547142 -16.840405
v -11.452439 0.359144 -16.859789
v -11.222838 0.469700 -16.897604
v -11.358893 0.316392 -16.889124
v -11.067622 0.225263 -16.991056
v -11.249125 -0.092184 -17.010860
v -11.204836 -0.246714 -17.142500
v -11.428848 -0.214400 -17.085163
v -11.497301 -0.208963 -17.111685
v -11.575646 -0.273538 -17.257835
v -11.610268 -0.144578 -17.161308
v -11.696787 -0.154237 -17.309219
v -11.661344 -0.036865 -17.210209
v -11.725080 -0.004589 -17.362974
v -11.640956 0.073342 -17.259796
v -11.666384 0.124171 -17.416031
v -11.558037 0.141932 -17.310345
v -11.457208 0.148253 -17.355501
v -11.432785 0.172920 -17.498169
v -11.376554 0.086733 -17.399824
v -11.360621 -0.062675 -17.469185
v -11.428151 -0.141798 -17.520004
v -11.478142 -0.160831 -17.545435
v -11.493910 -0.136969 -17.681171
v -11.587485 -0.130172 -17.593575
v -11.587262 -0.097776 -17.730516
v -11.659403 -0.035040 -17.642443
v -11.655615 0.094688 -17.687387
v -11.608776 0.097181 -17.824867
v -11.621782 0.155560 -17.706491
v -11.516644 0.161468 -17.871170
v -11.500644 0.230386 -17.752321
v -11.395617 0.149190 -17.919083
v -11.264509 0.168511 -17.837626
v -11.300292 0.060757 -17.966276
v -11.177086 -0.102409 -17.918028
v -11.381159 -0.391008 -18.041636
v -11.516315 -0.268650 -18.106613
v -11.502820 -0.436617 -18.079712
v -11.697393 -0.227186 -18.156546
v -11.782897 -0.404273 -18.166395
v -11.832593 -0.067579 -18.217434
v -12.050133 -0.028970 -18.348879
v -11.843046 0.165484 -18.290668
v -11.959613 0.297048 -18.493271
v -11.687494 0.383569 -18.392172
v -11.690092 0.534416 -18.651577
v -11.401297 0.483265 -18.509079
v -11.322683 0.550432 -18.809834
v -11.114341 0.370477 -18.625660
v -11.027818 0.338176 -18.947546
v -10.945778 0.078461 -18.738874
v -10.923564 0.004480 -19.079941
v -10.979301 -0.278371 -18.852255
v -11.048448 -0.333738 -19.190842
v -11.245336 -0.553628 -18.978640
v -11.349824 -0.516088 -19.292459
v -11.631899 -0.592579 -19.117336
v -11.680650 -0.474628 -19.397402
v -11.960454 -0.374106 -19.255915
v -11.902430 -0.232767 -19.496771
v -12.071177 -0.006365 -19.396090
v -11.919789 0.056823 -19.588982
v -11.934225 0.343197 -19.516905
v -11.746076 0.248463 -19.622555
v -11.533595 0.291596 -19.662434
v -11.365340 0.208931 -19.695024
v -11.295762 0.061464 -19.727238
v -11.328488 -0.076908 -19.760960
v -11.430266 -0.155591 -19.800148
v -11.546350 -0.139216 -19.839399
v -11.613775 -0.053968 -19.881666
v -11.607892 0.049510 -19.920137
v -11.578611 0.089522 -19.939812
v -10.965686 -0.158466 -15.477020
v -11.238876 -0.555326 -15.647212
v -11.578513 -0.636906 -15.779886
v -11.917129 -0.511275 -15.910831
v -12.173630 -0.031205 -16.147144
v -11.976207 0.500675 -16.414135
v -11.636705 0.649674 -16.585007
v -11.279169 0.601596 -16.738081
v -11.131567 0.507842 -16.806370
v -11.043382 -0.242298 -17.098780
v -11.391067 -0.425083 -17.226849
v -11.508945 -0.402132 -17.265312
v -11.696422 -0.279750 -17.329584
v -11.782764 -0.103479 -17.394968
v -11.755336 0.076789 -17.452410
v -11.651630 0.197535 -17.505375
v -11.507932 0.227466 -17.542133
v -11.378263 0.168794 -17.580252
v -11.317241 -0.006265 -17.646952
v -11.376871 -0.104670 -17.690109
v -11.422499 -0.133978 -17.711813
v -11.527569 -0.135883 -17.759258
v -11.609456 -0.071957 -17.807619
v -11.627588 0.025659 -17.855219
v -11.609107 0.074093 -17.878632
v -11.528705 0.140009 -17.926380
v -11.368423 0.105937 -17.998259
v -11.313993 -0.055239 -18.069376
v -11.439560 -0.201578 -18.134417
v -11.508697 -0.216037 -18.153669
v -11.654485 -0.175218 -18.198219
v -11.771894 0.051065 -18.275595
v -11.710013 0.240729 -18.343590
v -11.514416 0.380146 -18.427607
v -11.256586 0.370991 -18.507614
v -11.065018 0.175237 -18.600187
v -11.007916 -0.126554 -18.691628
v -11.163117 -0.431116 -18.796633
v -11.496350 -0.589993 -18.918066
v -11.862099 -0.481188 -19.055460
v -12.079308 -0.152326 -19.190884
v -12.029681 0.243413 -19.331083
v -11.518137 0.280655 -17.599438
v -11.366642 0.209241 -17.640329
v -11.290962 0.008412 -17.706081
v -11.349525 -0.108718 -17.745230
v -11.397965 -0.145420 -17.766266
v -11.513221 -0.153726 -17.812691
v -11.604130 -0.090810 -17.859505
v -11.628990 0.005885 -17.906952
v -11.614566 0.054887 -17.930546
v -11.543585 0.125636 -17.979057
v -11.391882 0.107200 -18.052584
v -11.332944 -0.035719 -18.123571
v -11.438315 -0.167689 -18.188051
v -11.497269 -0.181470 -18.208616
v -11.619390 -0.145968 -18.253155
v -11.709543 0.042292 -18.328054
v -11.652954 0.194836 -18.384617
v -11.410771 -0.113456 -18.346462
v -11.455193 -0.134197 -18.370474
v -11.553026 -0.124268 -18.418650
v -11.608081 -0.064506 -18.519714
v -11.635171 0.000163 -18.492924
v -11.623179 0.035850 -18.566257
v -11.604872 0.102907 -18.538210
v -11.569268 0.119251 -18.609962
v -11.430520 -0.111036 -20.587122
v -11.569960 -0.094801 -20.647598
v -11.396212 -0.078861 -20.565355
v -11.394786 -0.067676 -20.591867
v -11.397098 0.066147 -20.524862
v -11.430068 0.099098 -20.502249
v -11.425712 -0.100731 -20.613792
v -11.433242 0.145616 -20.597694
v -11.621172 0.121003 -20.535736
v -11.670465 0.064885 -20.517817
v -11.383957 0.109315 -20.617683
v -11.355378 -0.057519 -20.681854
v -11.126925 -0.325791 -20.308842
v -11.630827 -0.463931 -20.378765
v -11.512870 -0.267496 -20.433678
v -11.213186 -0.187207 -20.372730
v -11.648211 -0.278462 -20.482035
v -11.604258 -0.228298 -20.455528
v -11.774301 -0.374476 -20.426052
v -11.708736 -0.334607 -20.476643
v -11.825582 0.170657 -20.587543
v -11.769633 0.118056 -20.585049
v -11.685100 0.195851 -20.605534
v -11.401329 0.219320 -20.665554
v -11.333526 0.163173 -20.684935
v -11.619869 -0.034168 -18.595821
v -11.614097 0.067762 -18.638723
v -11.536278 0.124911 -18.681492
v -11.438084 0.122171 -18.726704
v -11.365663 0.059087 -18.773174
v -11.353040 -0.039949 -18.820921
v -11.560291 -0.091379 -20.677073
v -11.388350 -0.102771 -20.703356
v -11.547360 -0.115298 -20.769707
v -11.558063 -0.123364 -20.337885
v -11.290588 0.441827 -20.140327
v -11.355805 0.389524 -20.200054
v -11.168123 0.174625 -20.267656
v -11.688285 -0.334332 -19.438595
v -11.845573 -0.336102 -19.544899
v -11.976489 -0.018141 -19.643311
v -11.802499 0.325202 -19.650372
v -11.889210 0.331770 -19.757584
v -11.681853 0.439709 -19.710419
v -11.756132 0.462426 -19.825031
v -11.184420 0.421379 -19.897852
v -11.224816 0.452577 -20.024832
v -11.011254 0.161415 -20.148695
v -11.501821 -0.122854 -19.010639
v -11.588928 -0.085893 -19.054846
v -11.630546 0.002778 -19.097843
v -11.597482 0.106415 -19.145870
v -11.491554 0.169604 -19.190365
v -11.362928 0.150918 -19.231640
v -11.269308 0.045976 -19.266735
v -11.267206 -0.106988 -19.309280
v -11.343709 -0.143654 -19.380913
v -11.376527 -0.245332 -19.354086
v -11.472368 -0.220543 -19.424067
v -11.562723 -0.289973 -19.408272
v -11.629084 -0.193789 -19.477224
v -11.693051 -0.136300 -19.507164
v -11.813206 0.040325 -19.543879
v -11.722493 0.285109 -19.608986
v -11.571599 0.301116 -19.643599
v -11.618360 0.376479 -19.653645
v -11.234243 0.263622 -19.753304
v -11.095709 0.027451 -19.830835
v -11.833306 0.339756 -20.299314
v -11.167549 0.107659 -20.319403
v -11.209171 -0.281149 -20.414450
v -11.195328 0.347840 -19.803673
v -11.019544 0.072751 -19.910686
v -11.171758 -0.410513 -20.069830
v -11.721944 -0.443435 -20.133198
v -11.685716 -0.475967 -20.259384
v -11.862556 -0.341559 -20.193344
v -11.833363 -0.375816 -20.316959
v -11.741889 0.353856 -20.569481
v -11.697770 0.452237 -20.354599
v -11.740881 0.431321 -20.479530
v -11.195409 0.387983 -20.523876
v -11.077104 0.255490 -20.577557
v -11.312291 0.336731 -20.686066
v -11.139740 0.264499 -20.684088
v -11.074491 -0.239211 -20.732473
v -11.747183 -0.051683 -20.987751
v -11.771335 0.144920 -21.054850
v -11.644475 0.076940 -20.970829
v -11.664967 -0.031381 -20.932720
v -11.583171 0.186173 -21.046993
v -11.562924 0.154164 -21.012863
v -11.639264 0.278371 -21.103643
v -11.609679 0.227919 -21.081205
v -11.475061 0.326457 -21.140730
v -11.468765 0.265141 -21.124214
v -11.480002 0.390775 -21.138050
v -11.668741 0.336491 -21.102455
v -11.942573 0.334383 -14.134094
v -11.932647 0.338443 -14.049879
v -11.726726 0.492898 -14.193347
v -11.711919 0.480338 -14.080764
v -11.537511 0.504805 -14.189428
v -11.437273 0.490108 -14.113083
v -11.526905 0.493692 -14.101851
v -11.448410 0.513685 -14.255548
v -11.292091 0.442672 -14.227216
v -11.285614 0.426444 -14.125879
v -11.288745 0.453966 -14.284601
v -11.246140 0.378421 -14.239849
v -11.225831 0.277311 -14.133302
v -11.243315 0.358642 -14.129571
v -11.211443 0.313428 -14.317427
v -11.223170 0.218404 -14.266665
v -11.253464 0.111168 -14.146574
v -11.232340 0.194187 -14.138560
v -11.175768 0.243063 -14.399734
v -11.216451 0.145199 -14.348936
v -11.256898 0.055662 -14.292100
v -11.313779 -0.045811 -14.174505
v -11.279826 0.030150 -14.158570
v -11.261416 -0.016258 -14.372549
v -11.326193 -0.085479 -14.321032
v -11.412853 -0.165426 -14.215674
v -11.357676 -0.113662 -14.194336
v -11.353985 -0.137205 -14.402164
v -10.951559 0.284210 -14.522685
v -11.182487 0.152077 -14.415875
v -10.981139 0.023796 -14.575785
v -11.228148 -0.020571 -14.438761
v -11.120150 -0.197885 -14.625375
v -11.326425 -0.148630 -14.466373
v -11.459977 -0.204651 -14.502581
v -11.480167 -0.185582 -14.440001
v -11.516601 -0.333039 -14.720001
v -11.584624 -0.168700 -14.545087
v -11.561627 -0.161932 -14.398970
v -11.653417 -0.067283 -14.591293
v -11.657043 -0.044027 -14.528875
v -11.611972 -0.127510 -14.420235
v -11.749887 0.007039 -14.832632
v -11.652959 0.047937 -14.638721
v -11.648654 0.070446 -14.576194
v -11.727150 0.080489 -14.858851
v -11.589162 0.138175 -14.681950
v -11.577075 0.158010 -14.619006
v -11.621855 0.148665 -14.537212
v -11.628586 0.184589 -14.911105
v -11.483902 0.177603 -14.725718
v -11.462497 0.187587 -14.660049
v -11.511485 0.207005 -14.576878
v -11.372454 0.148560 -14.771285
v -11.344494 0.148894 -14.705271
v -11.374295 0.193576 -14.618340
v -11.304204 0.053636 -14.815605
v -11.276176 0.040588 -14.745800
v -11.266159 0.103772 -14.660152
v -11.294157 -0.067984 -14.861609
v -11.271112 -0.094178 -14.791207
v -11.224641 -0.042481 -14.700933
v -11.350505 -0.210850 -14.836644
v -11.270588 -0.195401 -14.748842
v -11.360761 -0.171587 -14.905098
v -11.491998 -0.265082 -14.879782
v -11.405645 -0.306238 -14.797692
v -11.483402 -0.220517 -14.945312
v -11.650607 -0.240088 -14.930925
v -11.590124 -0.327943 -14.850863
v -11.620425 -0.205871 -14.994532
v -11.779170 -0.124093 -14.992433
v -11.772029 -0.237825 -14.911356
v -11.729512 -0.111112 -15.056602
v -11.819229 0.064450 -15.047071
v -11.888400 -0.046635 -14.978251
v -11.758134 0.046070 -15.105616
v -11.876823 0.208275 -15.039053
v -11.627800 0.266478 -15.184519
v -11.725252 0.419707 -15.122379
v -11.546910 0.306419 -15.215889
v -11.610171 0.481314 -15.175810
v -11.266668 0.265445 -15.308549
v -11.117357 0.260219 -15.333560
v -11.195384 0.455341 -15.317822
v -11.181917 0.189399 -15.342093
v -11.513463 0.254461 -15.030918
v -11.431922 0.202425 -14.983988
v -11.668120 0.214584 -14.980444
v -11.375331 0.205536 -15.081778
v -11.336845 0.121874 -15.032221
v -11.295797 0.092831 -15.127438
v -11.304981 0.005582 -15.075205
v -11.288561 -0.039259 -15.168550
v -11.340008 -0.103720 -15.117350
v -11.353693 -0.142361 -15.213415
v -11.431666 -0.167618 -15.163142
v -11.462346 -0.186258 -15.261955
v -11.540882 -0.173934 -15.211056
v -11.570901 -0.161946 -15.310167
v -11.630787 -0.109649 -15.262409
v -11.643229 -0.076048 -15.358935
v -11.668109 -0.001103 -15.313310
v -11.661492 0.041152 -15.409561
v -11.605910 0.161484 -15.390081
v -11.554119 0.191292 -15.414939
v -11.371245 0.161002 -15.490938
v -11.320724 0.117525 -15.518166
v -11.294110 -0.063747 -15.667255
v -11.273269 -0.085534 -15.596054
v -11.075018 -0.160970 -15.447472
v -11.412214 -0.216570 -15.743631
v -11.413567 -0.257241 -15.670172
v -11.312524 -0.491044 -15.574216
v -11.478879 -0.235934 -15.771303
v -11.574729 -0.277768 -15.728869
v -11.609786 -0.546917 -15.684490
v -11.454664 -0.539941 -15.628228
v -11.619421 -0.206803 -15.824130
v -11.730095 -0.191245 -15.783407
v -11.764741 -0.507557 -15.739165
v -11.906637 -0.424917 -15.795875
v -11.828985 0.101020 -15.873099
v -12.128495 0.033061 -16.002716
v -11.602470 0.332464 -16.028744
v -11.657343 0.409445 -16.011414
v -11.916370 0.538036 -16.264538
v -11.504428 0.381681 -16.061937
v -11.404315 0.499980 -16.112745
v -11.569149 0.679230 -16.439440
v -11.754466 0.633923 -16.353611
v -11.202526 0.613865 -16.597685
v -11.145562 0.338334 -16.154854
v -11.116003 0.427019 -16.207680
v -11.049200 0.507637 -16.671658
v -11.056406 0.238610 -16.199980
v -11.003871 0.317587 -16.264277
v -10.873390 0.185186 -16.813452
v -10.974163 -0.044803 -16.302372
v -10.980085 -0.334875 -17.031923
v -11.069749 -0.489500 -16.602053
v -11.106150 -0.452832 -17.093185
v -11.289563 -0.568941 -16.549702
v -11.577657 -0.668407 -16.827606
v -11.549671 -0.502431 -17.253740
v -11.406747 -0.535940 -17.202913
v -11.757748 -0.627534 -16.905916
v -11.771247 -0.342176 -17.341450
v -11.673631 -0.434771 -17.298668
v -11.950718 -0.478385 -16.840071
v -12.037905 -0.393200 -17.063700
v -11.864428 -0.117265 -17.427773
v -11.835140 -0.233859 -17.385834
v -12.133142 -0.160266 -16.992771
v -12.130703 -0.033229 -17.219589
v -11.823615 0.108037 -17.495649
v -11.858223 0.000164 -17.463219
v -12.107635 0.213865 -17.138933
v -12.024975 0.320459 -17.349798
v -11.694434 0.256726 -17.558069
v -11.767694 0.195961 -17.528547
v -11.886874 0.514130 -17.276838
v -11.126253 0.183866 -21.148205
v -11.155691 0.299413 -21.136965
v -11.085286 0.128665 -21.108187
v -11.161823 0.432863 -20.903282
v -11.319221 0.307178 -21.168760
v -11.330438 0.246544 -21.158985
v -11.307430 0.372119 -21.156168
v -11.216434 0.190059 -21.171078
v -11.145509 0.098903 -21.116453
v -11.228106 0.128139 -21.137495
v -11.456733 0.541719 -21.007925
v -11.195723 0.044971 -20.987991
v -11.190803 0.053462 -20.925665
v -11.321915 0.082899 -20.963865
v -11.306676 0.164001 -20.782793
v -11.210253 0.142837 -20.797993
v -11.126853 0.044140 -20.998127
v -11.182978 0.168776 -20.785746
v -11.445336 0.140317 -21.022614
v -11.528582 0.105577 -20.861336
v -11.333403 0.115848 -21.065533
v -11.212742 0.090111 -21.102037
v -11.791341 -0.324011 -18.100889
v -11.894844 -0.349908 -18.026541
v -11.976228 -0.046328 -18.149391
v -11.791065 -0.071841 -18.173012
v -11.658083 -0.223523 -18.067490
v -11.713001 -0.276565 -18.104494
v -11.854845 0.043997 -18.227751
v -11.778377 0.021436 -18.202042
v -12.020268 0.159076 -18.131592
v -11.945846 0.092788 -18.204384
v -11.728534 0.210496 -18.286135
v -11.681374 0.160484 -18.249186
v -11.819801 0.384017 -18.262222
v -11.783054 0.290434 -18.296473
v -11.553202 0.260971 -18.338861
v -11.468331 0.196812 -18.314732
v -11.522078 0.175028 -18.240004
v -11.546344 0.426594 -18.375885
v -11.453873 0.306503 -18.410765
v -11.393178 0.202310 -18.388437
v -11.404416 0.139455 -18.280584
v -11.314570 0.309090 -18.460579
v -11.260516 0.096450 -18.482996
v -11.367009 -0.108166 -18.453268
v -11.339293 0.041660 -18.323946
v -11.301962 -0.134759 -18.564142
v -11.385331 -0.153111 -18.533905
v -11.411997 -0.139441 -18.477978
v -11.326073 -0.226054 -18.639359
v -11.357970 -0.180068 -18.589563
v -11.501447 -0.167428 -18.582216
v -11.517182 -0.145618 -18.525820
v -11.488420 -0.246074 -18.692715
v -11.490823 -0.198769 -18.639259
v -11.616673 -0.265273 -16.580828
v -11.592052 -0.219231 -16.637154
v -11.747508 -0.291799 -16.568382
v -11.658199 -0.427307 -16.534706
v -11.641981 -0.336167 -16.539379
v -11.773708 -0.159362 -16.618483
v -11.909064 -0.114908 -16.637304
v -11.900897 -0.295308 -16.628170
v -11.721148 -0.128848 -16.673605
v -11.849834 0.027610 -16.681509
v -11.947981 0.140739 -16.738745
v -12.045272 -0.031704 -16.740843
v -11.777668 0.027155 -16.727571
v -11.794445 0.240697 -16.772457
v -11.801636 0.386348 -16.849470
v -11.997463 0.280501 -16.866203
v -11.724660 0.200858 -16.803017
v -11.608922 0.402196 -16.863956
v -11.756564 0.527264 -16.996601
v -11.566973 0.326944 -16.876469
v -11.205204 0.514279 -17.102406
v -11.594370 0.597487 -17.066444
v -11.078931 0.334019 -17.077370
v -11.084208 0.501002 -17.313902
v -11.126127 0.247096 -17.029860
v -10.982189 0.212709 -17.142952
v -10.962132 0.362998 -17.399906
v -10.951886 -0.280499 -17.341640
v -10.887398 -0.170416 -17.634756
v -11.181764 -0.546552 -17.502068
v -11.283230 -0.586635 -17.730301
v -11.091289 -0.446742 -17.780260
v -11.589299 -0.582931 -17.523008
v -11.528658 -0.624070 -17.665524
v -11.633319 -0.565395 -17.882685
v -11.404536 -0.534903 -17.921942
v -11.915890 -0.435740 -17.671986
v -11.867361 -0.482644 -17.823036
v -11.691081 -0.431405 -18.045710
v -12.047001 0.234128 -18.009020
v -11.813640 0.474966 -18.165403
v -11.500756 0.516985 -18.314072
v -11.231688 0.369526 -18.439081
v -11.285796 -0.296809 -18.677685
v -11.497346 -0.315778 -18.738340
v -11.652234 -0.223035 -18.793943
v -11.615959 -0.171678 -18.742283
v -11.632092 -0.081474 -18.705860
v -11.596397 -0.105467 -18.628241
v -11.714556 -0.069053 -18.821938
v -11.671763 -0.046020 -18.775183
v -11.643284 0.034959 -18.740698
v -11.634848 0.000541 -18.670002
v -11.675262 0.074022 -18.851704
v -11.640597 0.073197 -18.807106
v -11.573391 0.110959 -18.778940
v -11.597302 0.090498 -18.709482
v -11.564973 0.154018 -18.895321
v -11.543880 0.138286 -18.848097
v -11.474130 0.129022 -18.823164
v -11.505306 0.125478 -18.752104
v -11.439816 0.125930 -18.895870
v -11.393787 0.078093 -18.872723
v -11.414232 0.100925 -18.799265
v -11.445252 0.146534 -18.944809
v -11.376083 0.050621 -18.946098
v -11.368024 -0.010151 -18.921068
v -11.362792 0.023745 -18.848190
v -11.367914 0.068035 -18.996250
v -11.374389 -0.044237 -18.991911
v -11.409518 -0.094914 -18.965868
v -11.380589 -0.071847 -18.895245
v -11.358089 -0.034031 -19.042408
v -11.113790 0.099797 -16.189411
v -11.223608 -0.202052 -16.281965
v -11.398649 -0.159281 -16.115887
v -11.420239 -0.154374 -16.046303
v -11.303028 -0.260032 -16.316303
v -11.509791 -0.171700 -16.168274
v -11.527025 -0.160439 -16.097031
v -11.481634 -0.295794 -16.384893
v -11.576870 -0.139295 -16.122330
v -11.587169 0.112938 -16.327612
v -11.665211 0.095100 -16.522633
v -11.539077 0.142586 -16.351234
v -11.519817 0.165265 -16.288197
v -11.617090 0.142919 -16.542648
v -11.445024 0.167354 -16.610739
v -11.396771 0.139030 -16.634701
v -11.340772 0.047661 -16.683956
v -11.304410 -0.022954 -16.488880
v -11.276054 -0.041192 -16.421040
v -11.416053 -0.132226 -16.781256
v -11.452388 -0.215648 -16.588692
v -11.450380 -0.264999 -16.527660
v -11.614512 -0.110866 -16.882097
v -11.664570 -0.012807 -16.933996
v -11.638717 0.105340 -16.988352
v -11.543683 0.183344 -17.041014
v -11.293546 0.123714 -17.139000
v -11.627578 -0.304565 -17.356356
v -11.821347 -0.181460 -17.421822
v -11.852040 0.327211 -17.645477
v -11.625991 0.533732 -17.766788
v -11.305676 0.548533 -17.919317
v -11.016541 0.353688 -18.081251
v -11.293559 -0.545008 -18.512468
v -11.642529 -0.542579 -18.633801
v -11.894132 -0.357785 -18.746941
v -11.948839 -0.078302 -18.855656
v -11.831976 0.167655 -18.946693
v -11.625788 0.289699 -19.021381
v -11.408169 0.268027 -19.085968
v -11.271586 0.138299 -19.142941
v -11.252920 -0.031022 -19.192810
v -11.336113 -0.156801 -19.249414
v -11.418358 -0.106856 -19.089767
v -11.436955 -0.108927 -19.038086
v -11.468763 -0.193783 -19.305321
v -11.511889 -0.117053 -19.138525
v -11.529308 -0.110813 -19.085934
v -11.589784 -0.145167 -19.345516
v -11.589140 -0.067548 -19.182920
v -11.601248 -0.054713 -19.130980
v -11.645339 -0.040950 -19.380070
v -11.608898 0.018585 -19.225010
v -11.613987 0.037662 -19.175137
v -11.557890 0.096765 -19.265945
v -11.552414 0.119377 -19.217867
v -11.617342 0.066395 -19.414810
v -11.467572 0.126882 -19.306376
v -11.447836 0.144156 -19.258751
v -11.533699 0.127001 -19.448914
v -11.377752 0.088536 -19.345535
v -11.348100 0.092295 -19.296280
v -11.436102 0.114144 -19.485096
v -11.331344 -0.006025 -19.386644
v -11.300300 -0.019125 -19.336926
v -11.375545 0.040836 -19.523205
v -10.925346 0.143236 -14.584765
v -10.885916 -0.012591 -14.643093
v -10.915939 0.227595 -15.287489
v -10.822707 0.298465 -14.809068
v -10.811424 -0.284598 -15.037109
v -10.918498 -0.105739 -15.388326
v -10.946242 -0.341805 -14.763610
v -11.059173 -0.594302 -15.188929
v -11.094812 -0.354439 -15.486111
v -11.186497 -0.608810 -14.888663
v -11.424199 -0.724863 -15.336621
v -11.343636 -0.465473 -15.569921
v -11.543613 -0.710494 -15.028637
v -11.794769 -0.630514 -15.484593
v -11.585828 -0.414687 -15.630982
v -11.909918 -0.587602 -15.172718
v -12.039799 -0.348346 -15.625279
v -11.749825 -0.248901 -15.682253
v -12.156590 -0.269408 -15.310300
v -12.099118 0.019019 -15.743528
v -11.796659 -0.046989 -15.741566
v -12.192188 0.135225 -15.449974
v -11.972160 0.327813 -15.850011
v -11.741711 0.128379 -15.802279
v -11.852970 0.427895 -15.903089
v -11.685665 0.190871 -15.831582
v -11.437945 0.488236 -16.052639
v -11.469546 0.244240 -15.917579
v -10.869384 0.092114 -16.145977
v -11.101331 -0.349673 -16.306997
v -11.232121 -0.439474 -16.356400
v -11.521508 -0.490273 -16.449978
v -11.760676 0.125069 -16.645546
v -11.696772 0.189154 -16.667761
v -11.467953 0.233745 -16.743820
v -11.403442 0.206233 -16.768400
v -11.318613 0.104719 -16.815882
v -11.367300 -0.127713 -16.908773
v -11.576321 -0.134207 -17.010288
v -11.635598 -0.047391 -17.061089
v -11.627854 0.056072 -17.110687
v -11.560764 0.132539 -17.161160
v -11.363310 0.118290 -17.261368
v -11.580206 -0.203191 -17.452339
v -11.706392 -0.107358 -17.501175
v -11.695376 0.249199 -17.609190
v -11.523576 0.375690 -17.670113
v -11.281612 0.372891 -17.754831
v -11.065873 0.208905 -17.850416
v -11.409985 -0.571700 -18.244946
v -11.753508 -0.534677 -18.381151
v -12.011674 -0.307364 -18.518770
v -12.075433 0.029895 -18.667349
v -11.922647 0.339019 -18.824135
v -11.614374 0.488719 -18.974438
v -11.291848 0.424249 -19.095224
v -11.108784 0.200712 -19.181334
v -11.110391 -0.067783 -19.257099
v -11.251732 -0.270410 -19.328581
v -11.465328 -0.332947 -19.387594
v -11.660975 -0.246386 -19.437038
v -11.750857 -0.077823 -19.484169
v -11.709082 0.082562 -19.522619
v -11.587674 0.170187 -19.551167
v -11.454870 0.165367 -19.583351
v -11.366159 0.083573 -19.616873
v -11.356791 -0.024614 -19.653477
v -11.382494 -0.049754 -19.564756
v -11.365520 -0.112777 -19.429443
v -11.418514 -0.104662 -19.691977
v -11.450492 -0.111337 -19.608097
v -11.472979 -0.175380 -19.470867
v -11.514421 -0.119828 -19.732183
v -11.543415 -0.109607 -19.651989
v -11.600639 -0.150979 -19.517502
v -11.583033 -0.082311 -19.674349
v -11.651758 -0.103870 -19.543304
v -11.574921 0.106447 -19.766579
v -11.576542 0.072060 -19.842520
v -11.531680 0.135784 -19.790094
v -11.545006 0.103748 -19.866051
v -11.378840 0.106624 -19.862612
v -11.411566 0.099035 -19.936838
v -11.277869 0.200388 -19.757753
v -11.279399 0.424401 -14.076234
v -11.222291 0.270518 -14.073148
v -11.164439 0.379710 -13.923317
v -11.211876 0.174010 -14.009159
v -11.124512 0.161976 -13.886342
v -11.247227 0.095432 -14.079507
v -11.256548 -0.016135 -14.023357
v -11.168491 -0.082721 -13.894103
v -11.311518 -0.070629 -14.108497
v -11.354134 -0.177840 -14.065468
v -11.304848 -0.289092 -13.946230
v -11.422162 -0.193263 -14.153177
v -11.600701 -0.254163 -14.133077
v -11.575353 -0.217423 -14.194033
v -11.683196 -0.216503 -14.150055
v -11.781782 -0.347859 -14.061522
v -11.705192 -0.130208 -14.231381
v -11.889239 -0.264030 -14.090584
v -11.767117 0.018990 -14.280519
v -11.729971 0.186369 -14.331697
v -11.597610 0.319530 -14.382009
v -11.721900 0.311503 -14.310417
v -11.894173 0.430621 -14.322091
v -11.396160 0.361249 -14.429836
v -11.521400 0.433754 -14.377125
v -11.617793 0.626563 -14.444987
v -11.171443 0.288093 -14.478990
v -11.253131 0.434332 -14.441847
v -11.262362 0.647677 -14.580362
v -11.017200 0.087148 -14.557074
v -11.005679 0.277143 -14.526937
v -10.935827 0.461068 -14.726665
v -10.997360 -0.184300 -14.642084
v -11.141393 -0.447845 -14.737453
v -11.420096 -0.620290 -14.839270
v -11.757706 -0.597257 -14.963641
v -12.050048 -0.370931 -15.076980
v -12.180607 -0.006819 -15.207483
v -11.971986 0.531122 -15.423205
v -11.810841 0.645586 -15.496120
v -11.240864 0.678986 -15.724658
v -11.061918 0.578269 -15.799366
v -10.801222 0.044803 -16.021770
v -11.064506 -0.448887 -16.220404
v -11.391327 -0.597885 -16.335520
v -11.720609 -0.538899 -16.444521
v -11.927186 -0.201728 -16.595718
v -11.824207 0.160811 -16.695059
v -11.652349 0.281380 -16.753569
v -11.467935 0.286612 -16.810364
v -11.390715 0.254099 -16.835251
v -11.293250 -0.082845 -16.948500
v -11.450560 -0.186050 -17.021362
v -11.510962 -0.179902 -17.047695
v -11.608068 -0.117429 -17.098612
v -11.645972 -0.015802 -17.147776
v -11.616821 0.083936 -17.196911
v -11.534041 0.143261 -17.247910
v -11.434440 0.145935 -17.296494
v -11.357783 0.075191 -17.342030
v -11.358167 -0.086527 -17.409349
v -11.437912 -0.167263 -17.460691
v -11.493817 -0.184456 -17.487024
v -11.615902 -0.143349 -17.534861
v -11.694548 -0.029330 -17.583736
v -11.687521 0.125248 -17.630106
v -11.648750 0.199989 -17.648556
v -11.504255 0.295318 -17.697437
v -11.211138 0.232836 -17.798311
v -11.079892 -0.104927 -17.916271
v -11.320409 -0.464920 -18.084909
v -11.464326 -0.517642 -18.140850
v -11.782379 -0.481069 -18.255997
v -12.083432 -0.085682 -18.462423
v -12.013576 0.258229 -18.618856
v -11.749327 0.507996 -18.785786
v -11.384248 0.536554 -18.941839
v -11.092425 0.347991 -19.066887
v -10.995190 0.042844 -19.173950
v -11.097595 -0.255154 -19.269455
v -11.343069 -0.421681 -19.348734
v -11.619117 -0.396041 -19.426477
v -11.808553 -0.206555 -19.496233
v -11.831237 0.023329 -19.563293
v -11.699604 0.179695 -19.588661
v -11.531197 0.225196 -19.617865
v -11.390471 0.166510 -19.647907
v -11.329562 0.045619 -19.681314
v -11.358515 -0.069553 -19.717216
v -11.447798 -0.133944 -19.755470
v -11.549628 -0.115494 -19.795767
v -11.601962 -0.034737 -19.839031
v -11.589265 0.059523 -19.880491
v -11.559873 0.094639 -19.902405
v -11.442459 0.109413 -20.001778
v -11.427899 0.101742 -19.969553
v -11.371153 0.028528 -20.015043
v -11.358376 0.016076 -19.982637
v -11.325708 -0.002619 -19.907869
v -11.421328 -0.100565 -20.081282
v -11.557404 -0.107206 -20.148594
v -11.595908 -0.073846 -20.171120
v -11.589337 0.146902 -20.232893
v -11.577075 0.105592 -20.300161
v -11.580853 0.124539 -20.267927
v -11.636259 0.214836 -20.166031
v -11.529601 0.153176 -20.291475
v -11.551676 0.268027 -20.192997
v -11.356450 0.102054 -20.357513
v -11.241145 0.203289 -20.285915
v -11.322150 0.045685 -20.377340
v -12.056643 -0.238917 -13.994634
v -11.719184 0.115587 -21.033709
v -11.541219 0.518707 -14.236556
v -11.238805 0.390959 -14.300592
v -11.206491 0.230333 -14.333984
v -11.233821 0.061553 -14.360949
v -11.302052 -0.083885 -14.386263
v -11.199246 0.062493 -14.427881
v -11.271294 -0.091995 -14.451524
v -11.526638 -0.197179 -14.523219
v -11.541702 -0.174695 -14.460429
v -11.594753 -0.144157 -14.481980
v -11.627826 0.097939 -14.660638
v -11.619728 0.119809 -14.598120
v -11.539797 0.165532 -14.703588
v -11.523041 0.180877 -14.639227
v -11.425647 0.171979 -14.748503
v -11.400315 0.177316 -14.682745
v -11.331744 0.107244 -14.793411
v -11.303030 0.101149 -14.725584
v -11.290518 -0.006661 -14.838594
v -11.264185 -0.026286 -14.768035
v -11.301020 -0.157791 -14.814241
v -11.318597 -0.124676 -14.883883
v -11.416169 -0.247081 -14.857924
v -11.417571 -0.203571 -14.924938
v -11.571976 -0.263455 -14.903920
v -11.552628 -0.222315 -14.968126
v -11.722396 -0.192872 -14.961384
v -11.681974 -0.168091 -15.025675
v -11.812757 -0.036040 -15.021206
v -11.755279 -0.037070 -15.082355
v -11.794658 0.170542 -15.069394
v -11.736936 0.130344 -15.129061
v -11.665054 0.338989 -15.134478
v -11.569027 0.387443 -15.175752
v -11.226431 0.351805 -15.287868
v -11.496293 0.216070 -14.959463
v -11.377707 0.169266 -15.008530
v -11.312532 0.065532 -15.054192
v -11.314408 -0.052636 -15.096026
v -11.380975 -0.142271 -15.139869
v -11.486440 -0.179088 -15.186730
v -11.590581 -0.149408 -15.236543
v -11.656753 -0.058796 -15.287874
v -11.664485 0.059175 -15.339085
v -11.491138 -0.279695 -15.699183
v -11.657218 -0.247800 -15.756914
v -11.540276 0.471859 -16.062584
v -10.888969 -0.000037 -16.388847
v -11.218228 -0.595269 -16.675905
v -11.915878 -0.532277 -16.984528
v -12.109684 -0.220863 -17.143690
v -12.100451 0.151738 -17.286486
v -11.910324 0.459355 -17.414942
v -11.088651 0.243396 -21.103668
v -11.210571 0.479548 -20.965372
v -11.174425 0.145155 -21.152908
v -11.310182 0.504214 -21.045532
v -11.122952 0.057379 -20.933649
v -11.548358 0.131080 -20.976923
v -11.539700 0.208701 -18.292389
v -11.559621 0.337429 -18.375422
v -11.403955 0.166646 -18.335022
v -11.365891 0.251571 -18.436995
v -11.325378 0.060633 -18.377823
v -11.839230 -0.216472 -16.599703
v -11.948931 0.008166 -16.685150
v -11.895369 0.270796 -16.793591
v -11.677326 0.475404 -16.906164
v -11.529847 0.531157 -16.966017
v -11.063251 0.425553 -17.179298
v -10.951458 0.292753 -17.257982
v -10.896267 -0.235946 -17.485069
v -11.119416 -0.516476 -17.646805
v -11.460783 -0.602539 -17.808125
v -11.782079 -0.476409 -17.956379
v -11.599662 -0.133843 -18.685871
v -11.647673 -0.021962 -18.723539
v -11.615806 0.079558 -18.759123
v -11.524197 0.128286 -18.800272
v -11.429096 0.110648 -18.847662
v -11.372896 0.036282 -18.897301
v -11.380774 -0.056576 -18.943703
v -10.762259 0.108768 -14.886211
v -11.238891 0.354139 -14.074661
v -11.227832 0.354904 -14.020647
v -11.227446 0.183366 -14.074111
v -11.274506 0.009462 -14.091290
v -11.360502 -0.140929 -14.130161
v -11.646337 -0.185087 -14.212053
v -11.674309 0.261088 -14.357054
v -11.503290 0.353590 -14.406349
v -11.281031 0.340489 -14.452234
v -11.080938 0.200844 -14.515553
v -10.987911 -0.044592 -14.598701
v -11.049837 -0.321903 -14.688876
v -11.268079 -0.552571 -14.786193
v -11.587650 -0.635208 -14.900858
v -11.917232 -0.506367 -15.020303
v -12.139976 -0.199345 -15.139809
v -12.165538 0.191434 -15.278696
v -11.220434 -0.547064 -16.278744
v -11.566213 -0.591568 -16.390636
v -11.743816 0.235620 -16.724010
v -11.287595 0.135112 -16.880112
v -11.335466 -0.136526 -16.971682
v -11.565042 -0.155707 -17.073423
v -11.635303 -0.069031 -17.123325
v -11.639304 0.036964 -17.172165
v -11.580049 0.119783 -17.222420
v -11.390755 0.118230 -17.319607
v -11.556189 -0.175052 -17.511276
v -11.663832 -0.093648 -17.559196
v -11.306275 0.284699 -17.763941
v -11.133911 0.143944 -17.832998
v -12.029166 -0.252253 -18.388882
v -12.076299 0.089756 -18.539019
v -11.901073 0.403905 -18.702127
v -11.568868 0.551715 -18.866779
v -11.220016 0.464005 -19.007685
v -11.017728 0.202439 -19.122015
v -11.024076 -0.115298 -19.223574
v -11.208955 -0.359892 -19.310167
v -11.484853 -0.432694 -19.388176
v -11.730671 -0.314833 -19.461618
v -11.841795 -0.088687 -19.532957
v -11.777715 0.114056 -19.578737
v -11.615285 0.216452 -19.602438
v -11.453783 0.206798 -19.632744
v -11.348688 0.109584 -19.664196
v -11.334223 -0.015784 -19.698973
v -11.398287 -0.110616 -19.736088
v -11.501306 -0.134509 -19.775248
v -12.055058 -0.238162 -13.978260
v -11.935839 0.345972 -14.019364
v -11.520082 0.502140 -14.062009
v -11.615745 -0.168443 -14.275238
v -11.646826 0.219474 -14.417082
v -11.499315 0.291145 -14.457592
v -11.316578 0.268441 -14.496607
v -11.159109 0.145951 -14.546739
v -11.089384 -0.057113 -14.601768
v -11.453442 0.170171 -21.061523
v -12.166577 -0.278257 -14.051711
v -12.045710 0.428954 -14.115425
v -11.505684 0.795745 -14.241932
v -11.480872 0.795448 -14.091784
v -10.933108 0.563284 -14.356022
v -10.891627 0.551721 -14.129807
v -10.786088 0.265385 -14.421243
v -10.734300 0.209439 -14.171598
v -10.741464 -0.185242 -14.248244
v -10.805642 -0.073784 -14.506424
v -10.948915 -0.525251 -14.360122
v -10.988467 -0.364982 -14.602368
v -11.704138 -0.679351 -14.629077
v -11.574761 -0.523810 -14.783339
v -11.703593 -0.458212 -14.825302
v -12.029781 0.229198 -14.977016
v -11.854555 0.111482 -14.985014
v -11.806612 0.449004 -15.082644
v -11.713756 0.263463 -15.046736
v -11.784455 -0.674359 -13.983054
v -11.726799 -0.652810 -13.953575
v -11.728140 -0.659166 -13.986185
v -11.758298 -0.676640 -13.991104
v -11.998010 0.015474 -20.722097
v -11.855318 0.069557 -20.586655
v -11.524367 0.309966 -15.098932
v -11.358426 0.253086 -15.151455
v -11.263607 0.122697 -15.198576
v -11.252482 -0.028759 -15.241426
v -11.320557 -0.148537 -15.287107
v -11.492044 0.305155 -16.101336
v -11.071253 -0.066541 -16.280857
v -11.356213 -0.500573 -16.472244
v -11.941892 -0.391004 -16.714788
v -12.109174 -0.092531 -16.850937
v -12.070763 0.259155 -16.990078
v -11.831017 0.538469 -17.128775
v -11.146924 0.539669 -17.459444
v -11.378778 -0.437728 -17.978096
v -11.625403 -0.362000 -18.064720
v -11.543558 0.543528 -14.283448
v -11.219338 0.410320 -14.362491
v -11.361763 -0.151700 -20.440083
v -11.600829 0.565515 -19.547085
v -11.283887 0.470540 -19.679407
v -11.205235 0.499982 -19.583273
v -11.108645 0.213776 -19.765930
v -11.020882 0.210411 -19.706686
v -11.110265 -0.067647 -19.830318
v -11.036733 -0.116049 -19.805868
v -11.265062 -0.274053 -19.899311
v -11.231579 -0.354602 -19.904436
v -11.505498 -0.389622 -19.978867
v -11.486485 -0.313145 -19.955713
v -11.588370 -0.268529 -19.974205
v -11.343424 0.109139 -18.650003
v -11.297523 -0.007996 -18.696611
v -11.342167 -0.147920 -18.742195
v -11.480333 -0.246406 -18.782537
v -11.664291 -0.238836 -18.820318
v -11.800873 -0.093429 -18.871685
v -11.801558 0.133950 -18.943287
v -11.646945 0.343414 -19.024431
v -11.385180 0.437128 -19.120829
v -11.092488 0.345485 -19.233299
v -10.927474 0.069859 -19.352749
v -11.007365 -0.281358 -19.478271
v -11.288448 -0.525654 -19.610268
v -11.665245 -0.536472 -19.738255
v -11.474895 -0.158438 -18.886812
v -11.596953 -0.145936 -18.925940
v -11.681343 -0.048643 -18.965347
v -11.678766 0.094922 -19.015841
v -11.568917 0.222533 -19.068907
v -11.385223 0.267413 -19.122208
v -11.186068 0.187879 -19.175962
v -11.082511 -0.015476 -19.235142
v -11.164916 -0.270635 -19.311157
v -11.402038 -0.447807 -19.398602
v -11.538804 0.129798 -20.753624
v -11.429230 0.168374 -20.769697
v -11.622468 0.062730 -20.938557
v -11.541833 0.433525 -20.697273
v -11.645715 0.246264 -20.626812
v -11.494503 0.367265 -20.675076
v -11.306031 0.414759 -20.739504
v -11.131332 0.367800 -20.844610
v -11.510778 0.500886 -15.162271
v -11.264304 0.396210 -15.245788
v -11.130441 0.190703 -15.322432
v -11.122958 -0.033264 -15.374763
v -11.226949 -0.202247 -15.425988
v -11.386215 -0.281766 -15.477316
v -11.436918 -0.203408 -15.337141
v -11.547435 -0.261206 -15.523505
v -11.556089 -0.183366 -15.384606
v -11.662034 -0.160479 -15.565886
v -11.638681 -0.098351 -15.430245
v -11.702391 -0.020229 -15.614946
v -11.666236 0.020690 -15.478754
v -11.625525 0.124075 -15.528937
v -11.580087 0.156036 -15.553802
v -11.416663 0.156832 -15.629489
v -11.437254 -0.161355 -15.977798
v -11.465668 -0.202521 -15.841139
v -11.545035 -0.158336 -16.028227
v -11.589467 -0.180207 -15.892179
v -11.643219 -0.139786 -15.916363
v -11.504596 0.197877 -16.224611
v -11.229678 -0.059069 -16.355785
v -11.438035 -0.333343 -16.472055
v -11.149967 -0.282122 -14.664516
v -11.339757 -0.471506 -14.735424
v -11.611028 -0.533290 -14.821520
v -11.891067 -0.408004 -14.913409
v -12.079680 -0.129967 -15.012164
v -12.095131 0.228220 -15.137276
v -11.233747 -0.634937 -16.150888
v -11.619872 -0.665521 -16.280382
v -11.790831 0.308261 -16.748863
v -11.237126 0.167563 -16.937916
v -11.298190 -0.155307 -17.034760
v -11.559489 -0.184342 -17.136847
v -11.644495 -0.093716 -17.185734
v -11.659988 0.020864 -17.234816
v -11.604774 0.114436 -17.285393
v -11.412134 0.124629 -17.377636
v -11.533899 -0.155536 -17.569654
v -11.630960 -0.088997 -17.618105
v -11.340146 0.214432 -17.809750
v -11.205544 0.095707 -17.862343
v -12.005366 -0.188025 -18.282471
v -12.031751 0.137397 -18.419136
v -11.843111 0.435953 -18.571321
v -11.508403 0.572739 -18.732336
v -11.157576 0.467003 -18.880310
v -10.948149 0.179673 -19.015327
v -10.959056 -0.174419 -19.137676
v -11.185557 -0.450194 -19.241745
v -11.520681 -0.523722 -19.345064
v -11.812249 -0.370339 -19.447319
v -11.938136 -0.083821 -19.547709
v -11.847808 0.169490 -19.609434
v -11.638478 0.288026 -19.641838
v -11.440004 0.262589 -19.679501
v -11.317238 0.138548 -19.710991
v -11.300980 -0.012296 -19.743597
v -11.373888 -0.126549 -19.780212
v -11.490713 -0.158405 -19.819565
v -11.401344 -0.620310 -15.712814
v -11.755563 -0.598374 -15.844337
v -11.818055 0.600614 -16.501324
v -10.962049 0.218660 -16.927488
v -11.145875 -0.346230 -17.144623
v -11.612770 -0.351186 -17.298361
v -11.753779 -0.195328 -17.362568
v -11.781298 -0.009763 -17.424440
v -11.710835 0.147143 -17.480303
v -11.438044 0.207676 -17.560444
v -11.474851 -0.144060 -17.735117
v -11.574298 -0.110415 -17.783476
v -11.419178 0.135946 -17.974449
v -11.329974 0.061036 -18.022486
v -11.756125 -0.040907 -18.248779
v -11.757610 0.147519 -18.307146
v -11.625843 0.322967 -18.385090
v -11.385048 0.398176 -18.467112
v -11.147873 0.292524 -18.553127
v -11.014126 0.031595 -18.645340
v -11.059108 -0.287363 -18.742096
v -11.315361 -0.538101 -18.855118
v -11.686595 -0.568473 -18.985985
v -11.998865 -0.335785 -19.123075
v -12.085838 0.049132 -19.260929
v -11.922058 0.405344 -19.399210
v -11.435758 0.254827 -17.619242
v -11.455070 -0.159809 -17.789085
v -11.564802 -0.129012 -17.836082
v -11.441232 0.131286 -18.028273
v -11.353315 0.068283 -18.077078
v -11.699750 -0.032657 -18.302309
v -11.694407 0.120383 -18.355501
v -11.583797 0.258874 -18.415367
v -11.622905 -0.051120 -18.468399
v -11.629306 0.054070 -18.516155
v -11.561433 0.138977 -18.559204
v -11.389634 0.057122 -20.498098
v -11.577831 -0.405851 -20.442116
v -11.599225 -0.082488 -18.572926
v -11.625855 0.018909 -18.617558
v -11.581508 0.103410 -18.659908
v -11.486595 0.131320 -18.703854
v -11.396362 0.096997 -18.749760
v -11.350212 0.011734 -18.797104
v -11.377176 -0.090847 -18.844002
v -11.709494 -0.430746 -19.495581
v -11.452629 -0.117088 -18.988228
v -11.548807 -0.111966 -19.032949
v -11.617525 -0.046104 -19.076017
v -11.623940 0.056132 -19.121708
v -11.550950 0.146084 -19.168583
v -11.426507 0.171439 -19.211727
v -11.307938 0.107371 -19.249077
v -11.254812 -0.028088 -19.287312
v -11.309246 -0.182887 -19.331120
v -11.464643 -0.283868 -19.379435
v -11.659890 -0.255127 -19.441700
v -11.742167 -0.183986 -19.476933
v -11.871747 0.248320 -20.527267
v -11.214742 0.239551 -20.719357
v -10.697794 0.252804 -13.989257
v -10.994983 0.661850 -13.989257
v -11.223041 0.778052 -13.989257
v -11.728649 0.778052 -13.989257
v -11.956708 0.661850 -13.989257
v -12.253897 0.252804 -13.989257
v -12.293937 0.000000 -13.989257
v -12.253897 -0.252804 -13.989257
v -12.137695 -0.480862 -13.989257
v -11.956708 -0.661850 -13.989257
v -11.728649 -0.778051 -13.989257
v -11.475845 -0.818092 -13.989257
v -11.223042 -0.778051 -13.989257
v -10.994984 -0.661850 -13.989257
v -10.697794 -0.252804 -13.989257
v -10.657754 0.000000 -13.989257
v -10.697794 0.252804 -13.518159
v -10.994983 0.661850 -13.518159
v -11.223041 0.778052 -13.518159
v -11.728649 0.778052 -13.518159
v -11.956708 0.661850 -13.518159
v -12.253897 0.252804 -13.518159
v -12.293937 0.000000 -13.518159
v -12.253897 -0.252804 -13.518159
v -12.137695 -0.480862 -13.518159
v -11.956708 -0.661850 -13.518159
v -11.728649 -0.778051 -13.518159
v -11.475845 -0.818092 -13.518159
v -11.223042 -0.778051 -13.518159
v -10.994984 -0.661850 -13.518159
v -10.697794 -0.252804 -13.518159
v -10.657754 0.000000 -13.518159
v -11.475845 0.000000 -13.989257
v -10.547165 0.301746 -13.617094
v -10.514359 0.312406 -13.666365
v -10.525461 0.308798 -13.725145
v -10.476554 -0.000000 -13.725145
v -10.464878 -0.000000 -13.666365
v -10.499374 -0.000000 -13.617094
v -10.514359 -0.312406 -13.666365
v -10.547166 -0.301746 -13.617094
v -10.525462 -0.308798 -13.725145
v -10.888476 -0.808444 -13.725145
v -10.881614 -0.817889 -13.666365
v -10.901890 -0.789982 -13.617094
v -11.167048 -0.950383 -13.725145
v -11.163440 -0.961486 -13.666365
v -11.174099 -0.928679 -13.617094
v -11.475845 -0.999292 -13.725145
v -11.475845 -1.010967 -13.666365
v -11.475845 -0.976471 -13.617094
v -11.784643 -0.950383 -13.725145
v -11.788251 -0.961486 -13.666365
v -11.777592 -0.928679 -13.617094
v -12.063214 -0.808444 -13.725145
v -12.070077 -0.817889 -13.666365
v -12.049801 -0.789982 -13.617094
v -12.284289 -0.587369 -13.725145
v -12.293735 -0.594231 -13.666365
v -12.265827 -0.573955 -13.617094
v -12.426229 -0.308798 -13.725145
v -12.437332 -0.312406 -13.666365
v -12.404525 -0.301746 -13.617094
v -12.475137 -0.000000 -13.725145
v -12.486813 -0.000000 -13.666365
v -12.452316 -0.000000 -13.617094
v -12.437332 0.312406 -13.666365
v -12.404525 0.301746 -13.617094
v -12.426229 0.308798 -13.725145
v -12.063214 0.808444 -13.725145
v -12.070077 0.817889 -13.666365
v -12.049801 0.789982 -13.617094
v -11.788251 0.961487 -13.666365
v -11.777592 0.928680 -13.617094
v -11.784643 0.950383 -13.725145
v -11.167048 0.950383 -13.725145
v -11.163439 0.961487 -13.666365
v -11.174099 0.928680 -13.617094
v -10.881614 0.817889 -13.666365
v -10.901890 0.789982 -13.617094
v -10.888476 0.808444 -13.725145
v -10.697794 0.252804 -13.545593
v -10.813995 0.480862 -13.545593
v -10.994983 0.661850 -13.545593
v -11.223041 0.778052 -13.545593
v -11.475845 0.818092 -13.545593
v -11.956708 0.661850 -13.545593
v -12.137695 0.480862 -13.545593
v -12.253897 0.252804 -13.545593
v -12.293937 0.000000 -13.545593
v -12.137695 -0.480862 -13.545593
v -11.956708 -0.661850 -13.545593
v -11.728649 -0.778051 -13.545593
v -11.223042 -0.778051 -13.545593
v -10.994984 -0.661850 -13.545593
v -10.813995 -0.480862 -13.545593
v -10.657754 0.000000 -13.545593
v -11.475845 0.000000 -13.245068
v -10.697794 0.252804 -13.275118
v -10.706268 0.250051 -13.253869
v -10.726728 0.243403 -13.245068
v -10.813995 0.480862 -13.275118
v -10.821204 0.475625 -13.253869
v -10.838609 0.462980 -13.245068
v -10.994983 0.661850 -13.275118
v -11.000220 0.654641 -13.253869
v -11.012866 0.637237 -13.245068
v -11.223041 0.778052 -13.275118
v -11.225795 0.769577 -13.253869
v -11.232443 0.749117 -13.245068
v -11.475845 0.818092 -13.275118
v -11.475845 0.809181 -13.253869
v -11.475845 0.787668 -13.245068
v -11.956708 0.661850 -13.275118
v -11.951469 0.654641 -13.253869
v -11.938825 0.637237 -13.245068
v -12.137695 0.480862 -13.275118
v -12.130486 0.475625 -13.253869
v -12.113082 0.462979 -13.245068
v -12.253897 0.252804 -13.275118
v -12.245422 0.250051 -13.253869
v -12.224962 0.243403 -13.245068
v -12.293937 0.000000 -13.275118
v -12.285027 0.000000 -13.253869
v -12.263513 0.000000 -13.245068
v -12.137695 -0.480862 -13.275118
v -12.130486 -0.475624 -13.253869
v -12.113082 -0.462979 -13.245068
v -11.956708 -0.661850 -13.275118
v -11.951469 -0.654641 -13.253869
v -11.938825 -0.637236 -13.245068
v -11.728649 -0.778051 -13.275118
v -11.725896 -0.769577 -13.253869
v -11.719248 -0.749116 -13.245068
v -11.223042 -0.778051 -13.275118
v -11.225795 -0.769576 -13.253869
v -11.232443 -0.749116 -13.245068
v -10.994984 -0.661850 -13.275118
v -11.000221 -0.654641 -13.253869
v -11.012866 -0.637236 -13.245068
v -10.813995 -0.480862 -13.275118
v -10.821204 -0.475624 -13.253869
v -10.838609 -0.462979 -13.245068
v -10.657754 0.000000 -13.275118
v -10.666665 0.000000 -13.253869
v -10.688178 0.000000 -13.245068
v -11.131574 0.473849 -21.240017
v -11.475845 0.585710 -21.240017
v -11.656839 0.557043 -21.240017
v -11.820117 0.473849 -21.240017
v -11.949695 0.344271 -21.240017
v -12.061555 0.000000 -21.240017
v -11.949695 -0.344271 -21.240017
v -11.820117 -0.473849 -21.240017
v -11.656839 -0.557043 -21.240017
v -11.294851 -0.557043 -21.240017
v -11.131574 -0.473849 -21.240017
v -10.918802 -0.180994 -21.240017
v -11.001996 0.344272 -20.768921
v -11.131574 0.473849 -20.768921
v -11.475845 0.585710 -20.768921
v -11.656839 0.557043 -20.768921
v -11.820117 0.473849 -20.768921
v -11.949695 0.344271 -20.768921
v -12.061555 0.000000 -20.768921
v -11.949695 -0.344271 -20.768921
v -11.820117 -0.473849 -20.768921
v -11.656839 -0.557043 -20.768921
v -11.294851 -0.557043 -20.768921
v -11.131574 -0.473849 -20.768921
v -10.918802 -0.180994 -20.768921
v -11.001996 0.344272 -21.240017
v -11.475845 0.000000 -20.768921
v -10.890281 0.425438 -20.917126
v -10.787473 -0.223666 -20.917126
v -10.810961 -0.216034 -20.867855
v -11.050407 -0.585565 -20.917126
v -11.064924 -0.565584 -20.867855
v -11.252179 -0.688372 -20.917126
v -11.259811 -0.664884 -20.867855
v -11.699512 -0.688372 -20.917126
v -11.691879 -0.664884 -20.867855
v -11.901283 -0.585565 -20.917126
v -11.886766 -0.565584 -20.867855
v -12.061410 -0.425438 -20.917126
v -12.041430 -0.410921 -20.867855
v -12.199643 -0.000000 -20.917126
v -12.174946 -0.000000 -20.867855
v -12.061410 0.425438 -20.917126
v -12.041430 0.410921 -20.867855
v -11.901283 0.585565 -20.917126
v -11.886766 0.565585 -20.867855
v -11.699512 0.688373 -20.917126
v -11.691879 0.664885 -20.867855
v -11.475845 0.723798 -20.917126
v -11.475845 0.699101 -20.867855
v -11.050407 0.585565 -20.917126
v -11.064924 0.565585 -20.867855
v -10.910260 0.410921 -20.867855
v -11.277175 0.331593 -20.589375
v -11.518091 0.409872 -20.589375
v -11.644749 0.389811 -20.589375
v -11.907903 0.126657 -20.589375
v -11.759007 -0.331593 -20.589375
v -11.518091 -0.409872 -20.589375
v -11.391434 -0.389811 -20.589375
v -11.277175 -0.331593 -20.589375
v -11.186498 -0.240916 -20.589375
v -11.128280 -0.126657 -20.589375
v -11.128280 0.126657 -20.589375
v -11.188351 0.453849 -14.906757
v -11.518091 0.560988 -14.906757
v -11.691446 0.533532 -14.906757
v -12.051622 0.173355 -14.906757
v -12.051622 -0.173355 -14.906757
v -11.847832 -0.453849 -14.906757
v -11.518091 -0.560988 -14.906757
v -11.344736 -0.533531 -14.906757
v -11.188351 -0.453849 -14.906757
v -11.064242 -0.329740 -14.906757
v -10.984560 -0.173355 -14.906757
v -10.984560 0.173355 -14.906757
v -11.169016 0.480461 -14.005495
v -11.518091 0.593883 -14.005495
v -11.701612 0.564816 -14.005495
v -12.082908 0.183520 -14.005495
v -12.082908 -0.183520 -14.005495
v -11.867167 -0.480461 -14.005495
v -11.518091 -0.593883 -14.005495
v -11.334572 -0.564816 -14.005495
v -11.169016 -0.480461 -14.005495
v -11.037630 -0.349075 -14.005495
v -10.953276 -0.183520 -14.005495
v -10.953275 0.183520 -14.005495
v -11.907903 -0.126657 -20.589375
v -11.518091 0.000000 -14.005495
v -12.469364 0.000000 -10.645166
v -12.758654 0.000000 -11.132277
v -10.390709 0.000000 -10.645166
v -11.312819 0.000000 -9.030813
v -11.547254 0.000000 -9.030813
v -13.175089 -0.002133 -11.485664
v -13.871408 -0.000057 -11.810923
v -8.991774 0.000000 -11.809932
v -9.686481 0.000000 -11.484709
v -12.978004 -0.000875 -11.359887
v -10.101418 0.000000 -11.132277
v -9.882069 0.000000 -11.359888
v -14.463560 0.000000 -12.034110
v -11.378613 0.000000 -8.911358
v -11.429292 0.000000 -8.881413
v -11.430781 0.000000 -8.881413
v -11.481461 0.000000 -8.911358
v -8.396513 0.000000 -12.034110
v -14.439325 -0.000002 -12.003485
v -14.408155 -0.000005 -11.981936
v -8.420748 0.000000 -12.003485
v -8.451918 0.000000 -11.981936
v -14.429095 -0.348989 -12.216758
v -14.438414 -0.349458 -12.211946
v -14.438026 -0.340034 -12.216656
v -14.474131 -0.339965 -12.171962
v -14.470894 -0.339813 -12.181171
v -14.466448 -0.349420 -12.181718
v -14.470460 -0.349079 -12.172096
v -14.470894 0.000000 -12.181172
v -14.474126 0.000000 -12.171897
v -14.438176 0.000000 -12.216495
v -14.436193 -0.384636 -12.173339
v -14.437279 -0.379733 -12.182849
v -14.427864 -0.384747 -12.182393
v -14.427139 -0.388484 -12.173464
v -8.421897 -0.339813 -12.216495
v -8.421693 -0.349420 -12.212019
v -8.430864 -0.348910 -12.216834
v -8.432950 -0.388484 -12.173464
v -8.432359 -0.384636 -12.182500
v -8.422795 -0.379735 -12.182848
v -8.423895 -0.384636 -12.173340
v -14.425691 -0.384135 -12.028836
v -14.416560 -0.388484 -12.034277
v -14.463514 -0.342131 -12.033507
v -14.459597 -0.351366 -12.033015
v -8.389612 -0.349066 -12.172096
v -8.393683 -0.349450 -12.181749
v -8.389030 -0.340034 -12.181010
v -8.385942 -0.339953 -12.171962
v -8.421897 0.000000 -12.216495
v -8.389179 0.000000 -12.181171
v -8.385947 0.000000 -12.171897
v -8.400459 -0.351006 -12.033325
v -8.396536 -0.341768 -12.033809
v -8.443910 -0.388484 -12.034573
v -8.434793 -0.384140 -12.029137
v -10.393986 -0.350619 -10.647010
v -11.312819 -0.341545 -9.030813
v -10.431623 -0.388484 -10.668211
v -11.345501 -0.384726 -9.049959
v -10.423723 -0.384725 -10.663735
v -10.390709 -0.341545 -10.645166
v -10.155133 -0.388484 -11.133591
v -10.118878 -0.350452 -11.109992
v -12.436350 -0.384726 -10.663735
v -11.506715 -0.388484 -9.054507
v -12.469364 -0.341545 -10.645166
v -11.544003 -0.350620 -9.032701
v -12.466086 -0.350620 -10.647010
v -12.428452 -0.388484 -10.668210
v -12.744593 -0.341348 -11.108336
v -12.712437 -0.384696 -11.128337
v -10.147636 -0.384696 -11.128337
v -10.115480 -0.341348 -11.108336
v -12.741195 -0.350452 -11.109992
v -12.704968 -0.388484 -11.133570
v -11.514572 -0.384726 -9.049959
v -11.547254 -0.341545 -9.030813
v -11.316071 -0.350620 -9.032701
v -11.353358 -0.388484 -9.054507
v -11.445011 -0.384503 -8.920722
v -11.435623 -0.388484 -8.921622
v -11.478094 -0.349858 -8.912889
v -11.481812 -0.340576 -8.911997
v -11.381979 -0.349858 -8.912889
v -11.378261 -0.340576 -8.911997
v -11.424450 -0.388484 -8.921622
v -11.415062 -0.384503 -8.920722
v -11.436280 -0.350209 -8.888461
v -11.430037 -0.365464 -8.899856
v -11.423923 -0.350120 -8.888314
v -11.430016 -0.340818 -8.881419
v -11.430037 0.427410 -8.899856
v -11.436150 0.412066 -8.888314
v -11.430054 0.402767 -8.881418
v -11.423923 0.412066 -8.888314
v -11.381979 0.411804 -8.912889
v -11.378261 0.402522 -8.911999
v -11.481812 0.402522 -8.911999
v -11.478094 0.411804 -8.912889
v -8.396559 0.404081 -12.033506
v -8.400476 0.413311 -12.033015
v -8.389051 0.403448 -12.182833
v -8.393590 0.412969 -12.183236
v -8.389468 0.412485 -12.173755
v -8.385820 0.403474 -12.173558
v -8.432909 0.450430 -12.173486
v -8.423806 0.446672 -12.173505
v -8.422471 0.441763 -12.183148
v -8.432188 0.446672 -12.182560
v -8.434382 0.446081 -12.028836
v -8.443513 0.450430 -12.034277
v -14.416163 0.450430 -12.034573
v -14.425281 0.446086 -12.029137
v -14.427885 0.446672 -12.182560
v -14.437601 0.441764 -12.183147
v -14.436160 0.446774 -12.173651
v -14.427147 0.450430 -12.173486
v -14.474253 0.403461 -12.173558
v -14.470487 0.412579 -12.173604
v -14.466494 0.412963 -12.183230
v -14.471022 0.403448 -12.182833
v -14.459615 0.412951 -12.033325
v -14.463537 0.403717 -12.033808
v -8.429473 0.412565 -12.216667
v -8.420179 0.412964 -12.211947
v -8.420231 0.403448 -12.216494
v -14.439842 0.403448 -12.216494
v -14.439898 0.412969 -12.211939
v -14.430757 0.412460 -12.216772
v -10.390709 0.403491 -10.645166
v -10.393987 0.412566 -10.647010
v -10.423723 0.446672 -10.663735
v -10.431622 0.450430 -10.668210
v -11.353358 0.450430 -9.054507
v -11.316071 0.412566 -9.032701
v -10.115747 0.403321 -11.107881
v -10.147658 0.446645 -11.128300
v -12.466087 0.412565 -10.647010
v -11.547254 0.403491 -9.030813
v -12.428451 0.450430 -10.668211
v -11.514572 0.446672 -9.049959
v -12.436350 0.446671 -10.663735
v -12.469364 0.403491 -10.645166
v -12.704945 0.450430 -11.133587
v -12.740978 0.412421 -11.109624
v -10.119094 0.412421 -11.109624
v -10.155105 0.450430 -11.133570
v -12.712415 0.446645 -11.128300
v -12.744325 0.403321 -11.107881
v -11.544003 0.412566 -9.032701
v -11.506715 0.450430 -9.054507
v -11.345501 0.446672 -9.049959
v -11.312819 0.403491 -9.030813
v -11.445011 0.446449 -8.920722
v -11.435623 0.450430 -8.921622
v -11.415062 0.446449 -8.920722
v -11.424450 0.450430 -8.921622
v -9.691675 -0.350620 -11.485853
v -9.689772 -0.341545 -11.482609
v -9.860439 -0.350444 -11.378153
v -9.858665 -0.341336 -11.374824
v -9.708483 -0.384724 -11.515585
v -9.712905 -0.388484 -11.523533
v -9.879842 -0.384703 -11.406226
v -9.885375 -0.388484 -11.413468
v -9.003628 -0.384726 -11.845896
v -9.006929 -0.388484 -11.854366
v -8.990011 -0.341545 -11.810493
v -8.991339 -0.350619 -11.814015
v -13.151605 -0.384725 -11.515597
v -13.147169 -0.388484 -11.523531
v -12.980231 -0.384703 -11.406225
v -12.974674 -0.388484 -11.413497
v -13.168547 -0.350601 -11.485950
v -13.170486 -0.341520 -11.482727
v -12.999628 -0.350444 -11.378150
v -13.001401 -0.341335 -11.374820
v -13.869038 -0.350619 -11.814112
v -13.870438 -0.341545 -11.810614
v -13.853144 -0.388484 -11.854367
v -13.856475 -0.384726 -11.845906
v -13.168472 0.412565 -11.485900
v -13.170393 0.403491 -11.482667
v -12.999999 0.412414 -11.378386
v -13.001860 0.403310 -11.375113
v -13.151598 0.446669 -11.515590
v -13.147167 0.450430 -11.523533
v -12.980268 0.446652 -11.406249
v -12.974699 0.450430 -11.413467
v -13.856474 0.446672 -11.845905
v -13.853144 0.450430 -11.854367
v -13.870419 0.403491 -11.810607
v -13.869023 0.412565 -11.814107
v -9.708488 0.446672 -11.515584
v -9.712904 0.450430 -11.523530
v -9.879806 0.446652 -11.406248
v -9.885394 0.450430 -11.413491
v -9.691726 0.412567 -11.485823
v -9.689834 0.403489 -11.482570
v -9.860079 0.412414 -11.378383
v -9.858218 0.403310 -11.375109
v -8.991312 0.412565 -11.814024
v -8.989979 0.403491 -11.810504
v -9.006929 0.450430 -11.854366
v -9.003626 0.446672 -11.845897
v -14.438316 -0.348997 -12.009529
v -14.445322 -0.340042 -12.010625
v -14.399948 -0.339100 -11.979321
v -14.391688 -0.348538 -11.978031
v -14.154026 -0.385418 -11.941838
v -14.114042 -0.388484 -11.938829
v -14.235661 -0.388484 -11.977698
v -14.276751 -0.384135 -11.981204
v -8.583488 -0.384140 -11.981235
v -8.624297 -0.388484 -11.977746
v -8.745903 -0.388484 -11.938869
v -8.705928 -0.385417 -11.941876
v -14.445282 0.401798 -12.010708
v -14.438247 0.410772 -12.009588
v -14.385744 0.411406 -11.977124
v -14.399876 0.402654 -11.979298
v -8.474326 -0.349460 -11.977125
v -8.460174 -0.340710 -11.979305
v -8.414810 -0.339853 -12.010684
v -8.421825 -0.348826 -12.009588
v -8.421758 0.410943 -12.009529
v -8.414731 0.401987 -12.010649
v -8.460155 0.401045 -11.979312
v -8.468386 0.410484 -11.978031
v -14.276587 0.446086 -11.981235
v -14.235776 0.450430 -11.977746
v -14.114170 0.450430 -11.938869
v -14.154146 0.447363 -11.941876
v -8.706048 0.447364 -11.941838
v -8.746031 0.450430 -11.938829
v -8.624413 0.450430 -11.977698
v -8.583323 0.446081 -11.981204
v -12.601418 0.298312 -12.043483
v -12.330956 0.298899 -12.074710
v -12.606857 0.301717 -12.146618
v -12.362956 0.303463 -12.175216
v -12.106022 0.308380 -12.202209
v -11.870060 0.311191 -12.263943
v -12.603458 0.312537 -12.203308
v -12.371041 0.317082 -12.213188
v -12.127433 0.320905 -12.220134
v -11.904451 0.322222 -12.274570
v -11.734992 0.318188 -12.387850
v -11.603694 0.323718 -12.472804
v -12.592782 0.336662 -12.220134
v -12.369073 0.339587 -12.220134
v -12.136832 0.341631 -12.220134
v -11.924345 0.342901 -12.267289
v -11.763140 0.343920 -12.369034
v -11.634102 0.345683 -12.454938
v -12.579626 0.365566 -12.220134
v -12.363968 0.367299 -12.220134
v -12.142655 0.368498 -12.220134
v -11.934008 0.369795 -12.254811
v -11.784404 0.371397 -12.354819
v -12.569942 0.396863 -12.220134
v -12.359426 0.398017 -12.220134
v -12.145630 0.398698 -12.220134
v -11.948357 0.399430 -12.256306
v -12.564637 0.428262 -12.220134
v -12.356867 0.429032 -12.220134
v -12.148951 0.429279 -12.220134
v -12.564001 0.458096 -12.220134
v -12.354681 0.458283 -12.220134
v -12.150982 0.457262 -12.220134
v -12.568038 0.488919 -12.219060
v -12.346975 0.487192 -12.205564
v -12.568259 0.497509 -12.154487
v -12.840783 0.298482 -12.048463
v -13.182725 0.304426 -12.127100
v -13.016352 0.302103 -12.131093
v -12.827611 0.300260 -12.143374
v -13.491705 0.311555 -12.187646
v -13.331250 0.311391 -12.182776
v -13.172553 0.312609 -12.179102
v -13.004699 0.309431 -12.188782
v -12.815213 0.311523 -12.190885
v -13.761400 0.339282 -12.220134
v -13.626740 0.333405 -12.220134
v -13.477914 0.330448 -12.220134
v -13.318934 0.330154 -12.220134
v -13.158620 0.330904 -12.220134
v -12.987604 0.330303 -12.220134
v -12.799883 0.332870 -12.220134
v -13.837475 0.367466 -12.220134
v -13.732527 0.362527 -12.220134
v -13.603861 0.359895 -12.220134
v -13.459279 0.359092 -12.220134
v -13.304041 0.359569 -12.220134
v -13.140369 0.360672 -12.220134
v -12.967426 0.361814 -12.220134
v -12.781588 0.363579 -12.220134
v -13.718895 0.387792 -12.220134
v -13.591452 0.387675 -12.220134
v -13.448449 0.388525 -12.220134
v -13.293427 0.389976 -12.220134
v -13.128718 0.391694 -12.220134
v -12.954950 0.393468 -12.220134
v -12.769495 0.395270 -12.220134
v -13.446488 0.418180 -12.220134
v -13.290233 0.420460 -12.220134
v -13.124063 0.422711 -12.220134
v -12.949078 0.424882 -12.220134
v -12.763349 0.426734 -12.220134
v -13.295294 0.449753 -12.220134
v -13.126721 0.452551 -12.220134
v -12.950334 0.455185 -12.220134
v -12.763885 0.456211 -12.220134
v -12.958580 0.487832 -12.207446
v -12.770113 0.480968 -12.202553
v -12.774841 0.494451 -12.150626
v -14.106342 0.343052 -12.090842
v -14.031673 0.355636 -12.069557
v -14.079826 0.387148 -12.082204
v -14.003276 0.391360 -12.062048
v -14.013210 0.420301 -12.064671
v -13.511830 0.298986 -12.087652
v -13.352425 0.298956 -12.078319
v -13.194420 0.298820 -12.069773
v -13.030530 0.298654 -12.059303
v -13.974596 0.311659 -12.209707
v -13.812460 0.306611 -12.174392
v -13.658991 0.304847 -12.145179
v -13.501349 0.302671 -12.139795
v -13.341903 0.303635 -12.131680
v -13.919977 0.331834 -12.220205
v -13.786993 0.318529 -12.215413
v -13.645086 0.315373 -12.190413
v -13.873503 0.349098 -12.220134
v -10.925952 0.303609 -12.201029
v -10.664282 0.371463 -12.220134
v -10.666243 0.343760 -12.220134
v -10.671560 0.320122 -12.206010
v -10.464766 0.461553 -12.220134
v -10.461473 0.432889 -12.220134
v -10.459744 0.402782 -12.220134
v -10.457230 0.372725 -12.220134
v -10.452759 0.344049 -12.220134
v -10.448279 0.318365 -12.201915
v -10.266353 0.498492 -12.085285
v -10.265179 0.487603 -12.193502
v -10.261008 0.463039 -12.220134
v -10.259068 0.434292 -12.220134
v -10.256733 0.404166 -12.220134
v -10.252247 0.373883 -12.220134
v -10.243681 0.344410 -12.220134
v -10.048409 0.498403 -12.091769
v -10.054609 0.488821 -12.183415
v -10.058342 0.464508 -12.220134
v -10.058892 0.435985 -12.220134
v -10.056888 0.405734 -12.220134
v -10.052144 0.375067 -12.220134
v -10.043903 0.345417 -12.220134
v -9.859423 0.489991 -12.182490
v -9.863050 0.467204 -12.220134
v -9.864817 0.437984 -12.220134
v -9.863486 0.407440 -12.220134
v -9.860081 0.376230 -12.220134
v -9.674946 0.493461 -12.186194
v -9.678300 0.467848 -12.220134
v -9.678869 0.439597 -12.220134
v -9.678365 0.409051 -12.220134
v -9.676840 0.377517 -12.220134
v -9.497338 0.469603 -12.219634
v -9.500131 0.440774 -12.220134
v -9.501758 0.410382 -12.220134
v -9.323133 0.468821 -12.220134
v -9.331656 0.440494 -12.220134
v -9.335838 0.411047 -12.220134
v -9.180130 0.438110 -12.220134
v -9.054612 0.434041 -12.220134
v -11.649829 0.372164 -12.443929
v -11.796262 0.400474 -12.346892
v -11.660794 0.401093 -12.436772
v -11.949798 0.429581 -12.244255
v -11.804546 0.429692 -12.341353
v -11.670134 0.430432 -12.430924
v -11.960022 0.456717 -12.246744
v -11.810893 0.456886 -12.337111
v -11.677961 0.458654 -12.425974
v -12.150762 0.481583 -12.214567
v -11.963818 0.478045 -12.245615
v -11.811260 0.479265 -12.326036
v -11.685027 0.486986 -12.416803
v -12.348581 0.494835 -12.154780
v -12.138038 0.489883 -12.171273
v -11.953592 0.490423 -12.222038
v -11.792946 0.490951 -12.287454
v -11.666084 0.493037 -12.358599
v -12.336064 0.498726 -12.071755
v -12.117917 0.498091 -12.112440
v -11.930486 0.497919 -12.171116
v -11.773943 0.497901 -12.241551
v -11.648259 0.497901 -12.301414
v -8.954121 0.498132 -12.101556
v -8.962701 0.497898 -12.160292
v -8.813078 0.463733 -12.073524
v -8.779554 0.476978 -12.139156
v -8.797203 0.475952 -12.187804
v -8.837072 0.466728 -12.220179
v -8.806331 0.424401 -12.075368
v -8.741386 0.433719 -12.092475
v -8.666171 0.439713 -12.157349
v -8.678555 0.439586 -12.195987
v -8.737921 0.433388 -12.220304
v -8.812319 0.424826 -12.220177
v -8.983547 0.488309 -12.205983
v -8.890832 0.452309 -12.220114
v -8.937890 0.439547 -12.220134
v -8.880249 0.417114 -12.220134
v -11.295248 0.299496 -10.767722
v -11.358999 0.299496 -10.608447
v -11.038825 0.299496 -10.936844
v -11.120820 0.299496 -10.723783
v -11.220361 0.299496 -10.534595
v -11.339263 0.299496 -10.368967
v -10.861833 0.299496 -10.892240
v -10.964565 0.299496 -10.667833
v -11.083446 0.299496 -10.457207
v -11.212928 0.299496 -10.265522
v -11.342359 0.299496 -10.096385
v -11.100637 0.299496 -10.170112
v -11.233397 0.299496 -9.976224
v -11.355429 0.299496 -9.814655
v -11.368055 0.299488 -9.574132
v -12.521880 0.422635 -11.236845
v -12.417025 0.423295 -11.037883
v -12.317180 0.424398 -10.817525
v -12.206479 0.391085 -10.577158
v -12.209326 0.425315 -10.582732
v -12.085871 0.391189 -10.340969
v -12.087249 0.426270 -10.343882
v -11.953661 0.391823 -10.112162
v -11.953732 0.427771 -10.112274
v -11.823433 0.393133 -9.903267
v -11.822196 0.429252 -9.901283
v -11.711550 0.358923 -9.723615
v -11.711563 0.394832 -9.723592
v -11.708913 0.430593 -9.719364
v -11.621695 0.361289 -9.578859
v -11.620697 0.396605 -9.577251
v -11.616384 0.431889 -9.570303
v -11.550248 0.363345 -9.463888
v -11.548141 0.398101 -9.459353
v -11.542188 0.433246 -9.450115
v -10.288296 0.504830 -11.675906
v -10.196173 0.501233 -11.619972
v -10.415155 0.505553 -11.509547
v -10.314703 0.504551 -11.452143
v -10.251678 0.484525 -11.414807
v -10.243606 0.456840 -11.404171
v -10.244395 0.424884 -11.402781
v -10.536237 0.500931 -11.318356
v -10.431314 0.499052 -11.260056
v -10.367225 0.483329 -11.222740
v -10.351501 0.456771 -11.212672
v -10.352208 0.425205 -11.211349
v -10.352121 0.390805 -11.210953
v -10.351491 0.357202 -11.211992
v -10.349220 0.326568 -11.216827
v -10.558052 0.495104 -11.052743
v -10.472142 0.484406 -11.012509
v -10.463703 0.457597 -10.997803
v -10.465614 0.425884 -10.994238
v -10.465212 0.392145 -10.994443
v -10.462834 0.359319 -10.997514
v -10.460007 0.330133 -11.003654
v -10.501318 0.307940 -11.031361
v -10.612879 0.299496 -11.074393
v -10.771358 0.299496 -11.122545
v -10.687307 0.497901 -10.821115
v -10.601429 0.492978 -10.786594
v -10.567947 0.460776 -10.756353
v -10.569778 0.427739 -10.752769
v -10.568230 0.393569 -10.754475
v -10.566688 0.360503 -10.760608
v -10.567520 0.331021 -10.770842
v -10.600037 0.306119 -10.801028
v -10.718883 0.299496 -10.844357
v -10.826987 0.497901 -10.575892
v -10.742551 0.488643 -10.526154
v -10.692854 0.465120 -10.500275
v -10.692064 0.430095 -10.501821
v -10.689738 0.395090 -10.506375
v -10.685825 0.361241 -10.514039
v -10.681118 0.330031 -10.523256
v -10.720206 0.303806 -10.556643
v -10.857819 0.493182 -10.261527
v -10.825386 0.466692 -10.245279
v -10.822498 0.431898 -10.248539
v -10.818774 0.396277 -10.255574
v -10.813767 0.361538 -10.264784
v -10.810030 0.328915 -10.278329
v -11.026916 0.490838 -10.047236
v -10.970561 0.467016 -10.009262
v -10.967070 0.433152 -10.014863
v -10.962868 0.397435 -10.021603
v -10.957584 0.362172 -10.030078
v -10.953421 0.328853 -10.036756
v -11.158126 0.495423 -9.848464
v -11.101948 0.469095 -9.798499
v -11.098355 0.434539 -9.804243
v -11.094193 0.398474 -9.810924
v -11.089746 0.362617 -9.818080
v -11.213553 0.471391 -9.618852
v -11.208832 0.435805 -9.626458
v -11.205023 0.399143 -9.632594
v -11.300755 0.473130 -9.477971
v -11.300115 0.436779 -9.479401
v -11.389908 0.474360 -9.367490
v -12.556118 0.500409 -11.954341
v -12.560516 0.498819 -12.061486
v -12.721860 0.422372 -11.570541
v -12.619992 0.389843 -11.410378
v -12.623220 0.422474 -11.416060
v -12.513210 0.326387 -11.222102
v -12.515521 0.357387 -11.224511
v -12.517533 0.390027 -11.229974
v -12.364578 0.306272 -11.041245
v -12.410384 0.325931 -11.025040
v -12.410159 0.357677 -11.024604
v -12.413114 0.390467 -11.030318
v -12.044069 0.299496 -10.883608
v -12.169554 0.300403 -10.843968
v -12.266766 0.307636 -10.816931
v -12.312068 0.326280 -10.804803
v -12.312012 0.357687 -10.804664
v -12.313705 0.390925 -10.809117
v -11.807658 0.299496 -10.716804
v -11.951589 0.299496 -10.666317
v -12.066386 0.299496 -10.620551
v -12.157302 0.307598 -10.583536
v -12.201444 0.326613 -10.567296
v -12.204106 0.357192 -10.572512
v -11.569216 0.299496 -10.607770
v -11.711180 0.299496 -10.531628
v -11.841461 0.299496 -10.460843
v -11.949863 0.299496 -10.403008
v -12.043553 0.307140 -10.358912
v -12.078331 0.323589 -10.339618
v -12.084468 0.355980 -10.338223
v -11.594608 0.299496 -10.367417
v -11.717717 0.299496 -10.268583
v -11.820354 0.299496 -10.192782
v -11.895315 0.307810 -10.143174
v -11.952272 0.317638 -10.109933
v -11.952991 0.355224 -10.111085
v -11.587039 0.299496 -10.099416
v -11.692442 0.299496 -9.999290
v -11.770335 0.305539 -9.935462
v -11.821928 0.324903 -9.900852
v -11.823111 0.356729 -9.902749
v -11.571443 0.299496 -9.833197
v -11.649402 0.307518 -9.762014
v -11.709545 0.327878 -9.720387
v -11.550726 0.299496 -9.611319
v -11.614063 0.327571 -9.571896
v -11.543170 0.330442 -9.452141
v -11.597597 0.503315 -11.771318
v -11.876777 0.503284 -11.773277
v -12.165279 0.503041 -11.788541
v -12.032990 0.505259 -11.648849
v -12.444929 0.502845 -11.800915
v -12.309994 0.504729 -11.682259
v -12.544477 0.504029 -11.726355
v -12.633112 0.504942 -11.668845
v -13.895689 0.370246 -12.033651
v -13.798433 0.349241 -12.007982
v -13.799232 0.370284 -12.008193
v -13.679668 0.344649 -11.976635
v -13.537029 0.341017 -11.940061
v -13.382693 0.338084 -11.909210
v -11.322614 0.299496 -12.349894
v -11.139881 0.300440 -12.273810
v -11.439526 0.317014 -12.551847
v -11.342805 0.314200 -12.500699
v -11.227133 0.313105 -12.420400
v -11.072018 0.314771 -12.329444
v -10.888945 0.320024 -12.238293
v -11.302470 0.340942 -12.501102
v -11.185414 0.339961 -12.427890
v -11.044207 0.340753 -12.333788
v -10.876091 0.342908 -12.236329
v -11.166606 0.368913 -12.415609
v -11.030227 0.369064 -12.324442
v -10.866530 0.369823 -12.237188
v -11.019974 0.399858 -12.317588
v -10.861373 0.400138 -12.231528
v -10.662790 0.401422 -12.220134
v -10.856094 0.430552 -12.232075
v -10.662336 0.431481 -12.220134
v -10.665365 0.459446 -12.220134
v -10.471508 0.486453 -12.191425
v -11.449718 0.505373 -11.641685
v -11.742929 0.505558 -11.630054
v -11.591590 0.505402 -11.483247
v -11.426845 0.501495 -11.339161
v -11.893279 0.505137 -11.494102
v -11.740565 0.501315 -11.332541
v -11.576091 0.498173 -11.169556
v -11.404391 0.497901 -11.014223
v -12.173071 0.506681 -11.536659
v -12.036239 0.502371 -11.371490
v -11.884176 0.498452 -11.195355
v -11.722237 0.497901 -11.014354
v -11.552997 0.497901 -10.840631
v -11.384887 0.497901 -10.683495
v -12.422500 0.505686 -11.597189
v -12.293991 0.504316 -11.443184
v -12.160023 0.499638 -11.268734
v -12.010854 0.497901 -11.080014
v -11.852660 0.497901 -10.885789
v -11.687443 0.497901 -10.698491
v -11.525334 0.497901 -10.524528
v -12.517835 0.505253 -11.531883
v -12.392216 0.502375 -11.371639
v -12.261227 0.498089 -11.189094
v -12.115130 0.497901 -10.991224
v -11.961083 0.497901 -10.786665
v -11.804820 0.497901 -10.583902
v -11.651387 0.497901 -10.390962
v -11.505972 0.497901 -10.216379
v -12.696433 0.500378 -11.624362
v -12.583109 0.502388 -11.486516
v -12.464785 0.500987 -11.320464
v -12.340446 0.497901 -11.130098
v -12.202174 0.496894 -10.925056
v -12.054981 0.497901 -10.709181
v -11.908165 0.497901 -10.489410
v -11.762825 0.497901 -10.277035
v -11.622534 0.497901 -10.087308
v -11.493425 0.497901 -9.927114
v -12.271157 0.494616 -10.878820
v -12.137026 0.495263 -10.652798
v -11.997791 0.496049 -10.416245
v -11.860604 0.496085 -10.183322
v -11.728218 0.497901 -9.978271
v -11.593911 0.497901 -9.816748
v -11.485854 0.497901 -9.676779
v -11.804414 0.487637 -9.910105
v -11.679791 0.489100 -9.734776
v -11.583017 0.490492 -9.588692
v -11.485696 0.494976 -9.449818
v -8.902619 0.425377 -12.049953
v -8.872991 0.443852 -12.057774
v -9.815321 0.500395 -11.955203
v -9.648864 0.499814 -11.991802
v -9.471182 0.494538 -11.962161
v -9.479490 0.499344 -12.021409
v -9.303619 0.472497 -11.945652
v -9.301764 0.493065 -11.985767
v -9.306120 0.498924 -12.048023
v -9.143906 0.468742 -11.986268
v -9.132807 0.487701 -12.018717
v -9.130612 0.494717 -12.079100
v -9.013662 0.434169 -12.020645
v -8.992058 0.458337 -12.026347
v -8.963021 0.480655 -12.036981
v -8.919495 0.402178 -12.045500
v -9.915481 0.481351 -11.798316
v -9.941404 0.495119 -11.839616
v -9.981205 0.499744 -11.901648
v -9.777626 0.386986 -11.849253
v -9.778580 0.420452 -11.850118
v -9.778976 0.452183 -11.850039
v -9.780992 0.480062 -11.849644
v -9.796775 0.501304 -11.897964
v -9.624927 0.304983 -11.917786
v -9.619674 0.325095 -11.881293
v -9.624727 0.354437 -11.880302
v -9.626065 0.385932 -11.880039
v -9.625866 0.418486 -11.880078
v -9.625295 0.449935 -11.880191
v -9.625564 0.479006 -11.880138
v -9.635567 0.496471 -11.930248
v -9.477114 0.309570 -11.954309
v -9.469709 0.326779 -11.910716
v -9.472299 0.353450 -11.910208
v -9.472564 0.384295 -11.910155
v -9.470956 0.416745 -11.910471
v -9.468238 0.447855 -11.911004
v -9.465643 0.475632 -11.911513
v -9.323445 0.327714 -11.950871
v -9.321332 0.352929 -11.941335
v -9.319284 0.382527 -11.940986
v -9.315546 0.414278 -11.942800
v -9.309752 0.444867 -11.943138
v -9.175325 0.352166 -11.977976
v -9.172178 0.380333 -11.978806
v -9.165380 0.410960 -11.980600
v -9.155576 0.440784 -11.983188
v -9.038730 0.377950 -12.014029
v -9.028598 0.406696 -12.016703
v -10.102011 0.294668 -11.808233
v -10.044132 0.302277 -11.732804
v -10.022977 0.326544 -11.693395
v -10.026878 0.355235 -11.689236
v -10.027943 0.388406 -11.688102
v -10.027478 0.423376 -11.688598
v -10.025257 0.455235 -11.690965
v -10.029069 0.482261 -11.708389
v -10.067421 0.501514 -11.749897
v -10.145902 0.502684 -11.811076
v -9.949142 0.299094 -11.888288
v -9.918776 0.302232 -11.826430
v -9.910486 0.327211 -11.796040
v -9.913403 0.355271 -11.792061
v -9.925138 0.387785 -11.797701
v -9.924475 0.422232 -11.798409
v -9.916494 0.454158 -11.796347
v -9.797125 0.296755 -11.939691
v -9.782311 0.304398 -11.879122
v -9.775706 0.326527 -11.850681
v -9.776426 0.355040 -11.850539
v -9.640141 0.297322 -11.975373
v -8.929537 0.336841 -12.042849
v -8.904198 0.319604 -12.049542
v -8.885342 0.306502 -12.079360
v -8.881531 0.302730 -12.115801
v -8.888376 0.303105 -12.173180
v -8.902702 0.316973 -12.213827
v -9.031879 0.312809 -12.034142
v -9.023546 0.299024 -12.064158
v -9.027199 0.299087 -12.104104
v -9.029354 0.299481 -12.148320
v -9.173059 0.304409 -11.996032
v -9.175561 0.301626 -12.045087
v -9.177200 0.299131 -12.089574
v -9.178338 0.299371 -12.134278
v -9.329306 0.298070 -12.022476
v -9.332145 0.298868 -12.072778
v -9.481680 0.299317 -11.996165
v -10.832213 0.299496 -10.610793
v -10.963172 0.299496 -10.385819
v -10.854460 0.301445 -10.329086
v -11.008012 0.305630 -10.088037
v -11.141809 0.304493 -9.882947
v -11.262113 0.302164 -9.708770
v -11.084253 0.328662 -9.826892
v -11.197804 0.326385 -9.644224
v -11.293649 0.324410 -9.489866
v -11.406186 0.327128 -9.372901
v -11.201894 0.362480 -9.637636
v -11.295278 0.362061 -9.486732
v -11.384463 0.361941 -9.380118
v -11.297475 0.399450 -9.483699
v -11.379946 0.399950 -9.359736
v -11.381413 0.437480 -9.347609
v -8.788305 0.398074 -12.080126
v -8.730658 0.398077 -12.095342
v -8.683212 0.397553 -12.134723
v -8.684109 0.396363 -12.181942
v -8.806195 0.369701 -12.075386
v -8.751422 0.363755 -12.089830
v -10.167802 0.296330 -11.912912
v -9.981874 0.297189 -11.967039
v -9.813950 0.297793 -12.005054
v -9.650738 0.298231 -12.032836
v -10.006168 0.298594 -12.055516
v -9.828694 0.298927 -12.076509
v -9.659457 0.299210 -12.095856
v -9.495101 0.299736 -12.112123
v -9.840836 0.305400 -12.145261
v -9.665972 0.305289 -12.158237
v -9.498755 0.306128 -12.167399
v -9.671581 0.313214 -12.218819
v -9.499475 0.321548 -12.220134
v -9.336617 0.324676 -12.215950
v -9.337225 0.351144 -12.220134
v -9.184770 0.353413 -12.220134
v -9.186338 0.381966 -12.220134
v -9.057123 0.410554 -12.220134
v -10.718668 0.298138 -12.026777
v -10.446776 0.297933 -12.015064
v -10.203241 0.298239 -12.033748
v -10.686974 0.299392 -12.151016
v -10.443817 0.302657 -12.144283
v -10.220110 0.302735 -12.140948
v -10.019698 0.304411 -12.138144
v -10.233324 0.317168 -12.205189
v -10.034410 0.319536 -12.220134
v -9.848742 0.317286 -12.214478
v -9.854612 0.345668 -12.220134
v -9.674309 0.346187 -12.220134
v -9.501321 0.348639 -12.220134
v -9.502103 0.379132 -12.220134
v -9.337418 0.380674 -12.220134
v -9.185271 0.410921 -12.220134
v -14.008840 0.306631 -12.133443
v -13.988133 0.315669 -12.064013
v -13.946498 0.331634 -12.047058
v -13.908358 0.344194 -12.037023
v -13.969102 0.364706 -12.053033
v -9.327577 0.309660 -11.978877
v -9.039099 0.330786 -12.013931
v -9.174470 0.327981 -11.978201
v -8.938065 0.354116 -12.040598
v -9.042931 0.352285 -12.012920
v -8.932333 0.375911 -12.042111
v -13.380623 0.317115 -11.927379
v -13.234012 0.311181 -11.890902
v -13.541466 0.300337 -11.975375
v -13.376601 0.302520 -11.957329
v -13.221159 0.301022 -11.941114
v -13.069047 0.301205 -11.910114
v -13.680531 0.298533 -12.053026
v -13.523501 0.298254 -12.035379
v -13.363745 0.298039 -12.020532
v -13.207459 0.297779 -12.004198
v -13.049815 0.297390 -11.979675
v -12.868691 0.296849 -11.945583
v -13.830344 0.299347 -12.119808
v -13.670878 0.299164 -12.100441
v -12.990222 0.499534 -12.009431
v -13.171924 0.498981 -12.045169
v -13.191809 0.499836 -11.990443
v -13.330756 0.498001 -12.122624
v -13.344189 0.498677 -12.071236
v -13.359310 0.499329 -12.022385
v -13.498443 0.494067 -12.136409
v -13.512742 0.498231 -12.093187
v -13.527031 0.498894 -12.049758
v -13.542001 0.496737 -12.002886
v -13.645664 0.485510 -12.194526
v -13.662956 0.496199 -12.161094
v -13.676786 0.498100 -12.116943
v -13.689350 0.497217 -12.076517
v -13.700134 0.491085 -12.034580
v -13.790739 0.481906 -12.220134
v -13.817052 0.491595 -12.183044
v -13.835657 0.496465 -12.145213
v -13.847023 0.498295 -12.098913
v -13.848963 0.489947 -12.051763
v -13.840234 0.477160 -12.027740
v -13.875031 0.452427 -12.220134
v -13.926469 0.470177 -12.220138
v -13.973783 0.485569 -12.217247
v -14.000636 0.491385 -12.181043
v -14.012662 0.491503 -12.104003
v -13.979036 0.478674 -12.058737
v -13.938358 0.466937 -12.044905
v -13.997384 0.414651 -12.220134
v -13.964604 0.437933 -12.220135
v -14.066111 0.385364 -12.220154
v -14.081927 0.420373 -12.220134
v -14.046532 0.451230 -12.220139
v -14.117496 0.336032 -12.182472
v -14.139542 0.381893 -12.210635
v -14.153583 0.423808 -12.201855
v -14.122242 0.463123 -12.205368
v -14.114157 0.340391 -12.136554
v -14.177948 0.381134 -12.145514
v -14.181442 0.422803 -12.146465
v -14.126929 0.463292 -12.170524
v -14.143034 0.383399 -12.100220
v -14.150693 0.422599 -12.114947
v -14.132008 0.461394 -12.122286
v -14.095158 0.421647 -12.086295
v -14.072010 0.453983 -12.080224
v -13.993923 0.447215 -12.059583
v -10.995250 0.298829 -12.070295
v -11.127927 0.292412 -11.665965
v -10.834598 0.291819 -11.628790
v -10.905778 0.294278 -11.399059
v -11.265752 0.299496 -12.150855
v -11.469699 0.299496 -12.251014
v -11.450972 0.301292 -12.427665
v -8.713161 0.394572 -12.211428
v -8.775465 0.392012 -12.220134
v -8.693338 0.357356 -12.127496
v -8.680825 0.355943 -12.180870
v -8.700922 0.357530 -12.215798
v -8.772299 0.359457 -12.220141
v -10.026334 0.499843 -11.989975
v -9.836472 0.499239 -12.028049
v -9.660712 0.498804 -12.055413
v -9.670130 0.496427 -12.121304
v -9.486444 0.498448 -12.077841
v -9.490583 0.498009 -12.135257
v -9.311756 0.498114 -12.099210
v -9.315598 0.493739 -12.148224
v -9.317698 0.487176 -12.193489
v -9.138322 0.496893 -12.125757
v -9.147000 0.490976 -12.167481
v -9.161425 0.484378 -12.211322
v -9.010721 0.471593 -12.220134
v -9.036687 0.453521 -12.220134
v -11.988222 0.501216 -11.903532
v -11.820581 0.499535 -12.009397
v -11.677285 0.498302 -12.106436
v -11.566783 0.497901 -12.190804
v -11.723088 0.501293 -11.898674
v -11.587729 0.499422 -12.016531
v -11.468301 0.501107 -11.910386
v -8.851689 0.388970 -12.220134
v -8.844976 0.361126 -12.220136
v -10.589377 0.291201 -11.571350
v -10.686737 0.295600 -11.350302
v -10.270739 0.292619 -11.679169
v -10.410000 0.291938 -11.497393
v -10.520315 0.297006 -11.295662
v -10.169281 0.300037 -11.598186
v -10.291725 0.300494 -11.433248
v -10.402697 0.305631 -11.245495
v -10.135597 0.324626 -11.566195
v -10.243551 0.324140 -11.404267
v -10.138455 0.355091 -11.563322
v -10.244361 0.355554 -11.402841
v -10.142135 0.389049 -11.566360
v -10.244632 0.389784 -11.402364
v -10.138618 0.424327 -11.563329
v -10.139731 0.456436 -11.566163
v -10.132349 0.484640 -11.571745
v -12.772259 0.498659 -12.064550
v -12.972682 0.497777 -12.082775
v -13.144851 0.495037 -12.166236
v -13.319971 0.491398 -12.174011
v -13.624535 0.467852 -12.220134
v -13.818624 0.444059 -12.013311
v -13.692612 0.445824 -11.980051
v -13.546185 0.447885 -11.942634
v -13.685489 0.420951 -11.978171
v -13.541001 0.421879 -11.941850
v -13.384010 0.422469 -11.909469
v -13.226949 0.422466 -11.878654
v -13.075689 0.422557 -11.848979
v -13.537642 0.393873 -11.940048
v -13.381776 0.393302 -11.909031
v -13.225918 0.392681 -11.878452
v -13.074367 0.391952 -11.847511
v -13.381191 0.364370 -11.908916
v -13.226934 0.362955 -11.878652
v -13.913108 0.394073 -12.038249
v -13.920455 0.419731 -12.040189
v -13.916519 0.443661 -12.039149
v -13.806385 0.394682 -12.010081
v -13.811776 0.420069 -12.011503
v -13.677978 0.368310 -11.976189
v -13.681053 0.394384 -11.977005
v -13.535604 0.366177 -11.941030
v -12.746626 0.503168 -11.780548
v -12.654247 0.502354 -11.831841
v -9.490029 0.298556 -12.054174
v -9.334236 0.299270 -12.124174
v -9.334649 0.304583 -12.186041
v -9.179451 0.307550 -12.183357
v -9.034802 0.309823 -12.197465
v -9.181417 0.327584 -12.220134
v -9.042555 0.330843 -12.220134
v -8.924346 0.336253 -12.220129
v -9.049150 0.356003 -12.220134
v -8.934887 0.359125 -12.220134
v -9.053740 0.383458 -12.220134
v -8.942853 0.385784 -12.220134
v -8.957213 0.411738 -12.220134
v -11.172530 0.293403 -11.431314
v -11.209689 0.298939 -11.195490
v -11.247783 0.299496 -10.967855
v -10.970335 0.299496 -11.166430
v -13.834192 0.298786 -12.069109
v -13.689535 0.307315 -12.003298
v -13.829278 0.315524 -12.021679
v -13.538899 0.319444 -11.953355
v -13.688206 0.323489 -11.978889
v -13.813893 0.331736 -12.012062
v -13.956680 0.364844 -12.220134
v -13.992886 0.388569 -12.220134
v -14.020066 0.353522 -12.220141
v -12.188182 0.294049 -11.769250
v -12.105127 0.291372 -11.575946
v -11.889524 0.295243 -11.844438
v -11.826129 0.291915 -11.634791
v -11.777221 0.293984 -11.409912
v -11.732441 0.299348 -11.181795
v -12.272780 0.296718 -11.937343
v -11.978788 0.297945 -12.014646
v -11.810659 0.301121 -12.226090
v -11.691327 0.299410 -12.124921
v -11.604541 0.300476 -12.330466
v -11.540688 0.311084 -12.459638
v -12.931527 0.391198 -11.794068
v -13.076829 0.361310 -11.849202
v -12.939710 0.359892 -11.791116
v -13.229935 0.335723 -11.879240
v -13.081171 0.333490 -11.850054
v -12.945075 0.331547 -11.792531
v -13.082273 0.307506 -11.859599
v -12.944201 0.306310 -11.801538
v -12.916086 0.297624 -11.850615
v -12.964619 0.492493 -12.148588
v -13.136348 0.479657 -12.220134
v -13.308340 0.475656 -12.220134
v -13.454712 0.446907 -12.220134
v -13.472822 0.473358 -12.220134
v -13.590216 0.415875 -12.220134
v -13.601219 0.443189 -12.220134
v -13.718089 0.413729 -12.220134
v -13.730129 0.438805 -12.220134
v -13.827466 0.389025 -12.220134
v -13.827343 0.411799 -12.220134
v -13.837157 0.433523 -12.220134
v -11.405725 0.369993 -12.530702
v -11.404159 0.400990 -12.542639
v -11.278473 0.400374 -12.487031
v -11.408296 0.432089 -12.544185
v -11.276971 0.431774 -12.486154
v -11.150074 0.430941 -12.404558
v -11.421168 0.463635 -12.555131
v -11.279383 0.462849 -12.487563
v -11.150572 0.460861 -12.404891
v -11.011490 0.457241 -12.311916
v -11.421065 0.486051 -12.485208
v -11.300860 0.483979 -12.436438
v -11.168799 0.488595 -12.383595
v -11.029467 0.478272 -12.287410
v -10.861123 0.479746 -12.232413
v -11.434107 0.497921 -12.407806
v -11.321807 0.494703 -12.371609
v -11.194858 0.494913 -12.314898
v -11.046890 0.493691 -12.246099
v -10.882380 0.493540 -12.184323
v -10.695769 0.498068 -12.133788
v -11.456804 0.497908 -12.331001
v -11.354909 0.497901 -12.295768
v -11.230566 0.497901 -12.238898
v -11.084283 0.497982 -12.172469
v -10.917008 0.498391 -12.102480
v -10.731171 0.499135 -12.034584
v -10.527350 0.500048 -11.977066
v -12.831143 0.422047 -11.687049
v -12.829327 0.390411 -11.685111
v -12.830027 0.358727 -11.685859
v -12.831315 0.329872 -11.687232
v -12.817173 0.302504 -11.703260
v -12.750939 0.294193 -11.756122
v -12.721579 0.389967 -11.564584
v -12.719216 0.357726 -11.563233
v -12.617523 0.357300 -11.406030
v -12.715549 0.328256 -11.563344
v -12.616338 0.326775 -11.403943
v -12.690835 0.300694 -11.575259
v -12.578568 0.294872 -11.427256
v -12.462782 0.307520 -11.240498
v -12.601910 0.293073 -11.621749
v -12.477672 0.292609 -11.460598
v -12.365324 0.299010 -11.273136
v -12.266940 0.299496 -11.066759
v -12.430074 0.292906 -11.697243
v -12.322974 0.291171 -11.513618
v -12.223426 0.296523 -11.316272
v -12.129689 0.299496 -11.104234
v -12.027472 0.295191 -11.365390
v -11.953159 0.299360 -11.146167
v -11.886507 0.299496 -10.924454
v -11.689954 0.299496 -10.959024
v -11.638062 0.299496 -10.762261
v -11.494581 0.497901 -12.260868
v -11.403358 0.497901 -12.210650
v -11.283555 0.498205 -12.142044
v -11.139823 0.498726 -12.069897
v -10.973270 0.499811 -11.991996
v -10.790964 0.501112 -11.910048
v -11.479782 0.498216 -12.118553
v -11.362491 0.499140 -12.035404
v -11.219009 0.500571 -11.944158
v -11.053506 0.501994 -11.854490
v -10.602494 0.502376 -11.830443
v -10.423404 0.503657 -11.749788
v -10.875724 0.503505 -11.759360
v -10.700994 0.504992 -11.665648
v -10.544887 0.506341 -11.580710
v -11.159158 0.504594 -11.690744
v -10.985818 0.505936 -11.581608
v -10.816552 0.505287 -11.479018
v -10.665719 0.502883 -11.390346
v -11.285262 0.506252 -11.514819
v -11.113468 0.502922 -11.391812
v -10.942339 0.499909 -11.279125
v -10.788773 0.497982 -11.182430
v -10.661171 0.497901 -11.107008
v -11.254716 0.498558 -11.200261
v -11.084258 0.497901 -11.072845
v -10.927245 0.497901 -10.964085
v -10.794761 0.497901 -10.879970
v -11.234775 0.497901 -10.872073
v -11.077177 0.497901 -10.748871
v -10.939829 0.497901 -10.649452
v -11.228602 0.497901 -10.545900
v -11.091014 0.497901 -10.431110
v -10.972960 0.497901 -10.339656
v -11.373804 0.497901 -10.369180
v -11.238465 0.497901 -10.233762
v -11.121880 0.497901 -10.125608
v -11.374664 0.497901 -10.066595
v -11.261099 0.497901 -9.943697
v -11.382892 0.497901 -9.793685
v -11.287407 0.497901 -9.682708
v -11.389076 0.495655 -9.558430
v -11.323476 0.502874 -11.799095
v -12.834331 0.450147 -11.690447
v -13.026560 0.500561 -11.944743
v -12.870098 0.501679 -11.874346
v -13.373760 0.500073 -11.975533
v -13.209408 0.495401 -11.943372
v -13.055514 0.501303 -11.898026
v -12.917124 0.498490 -11.828974
v -13.712873 0.482878 -11.988541
v -13.551106 0.486834 -11.964637
v -13.386243 0.488747 -11.927550
v -13.226372 0.489220 -11.895320
v -13.072668 0.487202 -11.865206
v -12.940276 0.488452 -11.803997
v -13.829374 0.463412 -12.016149
v -13.703381 0.467101 -11.982893
v -13.552841 0.470788 -11.944309
v -13.389569 0.471790 -11.910560
v -13.229745 0.471273 -11.879203
v -13.079792 0.470291 -11.849784
v -12.944626 0.471010 -11.796787
v -13.387066 0.449127 -11.910069
v -13.228972 0.449081 -11.879051
v -13.078926 0.448844 -11.849613
v -12.941613 0.449914 -11.796285
v -12.940398 0.422451 -11.791532
v -12.838268 0.473025 -11.694644
v -12.832145 0.491105 -11.706823
v -12.807524 0.500118 -11.737064
v -12.733110 0.493737 -11.591378
v -12.620852 0.496545 -11.458479
v -12.514421 0.495816 -11.283142
v -12.394439 0.491971 -11.090144
v -12.731801 0.475231 -11.579357
v -12.634848 0.479016 -11.436534
v -12.528925 0.477813 -11.263574
v -12.428970 0.477606 -11.060986
v -12.312947 0.479509 -10.845865
v -12.222229 0.486208 -10.610805
v -12.066802 0.491972 -10.366068
v -11.926981 0.491495 -10.122904
v -12.729237 0.451393 -11.571833
v -12.627855 0.452265 -11.424222
v -12.527315 0.452601 -11.246922
v -12.422697 0.453531 -11.048854
v -12.321688 0.455380 -10.828742
v -12.214187 0.457323 -10.592251
v -12.089350 0.459093 -10.347781
v -11.953369 0.460487 -10.111692
v -11.820575 0.461634 -9.898682
v -11.705862 0.463190 -9.714438
v -11.612750 0.464455 -9.564449
v -11.532581 0.465692 -9.434696
v -11.478189 0.292527 -11.673386
v -11.476197 0.293276 -11.436019
v -11.473424 0.299343 -11.200958
v -11.470772 0.299496 -10.975851
v -11.467746 0.299496 -10.783700
v -11.466217 0.299496 -10.481700
v -11.466611 0.299496 -10.222844
v -11.463222 0.299496 -9.952219
v -11.462275 0.299496 -9.695415
v -11.478042 0.304145 -9.473372
v -11.413988 0.343239 -12.538462
v -11.285847 0.369464 -12.490614
v -11.155374 0.399955 -12.408101
v -11.014466 0.430251 -12.313906
v -10.855247 0.457443 -12.230023
v -10.675713 0.484104 -12.201120
v -10.489003 0.498237 -12.103230
v -11.493417 0.363738 -9.373190
v -11.485224 0.399587 -9.362599
v -11.483893 0.435410 -9.356714
v -8.859371 0.373675 -12.061369
v -8.844400 0.398976 -12.065320
v -12.059943 0.299799 -12.139983
v -11.680563 0.310123 -12.363878
v -10.765946 0.295311 -11.848697
v -11.070792 0.295951 -11.889044
v -9.851524 0.498156 -12.107274
v -9.495100 0.491323 -12.196088
v -9.169686 0.462729 -12.220134
v -13.916888 0.390399 -12.220134
v -13.918121 0.411001 -12.220134
v -8.851819 0.348560 -12.063358
v -8.803030 0.334744 -12.076198
v -8.758368 0.323026 -12.111326
v -8.760470 0.323845 -12.150059
v -8.763265 0.324305 -12.190726
v -8.807220 0.332743 -12.220271
v -12.072174 0.499397 -12.019380
v -11.889050 0.498208 -12.100471
v -11.737441 0.497904 -12.181086
v -11.620502 0.497901 -12.249332
v -13.156144 0.498274 -12.104642
v -13.487225 0.489469 -12.185343
v -13.759254 0.461780 -12.220134
v -11.524648 0.345762 -12.520295
v -11.527121 0.371652 -12.518862
v -11.534493 0.401152 -12.514554
v -11.543664 0.431380 -12.509196
v -11.551810 0.460463 -12.504375
v -11.552660 0.484343 -12.479723
v -11.548876 0.495413 -12.409170
v -11.548234 0.497901 -12.335247
v -13.903920 0.459428 -12.035824
v -11.551991 0.497901 -12.287204
v -13.908710 0.373502 -12.220134
v -13.873919 0.353694 -12.027905
v -8.852144 0.342068 -12.220127
v -11.524518 0.328245 -12.520506
v -10.449676 0.294715 -11.811190
v -8.878571 0.357282 -12.056299
v -12.770303 0.500473 -11.950303
v -11.455806 0.469341 -9.319760
v -12.312385 0.500815 -11.928750
v -12.589172 0.295765 -11.877343
v -11.479330 0.296768 -11.940485
v -10.279979 0.500900 -11.923404
v -11.499797 0.338153 -9.376808
v -13.911028 0.427962 -12.220134
v -11.464602 0.299496 -10.663473
v -12.556586 0.501794 -11.867130
v -8.976319 0.429574 -12.220134
v -8.844173 0.417476 -12.065380
v -12.601418 -0.459241 -12.043483
v -12.330956 -0.458653 -12.074710
v -12.606857 -0.455835 -12.146618
v -12.362956 -0.454089 -12.175216
v -12.106022 -0.449172 -12.202209
v -11.870060 -0.446361 -12.263943
v -12.603458 -0.445015 -12.203308
v -12.371041 -0.440470 -12.213188
v -12.127433 -0.436647 -12.220134
v -11.904451 -0.435330 -12.274570
v -11.734992 -0.439364 -12.387850
v -11.603694 -0.433834 -12.472804
v -12.592782 -0.420890 -12.220134
v -12.369073 -0.417965 -12.220134
v -12.136832 -0.415921 -12.220134
v -11.924345 -0.414651 -12.267289
v -11.763140 -0.413632 -12.369034
v -11.634102 -0.411869 -12.454938
v -12.579626 -0.391986 -12.220134
v -12.363968 -0.390253 -12.220134
v -12.142655 -0.389054 -12.220134
v -11.934008 -0.387757 -12.254811
v -11.784404 -0.386155 -12.354819
v -12.569942 -0.360689 -12.220134
v -12.359426 -0.359535 -12.220134
v -12.145630 -0.358854 -12.220134
v -11.948357 -0.358122 -12.256306
v -12.564637 -0.329290 -12.220134
v -12.356866 -0.328520 -12.220134
v -12.148951 -0.328273 -12.220134
v -12.564000 -0.299456 -12.220134
v -12.354682 -0.299269 -12.220134
v -12.150981 -0.300290 -12.220134
v -12.568037 -0.268633 -12.219059
v -12.347017 -0.270340 -12.205144
v -12.568259 -0.260043 -12.154487
v -12.840783 -0.459070 -12.048463
v -13.182725 -0.453126 -12.127100
v -13.016352 -0.455449 -12.131093
v -12.827611 -0.457292 -12.143374
v -13.491705 -0.445997 -12.187646
v -13.331250 -0.446161 -12.182776
v -13.172553 -0.444943 -12.179102
v -13.004699 -0.448121 -12.188782
v -12.815213 -0.446029 -12.190885
v -13.761400 -0.418270 -12.220134
v -13.626740 -0.424147 -12.220134
v -13.477914 -0.427104 -12.220134
v -13.318934 -0.427398 -12.220134
v -13.158620 -0.426648 -12.220134
v -12.987604 -0.427249 -12.220134
v -12.799883 -0.424682 -12.220134
v -13.837475 -0.390086 -12.220134
v -13.732527 -0.395025 -12.220134
v -13.603861 -0.397657 -12.220134
v -13.459279 -0.398460 -12.220134
v -13.304041 -0.397983 -12.220134
v -13.140369 -0.396880 -12.220134
v -12.967426 -0.395738 -12.220134
v -12.781588 -0.393973 -12.220134
v -13.718895 -0.369760 -12.220134
v -13.591453 -0.369878 -12.220134
v -13.448449 -0.369027 -12.220134
v -13.293427 -0.367576 -12.220134
v -13.128718 -0.365858 -12.220134
v -12.954950 -0.364084 -12.220134
v -12.769495 -0.362282 -12.220134
v -13.446488 -0.339372 -12.220134
v -13.290233 -0.337092 -12.220134
v -13.124063 -0.334841 -12.220134
v -12.949078 -0.332670 -12.220134
v -12.763349 -0.330818 -12.220134
v -13.295294 -0.307799 -12.220134
v -13.126721 -0.305001 -12.220134
v -12.950334 -0.302368 -12.220134
v -12.763885 -0.301341 -12.220134
v -12.958580 -0.269720 -12.207446
v -12.770113 -0.276584 -12.202553
v -12.774841 -0.263101 -12.150626
v -14.106342 -0.414500 -12.090842
v -14.031673 -0.401916 -12.069557
v -14.079826 -0.370404 -12.082204
v -14.003277 -0.366192 -12.062048
v -14.013210 -0.337251 -12.064671
v -13.511830 -0.458566 -12.087652
v -13.352425 -0.458596 -12.078319
v -13.194420 -0.458732 -12.069773
v -13.030530 -0.458898 -12.059303
v -13.974596 -0.445893 -12.209707
v -13.812460 -0.450941 -12.174392
v -13.658991 -0.452705 -12.145179
v -13.501349 -0.454881 -12.139795
v -13.341903 -0.453917 -12.131680
v -13.919977 -0.425719 -12.220205
v -13.786993 -0.439023 -12.215413
v -13.645086 -0.442179 -12.190413
v -13.873503 -0.408454 -12.220134
v -10.925952 -0.453943 -12.201029
v -10.664282 -0.386089 -12.220134
v -10.666243 -0.413792 -12.220134
v -10.671560 -0.437430 -12.206010
v -10.464766 -0.296000 -12.220134
v -10.461473 -0.324663 -12.220134
v -10.459744 -0.354770 -12.220134
v -10.457230 -0.384827 -12.220134
v -10.452759 -0.413503 -12.220134
v -10.448279 -0.439187 -12.201915
v -10.266353 -0.259060 -12.085285
v -10.265179 -0.269949 -12.193502
v -10.261008 -0.294513 -12.220134
v -10.259068 -0.323260 -12.220134
v -10.256733 -0.353386 -12.220134
v -10.252247 -0.383669 -12.220134
v -10.243681 -0.413142 -12.220134
v -10.048409 -0.259149 -12.091769
v -10.054609 -0.268731 -12.183415
v -10.058342 -0.293044 -12.220134
v -10.058892 -0.321567 -12.220134
v -10.056888 -0.351818 -12.220134
v -10.052144 -0.382485 -12.220134
v -10.043903 -0.412136 -12.220134
v -9.863050 -0.290348 -12.220134
v -9.864817 -0.319568 -12.220134
v -9.863486 -0.350112 -12.220134
v -9.180130 -0.319442 -12.220134
v -9.054612 -0.323511 -12.220134
v -11.649829 -0.385388 -12.443929
v -11.796262 -0.357078 -12.346892
v -11.660794 -0.356459 -12.436772
v -11.949798 -0.327971 -12.244255
v -11.804546 -0.327860 -12.341353
v -11.670134 -0.327120 -12.430924
v -11.960022 -0.300835 -12.246744
v -11.810893 -0.300666 -12.337111
v -11.677961 -0.298898 -12.425974
v -12.150762 -0.275969 -12.214565
v -11.963818 -0.279507 -12.245615
v -11.811260 -0.278287 -12.326036
v -11.685027 -0.270567 -12.416803
v -12.348584 -0.262717 -12.154778
v -12.138037 -0.267669 -12.171273
v -11.953592 -0.267129 -12.222038
v -11.792946 -0.266602 -12.287454
v -11.666084 -0.264515 -12.358599
v -12.336064 -0.258826 -12.071755
v -12.117917 -0.259461 -12.112440
v -11.930486 -0.259633 -12.171116
v -11.773943 -0.259651 -12.241551
v -11.648259 -0.259651 -12.301414
v -8.954121 -0.259420 -12.101556
v -8.962701 -0.259654 -12.160292
v -8.813078 -0.293819 -12.073524
v -8.779554 -0.280574 -12.139156
v -8.797203 -0.281600 -12.187804
v -8.837072 -0.290824 -12.220179
v -8.806331 -0.333151 -12.075368
v -8.741386 -0.323833 -12.092475
v -8.666171 -0.317839 -12.157349
v -8.678555 -0.317966 -12.195987
v -8.737921 -0.324164 -12.220304
v -8.812319 -0.332726 -12.220177
v -8.983547 -0.269243 -12.205983
v -8.890832 -0.305243 -12.220114
v -8.937890 -0.318005 -12.220134
v -8.880249 -0.340438 -12.220134
v -11.295248 -0.458056 -10.767722
v -11.358999 -0.458056 -10.608447
v -11.038825 -0.458056 -10.936844
v -11.120820 -0.458056 -10.723783
v -11.220361 -0.458056 -10.534595
v -11.339262 -0.458056 -10.368967
v -10.861833 -0.458056 -10.892240
v -10.964565 -0.458056 -10.667833
v -11.083446 -0.458056 -10.457207
v -11.212928 -0.458056 -10.265522
v -11.342359 -0.458056 -10.096385
v -11.100637 -0.458056 -10.170111
v -11.233397 -0.458056 -9.976224
v -11.355429 -0.458056 -9.814655
v -11.368055 -0.458064 -9.574133
v -12.521880 -0.334917 -11.236845
v -12.417025 -0.334257 -11.037883
v -12.317180 -0.333154 -10.817525
v -12.206479 -0.366467 -10.577158
v -12.209326 -0.332237 -10.582732
v -12.085871 -0.366363 -10.340969
v -12.087249 -0.331282 -10.343882
v -11.953661 -0.365729 -10.112162
v -11.953732 -0.329781 -10.112273
v -11.823433 -0.364419 -9.903266
v -11.822196 -0.328300 -9.901282
v -11.711550 -0.398629 -9.723615
v -11.711563 -0.362720 -9.723591
v -11.708913 -0.326959 -9.719364
v -11.621695 -0.396263 -9.578858
v -11.620697 -0.360947 -9.577251
v -11.616384 -0.325663 -9.570303
v -11.550247 -0.394207 -9.463888
v -11.548141 -0.359451 -9.459353
v -11.542188 -0.324306 -9.450115
v -10.288296 -0.252722 -11.675906
v -10.196173 -0.256319 -11.619972
v -10.415155 -0.251999 -11.509547
v -10.314703 -0.253001 -11.452143
v -10.251678 -0.273027 -11.414807
v -10.243606 -0.300712 -11.404171
v -10.244395 -0.332668 -11.402781
v -10.536237 -0.256621 -11.318356
v -10.431314 -0.258500 -11.260056
v -10.367225 -0.274223 -11.222740
v -10.351501 -0.300781 -11.212672
v -10.352208 -0.332347 -11.211349
v -10.352121 -0.366747 -11.210953
v -10.351491 -0.400350 -11.211992
v -10.349220 -0.430984 -11.216827
v -10.558052 -0.262448 -11.052743
v -10.472142 -0.273146 -11.012509
v -10.463703 -0.299955 -10.997803
v -10.465614 -0.331669 -10.994238
v -10.465212 -0.365407 -10.994443
v -10.462834 -0.398233 -10.997514
v -10.460007 -0.427419 -11.003654
v -10.501318 -0.449612 -11.031361
v -10.612879 -0.458056 -11.074393
v -10.771358 -0.458056 -11.122545
v -10.687307 -0.259651 -10.821115
v -10.601429 -0.264574 -10.786594
v -10.567947 -0.296776 -10.756353
v -10.569778 -0.329813 -10.752769
v -10.568230 -0.363983 -10.754475
v -10.566688 -0.397049 -10.760608
v -10.567520 -0.426531 -10.770842
v -10.600037 -0.451433 -10.801028
v -10.718883 -0.458056 -10.844357
v -10.826988 -0.259651 -10.575892
v -10.742551 -0.268909 -10.526154
v -10.692854 -0.292432 -10.500275
v -10.692064 -0.327457 -10.501821
v -10.689738 -0.362462 -10.506375
v -10.685825 -0.396311 -10.514039
v -10.681118 -0.427521 -10.523256
v -10.720206 -0.453746 -10.556643
v -10.857819 -0.264371 -10.261527
v -10.825386 -0.290860 -10.245279
v -10.822498 -0.325654 -10.248539
v -10.818774 -0.361275 -10.255574
v -10.813767 -0.396014 -10.264784
v -10.810030 -0.428637 -10.278329
v -11.026916 -0.266714 -10.047236
v -10.970561 -0.290536 -10.009262
v -10.967070 -0.324400 -10.014863
v -10.962868 -0.360117 -10.021603
v -10.957584 -0.395380 -10.030078
v -10.953421 -0.428699 -10.036756
v -11.158126 -0.262129 -9.848464
v -11.101948 -0.288457 -9.798499
v -11.098355 -0.323013 -9.804243
v -11.094193 -0.359078 -9.810925
v -11.089746 -0.394935 -9.818081
v -11.213553 -0.286161 -9.618852
v -11.208832 -0.321747 -9.626459
v -11.205023 -0.358409 -9.632595
v -11.300755 -0.284422 -9.477971
v -11.300114 -0.320773 -9.479402
v -11.389908 -0.283192 -9.367489
v -12.556118 -0.257143 -11.954341
v -12.560516 -0.258733 -12.061486
v -12.721860 -0.335180 -11.570541
v -12.619992 -0.367709 -11.410378
v -12.623220 -0.335078 -11.416060
v -12.513210 -0.431165 -11.222102
v -12.515521 -0.400165 -11.224511
v -12.517533 -0.367526 -11.229974
v -12.364578 -0.451280 -11.041245
v -12.410384 -0.431621 -11.025040
v -12.410159 -0.399875 -11.024604
v -12.413114 -0.367085 -11.030318
v -12.044069 -0.458056 -10.883608
v -12.169554 -0.457149 -10.843968
v -12.266766 -0.449916 -10.816930
v -12.312068 -0.431272 -10.804803
v -12.312012 -0.399865 -10.804664
v -12.313705 -0.366627 -10.809117
v -11.807658 -0.458056 -10.716804
v -11.951589 -0.458056 -10.666317
v -12.066386 -0.458056 -10.620551
v -12.157302 -0.449954 -10.583536
v -12.201444 -0.430940 -10.567296
v -12.204106 -0.400360 -10.572512
v -11.569216 -0.458056 -10.607770
v -11.711180 -0.458056 -10.531627
v -11.841461 -0.458056 -10.460843
v -11.949863 -0.458056 -10.403008
v -12.043553 -0.450412 -10.358912
v -12.078331 -0.433963 -10.339618
v -12.084468 -0.401572 -10.338223
v -11.594608 -0.458056 -10.367417
v -11.717717 -0.458056 -10.268583
v -11.820354 -0.458056 -10.192782
v -11.895315 -0.449742 -10.143174
v -11.952271 -0.439914 -10.109933
v -11.952990 -0.402328 -10.111085
v -11.587038 -0.458056 -10.099416
v -11.692442 -0.458056 -9.999290
v -11.770335 -0.452013 -9.935462
v -11.821927 -0.432649 -9.900852
v -11.823110 -0.400823 -9.902748
v -11.571443 -0.458056 -9.833197
v -11.649402 -0.450034 -9.762014
v -11.709545 -0.429674 -9.720387
v -11.550726 -0.458056 -9.611319
v -11.614063 -0.429981 -9.571896
v -11.543170 -0.427110 -9.452141
v -11.597597 -0.254237 -11.771318
v -11.876777 -0.254268 -11.773277
v -12.165279 -0.254511 -11.788541
v -12.032990 -0.252293 -11.648849
v -12.444929 -0.254707 -11.800915
v -12.309994 -0.252823 -11.682259
v -12.544477 -0.253523 -11.726355
v -12.633112 -0.252610 -11.668845
v -13.895689 -0.387306 -12.033651
v -13.798433 -0.408311 -12.007982
v -13.799232 -0.387268 -12.008193
v -13.679668 -0.412903 -11.976635
v -13.537029 -0.416535 -11.940061
v -13.382693 -0.419469 -11.909210
v -11.322614 -0.458056 -12.349894
v -11.139881 -0.457112 -12.273810
v -11.439526 -0.440538 -12.551847
v -11.342805 -0.443352 -12.500699
v -11.227133 -0.444447 -12.420400
v -11.072018 -0.442781 -12.329444
v -10.888945 -0.437528 -12.238293
v -11.302470 -0.416610 -12.501102
v -11.185414 -0.417591 -12.427890
v -11.044207 -0.416799 -12.333788
v -10.876091 -0.414644 -12.236329
v -11.166606 -0.388639 -12.415609
v -11.030227 -0.388488 -12.324442
v -10.866530 -0.387729 -12.237188
v -11.019974 -0.357694 -12.317588
v -10.861373 -0.357414 -12.231528
v -10.662790 -0.356130 -12.220134
v -10.856094 -0.327000 -12.232075
v -10.662336 -0.326071 -12.220134
v -10.665365 -0.298106 -12.220134
v -10.471508 -0.271100 -12.191425
v -11.449718 -0.252179 -11.641685
v -11.742929 -0.251994 -11.630054
v -11.591591 -0.252150 -11.483247
v -11.426845 -0.256058 -11.339161
v -11.893280 -0.252415 -11.494102
v -11.740565 -0.256237 -11.332541
v -11.576091 -0.259379 -11.169556
v -11.404391 -0.259651 -11.014223
v -12.173071 -0.250871 -11.536660
v -12.036239 -0.255181 -11.371490
v -11.884176 -0.259100 -11.195355
v -11.722237 -0.259651 -11.014354
v -11.552998 -0.259651 -10.840631
v -11.384887 -0.259651 -10.683495
v -12.422500 -0.251866 -11.597188
v -12.293991 -0.253237 -11.443184
v -12.160023 -0.257914 -11.268734
v -12.010854 -0.259651 -11.080014
v -11.852660 -0.259651 -10.885789
v -11.687443 -0.259651 -10.698491
v -11.525334 -0.259651 -10.524528
v -12.517836 -0.252299 -11.531883
v -12.392217 -0.255177 -11.371639
v -12.261227 -0.259463 -11.189094
v -12.115130 -0.259651 -10.991224
v -11.961083 -0.259651 -10.786665
v -11.804820 -0.259651 -10.583902
v -11.651387 -0.259651 -10.390962
v -11.505972 -0.259651 -10.216380
v -12.696433 -0.257174 -11.624362
v -12.583110 -0.255165 -11.486516
v -12.464785 -0.256565 -11.320464
v -12.340446 -0.259651 -11.130098
v -12.202175 -0.260658 -10.925056
v -12.054981 -0.259651 -10.709181
v -11.908164 -0.259651 -10.489410
v -11.762822 -0.259651 -10.277035
v -11.622532 -0.259651 -10.087309
v -11.493424 -0.259651 -9.927114
v -12.271157 -0.262936 -10.878820
v -12.137026 -0.262289 -10.652798
v -11.997789 -0.261503 -10.416245
v -11.860599 -0.261468 -10.183278
v -11.728213 -0.259651 -9.978273
v -11.593909 -0.259651 -9.816748
v -11.485854 -0.259651 -9.676779
v -11.804407 -0.269915 -9.910094
v -11.679790 -0.268452 -9.734776
v -11.583017 -0.267060 -9.588692
v -11.485696 -0.262576 -9.449818
v -8.902619 -0.332175 -12.049953
v -8.872991 -0.313700 -12.057774
v -9.815321 -0.257157 -11.955203
v -9.143906 -0.288810 -11.986268
v -9.132807 -0.269851 -12.018717
v -9.130612 -0.262835 -12.079100
v -9.013662 -0.323383 -12.020645
v -8.992058 -0.299215 -12.026347
v -8.963021 -0.276897 -12.036981
v -8.919495 -0.355374 -12.045500
v -9.915481 -0.276201 -11.798316
v -9.941404 -0.262433 -11.839616
v -9.981205 -0.257808 -11.901648
v -9.796775 -0.256248 -11.897964
v -9.780992 -0.277490 -11.849644
v -9.778976 -0.305369 -11.850039
v -9.775706 -0.431025 -11.850681
v -9.776426 -0.402513 -11.850539
v -9.777626 -0.370566 -11.849253
v -9.778580 -0.337100 -11.850118
v -9.175325 -0.405386 -11.977976
v -9.172178 -0.377219 -11.978806
v -9.165380 -0.346592 -11.980600
v -9.155576 -0.316769 -11.983188
v -9.038730 -0.379602 -12.014029
v -9.028598 -0.350856 -12.016703
v -10.102011 -0.462884 -11.808233
v -10.044132 -0.455275 -11.732804
v -10.022977 -0.431008 -11.693395
v -10.026878 -0.402317 -11.689236
v -10.027943 -0.369146 -11.688102
v -10.027478 -0.334176 -11.688598
v -10.025257 -0.302317 -11.690965
v -10.029069 -0.275291 -11.708389
v -10.067421 -0.256038 -11.749897
v -10.145902 -0.254868 -11.811076
v -9.949141 -0.458458 -11.888288
v -9.918776 -0.455321 -11.826430
v -9.910486 -0.430341 -11.796040
v -9.913403 -0.402281 -11.792061
v -9.925138 -0.369767 -11.797701
v -9.924475 -0.335320 -11.798409
v -9.916494 -0.303394 -11.796347
v -9.797125 -0.460797 -11.939691
v -9.782311 -0.453154 -11.879122
v -8.929537 -0.420712 -12.042849
v -8.904199 -0.437948 -12.049542
v -8.885342 -0.451050 -12.079360
v -8.881531 -0.454822 -12.115801
v -8.888376 -0.454447 -12.173180
v -8.902702 -0.440580 -12.213827
v -9.031879 -0.444743 -12.034142
v -9.023546 -0.458528 -12.064158
v -9.027199 -0.458465 -12.104104
v -9.029354 -0.458071 -12.148320
v -9.173059 -0.453143 -11.996032
v -9.175561 -0.455926 -12.045087
v -9.177200 -0.458421 -12.089574
v -9.178338 -0.458182 -12.134278
v -10.832212 -0.458056 -10.610793
v -10.963172 -0.458056 -10.385818
v -10.854460 -0.456107 -10.329086
v -11.008012 -0.451922 -10.088037
v -11.141809 -0.453059 -9.882947
v -11.262113 -0.455388 -9.708770
v -11.084253 -0.428890 -9.826892
v -11.197803 -0.431167 -9.644225
v -11.293649 -0.433142 -9.489866
v -11.406186 -0.430425 -9.372901
v -11.201893 -0.395073 -9.637636
v -11.295277 -0.395491 -9.486732
v -11.384463 -0.395611 -9.380118
v -11.297475 -0.358102 -9.483700
v -11.379945 -0.357602 -9.359736
v -11.381413 -0.320072 -9.347609
v -8.788305 -0.359478 -12.080126
v -8.730658 -0.359475 -12.095342
v -8.683212 -0.359999 -12.134723
v -8.684108 -0.361189 -12.181942
v -8.806195 -0.387851 -12.075386
v -8.751422 -0.393798 -12.089830
v -10.167802 -0.461222 -11.912912
v -9.981874 -0.460363 -11.967039
v -9.813950 -0.459759 -12.005054
v -10.006168 -0.458958 -12.055516
v -9.828694 -0.458625 -12.076509
v -9.840836 -0.452152 -12.145261
v -9.184769 -0.404140 -12.220134
v -9.186338 -0.375586 -12.220134
v -9.057123 -0.346999 -12.220134
v -10.718668 -0.459414 -12.026777
v -10.446776 -0.459619 -12.015064
v -10.203241 -0.459313 -12.033748
v -10.686974 -0.458160 -12.151016
v -10.443817 -0.454895 -12.144283
v -10.220110 -0.454817 -12.140948
v -10.019698 -0.453141 -12.138144
v -10.233324 -0.440384 -12.205189
v -10.034410 -0.438016 -12.220134
v -9.848742 -0.440266 -12.214478
v -9.854612 -0.411884 -12.220134
v -9.860081 -0.381322 -12.220134
v -9.185271 -0.346631 -12.220134
v -14.008840 -0.450921 -12.133443
v -13.988133 -0.441883 -12.064013
v -13.946498 -0.425918 -12.047058
v -13.908358 -0.413358 -12.037023
v -13.969102 -0.392846 -12.053033
v -9.039099 -0.426766 -12.013931
v -9.174470 -0.429571 -11.978201
v -8.938065 -0.403436 -12.040598
v -9.042931 -0.405267 -12.012920
v -8.932333 -0.381642 -12.042111
v -13.380623 -0.440437 -11.927379
v -13.234012 -0.446371 -11.890902
v -13.541466 -0.457215 -11.975375
v -13.376601 -0.455032 -11.957329
v -13.221159 -0.456530 -11.941114
v -13.069047 -0.456347 -11.910114
v -13.680531 -0.459019 -12.053026
v -13.523501 -0.459298 -12.035379
v -13.363745 -0.459513 -12.020532
v -13.207459 -0.459773 -12.004198
v -13.049815 -0.460162 -11.979675
v -12.868691 -0.460703 -11.945583
v -13.830344 -0.458205 -12.119808
v -13.670878 -0.458388 -12.100441
v -12.990222 -0.258018 -12.009431
v -13.171924 -0.258571 -12.045169
v -13.191809 -0.257716 -11.990443
v -13.330756 -0.259551 -12.122624
v -13.344189 -0.258875 -12.071236
v -13.359310 -0.258223 -12.022385
v -13.498443 -0.263485 -12.136409
v -13.512742 -0.259321 -12.093187
v -13.527031 -0.258658 -12.049758
v -13.542001 -0.260815 -12.002886
v -13.645664 -0.272043 -12.194526
v -13.662956 -0.261353 -12.161094
v -13.676786 -0.259452 -12.116943
v -13.689350 -0.260335 -12.076517
v -13.700134 -0.266467 -12.034580
v -13.790739 -0.275646 -12.220134
v -13.817052 -0.265957 -12.183044
v -13.835657 -0.261087 -12.145213
v -13.847023 -0.259257 -12.098913
v -13.848963 -0.267605 -12.051763
v -13.840234 -0.280392 -12.027740
v -13.875031 -0.305125 -12.220134
v -13.926469 -0.287375 -12.220138
v -13.973783 -0.271983 -12.217247
v -14.000636 -0.266167 -12.181043
v -14.012662 -0.266049 -12.104003
v -13.979036 -0.278878 -12.058737
v -13.938357 -0.290615 -12.044905
v -13.997384 -0.342901 -12.220134
v -13.964604 -0.319619 -12.220135
v -14.066111 -0.372188 -12.220154
v -14.081927 -0.337179 -12.220134
v -14.046532 -0.306322 -12.220139
v -14.117496 -0.421520 -12.182472
v -14.139542 -0.375659 -12.210635
v -14.153583 -0.333744 -12.201855
v -14.122242 -0.294429 -12.205368
v -14.114157 -0.417161 -12.136554
v -14.177948 -0.376418 -12.145514
v -14.181442 -0.334750 -12.146465
v -14.126929 -0.294260 -12.170524
v -14.143034 -0.374153 -12.100220
v -14.150693 -0.334953 -12.114947
v -14.132008 -0.296158 -12.122286
v -14.095158 -0.335905 -12.086295
v -14.072010 -0.303569 -12.080224
v -13.993923 -0.310337 -12.059583
v -10.995250 -0.458723 -12.070295
v -11.127927 -0.465141 -11.665965
v -10.834598 -0.465733 -11.628790
v -10.905778 -0.463274 -11.399059
v -11.265752 -0.458056 -12.150855
v -11.469699 -0.458056 -12.251014
v -11.450972 -0.456260 -12.427666
v -8.713161 -0.362980 -12.211428
v -8.775465 -0.365540 -12.220134
v -8.693338 -0.400196 -12.127496
v -8.680825 -0.401609 -12.180870
v -8.700922 -0.400022 -12.215798
v -8.772299 -0.398095 -12.220141
v -10.026334 -0.257709 -11.989975
v -9.836472 -0.258313 -12.028049
v -9.138322 -0.260659 -12.125757
v -9.147000 -0.266576 -12.167481
v -9.161425 -0.273174 -12.211322
v -9.010721 -0.285959 -12.220134
v -9.036687 -0.304032 -12.220134
v -11.988222 -0.256336 -11.903532
v -11.820581 -0.258017 -12.009397
v -11.677285 -0.259250 -12.106436
v -11.566783 -0.259651 -12.190804
v -11.723088 -0.256259 -11.898674
v -11.587729 -0.258130 -12.016531
v -11.468301 -0.256445 -11.910386
v -8.851689 -0.368582 -12.220134
v -8.844976 -0.396426 -12.220136
v -10.589377 -0.466351 -11.571350
v -10.686737 -0.461952 -11.350302
v -10.270739 -0.464933 -11.679169
v -10.410000 -0.465614 -11.497393
v -10.520315 -0.460546 -11.295662
v -10.169281 -0.457515 -11.598186
v -10.291725 -0.457058 -11.433248
v -10.402697 -0.451921 -11.245495
v -10.135597 -0.432926 -11.566195
v -10.243551 -0.433412 -11.404267
v -10.138455 -0.402461 -11.563322
v -10.244361 -0.401998 -11.402841
v -10.142135 -0.368503 -11.566360
v -10.244632 -0.367768 -11.402364
v -10.138618 -0.333225 -11.563329
v -10.139731 -0.301116 -11.566163
v -10.132349 -0.272912 -11.571745
v -12.772259 -0.258893 -12.064550
v -12.972682 -0.259775 -12.082775
v -13.144851 -0.262515 -12.166236
v -13.319971 -0.266154 -12.174011
v -13.624535 -0.289700 -12.220134
v -13.818624 -0.313493 -12.013311
v -13.692613 -0.311728 -11.980051
v -13.546186 -0.309667 -11.942634
v -13.685489 -0.336601 -11.978171
v -13.541001 -0.335673 -11.941850
v -13.384010 -0.335083 -11.909469
v -13.226949 -0.335086 -11.878654
v -13.075689 -0.334995 -11.848979
v -13.537642 -0.363679 -11.940048
v -13.381776 -0.364250 -11.909030
v -13.225919 -0.364871 -11.878452
v -13.074367 -0.365600 -11.847511
v -13.381191 -0.393182 -11.908916
v -13.226935 -0.394598 -11.878652
v -13.913108 -0.363479 -12.038249
v -13.920455 -0.337821 -12.040189
v -13.916519 -0.313891 -12.039149
v -13.806385 -0.362870 -12.010081
v -13.811776 -0.337483 -12.011503
v -13.677978 -0.389242 -11.976189
v -13.681053 -0.363168 -11.977005
v -13.535604 -0.391375 -11.941030
v -12.746626 -0.254384 -11.780548
v -12.654247 -0.255198 -11.831841
v -9.179451 -0.450003 -12.183357
v -9.034802 -0.447729 -12.197465
v -9.181417 -0.429968 -12.220134
v -9.042555 -0.426709 -12.220134
v -8.924346 -0.421299 -12.220129
v -9.049150 -0.401549 -12.220134
v -8.934887 -0.398427 -12.220134
v -9.053740 -0.374094 -12.220134
v -8.942853 -0.371768 -12.220134
v -8.957213 -0.345814 -12.220134
v -11.172530 -0.464149 -11.431314
v -11.209689 -0.458613 -11.195490
v -11.247783 -0.458056 -10.967855
v -10.970335 -0.458056 -11.166430
v -13.834192 -0.458766 -12.069109
v -13.689535 -0.450237 -12.003298
v -13.829278 -0.442028 -12.021679
v -13.538899 -0.438109 -11.953355
v -13.688206 -0.434063 -11.978889
v -13.813893 -0.425816 -12.012062
v -13.956680 -0.392708 -12.220134
v -13.992886 -0.368983 -12.220134
v -14.020066 -0.404030 -12.220141
v -12.188182 -0.463503 -11.769250
v -12.105127 -0.466180 -11.575946
v -11.889524 -0.462309 -11.844438
v -11.826129 -0.465638 -11.634791
v -11.777221 -0.463568 -11.409912
v -11.732441 -0.458204 -11.181795
v -12.272780 -0.460834 -11.937343
v -11.978788 -0.459607 -12.014646
v -11.810659 -0.456431 -12.226090
v -11.691327 -0.458142 -12.124921
v -11.604541 -0.457076 -12.330466
v -11.540688 -0.446468 -12.459638
v -12.931527 -0.366354 -11.794068
v -13.076829 -0.396242 -11.849202
v -12.939709 -0.397660 -11.791115
v -13.229935 -0.421829 -11.879240
v -13.081171 -0.424062 -11.850054
v -12.945075 -0.426005 -11.792531
v -13.082273 -0.450046 -11.859599
v -12.944201 -0.451242 -11.801538
v -12.916086 -0.459929 -11.850615
v -12.964619 -0.265059 -12.148588
v -13.136348 -0.277895 -12.220134
v -13.308340 -0.281896 -12.220134
v -13.454712 -0.310645 -12.220134
v -13.472822 -0.284194 -12.220134
v -13.590216 -0.341677 -12.220134
v -13.601219 -0.314363 -12.220134
v -13.718089 -0.343823 -12.220134
v -13.730129 -0.318747 -12.220134
v -13.827466 -0.368527 -12.220134
v -13.827343 -0.345753 -12.220134
v -13.837157 -0.324029 -12.220134
v -11.405725 -0.387559 -12.530702
v -11.404159 -0.356562 -12.542639
v -11.278473 -0.357178 -12.487031
v -11.408296 -0.325463 -12.544185
v -11.276971 -0.325778 -12.486154
v -11.150074 -0.326611 -12.404558
v -11.421168 -0.293917 -12.555131
v -11.279383 -0.294703 -12.487563
v -11.150572 -0.296691 -12.404891
v -11.011490 -0.300311 -12.311916
v -11.421065 -0.271501 -12.485208
v -11.300860 -0.273573 -12.436438
v -11.168799 -0.268957 -12.383595
v -11.029467 -0.279280 -12.287410
v -10.861123 -0.277806 -12.232413
v -11.434107 -0.259631 -12.407806
v -11.321807 -0.262849 -12.371609
v -11.194858 -0.262639 -12.314898
v -11.046890 -0.263861 -12.246099
v -10.882380 -0.264012 -12.184323
v -10.695769 -0.259484 -12.133788
v -11.456804 -0.259645 -12.331001
v -11.354909 -0.259651 -12.295768
v -11.230566 -0.259651 -12.238898
v -11.084283 -0.259570 -12.172470
v -10.917008 -0.259161 -12.102480
v -10.731171 -0.258417 -12.034584
v -10.527350 -0.257504 -11.977066
v -12.831143 -0.335505 -11.687049
v -12.829326 -0.367141 -11.685111
v -12.830026 -0.398824 -11.685858
v -12.831315 -0.427680 -11.687232
v -12.817173 -0.455048 -11.703260
v -12.750939 -0.463359 -11.756122
v -12.721579 -0.367585 -11.564584
v -12.719216 -0.399826 -11.563232
v -12.617523 -0.400252 -11.406030
v -12.715548 -0.429296 -11.563344
v -12.616338 -0.430777 -11.403943
v -12.690835 -0.456858 -11.575259
v -12.578568 -0.462680 -11.427256
v -12.462782 -0.450032 -11.240498
v -12.601910 -0.464479 -11.621749
v -12.477672 -0.464943 -11.460598
v -12.365324 -0.458542 -11.273136
v -12.266940 -0.458056 -11.066759
v -12.430074 -0.464646 -11.697243
v -12.322974 -0.466381 -11.513618
v -12.223426 -0.461029 -11.316272
v -12.129689 -0.458056 -11.104234
v -12.027472 -0.462361 -11.365390
v -11.953159 -0.458192 -11.146167
v -11.886507 -0.458056 -10.924454
v -11.689954 -0.458056 -10.959024
v -11.638062 -0.458056 -10.762260
v -11.494581 -0.259651 -12.260868
v -11.403358 -0.259651 -12.210650
v -11.283555 -0.259347 -12.142044
v -11.139823 -0.258826 -12.069897
v -10.973270 -0.257741 -11.991996
v -10.790964 -0.256440 -11.910048
v -11.479782 -0.259336 -12.118553
v -11.362491 -0.258412 -12.035404
v -11.219009 -0.256981 -11.944158
v -11.053506 -0.255558 -11.854490
v -10.602494 -0.255176 -11.830443
v -10.423404 -0.253895 -11.749788
v -10.875724 -0.254047 -11.759360
v -10.700994 -0.252560 -11.665648
v -10.544887 -0.251211 -11.580710
v -11.159158 -0.252958 -11.690744
v -10.985818 -0.251616 -11.581608
v -10.816552 -0.252265 -11.479018
v -10.665719 -0.254669 -11.390346
v -11.285262 -0.251300 -11.514819
v -11.113468 -0.254630 -11.391812
v -10.942339 -0.257643 -11.279125
v -10.788773 -0.259570 -11.182430
v -10.661171 -0.259651 -11.107008
v -11.254716 -0.258994 -11.200261
v -11.084258 -0.259651 -11.072845
v -10.927245 -0.259651 -10.964085
v -10.794761 -0.259651 -10.879970
v -11.234775 -0.259651 -10.872073
v -11.077177 -0.259651 -10.748871
v -10.939830 -0.259651 -10.649452
v -11.228603 -0.259651 -10.545900
v -11.091014 -0.259651 -10.431109
v -10.972960 -0.259651 -10.339656
v -11.373804 -0.259651 -10.369180
v -11.238465 -0.259651 -10.233762
v -11.121880 -0.259651 -10.125608
v -11.374664 -0.259651 -10.066595
v -11.261099 -0.259651 -9.943697
v -11.382892 -0.259651 -9.793685
v -11.287407 -0.259651 -9.682708
v -11.389076 -0.261897 -9.558430
v -11.323476 -0.254678 -11.799095
v -12.834331 -0.307405 -11.690447
v -13.026560 -0.256991 -11.944743
v -12.870099 -0.255873 -11.874346
v -13.373760 -0.257479 -11.975533
v -13.209408 -0.262151 -11.943372
v -13.055514 -0.256249 -11.898026
v -12.917124 -0.259062 -11.828974
v -13.712873 -0.274674 -11.988541
v -13.551106 -0.270718 -11.964637
v -13.386243 -0.268805 -11.927550
v -13.226372 -0.268332 -11.895320
v -13.072668 -0.270350 -11.865206
v -12.940276 -0.269100 -11.803997
v -13.829374 -0.294140 -12.016149
v -13.703381 -0.290451 -11.982893
v -13.552841 -0.286764 -11.944309
v -13.389569 -0.285762 -11.910560
v -13.229745 -0.286279 -11.879203
v -13.079792 -0.287262 -11.849784
v -12.944626 -0.286542 -11.796787
v -13.387066 -0.308425 -11.910069
v -13.228972 -0.308471 -11.879051
v -13.078926 -0.308708 -11.849613
v -12.941613 -0.307638 -11.796285
v -12.940398 -0.335101 -11.791532
v -12.838268 -0.284527 -11.694644
v -12.832145 -0.266447 -11.706823
v -12.807524 -0.257434 -11.737064
v -12.733110 -0.263815 -11.591378
v -12.620853 -0.261007 -11.458479
v -12.514421 -0.261736 -11.283142
v -12.394439 -0.265582 -11.090145
v -12.731801 -0.282321 -11.579357
v -12.634848 -0.278536 -11.436534
v -12.528925 -0.279739 -11.263574
v -12.428970 -0.279946 -11.060986
v -12.312947 -0.278043 -10.845865
v -12.222229 -0.271344 -10.610805
v -12.066763 -0.265577 -10.366115
v -11.926935 -0.266075 -10.122573
v -12.729237 -0.306159 -11.571833
v -12.627855 -0.305287 -11.424222
v -12.527315 -0.304951 -11.246922
v -12.422697 -0.304021 -11.048854
v -12.321688 -0.302172 -10.828742
v -12.214187 -0.300229 -10.592251
v -12.089350 -0.298459 -10.347781
v -11.953341 -0.297066 -10.111648
v -11.820575 -0.295918 -9.898682
v -11.705862 -0.294362 -9.714438
v -11.612750 -0.293097 -9.564449
v -11.532581 -0.291860 -9.434696
v -11.478189 -0.465025 -11.673386
v -11.476197 -0.464276 -11.436019
v -11.473423 -0.458209 -11.200958
v -11.470772 -0.458056 -10.975851
v -11.467746 -0.458056 -10.783700
v -11.466217 -0.458056 -10.481700
v -11.466611 -0.458056 -10.222844
v -11.463222 -0.458056 -9.952219
v -11.462275 -0.458056 -9.695415
v -11.478042 -0.453407 -9.473372
v -11.413988 -0.414313 -12.538462
v -11.285847 -0.388088 -12.490614
v -11.155374 -0.357597 -12.408101
v -11.014466 -0.327301 -12.313906
v -10.855247 -0.300109 -12.230023
v -10.675713 -0.273448 -12.201120
v -10.489003 -0.259315 -12.103230
v -11.493417 -0.393814 -9.373190
v -11.485224 -0.357965 -9.362599
v -11.483893 -0.322142 -9.356714
v -8.859371 -0.383877 -12.061369
v -8.844400 -0.358577 -12.065320
v -12.059943 -0.457754 -12.139983
v -11.680563 -0.447429 -12.363878
v -10.765946 -0.462242 -11.848697
v -11.070792 -0.461601 -11.889044
v -9.851524 -0.259396 -12.107274
v -9.859423 -0.267561 -12.182490
v -9.169685 -0.294823 -12.220134
v -13.916888 -0.367153 -12.220134
v -13.918121 -0.346551 -12.220134
v -8.851819 -0.408992 -12.063358
v -8.803030 -0.422808 -12.076198
v -8.758368 -0.434526 -12.111326
v -8.760470 -0.433707 -12.150059
v -8.763265 -0.433247 -12.190726
v -8.807220 -0.424809 -12.220271
v -12.072174 -0.258155 -12.019380
v -11.889050 -0.259344 -12.100471
v -11.737441 -0.259649 -12.181086
v -11.620502 -0.259651 -12.249332
v -13.156144 -0.259278 -12.104642
v -13.487225 -0.268083 -12.185343
v -13.759254 -0.295772 -12.220134
v -11.524648 -0.411790 -12.520295
v -11.527121 -0.385900 -12.518862
v -11.534493 -0.356400 -12.514554
v -11.543664 -0.326172 -12.509196
v -11.551810 -0.297089 -12.504375
v -11.552660 -0.273209 -12.479723
v -11.548876 -0.262139 -12.409170
v -11.548234 -0.259651 -12.335247
v -13.903920 -0.298125 -12.035824
v -11.551991 -0.259651 -12.287204
v -13.908710 -0.384050 -12.220134
v -13.873919 -0.403858 -12.027905
v -8.852144 -0.415484 -12.220127
v -11.524518 -0.429308 -12.520506
v -10.449676 -0.462837 -11.811190
v -8.878571 -0.400270 -12.056299
v -12.770303 -0.257079 -11.950303
v -11.455806 -0.288211 -9.319760
v -12.312385 -0.256737 -11.928750
v -12.589172 -0.461787 -11.877343
v -11.479330 -0.460784 -11.940485
v -10.279979 -0.256652 -11.923404
v -11.499797 -0.419399 -9.376808
v -13.911028 -0.329590 -12.220134
v -11.464602 -0.458056 -10.663473
v -12.556586 -0.255758 -11.867130
v -8.976319 -0.327978 -12.220134
v -8.844173 -0.340076 -12.065380
v -15.286875 0.000000 -11.919939
v -13.112193 0.396792 -12.361051
v -12.291536 0.396792 -12.430235
v -15.665922 0.000000 -12.292536
v -13.112402 -0.000000 -12.681005
v -12.608595 0.000000 -12.217410
v -9.815144 0.000000 -12.217410
v -7.608631 0.396792 -12.074160
v -7.633907 0.000000 -12.524574
v -15.814264 0.385709 -11.681098
v -15.318730 0.396792 -12.074160
v -12.608595 0.396792 -12.403395
v -12.196514 0.400307 -12.909792
v -13.905304 0.385709 -12.853121
v -13.116755 0.385709 -12.581088
v -9.815168 0.396792 -12.361051
v -7.113097 0.385709 -11.681098
v -7.665338 0.385709 -12.433426
v -10.089087 0.385709 -12.595677
v -11.030152 0.533306 -13.448344
v -15.917459 0.317848 -11.562484
v -15.925962 0.296970 -11.547722
v -15.927394 0.250418 -11.545228
v -15.294548 0.317827 -11.938565
v -15.287596 0.296948 -11.922874
v -15.286541 0.250393 -11.920238
v -14.569715 0.296859 -12.207637
v -14.570171 0.250308 -12.204811
v -13.112215 0.317849 -12.237430
v -13.112217 0.296977 -12.220561
v -13.112217 0.250419 -12.217730
v -12.608595 0.317849 -12.237430
v -12.608595 0.296977 -12.220561
v -12.608595 0.250419 -12.217730
v -12.291536 0.317849 -12.237430
v -12.291536 0.296977 -12.220561
v -12.291536 0.250419 -12.217730
v -11.089273 0.296977 -12.220561
v -11.089273 0.250419 -12.217730
v -10.632517 0.296977 -12.220561
v -10.632517 0.250419 -12.217730
v -15.663780 0.296976 -12.290244
v -15.665705 0.250419 -12.292303
v -15.285590 0.317849 -12.505989
v -15.292215 0.296976 -12.521648
v -15.293327 0.250419 -12.524277
v -14.562535 0.317849 -12.658875
v -14.567109 0.296977 -12.675143
v -13.112528 0.296975 -12.677757
v -13.112413 0.250419 -12.680675
v -13.113431 0.317849 -12.660305
v -12.602184 0.317944 -12.750095
v -12.607385 0.297089 -12.766093
v -12.606420 0.248728 -12.769865
v -12.260292 0.333592 -12.973386
v -12.273280 0.312627 -12.984109
v -12.275913 0.262297 -12.987074
v -12.052297 0.344651 -13.449680
v -13.901558 0.296974 -12.219834
v -13.901560 0.250417 -12.217003
v -13.903210 0.317850 -12.935966
v -13.902573 0.296977 -12.952856
v -7.001399 0.296970 -11.547722
v -7.009902 0.317848 -11.562484
v -7.632813 0.317827 -11.938565
v -7.639766 0.296948 -11.922874
v -7.640820 0.250393 -11.920238
v -9.815145 0.296977 -12.220561
v -9.815145 0.250419 -12.217730
v -9.815146 0.317849 -12.237430
v -10.093009 0.250419 -12.217730
v -7.635146 0.296976 -12.521648
v -7.634033 0.250419 -12.524277
v -7.641771 0.317849 -12.505989
v -9.813474 0.317849 -12.660328
v -9.814833 0.296975 -12.677757
v -9.814948 0.250419 -12.680675
v -10.093571 0.317849 -12.673020
v -10.669727 0.337170 -12.973074
v -10.963922 0.474972 -13.449376
v -9.025812 0.317846 -12.236704
v -9.025803 0.296974 -12.219834
v -9.024789 0.296977 -12.952856
v -9.024897 0.250420 -12.955692
v -11.102999 0.000000 -13.460981
v -12.264608 0.000000 -13.000347
v -13.112193 -0.396792 -12.361051
v -12.291536 -0.396792 -12.430235
v -7.608631 -0.396792 -12.074160
v -15.814264 -0.385709 -11.681098
v -15.318730 -0.396792 -12.074160
v -12.608595 -0.396792 -12.403395
v -12.196514 -0.400307 -12.909792
v -13.905304 -0.385709 -12.853121
v -13.116755 -0.385709 -12.581088
v -7.113097 -0.385709 -11.681098
v -7.665338 -0.385709 -12.433426
v -10.089087 -0.385709 -12.595677
v -9.815168 -0.396792 -12.361051
v -9.025919 -0.396792 -12.427279
v -11.030152 -0.533306 -13.448344
v -15.294548 -0.317827 -11.938565
v -14.569963 -0.302563 -12.210684
v -13.112217 0.000000 -12.217410
v -12.608595 -0.317849 -12.237430
v -12.291536 -0.317849 -12.237430
v -12.291536 0.000000 -12.217410
v -10.632517 -0.302676 -12.223614
v -15.293453 0.000000 -12.524574
v -14.566281 -0.302676 -12.672199
v -13.113431 -0.317849 -12.660305
v -12.604490 0.000000 -12.771346
v -12.276637 -0.142859 -12.990841
v -12.061332 -0.253746 -13.454628
v -13.901560 0.000000 -12.216683
v -13.903210 -0.317850 -12.935966
v -7.002936 -0.302671 -11.550390
v -7.009902 -0.317848 -11.562484
v -7.640487 0.000000 -11.919939
v -9.815146 -0.317849 -12.237430
v -7.641771 -0.317849 -12.505989
v -9.814959 0.000000 -12.681005
v -10.093571 -0.317849 -12.673020
v -10.669727 -0.337170 -12.973074
v -9.025812 -0.317846 -12.236704
v -11.937941 0.508856 -13.448391
v -11.999829 0.447892 -13.449387
v -12.021851 0.422720 -13.449638
v -12.083479 -0.000000 -13.454627
v -11.999829 -0.447892 -13.449386
v -11.937941 -0.508856 -13.448391
v -11.235996 -0.586149 -13.454224
v -10.851851 0.000000 -13.454627
v -10.901518 0.366444 -13.449680
v -10.939078 0.450251 -13.449636
v -11.831840 -0.565383 -13.448495
v -12.022687 -0.417573 -12.954429
v -12.104944 -0.396792 -12.433331
v -12.104944 0.000000 -12.217410
v -12.104944 0.250419 -12.217730
v -12.104944 0.296977 -12.220561
v -12.104944 0.317849 -12.237430
v -12.104944 0.396792 -12.433331
v -11.831840 0.565383 -13.448495
v -11.134088 0.580894 -13.448420
v -10.889134 0.420067 -12.948701
v -10.802568 0.396792 -12.433331
v -10.802567 0.317849 -12.237430
v -10.802567 0.296977 -12.220561
v -10.802567 0.250419 -12.217730
v -10.802567 -0.317849 -12.237430
v -10.802568 -0.396792 -12.433331
v -11.134088 -0.580894 -13.448420
v -13.901442 -0.396792 -12.427279
v -14.545303 -0.385709 -12.587767
v -9.807869 -0.385709 -12.581225
v -10.889133 -0.420067 -12.948701
v -10.726971 -0.402575 -12.906252
v -15.601068 -0.396792 -11.869528
v -15.601482 -0.377089 -12.230036
v -15.468554 -0.385709 -12.327098
v -14.993980 -0.385709 -12.503471
v -12.827323 -0.385709 -12.595128
v -12.124943 -0.414243 -12.945813
v -12.423884 -0.396792 -12.420944
v -12.381555 -0.385763 -12.776535
v -14.573205 -0.396792 -12.336735
v -10.093009 -0.396792 -12.375522
v -10.691265 -0.396792 -12.433331
v -7.325878 -0.377089 -12.230036
v -10.791913 -0.417438 -12.939849
v -10.632517 -0.396792 -12.430235
v -8.354156 -0.396792 -12.336735
v -9.022057 -0.385709 -12.853121
v -8.379759 -0.385709 -12.589041
v -12.070929 -0.451740 -13.149368
v -11.904564 -0.509973 -13.453835
v -11.952361 -0.479914 -13.151938
v -10.978736 -0.489890 -13.150081
v -10.871053 -0.466061 -13.148213
v -12.196107 -0.172375 -13.181410
v -12.153502 -0.363044 -13.179122
v -12.270840 -0.318328 -12.982196
v -12.140521 -0.378911 -13.173997
v -15.917459 -0.317848 -11.562484
v -15.580553 -0.317848 -11.741471
v -15.008115 -0.317762 -12.091185
v -13.112215 -0.317849 -12.237430
v -12.834352 -0.317849 -12.237430
v -12.423884 -0.317849 -12.237430
v -12.104944 -0.317849 -12.237430
v -12.222863 -0.317849 -12.237430
v -15.487371 -0.317849 -12.408985
v -15.285589 -0.317849 -12.505989
v -15.015587 -0.317849 -12.573685
v -14.562535 -0.317849 -12.658875
v -12.831965 -0.317849 -12.672929
v -12.602184 -0.317944 -12.750095
v -12.412903 -0.318231 -12.841166
v -12.260292 -0.333592 -12.973386
v -15.652317 -0.317849 -12.277981
v -14.571263 -0.317754 -12.224474
v -13.901548 -0.317847 -12.236703
v -7.632812 -0.317827 -11.938565
v -8.356097 -0.317754 -12.224474
v -10.093009 -0.317849 -12.237430
v -10.632517 -0.317849 -12.237430
v -7.275043 -0.317849 -12.277981
v -9.813474 -0.317849 -12.660328
v -10.801043 -0.394278 -13.173755
v -8.364826 -0.317849 -12.658875
v -9.024151 -0.317850 -12.935966
v -15.575459 -0.000000 -11.720144
v -15.003243 0.000000 -12.072573
v -12.834352 0.000000 -12.217410
v -12.222863 0.000000 -12.217410
v -12.391047 -0.113902 -12.876614
v -14.567958 0.000000 -12.678185
v -10.638111 0.000000 -12.986087
v -11.995849 -0.423126 -13.454576
v -10.971286 -0.442550 -13.454574
v -11.738449 -0.583649 -13.454250
v -10.963922 -0.474972 -13.449376
v -11.066632 -0.524529 -13.453795
v -15.577036 -0.302672 -11.726762
v -15.288849 -0.302649 -11.925714
v -15.924424 -0.302671 -11.550390
v -15.003139 -0.302572 -12.078341
v -12.834352 -0.302676 -12.223614
v -12.608595 -0.302676 -12.223614
v -13.112216 -0.302676 -12.223614
v -12.423884 -0.302676 -12.223614
v -12.291536 -0.302676 -12.223614
v -12.104944 -0.302676 -12.223614
v -12.222863 -0.302676 -12.223614
v -10.802567 -0.302676 -12.223614
v -10.093009 -0.302676 -12.223614
v -15.661706 -0.302675 -12.288025
v -15.291017 -0.302675 -12.518814
v -15.494662 -0.302676 -12.420729
v -15.019528 -0.302676 -12.587021
v -13.112653 -0.302675 -12.674618
v -13.902687 -0.302676 -12.949800
v -12.606213 -0.302787 -12.763309
v -12.833347 -0.302675 -12.687050
v -12.420227 -0.303124 -12.852640
v -13.901556 -0.302673 -12.222887
v -7.265655 -0.302675 -12.288025
v -7.638512 -0.302649 -11.925714
v -8.357398 -0.302563 -12.210684
v -9.815145 -0.302676 -12.223614
v -9.025805 -0.302673 -12.222887
v -7.636345 -0.302675 -12.518814
v -8.361080 -0.302676 -12.672199
v -10.094014 -0.302675 -12.687050
v -9.814709 -0.302675 -12.674618
v -10.659790 -0.321879 -12.982085
v -10.787445 -0.378519 -13.179043
v -9.024673 -0.302676 -12.949800
v -11.194116 -0.516975 -13.163667
v -11.779802 -0.425481 -12.974892
v -11.139566 -0.426838 -12.971503
v -11.824855 -0.396792 -12.433331
v -11.824855 0.000000 -12.217410
v -11.089273 0.000000 -12.217410
v -11.824855 0.250419 -12.217730
v -11.089273 0.290789 -12.218690
v -11.824855 0.296977 -12.220561
v -11.089273 0.302676 -12.223614
v -11.824855 0.317849 -12.237430
v -11.089273 0.352461 -12.271589
v -11.824855 0.396792 -12.433331
v -11.738449 0.583649 -13.454250
v -11.139566 0.426838 -12.971503
v -11.089273 0.396792 -12.433331
v -11.089273 0.317849 -12.237430
v -11.089273 -0.302676 -12.223614
v -11.089273 -0.317849 -12.237430
v -11.089273 -0.396792 -12.433331
v -15.261449 0.385709 -12.433107
v -12.586669 0.385723 -12.676478
v -12.022687 0.417573 -12.954429
v -14.545303 0.385709 -12.587767
v -9.807869 0.385709 -12.581225
v -10.093009 0.396792 -12.375522
v -10.691265 0.396792 -12.433331
v -10.726971 0.402575 -12.906252
v -9.025919 0.396792 -12.427279
v -15.601068 0.396792 -11.869528
v -15.025335 0.396792 -12.211462
v -12.834352 0.396792 -12.375522
v -12.222863 0.396792 -12.433331
v -15.601482 0.377089 -12.230036
v -15.468554 0.385709 -12.327098
v -14.993980 0.385709 -12.503471
v -12.827323 0.385709 -12.595128
v -12.124943 0.414243 -12.945813
v -12.423884 0.396792 -12.420944
v -13.901442 0.396792 -12.427279
v -14.573205 0.396792 -12.336735
v -7.325878 0.377089 -12.230036
v -10.791913 0.417438 -12.939849
v -10.632517 0.396792 -12.430235
v -9.022057 0.385709 -12.853121
v -8.354156 0.396792 -12.336735
v -8.379759 0.385709 -12.589041
v -11.952361 0.479914 -13.151938
v -12.070929 0.451740 -13.149368
v -10.978736 0.489890 -13.150081
v -10.871053 0.466061 -13.148213
v -11.066632 0.524529 -13.453795
v -12.274883 0.306418 -12.985283
v -12.156665 0.357314 -13.180246
v -12.169276 0.303255 -13.181292
v -12.270840 0.318328 -12.982196
v -12.140521 0.378911 -13.173997
v -15.900233 0.352461 -11.592402
v -15.580553 0.317848 -11.741471
v -15.308646 0.352449 -11.970345
v -15.008116 0.317762 -12.091185
v -14.574527 0.352408 -12.258570
v -13.112211 0.352461 -12.271589
v -12.834352 0.317849 -12.237430
v -12.608595 0.352461 -12.271589
v -12.423884 0.317849 -12.237430
v -12.291536 0.352461 -12.271589
v -12.222863 0.317849 -12.237430
v -12.104944 0.352461 -12.271589
v -10.802568 0.352461 -12.271589
v -10.691265 0.317849 -12.237430
v -10.632517 0.352461 -12.271589
v -15.629105 0.352461 -12.253145
v -15.272171 0.352461 -12.474278
v -15.487371 0.317849 -12.408985
v -15.015587 0.317849 -12.573685
v -14.553273 0.352461 -12.625927
v -13.115470 0.352461 -12.624858
v -12.592897 0.352515 -12.717103
v -12.831965 0.317849 -12.672929
v -12.234368 0.368489 -12.951524
v -12.412903 0.318231 -12.841166
v -15.652317 0.317849 -12.277981
v -14.571263 0.317754 -12.224474
v -13.901529 0.352459 -12.270864
v -13.901548 0.317847 -12.236703
v -13.904501 0.352461 -12.901764
v -7.027127 0.352461 -11.592402
v -7.618715 0.352449 -11.970345
v -8.352834 0.352408 -12.258570
v -8.356097 0.317754 -12.224474
v -9.815150 0.352461 -12.271589
v -10.093009 0.352461 -12.271589
v -10.093009 0.317849 -12.237430
v -10.632517 0.317849 -12.237430
v -7.298256 0.352461 -12.253145
v -7.275043 0.317849 -12.277981
v -7.655190 0.352461 -12.474278
v -8.374088 0.352461 -12.625927
v -9.810066 0.352461 -12.624950
v -10.091060 0.352461 -12.638165
v -10.693868 0.372112 -12.950738
v -10.801043 0.394278 -13.173755
v -9.025831 0.352459 -12.270864
v -8.364826 0.317849 -12.658875
v -9.022860 0.352461 -12.901764
v -9.024151 0.317850 -12.935966
v -15.575539 0.250418 -11.720487
v -15.927556 0.000000 -11.544945
v -15.001497 0.250316 -12.072870
v -12.834352 0.250419 -12.217730
v -12.222863 0.250419 -12.217730
v -15.497766 0.250419 -12.425731
v -15.497936 0.000000 -12.426003
v -15.021208 0.250419 -12.592701
v -15.021298 0.000000 -12.593010
v -12.834300 0.250418 -12.692896
v -12.834352 -0.000000 -12.693214
v -12.423884 0.000000 -12.217410
v -12.423884 0.250419 -12.217730
v -12.415486 0.243658 -12.862098
v -12.276637 0.142859 -12.990841
v -12.407466 0.000000 -12.867107
v -13.902465 0.250420 -12.955692
v -13.902452 0.000000 -12.956018
v -14.573119 0.000000 -12.204491
v -14.567876 0.250419 -12.677875
v -6.999805 0.000000 -11.544945
v -6.999967 0.250418 -11.545228
v -10.093009 0.000000 -12.217410
v -10.691265 0.250419 -12.217730
v -10.802567 0.000000 -12.217410
v -7.261438 0.000000 -12.292536
v -10.093009 0.000000 -12.693214
v -10.093061 0.250419 -12.692896
v -7.261656 0.250419 -12.292303
v -10.632517 0.000000 -12.217410
v -10.652090 0.267143 -12.985881
v -8.359486 0.250419 -12.677875
v -9.025802 0.250416 -12.217003
v -9.025801 -0.000000 -12.216683
v -9.024908 0.000000 -12.956018
v -8.357189 0.250308 -12.204811
v -8.359404 -0.000000 -12.678185
v -10.713642 0.000000 -13.181410
v -10.768889 0.316783 -13.181288
v -11.995849 0.423126 -13.454576
v -11.956247 0.465246 -13.454170
v -11.904564 0.509973 -13.453835
v -11.856583 0.000000 -13.460981
v -12.001458 0.414215 -13.454617
v -10.964808 0.433688 -13.454617
v -11.102999 0.000000 -13.460981
v -11.235996 0.586149 -13.454224
v -11.015803 0.483785 -13.454156
v -10.971286 0.442550 -13.454574
v -15.924423 0.302671 -11.550390
v -15.576260 0.296972 -11.723515
v -15.288849 0.302649 -11.925714
v -15.926907 0.290784 -11.546078
v -15.286835 0.290759 -11.921133
v -15.002066 0.296867 -12.075503
v -14.569963 0.302563 -12.210684
v -14.569608 0.290665 -12.205770
v -13.112216 0.302676 -12.223614
v -12.834352 0.296977 -12.220561
v -12.608595 0.302676 -12.223614
v -13.112217 0.290789 -12.218690
v -12.608595 0.290789 -12.218690
v -12.423884 0.296977 -12.220561
v -12.291536 0.302676 -12.223614
v -12.291536 0.290789 -12.218690
v -12.222863 0.296977 -12.220561
v -12.104944 0.302676 -12.223614
v -12.104944 0.290789 -12.218690
v -10.802567 0.302676 -12.223614
v -10.691265 0.296977 -12.220561
v -10.632517 0.302676 -12.223614
v -10.802567 0.290789 -12.218690
v -10.632517 0.290789 -12.218690
v -10.093009 0.302676 -12.223614
v -10.093009 0.290789 -12.218690
v -15.661706 0.302675 -12.288025
v -15.665052 0.290788 -12.291605
v -15.496273 0.296976 -12.423324
v -15.292951 0.290788 -12.523385
v -15.291017 0.302675 -12.518814
v -15.020399 0.296977 -12.589968
v -14.567616 0.290789 -12.676949
v -14.566281 0.302676 -12.672199
v -13.112653 0.302675 -12.674618
v -13.112452 0.290787 -12.679684
v -13.902687 0.302676 -12.949800
v -13.902501 0.290789 -12.954730
v -12.833841 0.296975 -12.690082
v -12.608103 0.290896 -12.767800
v -12.606213 0.302787 -12.763309
v -12.422026 0.297429 -12.855080
v -13.901556 0.302673 -12.222887
v -13.901559 0.290786 -12.217963
v -7.002936 0.302671 -11.550390
v -7.000453 0.290784 -11.546078
v -7.263580 0.296976 -12.290244
v -7.640526 0.290759 -11.921133
v -7.638512 0.302649 -11.925714
v -8.357647 0.296859 -12.207637
v -8.357754 0.290665 -12.205770
v -8.357398 0.302563 -12.210684
v -9.815145 0.302676 -12.223614
v -9.815145 0.290788 -12.218690
v -9.025805 0.302673 -12.222887
v -9.025803 0.290785 -12.217963
v -10.093009 0.296977 -12.220561
v -7.265655 0.302675 -12.288025
v -7.262309 0.290788 -12.291605
v -7.636345 0.302675 -12.518814
v -7.634411 0.290788 -12.523385
v -8.360252 0.296977 -12.675143
v -8.361080 0.302676 -12.672199
v -8.359745 0.290788 -12.676949
v -9.814709 0.302675 -12.674618
v -10.093519 0.296976 -12.690082
v -10.094014 0.302675 -12.687050
v -9.814909 0.290788 -12.679684
v -10.093217 0.290788 -12.691940
v -10.657359 0.316161 -12.984054
v -10.659790 0.321879 -12.982085
v -10.655737 0.309935 -12.985261
v -10.784071 0.372800 -13.180207
v -9.024673 0.302676 -12.949800
v -9.024860 0.290789 -12.954730
v -12.061332 0.253746 -13.454628
v -12.213666 -0.000000 -13.181410
v -15.261449 -0.385709 -12.433107
v -15.025335 -0.396792 -12.211462
v -12.586669 -0.385723 -12.676478
v -12.834352 -0.396792 -12.375522
v -12.222863 -0.396792 -12.433331
v -12.381555 0.385763 -12.776535
v -12.040071 0.466596 -13.146519
v -10.895123 0.479376 -13.144806
v -12.159026 0.351143 -13.180937
v -12.153502 0.363044 -13.179122
v -15.589247 0.352461 -11.777856
v -15.020447 0.352412 -12.122940
v -12.834352 0.352461 -12.271589
v -12.423884 0.352461 -12.271589
v -12.222863 0.352461 -12.271589
v -10.691265 0.352461 -12.271589
v -15.469347 0.352461 -12.379949
v -15.005841 0.352461 -12.540709
v -12.829001 0.352461 -12.637798
v -12.395226 0.352677 -12.812567
v -12.108705 0.415494 -13.161304
v -10.834303 0.430577 -13.160670
v -12.407466 0.000000 -12.867107
v -10.691265 0.000000 -12.217410
v -8.354242 0.000000 -12.204491
v -11.883110 0.391917 -13.460981
v -15.577036 0.302672 -11.726762
v -15.575783 0.290785 -11.721517
v -15.003139 0.302572 -12.078341
v -15.001434 0.290674 -12.073763
v -12.834352 0.302676 -12.223614
v -12.834352 0.290789 -12.218690
v -12.423884 0.302676 -12.223614
v -12.423884 0.290789 -12.218690
v -12.222863 0.302676 -12.223614
v -12.222863 0.290789 -12.218690
v -10.691265 0.302676 -12.223614
v -10.691265 0.290789 -12.218690
v -15.497260 0.290788 -12.424914
v -15.494661 0.302676 -12.420729
v -15.020933 0.290788 -12.591774
v -15.019529 0.302676 -12.587021
v -12.834145 0.290787 -12.691940
v -12.833347 0.302675 -12.687050
v -12.423129 0.291221 -12.856576
v -12.420227 0.303124 -12.852640
v -10.787445 0.378519 -13.179043
v -10.781479 0.366618 -13.180921
v -12.196107 0.172375 -13.181410
v -12.040071 -0.466596 -13.146519
v -10.895123 -0.479376 -13.144806
v -10.691265 -0.317849 -12.237430
v -10.691265 -0.302676 -12.223614
v -11.744025 -0.511550 -13.164810
v -11.824855 -0.317849 -12.237430
v -11.824855 -0.302676 -12.223614
v -11.824855 0.290789 -12.218690
v -11.824855 0.302676 -12.223614
v -11.824855 0.352461 -12.271589
v -11.779802 0.425481 -12.974893
v -11.744025 0.511550 -13.164810
v -11.194116 0.516975 -13.163667
v -11.418391 -0.248197 -7.642958
v -12.068784 0.258191 -8.843204
v -12.326957 0.256899 -11.183812
v -10.533116 0.256899 -11.183812
v -11.703585 0.258188 -8.241665
v -11.430037 0.254496 -7.653732
v -12.450351 0.259115 -10.749403
v -12.226727 0.258103 -9.781629
v -10.220863 -0.252323 -11.190886
v -11.430037 0.259222 -9.783215
v -10.409722 0.259115 -10.749403
v -11.156488 0.258188 -8.241665
v -11.425303 0.256938 -7.657265
v -10.791289 0.258191 -8.843204
v -11.430037 -0.259222 -8.234542
v -11.430037 -0.255111 -7.653028
v -11.430037 -0.259885 -10.758650
v -11.430037 -0.259222 -8.838937
v -11.430037 -0.259222 -9.774039
v -11.430152 -0.255126 -11.187837
v -11.430037 -0.246925 -7.640682
v -10.352349 -0.256984 -9.770867
v -11.050806 -0.257155 -8.230398
v -11.407964 -0.252011 -7.649783
v -10.561432 -0.257159 -8.836556
v -11.434771 0.256938 -7.657265
v -10.633347 0.258103 -9.781629
v -11.430037 0.258314 -11.182264
v -11.430037 0.259222 -8.243736
v -11.430037 0.258688 -7.659234
v -11.430037 0.259969 -10.747757
v -11.430037 0.259222 -8.844395
v -11.991678 0.335707 -9.378929
v -11.991163 0.334931 -9.387932
v -12.093893 0.216101 -9.602369
v -12.090382 0.216102 -9.609786
v -12.088767 0.209823 -9.606175
v -12.092264 0.209808 -9.598753
v -10.730808 0.216108 -9.603554
v -10.735819 0.209816 -9.607531
v -11.991176 0.097279 -9.387960
v -11.991696 0.096503 -9.378977
v -11.999153 0.101398 -9.392062
v -11.995778 0.101184 -9.398411
v -11.888659 0.096781 -8.868946
v -11.893172 0.101448 -8.868417
v -10.833254 0.097129 -9.390162
v -10.825567 0.100765 -9.394150
v -10.832560 0.096267 -9.381986
v -10.829003 0.100755 -9.399819
v -11.419957 0.095065 -8.621494
v -11.421567 0.095950 -8.628177
v -11.422186 0.098531 -8.634377
v -11.439605 0.095065 -8.622282
v -11.438031 0.095959 -8.628551
v -11.437551 0.098557 -8.634645
v -11.449919 0.098885 -8.644345
v -11.451353 0.096074 -8.638030
v -11.455550 0.095065 -8.632141
v -11.436730 0.096367 -7.876852
v -11.437544 0.100050 -7.871235
v -11.633123 0.096809 -8.203180
v -11.637037 0.101541 -8.200999
v -11.422256 0.096369 -7.876420
v -11.421759 0.100057 -7.870921
v -11.409287 0.100882 -7.879791
v -11.410744 0.096632 -7.885502
v -11.440365 0.209823 -7.760735
v -11.440432 0.216101 -7.758123
v -11.704406 0.216101 -8.199644
v -11.424581 0.209823 -7.760427
v -11.424647 0.216101 -7.757815
v -11.412158 0.216101 -7.767514
v -11.412091 0.209823 -7.770126
v -11.436785 0.335835 -7.876700
v -11.633123 0.335393 -8.203180
v -11.455550 0.337137 -8.632141
v -11.451353 0.336128 -8.638030
v -11.439817 0.337137 -8.621655
v -11.438086 0.336243 -8.628390
v -11.422309 0.335833 -7.876569
v -11.420115 0.337137 -8.622011
v -11.421607 0.336251 -8.628308
v -11.410748 0.335570 -7.885496
v -10.832592 0.335604 -9.381484
v -11.453235 0.216101 -8.838282
v -11.453173 0.209823 -8.834674
v -11.440602 0.216101 -8.829518
v -11.440546 0.209823 -8.825908
v -11.425507 0.216101 -8.828978
v -11.425446 0.209823 -8.825370
v -11.202743 0.096818 -8.208666
v -11.198934 0.101570 -8.206339
v -11.202743 0.335384 -8.208666
v -11.888657 0.335418 -8.868947
v -11.845534 0.096989 -8.696777
v -11.850636 0.101510 -8.696194
v -11.912512 0.218355 -8.688850
v -11.912691 0.209736 -8.693527
v -11.953463 0.209823 -8.866129
v -11.955091 0.216101 -8.866067
v -11.793748 0.101441 -8.527110
v -11.789180 0.096778 -8.527947
v -11.857186 0.209823 -8.524047
v -11.858889 0.216101 -8.523966
v -11.722563 0.101482 -8.362025
v -11.718002 0.096792 -8.363027
v -11.786722 0.209823 -8.358659
v -11.788442 0.216101 -8.358570
v -11.703018 0.209823 -8.200416
v -11.846141 0.335430 -8.696772
v -11.789180 0.335423 -8.527947
v -11.718002 0.335410 -8.363027
v -11.111457 0.096796 -8.366075
v -11.106885 0.101494 -8.365012
v -11.035712 0.096777 -8.529743
v -11.031131 0.101435 -8.528870
v -11.040320 0.216101 -8.361540
v -11.042055 0.209823 -8.361630
v -11.132024 0.209823 -8.205935
v -11.130678 0.216101 -8.205114
v -11.111449 0.335423 -8.366066
v -10.965265 0.216101 -8.525722
v -10.966984 0.209823 -8.525804
v -11.035706 0.335439 -8.529737
v -10.732441 0.209794 -9.599940
v -10.832997 0.335194 -9.390369
v -10.734194 0.216097 -9.611152
v -11.991678 -0.153818 -9.378929
v -11.981326 -0.152387 -9.364879
v -11.999153 -0.158720 -9.392062
v -12.093893 -0.273423 -9.602369
v -12.092264 -0.267130 -9.598753
v -12.081200 -0.267152 -9.604772
v -12.082814 -0.273423 -9.608401
v -10.832592 -0.153920 -9.381484
v -10.825576 -0.158576 -9.393392
v -10.835305 -0.157243 -9.398655
v -10.730808 -0.273416 -9.603554
v -10.825567 -0.388760 -9.394150
v -10.741577 -0.273436 -9.610263
v -10.732441 -0.267117 -9.599940
v -11.999153 -0.388126 -9.392062
v -11.882491 -0.394460 -8.870155
v -10.842436 -0.394460 -9.368945
v -10.939608 -0.394460 -8.871610
v -11.981375 -0.394460 -9.364990
v -11.434664 -0.394460 -7.883563
v -11.722563 -0.388042 -8.362025
v -11.437544 -0.389474 -7.871235
v -11.409287 -0.388642 -7.879791
v -11.414949 -0.394460 -7.890963
v -11.440432 -0.273423 -7.758123
v -11.788442 -0.273423 -8.358570
v -11.786722 -0.267145 -8.358659
v -11.440365 -0.267145 -7.760735
v -11.412091 -0.267145 -7.770126
v -11.412158 -0.273423 -7.767514
v -11.436785 -0.153690 -7.876700
v -11.437543 -0.157373 -7.871230
v -11.718002 -0.154114 -8.363027
v -11.712138 -0.152387 -8.365407
v -11.988762 -0.158282 -9.396413
v -11.439817 -0.152387 -8.621655
v -11.434875 -0.152387 -7.882993
v -11.437551 -0.155879 -8.634645
v -11.414952 -0.152387 -7.890957
v -11.410748 -0.153954 -7.885496
v -11.409291 -0.158204 -7.879785
v -10.842360 -0.152387 -9.369113
v -11.440546 -0.267145 -8.825908
v -11.440602 -0.273423 -8.829518
v -11.439605 -0.394460 -8.622282
v -10.743149 -0.267173 -9.606698
v -11.041692 -0.394460 -8.531814
v -11.031131 -0.388089 -8.528870
v -11.035706 -0.154085 -8.529737
v -11.031160 -0.158706 -8.528872
v -11.882478 -0.152387 -8.870158
v -11.888657 -0.154106 -8.868947
v -11.893179 -0.158783 -8.868415
v -10.928885 -0.158754 -8.869882
v -10.933425 -0.154097 -8.870408
v -10.939608 -0.152387 -8.871610
v -11.848699 -0.388024 -8.690047
v -11.850636 -0.388015 -8.696194
v -11.840236 -0.394460 -8.698252
v -11.915296 -0.271334 -8.698307
v -11.852291 -0.388011 -8.702339
v -11.912512 -0.271169 -8.688850
v -11.912959 -0.267318 -8.693425
v -11.893172 -0.388076 -8.868417
v -11.955091 -0.273423 -8.866067
v -11.953463 -0.267145 -8.866129
v -11.793748 -0.388083 -8.527110
v -11.783176 -0.394460 -8.529916
v -11.858889 -0.273423 -8.523966
v -11.857186 -0.267145 -8.524047
v -11.712138 -0.394460 -8.365407
v -11.840014 -0.152387 -8.698318
v -11.846141 -0.154094 -8.696772
v -11.850698 -0.158742 -8.696106
v -11.783176 -0.152387 -8.529916
v -11.789180 -0.154101 -8.527947
v -11.793748 -0.158763 -8.527110
v -11.722563 -0.158805 -8.362025
v -10.965265 -0.273423 -8.525722
v -10.966984 -0.267145 -8.525804
v -11.041637 -0.152387 -8.531791
v -10.867801 -0.267145 -8.867597
v -10.866154 -0.273423 -8.867535
v -10.928885 -0.388093 -8.869882
v -11.914149 -0.272923 -8.693664
v -12.250570 -0.257273 -8.859758
v -12.297736 -0.205190 -8.836868
v -11.808462 -0.205229 -8.230910
v -11.766768 -0.257386 -8.260428
v -11.451211 -0.201772 -7.650032
v -11.402756 -0.258943 -7.657037
v -12.784468 0.204525 -10.791534
v -12.786837 0.203847 -10.717040
v -12.746409 0.256930 -10.752598
v -12.450608 0.255397 -9.789848
v -12.500534 0.203967 -9.776276
v -12.242774 0.255803 -8.862316
v -12.290601 0.204333 -8.839329
v -12.791862 -0.205581 -10.722420
v -12.788912 -0.204250 -10.796947
v -12.751713 -0.258201 -10.758597
v -10.092867 -0.258183 -10.760468
v -10.070152 -0.257650 -10.796485
v -10.067441 -0.258093 -10.723621
v -10.073074 0.204623 -10.717589
v -10.075790 0.203801 -10.792052
v -10.113676 0.256930 -10.752598
v -11.437054 0.206628 -7.647036
v -11.409409 0.270219 -7.673516
v -11.430037 0.276452 -7.686388
v -11.430037 0.201928 -7.643229
v -12.638655 -0.200453 -11.190839
v -12.584034 -0.252327 -11.190962
v -11.383461 -0.241841 -7.631581
v -11.441047 -0.185741 -7.643518
v -12.457400 -0.257097 -9.784005
v -12.506913 -0.205015 -9.771477
v -11.416207 0.209198 -7.652069
v -11.449879 0.270860 -7.671971
v -11.423020 0.206773 -7.647038
v -11.450573 0.270149 -7.673428
v -11.410194 0.270860 -7.671971
v -11.443866 0.209198 -7.652069
v -10.359539 0.203967 -9.776276
v -10.409465 0.255397 -9.789848
v -12.633354 0.191469 -11.188775
v -12.567439 0.253558 -11.187465
v -11.748225 0.256772 -8.238826
v -11.802160 0.201075 -8.234917
v -11.430046 0.208538 -11.193682
v -11.430037 0.273836 -11.161237
v -10.226703 0.188887 -11.188760
v -10.292554 0.253565 -11.186919
v -11.057913 0.201075 -8.234917
v -11.111848 0.256772 -8.238826
v -10.617274 0.255802 -8.862305
v -10.569472 0.204360 -8.839329
vt 0.645613 0.091932
vt 0.647681 0.091931
vt 0.647763 0.288645
vt 0.645695 0.288646
vt 0.649749 0.091930
vt 0.649831 0.288644
vt 0.443066 0.202884
vt 0.440998 0.202884
vt 0.440916 0.006170
vt 0.442984 0.006169
vt 0.438930 0.202885
vt 0.438848 0.006171
vt 0.328072 0.895415
vt 0.340347 0.831302
vt 0.340364 0.831306
vt 0.340348 0.831441
vt 0.392388 0.048224
vt 0.398333 0.055553
vt 0.335447 0.895974
vt 0.395585 0.006145
vt 0.401018 0.014385
vt 0.325705 0.830184
vt 0.385489 0.054517
vt 0.389059 0.013473
vt 0.320697 0.894853
vt 0.325599 0.830320
vt 0.325609 0.830185
vt 0.325615 0.830169
vt 0.186529 0.879523
vt 0.186353 0.879514
vt 0.223288 0.102468
vt 0.223456 0.102476
vt 0.185666 0.879480
vt 0.222876 0.102449
vt 0.224107 0.060047
vt 0.224275 0.060047
vt 0.223908 0.102500
vt 0.187012 0.879546
vt 0.223542 0.060035
vt 0.224116 0.051216
vt 0.224284 0.051215
vt 0.224728 0.060055
vt 0.223594 0.051193
vt 0.224025 0.031765
vt 0.224193 0.031763
vt 0.224737 0.051203
vt 0.223579 0.031761
vt 0.223929 0.023340
vt 0.224098 0.023329
vt 0.224646 0.031759
vt 0.223516 0.023355
vt 0.223752 0.021630
vt 0.223919 0.021609
vt 0.224548 0.023287
vt 0.223345 0.021679
vt 0.221738 0.006895
vt 0.221888 0.006756
vt 0.224368 0.021551
vt 0.221356 0.006945
vt 0.222258 0.006114
vt 0.405803 0.006195
vt 0.405978 0.006187
vt 0.440126 0.783370
vt 0.439958 0.783377
vt 0.406389 0.006169
vt 0.440578 0.783348
vt 0.440794 0.825803
vt 0.440626 0.825803
vt 0.439546 0.783395
vt 0.405090 0.006228
vt 0.441247 0.825796
vt 0.440771 0.834633
vt 0.440603 0.834632
vt 0.440060 0.825812
vt 0.441224 0.834647
vt 0.440612 0.854086
vt 0.440444 0.854084
vt 0.440081 0.834654
vt 0.441064 0.854091
vt 0.440488 0.862520
vt 0.440320 0.862508
vt 0.439998 0.854086
vt 0.440938 0.862546
vt 0.438202 0.879058
vt 0.438052 0.878918
vt 0.439908 0.862475
vt 0.438567 0.879702
vt 0.437670 0.878867
vt 0.502991 0.783722
vt 0.527857 0.006190
vt 0.528545 0.006213
vt 0.503403 0.783734
vt 0.527208 0.006169
vt 0.502380 0.783700
vt 0.502755 0.826151
vt 0.503321 0.826156
vt 0.502143 0.826151
vt 0.503368 0.835000
vt 0.502845 0.834982
vt 0.502234 0.835001
vt 0.503129 0.854432
vt 0.503575 0.854431
vt 0.502518 0.854443
vt 0.503281 0.862859
vt 0.503694 0.862828
vt 0.502672 0.862893
vt 0.505408 0.879290
vt 0.505790 0.879243
vt 0.504896 0.880066
vt 0.184852 0.878983
vt 0.137622 0.102492
vt 0.138034 0.102467
vt 0.185564 0.878938
vt 0.184276 0.879018
vt 0.137012 0.102532
vt 0.136165 0.060086
vt 0.136730 0.060066
vt 0.135553 0.060105
vt 0.136523 0.051225
vt 0.136001 0.051258
vt 0.135390 0.051256
vt 0.135726 0.031808
vt 0.136171 0.031796
vt 0.135114 0.031814
vt 0.135641 0.023381
vt 0.136054 0.023385
vt 0.135030 0.023343
vt 0.135766 0.021662
vt 0.136174 0.021697
vt 0.135158 0.021605
vt 0.137269 0.006865
vt 0.137653 0.006902
vt 0.136732 0.006105
vt 0.549125 0.105374
vt 0.548030 0.089958
vt 0.548500 0.089907
vt 0.549834 0.105356
vt 0.547613 0.105495
vt 0.547143 0.090024
vt 0.545148 0.076383
vt 0.545392 0.076304
vt 0.548977 0.089840
vt 0.550543 0.105498
vt 0.551480 0.112191
vt 0.550494 0.112199
vt 0.548519 0.112344
vt 0.546797 0.105591
vt 0.546716 0.090043
vt 0.544725 0.076476
vt 0.545627 0.076234
vt 0.547591 0.112552
vt 0.545973 0.105699
vt 0.546316 0.090055
vt 0.544522 0.076510
vt 0.546698 0.112808
vt 0.545400 0.089698
vt 0.544419 0.106231
vt 0.544340 0.076525
vt 0.982975 0.214783
vt 0.982532 0.212646
vt 0.985695 0.211967
vt 0.985806 0.214162
vt 0.981405 0.215159
vt 0.980794 0.213044
vt 0.982154 0.210499
vt 0.985526 0.209747
vt 0.987290 0.211778
vt 0.987235 0.214037
vt 0.983466 0.216827
vt 0.985913 0.216243
vt 0.982072 0.217174
vt 0.979746 0.215633
vt 0.978940 0.213511
vt 0.980347 0.210886
vt 0.981780 0.208308
vt 0.985262 0.207458
vt 0.987231 0.209450
vt 0.988904 0.211699
vt 0.988672 0.214043
vt 0.987106 0.216151
vt 0.980528 0.217664
vt 0.974703 0.218271
vt 0.972948 0.215320
vt 0.978464 0.211264
vt 0.979922 0.208698
vt 0.981390 0.206139
vt 0.984881 0.205185
vt 0.987030 0.207047
vt 0.988992 0.209229
vt 0.992398 0.211944
vt 0.991703 0.214478
vt 0.988289 0.216206
vt 0.971807 0.212117
vt 0.978002 0.209084
vt 0.979526 0.206531
vt 0.980971 0.204038
vt 0.984377 0.202980
vt 0.986661 0.204649
vt 0.988891 0.206668
vt 0.992935 0.209146
vt 0.990817 0.216844
vt 0.977596 0.206907
vt 0.979144 0.204409
vt 0.980511 0.202025
vt 0.983736 0.200871
vt 0.986116 0.202320
vt 0.988547 0.204093
vt 0.993150 0.206132
vt 0.977243 0.204683
vt 0.978757 0.202396
vt 0.980036 0.200146
vt 0.983001 0.198953
vt 0.985372 0.200106
vt 0.987955 0.201584
vt 0.992853 0.203015
vt 0.970844 0.208432
vt 0.970529 0.204849
vt 0.976901 0.202655
vt 0.978407 0.200472
vt 0.984443 0.198118
vt 0.987092 0.199198
vt 0.992115 0.199937
vt 0.976617 0.200647
vt 0.985933 0.197060
vt 0.990940 0.196959
vt 0.989222 0.194147
vt 0.085352 0.216696
vt 0.081876 0.212159
vt 0.085869 0.209731
vt 0.088497 0.215223
vt 0.080174 0.210409
vt 0.084824 0.207629
vt 0.090113 0.208103
vt 0.091582 0.213881
vt 0.089115 0.216975
vt 0.085947 0.218226
vt 0.089681 0.205827
vt 0.092188 0.207608
vt 0.093098 0.213361
vt 0.092179 0.215622
vt 0.089677 0.218720
vt 0.086433 0.219810
vt 0.083675 0.217167
vt 0.084307 0.218717
vt 0.083333 0.205323
vt 0.089292 0.203312
vt 0.092074 0.205375
vt 0.094229 0.207302
vt 0.094603 0.212943
vt 0.093672 0.214979
vt 0.092873 0.217322
vt 0.086954 0.223286
vt 0.090761 0.222383
vt 0.084767 0.220169
vt 0.092233 0.202863
vt 0.094394 0.205089
vt 0.095120 0.214331
vt 0.094423 0.216528
vt 0.094478 0.220698
vt 0.085066 0.223434
vt 0.086996 0.225193
vt 0.091215 0.224383
vt 0.095893 0.215644
vt 0.096329 0.219585
vt 0.095347 0.222546
vt 0.084918 0.225265
vt 0.086767 0.227298
vt 0.091635 0.226479
vt 0.098096 0.218318
vt 0.097380 0.221242
vt 0.096288 0.224468
vt 0.099387 0.219820
vt 0.098644 0.222909
vt 0.713841 0.126898
vt 0.712216 0.127433
vt 0.711751 0.125437
vt 0.713524 0.125041
vt 0.715895 0.132316
vt 0.714298 0.133118
vt 0.710555 0.128042
vt 0.709944 0.125984
vt 0.711413 0.123388
vt 0.713383 0.123149
vt 0.715400 0.126404
vt 0.715232 0.124734
vt 0.717465 0.131472
vt 0.716899 0.134097
vt 0.715199 0.135072
vt 0.712690 0.133830
vt 0.708932 0.128730
vt 0.708169 0.126695
vt 0.709389 0.123879
vt 0.713962 0.119009
vt 0.711153 0.119029
vt 0.715245 0.122902
vt 0.718539 0.133008
vt 0.718054 0.135874
vt 0.716238 0.137060
vt 0.713470 0.135887
vt 0.711078 0.134472
vt 0.707353 0.129510
vt 0.706434 0.127595
vt 0.707382 0.124627
vt 0.708424 0.119516
vt 0.719867 0.134673
vt 0.719582 0.137479
vt 0.717491 0.139108
vt 0.714309 0.138005
vt 0.711721 0.136569
vt 0.709492 0.135069
vt 0.705799 0.130360
vt 0.704745 0.128653
vt 0.705410 0.125677
vt 0.705760 0.120436
vt 0.721507 0.139365
vt 0.718966 0.141426
vt 0.715225 0.140252
vt 0.712336 0.138754
vt 0.709980 0.137145
vt 0.707960 0.135643
vt 0.704263 0.131256
vt 0.703123 0.129824
vt 0.703551 0.126998
vt 0.703135 0.121880
vt 0.716249 0.142793
vt 0.712928 0.141086
vt 0.710382 0.139326
vt 0.708294 0.137630
vt 0.706474 0.136221
vt 0.701695 0.128294
vt 0.700469 0.123890
vt 0.713544 0.143725
vt 0.710697 0.141654
vt 0.708478 0.139731
vt 0.706635 0.138013
vt 0.710928 0.144276
vt 0.708530 0.141956
vt 0.706603 0.139977
vt 0.708278 0.144430
vt 0.706422 0.142136
vt 0.834036 0.167417
vt 0.833525 0.161537
vt 0.835080 0.160949
vt 0.836099 0.166941
vt 0.832004 0.167865
vt 0.831955 0.162006
vt 0.833057 0.159671
vt 0.834554 0.159017
vt 0.836652 0.160272
vt 0.838221 0.166291
vt 0.836422 0.169120
vt 0.833963 0.169535
vt 0.831577 0.160293
vt 0.832377 0.157847
vt 0.833891 0.157117
vt 0.836108 0.158322
vt 0.838241 0.159516
vt 0.840352 0.165415
vt 0.838847 0.168444
vt 0.830894 0.158627
vt 0.831478 0.156098
vt 0.833091 0.155261
vt 0.835478 0.156405
vt 0.837698 0.157590
vt 0.841259 0.157853
vt 0.844211 0.162898
vt 0.841372 0.167612
vt 0.829935 0.157068
vt 0.830382 0.154415
vt 0.832196 0.153432
vt 0.834792 0.154508
vt 0.837106 0.155694
vt 0.840563 0.156130
vt 0.842653 0.156901
vt 0.846109 0.161425
vt 0.845958 0.164605
vt 0.828644 0.155631
vt 0.829135 0.152683
vt 0.831216 0.151540
vt 0.834080 0.152606
vt 0.836520 0.153792
vt 0.840049 0.154381
vt 0.841956 0.155394
vt 0.827060 0.154049
vt 0.827538 0.150801
vt 0.830135 0.149453
vt 0.833352 0.150634
vt 0.835972 0.151851
vt 0.839711 0.152582
vt 0.841520 0.153791
vt 0.832598 0.148485
vt 0.835467 0.149846
vt 0.839551 0.150699
vt 0.841321 0.152117
vt 0.834969 0.147688
vt 0.839515 0.148738
vt 0.841320 0.150332
vt 0.839679 0.146617
vt 0.841437 0.148374
vt 0.889879 0.186270
vt 0.889986 0.188122
vt 0.884844 0.189851
vt 0.884225 0.187755
vt 0.891673 0.185832
vt 0.891679 0.187698
vt 0.890247 0.189922
vt 0.885371 0.191847
vt 0.880196 0.192822
vt 0.878996 0.191217
vt 0.881864 0.181344
vt 0.891343 0.180299
vt 0.891818 0.189409
vt 0.890642 0.191686
vt 0.885886 0.193792
vt 0.881142 0.194426
vt 0.873476 0.187333
vt 0.892151 0.191089
vt 0.891133 0.193430
vt 0.886478 0.195730
vt 0.881869 0.196046
vt 0.892649 0.192835
vt 0.891879 0.195123
vt 0.887095 0.197702
vt 0.882402 0.197696
vt 0.892896 0.196847
vt 0.887681 0.199758
vt 0.882706 0.199381
vt 0.897934 0.201307
vt 0.889682 0.206131
vt 0.882722 0.201135
vt 0.881333 0.207260
vt 0.088766 0.031699
vt 0.093104 0.023512
vt 0.103287 0.029352
vt 0.098774 0.038306
vt 0.086530 0.029692
vt 0.090359 0.021825
vt 0.099620 0.010441
vt 0.110154 0.016456
vt 0.102761 0.039634
vt 0.106656 0.030909
vt 0.086303 0.035181
vt 0.095609 0.042498
vt 0.084394 0.032908
vt 0.095897 0.009662
vt 0.102516 0.006142
vt 0.112769 0.012624
vt 0.112546 0.018792
vt 0.114990 0.015323
vt 0.091488 0.132550
vt 0.095512 0.134345
vt 0.093684 0.139014
vt 0.089835 0.137439
vt 0.094293 0.127897
vt 0.097881 0.129962
vt 0.099204 0.136279
vt 0.097346 0.140700
vt 0.091905 0.143729
vt 0.088130 0.142163
vt 0.080547 0.135800
vt 0.080757 0.132212
vt 0.097265 0.123549
vt 0.100689 0.125828
vt 0.101313 0.132109
vt 0.102443 0.138095
vt 0.100564 0.142221
vt 0.095614 0.145271
vt 0.089960 0.148357
vt 0.086331 0.146663
vt 0.079786 0.139230
vt 0.103857 0.128309
vt 0.104288 0.134108
vt 0.104868 0.139881
vt 0.103363 0.143377
vt 0.099017 0.146607
vt 0.093680 0.149923
vt 0.087729 0.152891
vt 0.084261 0.151010
vt 0.078745 0.142543
vt 0.106418 0.130685
vt 0.102208 0.147152
vt 0.097101 0.151384
vt 0.091482 0.154588
vt 0.085245 0.157317
vt 0.081698 0.155178
vt 0.077481 0.145616
vt 0.095002 0.156126
vt 0.089302 0.159201
vt 0.082360 0.161507
vt 0.079255 0.159209
vt 0.075954 0.148185
vt 0.093063 0.160678
vt 0.298991 0.113496
vt 0.296277 0.115874
vt 0.295808 0.114460
vt 0.297797 0.111741
vt 0.304019 0.119023
vt 0.300048 0.120862
vt 0.299630 0.110500
vt 0.300799 0.112258
vt 0.305924 0.117481
vt 0.295378 0.117278
vt 0.298591 0.121325
vt 0.301570 0.109427
vt 0.302843 0.111078
vt 0.307606 0.115772
vt 0.309799 0.121649
vt 0.307910 0.122825
vt 0.210042 0.226452
vt 0.206413 0.228327
vt 0.205945 0.226722
vt 0.209137 0.225078
vt 0.211160 0.227977
vt 0.206866 0.230039
vt 0.201110 0.229931
vt 0.201228 0.228327
vt 0.205478 0.225174
vt 0.208378 0.223801
vt 0.211820 0.225062
vt 0.210586 0.223802
vt 0.200722 0.231673
vt 0.201155 0.226843
vt 0.205030 0.223690
vt 0.207807 0.222497
vt 0.207663 0.231853
vt 0.200045 0.233590
vt 0.201004 0.225486
vt 0.206490 0.218450
vt 0.203575 0.219443
vt 0.209903 0.223263
vt 0.209290 0.221963
vt 0.199499 0.221720
vt 0.207990 0.218065
vt 0.206308 0.216925
vt 0.203098 0.217824
vt 0.198544 0.220511
vt 0.207957 0.216663
vt 0.206308 0.215322
vt 0.202662 0.216081
vt 0.197342 0.219333
vt 0.208067 0.215091
vt 0.207300 0.211695
vt 0.202135 0.212276
vt 0.194106 0.216998
vt 0.801969 0.052997
vt 0.804372 0.049389
vt 0.807366 0.051530
vt 0.804719 0.055486
vt 0.799899 0.050922
vt 0.802100 0.047417
vt 0.810498 0.036976
vt 0.814099 0.038679
vt 0.810834 0.053631
vt 0.808096 0.058089
vt 0.799107 0.056024
vt 0.801456 0.058875
vt 0.797522 0.053683
vt 0.807270 0.035654
vt 0.815167 0.028236
vt 0.819193 0.030144
vt 0.817683 0.040627
vt 0.812331 0.060078
vt 0.814618 0.055416
vt 0.804320 0.061792
vt 0.811305 0.027070
vt 0.822480 0.032705
vt 0.820984 0.042693
vt 0.816207 0.061355
vt 0.818183 0.056715
vt 0.822924 0.026512
vt 0.825696 0.029351
vt 0.825356 0.035157
vt 0.823726 0.044680
vt 0.827907 0.031951
vt 0.827451 0.037748
vt 0.320695 0.047611
vt 0.324457 0.049641
vt 0.319573 0.057995
vt 0.316213 0.056215
vt 0.323219 0.043060
vt 0.326939 0.045438
vt 0.332651 0.054978
vt 0.329222 0.062623
vt 0.317463 0.062104
vt 0.314232 0.060300
vt 0.313220 0.054636
vt 0.317085 0.046104
vt 0.326594 0.038851
vt 0.330074 0.041493
vt 0.334419 0.051675
vt 0.319191 0.041599
vt 0.327299 0.066763
vt 0.312788 0.070171
vt 0.309977 0.067659
vt 0.311435 0.058832
vt 0.336272 0.048791
vt 0.323850 0.074806
vt 0.308037 0.065442
vt 0.702027 0.037654
vt 0.702699 0.039392
vt 0.701060 0.040093
vt 0.700375 0.038519
vt 0.703948 0.036721
vt 0.704548 0.038713
vt 0.703127 0.041143
vt 0.701586 0.041710
vt 0.699506 0.040763
vt 0.698834 0.039303
vt 0.699714 0.034415
vt 0.698410 0.035609
vt 0.701216 0.032895
vt 0.704807 0.040637
vt 0.703423 0.042827
vt 0.701989 0.043241
vt 0.700088 0.042265
vt 0.697367 0.039981
vt 0.698029 0.041363
vt 0.697150 0.036580
vt 0.704932 0.042460
vt 0.703647 0.044447
vt 0.702281 0.044687
vt 0.700578 0.043661
vt 0.698649 0.042772
vt 0.695905 0.037372
vt 0.695947 0.040560
vt 0.696609 0.041917
vt 0.705080 0.044233
vt 0.703779 0.046073
vt 0.702471 0.046163
vt 0.700964 0.044979
vt 0.699231 0.044089
vt 0.697267 0.043287
vt 0.694647 0.037952
vt 0.694547 0.041047
vt 0.695204 0.042451
vt 0.705173 0.046068
vt 0.701167 0.046375
vt 0.699785 0.045350
vt 0.697941 0.044592
vt 0.695911 0.043856
vt 0.693397 0.038308
vt 0.689831 0.042064
vt 0.690472 0.043978
vt 0.698664 0.045853
vt 0.696687 0.045213
vt 0.691403 0.045920
vt 0.688816 0.038435
vt 0.687810 0.042100
vt 0.688367 0.044475
vt 0.697611 0.046500
vt 0.692644 0.047876
vt 0.689360 0.046743
vt 0.694305 0.049810
vt 0.690782 0.048996
vt 0.692855 0.051300
vt 0.725740 0.228515
vt 0.724464 0.229225
vt 0.724077 0.227886
vt 0.725312 0.227242
vt 0.726272 0.229826
vt 0.724890 0.230635
vt 0.723164 0.229847
vt 0.722833 0.228503
vt 0.723719 0.226528
vt 0.724972 0.225933
vt 0.727012 0.227727
vt 0.726572 0.226597
vt 0.727573 0.228819
vt 0.728487 0.234264
vt 0.726405 0.235385
vt 0.723480 0.231287
vt 0.721831 0.230361
vt 0.721552 0.229066
vt 0.722466 0.227157
vt 0.724724 0.224556
vt 0.723388 0.225113
vt 0.726251 0.225403
vt 0.730509 0.232600
vt 0.724273 0.236141
vt 0.722058 0.231776
vt 0.720518 0.230781
vt 0.720287 0.229562
vt 0.721164 0.227803
vt 0.722044 0.225756
vt 0.726070 0.224128
vt 0.724530 0.223118
vt 0.723060 0.223656
vt 0.722111 0.236603
vt 0.720674 0.232101
vt 0.719209 0.231162
vt 0.718971 0.229882
vt 0.719847 0.228463
vt 0.720634 0.226478
vt 0.721567 0.224314
vt 0.726004 0.222752
vt 0.724327 0.221590
vt 0.722693 0.222131
vt 0.719946 0.236766
vt 0.719345 0.232530
vt 0.719208 0.227288
vt 0.719985 0.225102
vt 0.721024 0.222794
vt 0.725992 0.221230
vt 0.718377 0.226054
vt 0.719232 0.223621
vt 0.717348 0.224683
vt 0.598112 0.211106
vt 0.594843 0.206013
vt 0.599822 0.203176
vt 0.602112 0.209153
vt 0.590757 0.202402
vt 0.598387 0.198719
vt 0.605316 0.202317
vt 0.606355 0.207478
vt 0.602696 0.211096
vt 0.598537 0.212786
vt 0.605980 0.198415
vt 0.607087 0.201915
vt 0.607869 0.206936
vt 0.606992 0.209127
vt 0.598710 0.214468
vt 0.603206 0.213029
vt 0.608519 0.208372
vt 0.607849 0.210748
vt 0.598655 0.216185
vt 0.603695 0.215001
vt 0.609484 0.209793
vt 0.608880 0.212355
vt 0.604207 0.217050
vt 0.598388 0.217994
vt 0.610695 0.211331
vt 0.610212 0.213919
vt 0.604700 0.219189
vt 0.597882 0.219936
vt 0.611729 0.215441
vt 0.597148 0.222121
vt 0.605179 0.221569
vt 0.613514 0.217122
vt 0.573312 0.215304
vt 0.574926 0.220310
vt 0.572142 0.221759
vt 0.570112 0.216351
vt 0.574846 0.214920
vt 0.576347 0.219601
vt 0.576783 0.223511
vt 0.573775 0.225428
vt 0.568244 0.223884
vt 0.565711 0.219012
vt 0.569563 0.214334
vt 0.573166 0.213409
vt 0.578375 0.222569
vt 0.574898 0.213214
vt 0.578112 0.225020
vt 0.574660 0.227317
vt 0.568972 0.227437
vt 0.566876 0.224546
vt 0.564194 0.220194
vt 0.564459 0.217359
vt 0.573132 0.211371
vt 0.568987 0.212194
vt 0.575103 0.211230
vt 0.579651 0.226638
vt 0.575582 0.229270
vt 0.569160 0.229322
vt 0.567333 0.227795
vt 0.562930 0.218884
vt 0.562932 0.215635
vt 0.573466 0.209136
vt 0.568554 0.210045
vt 0.569230 0.231329
vt 0.567294 0.229539
vt 0.561253 0.217446
vt 0.561219 0.214093
vt 0.567100 0.231475
vt 0.251235 0.230030
vt 0.250785 0.223756
vt 0.252342 0.223194
vt 0.253502 0.229426
vt 0.249035 0.230182
vt 0.249235 0.224159
vt 0.250007 0.220363
vt 0.251413 0.219701
vt 0.253939 0.222487
vt 0.255716 0.228347
vt 0.251124 0.232210
vt 0.253912 0.231632
vt 0.248588 0.221001
vt 0.249390 0.218780
vt 0.250808 0.218025
vt 0.252820 0.219025
vt 0.255543 0.221636
vt 0.257865 0.227074
vt 0.256614 0.230381
vt 0.247972 0.219595
vt 0.248606 0.217216
vt 0.250111 0.216337
vt 0.252228 0.217317
vt 0.254218 0.218336
vt 0.257064 0.220672
vt 0.259995 0.225558
vt 0.247125 0.218228
vt 0.246635 0.214022
vt 0.248458 0.212803
vt 0.251618 0.215562
vt 0.253637 0.216654
vt 0.255582 0.217630
vt 0.258431 0.219569
vt 0.262101 0.223718
vt 0.244742 0.215334
vt 0.245177 0.212265
vt 0.247380 0.210782
vt 0.250332 0.211823
vt 0.253129 0.214886
vt 0.255026 0.216033
vt 0.256875 0.216888
vt 0.249573 0.209694
vt 0.252266 0.211088
vt 0.254628 0.214313
vt 0.256408 0.215460
vt 0.251829 0.208943
vt 0.254220 0.210551
vt 0.256144 0.213883
vt 0.254109 0.208418
vt 0.256134 0.210237
vt 0.256345 0.208142
vt 0.760016 0.137503
vt 0.757903 0.133473
vt 0.759355 0.132649
vt 0.761234 0.136922
vt 0.758814 0.138123
vt 0.756362 0.134260
vt 0.755325 0.130631
vt 0.757437 0.129164
vt 0.760854 0.132032
vt 0.762467 0.136362
vt 0.761641 0.138357
vt 0.760390 0.138879
vt 0.759128 0.139347
vt 0.759540 0.128191
vt 0.762389 0.131594
vt 0.763754 0.135824
vt 0.762928 0.137779
vt 0.760594 0.140375
vt 0.761971 0.139914
vt 0.759232 0.140693
vt 0.761639 0.127625
vt 0.763894 0.131302
vt 0.765067 0.135334
vt 0.764243 0.137170
vt 0.763389 0.139286
vt 0.760653 0.141976
vt 0.762235 0.141561
vt 0.759118 0.142164
vt 0.763659 0.127592
vt 0.765350 0.131156
vt 0.766390 0.134911
vt 0.765557 0.136554
vt 0.764815 0.138535
vt 0.763855 0.140864
vt 0.760610 0.143719
vt 0.762460 0.143341
vt 0.758835 0.143843
vt 0.765622 0.127864
vt 0.766927 0.136096
vt 0.766250 0.137654
vt 0.765477 0.139951
vt 0.764343 0.142548
vt 0.760327 0.145635
vt 0.762640 0.145262
vt 0.767107 0.138807
vt 0.766247 0.141464
vt 0.764844 0.144324
vt 0.768170 0.140061
vt 0.767052 0.143059
vt 0.769362 0.141405
vt 0.247040 0.148458
vt 0.245614 0.149079
vt 0.245017 0.147567
vt 0.246611 0.146900
vt 0.248369 0.152324
vt 0.247096 0.152886
vt 0.244173 0.149834
vt 0.243388 0.148429
vt 0.246188 0.145164
vt 0.244358 0.145863
vt 0.248473 0.147994
vt 0.248227 0.146443
vt 0.249648 0.151777
vt 0.249542 0.154868
vt 0.248038 0.155444
vt 0.245822 0.153472
vt 0.242765 0.150714
vt 0.241784 0.149561
vt 0.242454 0.146809
vt 0.248027 0.144709
vt 0.249901 0.147688
vt 0.249846 0.146274
vt 0.250929 0.151246
vt 0.251060 0.154195
vt 0.250211 0.156229
vt 0.248521 0.156835
vt 0.246595 0.155941
vt 0.244559 0.154074
vt 0.240522 0.148142
vt 0.249892 0.144644
vt 0.252555 0.153371
vt 0.251890 0.155495
vt 0.250931 0.157715
vt 0.248974 0.158377
vt 0.246901 0.157274
vt 0.245185 0.156365
vt 0.243347 0.154690
vt 0.241332 0.151591
vt 0.253616 0.154624
vt 0.252916 0.156917
vt 0.252647 0.161218
vt 0.249674 0.162095
vt 0.247116 0.158681
vt 0.245356 0.157646
vt 0.243798 0.156707
vt 0.246718 0.162197
vt 0.245466 0.159041
vt 0.243811 0.157886
vt 0.243710 0.159242
vt 0.781832 0.121443
vt 0.780082 0.126286
vt 0.772961 0.123414
vt 0.774547 0.118690
vt 0.792113 0.125000
vt 0.790896 0.129884
vt 0.778280 0.131148
vt 0.771413 0.128002
vt 0.776224 0.113862
vt 0.783686 0.116588
vt 0.793476 0.120506
vt 0.789473 0.134883
vt 0.769760 0.132353
vt 0.776174 0.135981
vt 0.777980 0.109010
vt 0.785705 0.111696
vt 0.794983 0.116259
vt 0.787715 0.139772
vt 0.767984 0.136283
vt 0.773933 0.140766
vt 0.779591 0.104174
vt 0.787962 0.106788
vt 0.796652 0.112327
vt 0.785906 0.144594
vt 0.791258 0.102436
vt 0.798641 0.108956
vt 0.596022 0.115535
vt 0.604177 0.118963
vt 0.602136 0.123949
vt 0.594061 0.120577
vt 0.598154 0.110606
vt 0.606293 0.113986
vt 0.608532 0.120834
vt 0.606511 0.125741
vt 0.600121 0.128901
vt 0.592305 0.125677
vt 0.600321 0.105705
vt 0.608583 0.109017
vt 0.610496 0.116007
vt 0.612245 0.122479
vt 0.610313 0.127322
vt 0.604406 0.130673
vt 0.595800 0.138499
vt 0.588732 0.134453
vt 0.612557 0.111361
vt 0.614045 0.117817
vt 0.608187 0.132303
vt 0.599957 0.140492
vt 0.593129 0.143049
vt 0.586537 0.138213
vt 0.611767 0.104551
vt 0.615183 0.107166
vt 0.615839 0.113448
vt 0.604098 0.141774
vt 0.597144 0.145299
vt 0.617988 0.109619
vt 0.359795 0.207238
vt 0.360443 0.210961
vt 0.355805 0.213046
vt 0.353845 0.209671
vt 0.361787 0.206965
vt 0.362061 0.210599
vt 0.360771 0.212630
vt 0.356618 0.214682
vt 0.352910 0.215232
vt 0.350234 0.212665
vt 0.362233 0.212160
vt 0.361222 0.214200
vt 0.357333 0.216288
vt 0.353930 0.216518
vt 0.362571 0.213577
vt 0.362686 0.217219
vt 0.358564 0.219538
vt 0.354736 0.217817
vt 0.364125 0.216327
vt 0.363651 0.218731
vt 0.359083 0.221240
vt 0.355748 0.220569
vt 0.365242 0.217634
vt 0.364753 0.220213
vt 0.359553 0.223019
vt 0.355966 0.221981
vt 0.366560 0.219016
vt 0.369354 0.224336
vt 0.360515 0.228823
vt 0.355994 0.223465
vt 0.354826 0.228907
vt 0.853530 0.173382
vt 0.847085 0.170720
vt 0.849780 0.161784
vt 0.856871 0.164704
vt 0.851749 0.178013
vt 0.845767 0.174636
vt 0.856283 0.148835
vt 0.863588 0.151888
vt 0.863834 0.176070
vt 0.865773 0.168043
vt 0.848793 0.181990
vt 0.843938 0.177820
vt 0.862981 0.180279
vt 0.869550 0.158095
vt 0.867651 0.148807
vt 0.871616 0.155775
vt 0.102258 0.155402
vt 0.108400 0.158127
vt 0.106516 0.162381
vt 0.100585 0.159465
vt 0.105182 0.147140
vt 0.112081 0.149433
vt 0.111717 0.159655
vt 0.109807 0.164035
vt 0.104451 0.166508
vt 0.098823 0.163338
vt 0.115450 0.151101
vt 0.114707 0.160971
vt 0.112834 0.165642
vt 0.107596 0.168238
vt 0.102184 0.170572
vt 0.096950 0.167095
vt 0.118096 0.152818
vt 0.110554 0.169911
vt 0.105215 0.172535
vt 0.099478 0.174480
vt 0.094990 0.170465
vt 0.117160 0.170064
vt 0.115481 0.173064
vt 0.108389 0.174462
vt 0.102294 0.176731
vt 0.096272 0.178151
vt 0.092833 0.173277
vt 0.114224 0.176456
vt 0.105337 0.178972
vt 0.099022 0.180741
vt 0.102146 0.183132
vt 0.937466 0.162795
vt 0.937032 0.160813
vt 0.939426 0.159606
vt 0.940182 0.161804
vt 0.936553 0.159851
vt 0.938973 0.158464
vt 0.941933 0.158422
vt 0.942864 0.160411
vt 0.941014 0.165660
vt 0.937061 0.166652
vt 0.935872 0.158889
vt 0.938456 0.157242
vt 0.941536 0.157386
vt 0.943121 0.157810
vt 0.944059 0.159522
vt 0.944892 0.163877
vt 0.933894 0.156789
vt 0.937264 0.154491
vt 0.941207 0.156244
vt 0.942810 0.156933
vt 0.946771 0.162566
vt 0.940931 0.167243
vt 0.945872 0.165254
vt 0.932552 0.155411
vt 0.936692 0.152765
vt 0.940815 0.153627
vt 0.942578 0.155973
vt 0.940835 0.152027
vt 0.942548 0.153628
vt 0.942841 0.152204
vt 0.853540 0.146912
vt 0.849377 0.145084
vt 0.855840 0.130385
vt 0.859928 0.131972
vt 0.850587 0.151961
vt 0.846583 0.149824
vt 0.842091 0.140562
vt 0.848264 0.127351
vt 0.861478 0.115264
vt 0.865194 0.117527
vt 0.857706 0.147777
vt 0.863431 0.133245
vt 0.839719 0.144784
vt 0.840097 0.138108
vt 0.845237 0.126205
vt 0.852532 0.113224
vt 0.864792 0.110805
vt 0.867979 0.113418
vt 0.868132 0.119670
vt 0.848596 0.113077
vt 0.870518 0.115935
vt 0.197388 0.038336
vt 0.197122 0.036524
vt 0.200530 0.035307
vt 0.201303 0.037086
vt 0.195498 0.038670
vt 0.195440 0.036944
vt 0.196463 0.033342
vt 0.199239 0.032091
vt 0.202262 0.034522
vt 0.203281 0.036247
vt 0.197573 0.040292
vt 0.202106 0.038834
vt 0.193656 0.038930
vt 0.193765 0.037242
vt 0.195040 0.033881
vt 0.195339 0.040547
vt 0.196062 0.031901
vt 0.198678 0.030601
vt 0.200658 0.031403
vt 0.205418 0.032357
vt 0.206972 0.033841
vt 0.204525 0.037825
vt 0.193608 0.034329
vt 0.194692 0.032527
vt 0.195527 0.030502
vt 0.198145 0.029143
vt 0.200045 0.029949
vt 0.203373 0.029737
vt 0.193277 0.033065
vt 0.194223 0.031250
vt 0.193005 0.026420
vt 0.196567 0.024512
vt 0.199522 0.028531
vt 0.202681 0.028528
vt 0.192756 0.031762
vt 0.191185 0.027717
vt 0.191963 0.024893
vt 0.196064 0.022685
vt 0.198341 0.023903
vt 0.202179 0.027346
vt 0.189886 0.026382
vt 0.195612 0.020583
vt 0.190568 0.023223
vt 0.198031 0.022131
vt 0.201642 0.023099
vt 0.198017 0.020075
vt 0.201670 0.021413
vt 0.241849 0.183343
vt 0.238878 0.181870
vt 0.240894 0.177590
vt 0.243760 0.178986
vt 0.239808 0.187657
vt 0.236659 0.186160
vt 0.232057 0.178639
vt 0.233886 0.174332
vt 0.242760 0.173143
vt 0.245576 0.174599
vt 0.237789 0.192038
vt 0.234312 0.190592
vt 0.230156 0.182832
vt 0.229134 0.177270
vt 0.230770 0.173046
vt 0.235737 0.169748
vt 0.244623 0.168702
vt 0.247327 0.170357
vt 0.228095 0.186839
vt 0.227455 0.181414
vt 0.226817 0.175854
vt 0.227974 0.172354
vt 0.232526 0.168434
vt 0.237708 0.164951
vt 0.246912 0.164499
vt 0.249274 0.166574
vt 0.231322 0.194798
vt 0.225638 0.190421
vt 0.225681 0.185200
vt 0.234181 0.163778
vt 0.240478 0.160284
vt 0.223644 0.188394
vt 0.086980 0.052122
vt 0.086075 0.052503
vt 0.084300 0.048937
vt 0.085089 0.048534
vt 0.088075 0.054621
vt 0.087286 0.054968
vt 0.084112 0.053359
vt 0.082476 0.049303
vt 0.087920 0.051775
vt 0.085895 0.047984
vt 0.085603 0.055947
vt 0.088957 0.054407
vt 0.083023 0.053728
vt 0.081383 0.049353
vt 0.087707 0.046478
vt 0.090050 0.051214
vt 0.084702 0.056678
vt 0.091065 0.054300
vt 0.081867 0.054077
vt 0.080174 0.049241
vt 0.094598 0.051851
vt 0.091284 0.042646
vt 0.083631 0.057537
vt 0.960335 0.224746
vt 0.961366 0.224827
vt 0.963777 0.230080
vt 0.962780 0.230639
vt 0.960139 0.223237
vt 0.961152 0.223377
vt 0.962340 0.224799
vt 0.964678 0.229609
vt 0.964800 0.231358
vt 0.964043 0.232033
vt 0.960530 0.232235
vt 0.957870 0.223910
vt 0.962051 0.223424
vt 0.964083 0.224431
vt 0.966313 0.228861
vt 0.965488 0.230831
vt 0.962228 0.234115
vt 0.963698 0.223152
vt 0.964965 0.224161
vt 0.967147 0.228637
vt 0.966818 0.230142
vt 0.964583 0.222913
vt 0.965852 0.223668
vt 0.968048 0.228485
vt 0.967448 0.229938
vt 0.969145 0.220949
vt 0.971230 0.228580
vt 0.968166 0.229898
vt 0.970515 0.219684
vt 0.972647 0.229133
vt 0.971030 0.230528
vt 0.159274 0.212302
vt 0.157634 0.230854
vt 0.156689 0.230646
vt 0.158549 0.212255
vt 0.160069 0.212359
vt 0.158638 0.230987
vt 0.155785 0.240730
vt 0.154322 0.240338
vt 0.155810 0.230366
vt 0.157918 0.212223
vt 0.160394 0.198041
vt 0.160837 0.212423
vt 0.159619 0.231039
vt 0.157289 0.240938
vt 0.153043 0.239738
vt 0.155012 0.230014
vt 0.157314 0.212420
vt 0.160166 0.197716
vt 0.160690 0.197742
vt 0.161477 0.212497
vt 0.160461 0.231000
vt 0.158762 0.240947
vt 0.151909 0.238841
vt 0.161027 0.197540
vt 0.160130 0.240732
vt 0.339301 0.126861
vt 0.336303 0.126519
vt 0.336662 0.121752
vt 0.339927 0.122155
vt 0.338723 0.131434
vt 0.335886 0.130975
vt 0.333538 0.126303
vt 0.333527 0.121649
vt 0.337148 0.116801
vt 0.340657 0.117356
vt 0.342368 0.127303
vt 0.343154 0.122762
vt 0.333356 0.130516
vt 0.341727 0.131786
vt 0.333574 0.116660
vt 0.337874 0.111776
vt 0.341615 0.112482
vt 0.344067 0.118188
vt 0.346137 0.123518
vt 0.345214 0.127864
vt 0.344499 0.132185
vt 0.333900 0.111473
vt 0.338946 0.106605
vt 0.342918 0.107545
vt 0.345195 0.113535
vt 0.347137 0.119210
vt 0.348626 0.124386
vt 0.347621 0.128531
vt 0.346839 0.132590
vt 0.334732 0.106028
vt 0.340356 0.101378
vt 0.344501 0.102664
vt 0.346636 0.108816
vt 0.348310 0.114870
vt 0.349647 0.120274
vt 0.335989 0.100537
vt 0.342021 0.096100
vt 0.346335 0.097712
vt 0.348313 0.104180
vt 0.349825 0.110370
vt 0.350842 0.116167
vt 0.337321 0.095210
vt 0.344370 0.090869
vt 0.348668 0.092747
vt 0.350179 0.099501
vt 0.351667 0.105828
vt 0.352474 0.111912
vt 0.352484 0.094891
vt 0.353413 0.101233
vt 0.354368 0.107821
vt 0.355405 0.097039
vt 0.160608 0.006216
vt 0.160839 0.006357
vt 0.160930 0.006823
vt 0.160776 0.007004
vt 0.160348 0.006162
vt 0.160561 0.007105
vt 0.675624 0.195652
vt 0.682430 0.198651
vt 0.679490 0.205760
vt 0.673140 0.202802
vt 0.679643 0.185096
vt 0.687741 0.187869
vt 0.687140 0.200534
vt 0.684444 0.207831
vt 0.676535 0.212705
vt 0.670931 0.208804
vt 0.690924 0.191854
vt 0.681615 0.214443
vt 0.019032 0.066583
vt 0.023339 0.064561
vt 0.023628 0.066394
vt 0.019926 0.068298
vt 0.018373 0.065603
vt 0.023305 0.063502
vt 0.024900 0.064322
vt 0.024930 0.065979
vt 0.023863 0.067173
vt 0.020288 0.069056
vt 0.018732 0.069092
vt 0.017698 0.067666
vt 0.016879 0.066823
vt 0.017357 0.064541
vt 0.023468 0.062239
vt 0.025029 0.063328
vt 0.025109 0.066645
vt 0.024140 0.067912
vt 0.020582 0.069772
vt 0.019100 0.069710
vt 0.025349 0.067263
vt 0.025320 0.070390
vt 0.021020 0.072344
vt 0.019360 0.070294
vt 0.026644 0.069388
vt 0.025924 0.071424
vt 0.021022 0.073413
vt 0.019479 0.072652
vt 0.027387 0.070210
vt 0.026695 0.072642
vt 0.020763 0.074661
vt 0.019358 0.073694
vt 0.028410 0.071272
vt 0.027736 0.073996
vt 0.020280 0.076212
vt 0.802501 0.200481
vt 0.793209 0.196124
vt 0.794722 0.191925
vt 0.803826 0.195895
vt 0.800737 0.205041
vt 0.791485 0.200143
vt 0.790648 0.194647
vt 0.791999 0.190559
vt 0.796349 0.187536
vt 0.805352 0.191490
vt 0.806333 0.196880
vt 0.805534 0.201013
vt 0.798637 0.209484
vt 0.789856 0.204249
vt 0.789082 0.198314
vt 0.793474 0.186197
vt 0.798095 0.182949
vt 0.806707 0.187113
vt 0.807491 0.192986
vt 0.795064 0.181622
vt 0.800019 0.178235
vt 0.808183 0.182945
vt 0.796654 0.177027
vt 0.802720 0.173818
vt 0.810036 0.179168
vt 0.772312 0.178775
vt 0.775458 0.180815
vt 0.770989 0.189679
vt 0.767586 0.188234
vt 0.775554 0.174500
vt 0.778562 0.176930
vt 0.778236 0.182884
vt 0.774292 0.191100
vt 0.768004 0.199259
vt 0.764660 0.197900
vt 0.781095 0.179457
vt 0.780525 0.184933
vt 0.777142 0.192349
vt 0.771731 0.200439
vt 0.766564 0.204236
vt 0.763327 0.202727
vt 0.760349 0.187770
vt 0.759544 0.193318
vt 0.782961 0.181931
vt 0.775328 0.200836
vt 0.770242 0.205428
vt 0.341230 0.084834
vt 0.340162 0.085053
vt 0.339546 0.080493
vt 0.340370 0.080708
vt 0.342417 0.087682
vt 0.341452 0.088272
vt 0.337660 0.085525
vt 0.337575 0.079739
vt 0.342251 0.084618
vt 0.341134 0.080800
vt 0.343290 0.087237
vt 0.338987 0.089909
vt 0.343406 0.080276
vt 0.345015 0.084247
vt 0.345787 0.086906
vt 0.344274 0.079750
vt 0.346035 0.084326
vt 0.346623 0.087037
vt 0.347983 0.082628
vt 0.348175 0.084950
vt 0.348697 0.087620
vt 0.345024 0.078844
vt 0.348718 0.082401
vt 0.349135 0.085371
vt 0.345825 0.077671
vt 0.349836 0.082134
vt 0.350267 0.085786
vt 0.346813 0.076208
vt 0.351295 0.081850
vt 0.351705 0.086259
vt 0.971644 0.021313
vt 0.975601 0.023359
vt 0.971337 0.032694
vt 0.967561 0.030736
vt 0.976543 0.011680
vt 0.980551 0.014154
vt 0.985356 0.028600
vt 0.982167 0.036812
vt 0.969198 0.037417
vt 0.965490 0.035441
vt 0.967908 0.019504
vt 0.964210 0.028799
vt 0.980023 0.007103
vt 0.983930 0.009893
vt 0.989168 0.021141
vt 0.972378 0.010110
vt 0.980799 0.041307
vt 0.966935 0.042316
vt 0.963270 0.039979
vt 0.962267 0.033558
vt 0.964360 0.018730
vt 0.961664 0.026644
vt 0.991190 0.017949
vt 0.979549 0.045830
vt 0.963490 0.046670
vt 0.960326 0.044059
vt 0.960306 0.037876
vt 0.957870 0.041548
vt 0.630313 0.012780
vt 0.633354 0.015041
vt 0.626511 0.027885
vt 0.622871 0.025859
vt 0.633333 0.008776
vt 0.636038 0.011309
vt 0.617583 0.041415
vt 0.613995 0.039024
vt 0.626682 0.010428
vt 0.618967 0.023684
vt 0.630053 0.006143
vt 0.613998 0.045658
vt 0.610553 0.042965
vt 0.610818 0.036461
vt 0.618838 0.007800
vt 0.612318 0.019954
vt 0.607462 0.039969
vt 0.605897 0.031309
vt 0.603416 0.034228
vt 0.268567 0.159080
vt 0.271564 0.160945
vt 0.269477 0.165440
vt 0.266328 0.163841
vt 0.271516 0.154593
vt 0.274360 0.156816
vt 0.277589 0.166016
vt 0.276330 0.169130
vt 0.267796 0.170203
vt 0.264375 0.168733
vt 0.265210 0.157288
vt 0.263107 0.162293
vt 0.274946 0.150389
vt 0.277307 0.152865
vt 0.279204 0.163453
vt 0.268278 0.152522
vt 0.275471 0.172505
vt 0.266247 0.175295
vt 0.262483 0.173700
vt 0.261072 0.167120
vt 0.258922 0.155590
vt 0.257790 0.160047
vt 0.275198 0.175993
vt 0.263578 0.180138
vt 0.260186 0.178341
vt 0.259148 0.171895
vt 0.256252 0.164430
vt 0.260930 0.184816
vt 0.257789 0.182859
vt 0.257110 0.176458
vt 0.254790 0.168437
vt 0.255225 0.180844
vt 0.253182 0.171830
vt 0.965195 0.212357
vt 0.962079 0.211375
vt 0.965901 0.197816
vt 0.968937 0.199284
vt 0.962231 0.221561
vt 0.958687 0.220333
vt 0.958987 0.210278
vt 0.962230 0.197059
vt 0.968041 0.213161
vt 0.971038 0.201081
vt 0.955841 0.218593
vt 0.965679 0.222256
vt 0.956251 0.209188
vt 0.958831 0.197043
vt 0.953650 0.216681
vt 0.167106 0.011891
vt 0.169670 0.013506
vt 0.163889 0.029417
vt 0.160574 0.028341
vt 0.169395 0.007879
vt 0.171795 0.009753
vt 0.162294 0.034061
vt 0.158999 0.032847
vt 0.157845 0.026717
vt 0.163997 0.010572
vt 0.166296 0.006159
vt 0.156269 0.031157
vt 0.156129 0.024470
vt 0.160780 0.010269
vt 0.312257 0.228775
vt 0.313812 0.225684
vt 0.320875 0.229712
vt 0.319001 0.233911
vt 0.317384 0.215168
vt 0.325713 0.217917
vt 0.322267 0.234982
vt 0.323820 0.230734
vt 0.318456 0.211229
vt 0.327242 0.213861
vt 0.327945 0.219370
vt 0.329565 0.215610
vt 0.581823 0.203626
vt 0.580261 0.203659
vt 0.580378 0.196039
vt 0.581897 0.196055
vt 0.583332 0.219215
vt 0.581763 0.219428
vt 0.578717 0.203806
vt 0.578871 0.196021
vt 0.580375 0.188434
vt 0.581929 0.188489
vt 0.590098 0.196078
vt 0.590117 0.203394
vt 0.591581 0.216904
vt 0.580182 0.219260
vt 0.573878 0.202797
vt 0.574147 0.195987
vt 0.578846 0.188268
vt 0.582067 0.172662
vt 0.583634 0.172888
vt 0.590146 0.188773
vt 0.573899 0.189089
vt 0.580498 0.172811
vt 0.591592 0.175313
vt 0.334496 0.148137
vt 0.336044 0.148016
vt 0.336565 0.155862
vt 0.334987 0.155889
vt 0.333509 0.140252
vt 0.335091 0.140031
vt 0.337596 0.147911
vt 0.338143 0.155851
vt 0.336334 0.163567
vt 0.334817 0.163528
vt 0.326608 0.156237
vt 0.326179 0.149167
vt 0.336684 0.140025
vt 0.325149 0.142358
vt 0.337843 0.163611
vt 0.336255 0.171184
vt 0.334703 0.171113
vt 0.326608 0.163486
vt 0.342960 0.156935
vt 0.342569 0.163720
vt 0.337781 0.171366
vt 0.334410 0.186939
vt 0.332847 0.186697
vt 0.326495 0.170765
vt 0.342730 0.170612
vt 0.335980 0.186805
vt 0.324916 0.184197
vt 0.641718 0.235812
vt 0.641254 0.242562
vt 0.634250 0.241996
vt 0.634697 0.235481
vt 0.640588 0.249244
vt 0.633544 0.248534
vt 0.634101 0.235447
vt 0.633656 0.241939
vt 0.641928 0.229003
vt 0.634904 0.228997
vt 0.632954 0.248428
vt 0.634309 0.228970
vt 0.641489 0.215666
vt 0.634529 0.216088
vt 0.633937 0.216149
vt 0.640912 0.208987
vt 0.633925 0.209531
vt 0.633334 0.209629
vt 0.502605 0.243191
vt 0.502245 0.236434
vt 0.509247 0.236214
vt 0.509576 0.242736
vt 0.502143 0.229631
vt 0.509139 0.229720
vt 0.510171 0.242693
vt 0.509843 0.236195
vt 0.503151 0.249851
vt 0.510141 0.249316
vt 0.502739 0.216302
vt 0.509755 0.216819
vt 0.509735 0.229708
vt 0.510733 0.249223
vt 0.503428 0.209589
vt 0.510493 0.210315
vt 0.510346 0.216895
vt 0.511083 0.210427
vt 0.516280 0.203328
vt 0.507360 0.203941
vt 0.508345 0.187887
vt 0.517230 0.188455
vt 0.516528 0.208240
vt 0.507372 0.209699
vt 0.505935 0.203730
vt 0.506979 0.187969
vt 0.507489 0.177029
vt 0.517270 0.178190
vt 0.505894 0.209533
vt 0.502328 0.202115
vt 0.503282 0.188343
vt 0.506005 0.177384
vt 0.502143 0.178854
vt 0.732099 0.012040
vt 0.741108 0.011932
vt 0.739985 0.022767
vt 0.731134 0.022161
vt 0.732076 0.007154
vt 0.741285 0.006165
vt 0.742547 0.012129
vt 0.741358 0.022839
vt 0.739858 0.033583
vt 0.730553 0.032427
vt 0.742749 0.006369
vt 0.746242 0.013571
vt 0.745108 0.023045
vt 0.741306 0.033537
vt 0.739458 0.039256
vt 0.730007 0.037387
vt 0.745247 0.032547
vt 0.740918 0.039185
vt 0.201233 0.211630
vt 0.194664 0.211716
vt 0.191536 0.064298
vt 0.200530 0.064178
vt 0.188097 0.211910
vt 0.182547 0.064583
vt 0.190959 0.040899
vt 0.200470 0.040772
vt 0.210885 0.211700
vt 0.213743 0.064303
vt 0.181447 0.041232
vt 0.214443 0.040953
vt 0.904248 0.083992
vt 0.907574 0.083989
vt 0.908353 0.231439
vt 0.903800 0.231438
vt 0.914143 0.083902
vt 0.917347 0.231314
vt 0.908428 0.254840
vt 0.903611 0.254831
vt 0.900922 0.083967
vt 0.899247 0.231396
vt 0.920710 0.083706
vt 0.926336 0.231025
vt 0.917940 0.254708
vt 0.898794 0.254768
vt 0.927452 0.254367
vt 0.546046 0.114426
vt 0.546028 0.114185
vt 0.549602 0.113966
vt 0.549577 0.114233
vt 0.545798 0.114417
vt 0.545770 0.114158
vt 0.545852 0.112938
vt 0.549683 0.112737
vt 0.550470 0.114010
vt 0.550331 0.114265
vt 0.549587 0.123167
vt 0.545940 0.123123
vt 0.545681 0.123120
vt 0.544574 0.114251
vt 0.544731 0.113986
vt 0.545589 0.113101
vt 0.551939 0.113961
vt 0.551761 0.114232
vt 0.550602 0.123176
vt 0.549342 0.133708
vt 0.545771 0.133454
vt 0.545520 0.133458
vt 0.544423 0.123101
vt 0.551586 0.123185
vt 0.550106 0.133714
vt 0.545746 0.133695
vt 0.549353 0.133975
vt 0.545485 0.133713
vt 0.544340 0.133576
vt 0.551539 0.133769
vt 0.550212 0.133991
vt 0.549391 0.135223
vt 0.545560 0.134912
vt 0.545304 0.134735
vt 0.544489 0.133851
vt 0.799092 0.122466
vt 0.799070 0.122707
vt 0.795544 0.122481
vt 0.795528 0.122215
vt 0.799353 0.122441
vt 0.799312 0.122696
vt 0.799127 0.131397
vt 0.795481 0.131412
vt 0.794780 0.122487
vt 0.794671 0.122212
vt 0.799286 0.121223
vt 0.795465 0.120968
vt 0.799547 0.121388
vt 0.800400 0.122281
vt 0.800553 0.122552
vt 0.799386 0.131396
vt 0.799239 0.141737
vt 0.795661 0.141957
vt 0.794465 0.131417
vt 0.800644 0.131388
vt 0.799489 0.141744
vt 0.795642 0.142224
vt 0.799263 0.141975
vt 0.794906 0.141936
vt 0.793348 0.122452
vt 0.793481 0.131422
vt 0.800655 0.141872
vt 0.799519 0.142001
vt 0.794770 0.142193
vt 0.795582 0.143455
vt 0.799423 0.143197
vt 0.793475 0.141989
vt 0.800509 0.142147
vt 0.799686 0.143025
vt 0.793302 0.142263
vt 0.875147 0.127324
vt 0.875402 0.127316
vt 0.876388 0.175520
vt 0.876134 0.175524
vt 0.874746 0.113320
vt 0.875002 0.113298
vt 0.884252 0.127102
vt 0.885242 0.175331
vt 0.876494 0.179037
vt 0.876236 0.179070
vt 0.873897 0.127370
vt 0.874882 0.175538
vt 0.873495 0.113401
vt 0.874715 0.103682
vt 0.874966 0.103718
vt 0.883931 0.112471
vt 0.895704 0.175125
vt 0.894707 0.126918
vt 0.885314 0.178867
vt 0.875006 0.179339
vt 0.873476 0.103481
vt 0.883766 0.104303
vt 0.894521 0.112910
vt 0.895742 0.178644
vt 0.894961 0.126916
vt 0.895958 0.175119
vt 0.876521 0.180596
vt 0.885346 0.180394
vt 0.883625 0.098283
vt 0.874852 0.098521
vt 0.894112 0.103226
vt 0.894778 0.112918
vt 0.895778 0.180204
vt 0.896001 0.178667
vt 0.896212 0.126909
vt 0.897209 0.175082
vt 0.893981 0.098049
vt 0.894361 0.103182
vt 0.896033 0.112933
vt 0.897240 0.178885
vt 0.895587 0.102936
vt 0.803842 0.144878
vt 0.803588 0.144868
vt 0.805044 0.096678
vt 0.805299 0.096685
vt 0.803321 0.158887
vt 0.803065 0.158864
vt 0.802338 0.144811
vt 0.803793 0.096652
vt 0.805182 0.093133
vt 0.805439 0.093169
vt 0.814150 0.096961
vt 0.812690 0.145177
vt 0.812251 0.159804
vt 0.803229 0.168555
vt 0.802977 0.168589
vt 0.801816 0.158776
vt 0.803955 0.092852
vt 0.814258 0.093425
vt 0.824610 0.097269
vt 0.823143 0.145463
vt 0.822835 0.159475
vt 0.811999 0.167979
vt 0.801741 0.168780
vt 0.824683 0.093751
vt 0.805482 0.091609
vt 0.814304 0.091899
vt 0.823398 0.145468
vt 0.824864 0.097277
vt 0.822374 0.169066
vt 0.823091 0.159469
vt 0.811806 0.174044
vt 0.803095 0.173752
vt 0.824942 0.093731
vt 0.824735 0.092192
vt 0.824648 0.145486
vt 0.826115 0.097327
vt 0.822623 0.169112
vt 0.822225 0.174252
vt 0.824345 0.159462
vt 0.826183 0.093525
vt 0.823851 0.169367
vt 0.183744 0.008746
vt 0.182568 0.009304
vt 0.182537 0.008048
vt 0.183706 0.007735
vt 0.183303 0.011265
vt 0.182411 0.010904
vt 0.181497 0.009534
vt 0.181474 0.008136
vt 0.182420 0.006960
vt 0.183305 0.006126
vt 0.181451 0.011331
vt 0.181447 0.007121
vt 0.151745 0.196406
vt 0.150907 0.196169
vt 0.151092 0.190328
vt 0.151937 0.190572
vt 0.151565 0.201748
vt 0.150727 0.201547
vt 0.150066 0.195993
vt 0.150246 0.190138
vt 0.151263 0.184040
vt 0.152125 0.184296
vt 0.152712 0.190914
vt 0.152512 0.196727
vt 0.152328 0.202019
vt 0.151366 0.206498
vt 0.150523 0.206341
vt 0.149891 0.201385
vt 0.149264 0.195885
vt 0.149422 0.190128
vt 0.150404 0.183897
vt 0.151407 0.177414
vt 0.152292 0.177591
vt 0.152921 0.184628
vt 0.153174 0.197148
vt 0.153323 0.191291
vt 0.153007 0.202410
vt 0.152127 0.206671
vt 0.151224 0.210639
vt 0.150405 0.210543
vt 0.149684 0.206246
vt 0.149104 0.201290
vt 0.149589 0.183882
vt 0.150529 0.177263
vt 0.151496 0.170538
vt 0.152404 0.170635
vt 0.153119 0.177882
vt 0.153648 0.184962
vt 0.152743 0.206888
vt 0.153758 0.202720
vt 0.153913 0.197409
vt 0.151949 0.210783
vt 0.150304 0.214420
vt 0.151132 0.214564
vt 0.149583 0.210544
vt 0.148914 0.206163
vt 0.149738 0.177098
vt 0.150585 0.170443
vt 0.151635 0.163685
vt 0.152567 0.163708
vt 0.153253 0.170763
vt 0.153851 0.178431
vt 0.152538 0.210953
vt 0.153237 0.207179
vt 0.151841 0.214693
vt 0.149469 0.214491
vt 0.148833 0.210569
vt 0.147920 0.205986
vt 0.147689 0.201215
vt 0.149731 0.170385
vt 0.150687 0.163633
vt 0.151818 0.157303
vt 0.152756 0.157263
vt 0.153416 0.163707
vt 0.154378 0.170919
vt 0.153110 0.211089
vt 0.152386 0.214775
vt 0.148730 0.214593
vt 0.147936 0.210579
vt 0.149713 0.163577
vt 0.150874 0.157266
vt 0.151981 0.151815
vt 0.152911 0.151706
vt 0.153598 0.157203
vt 0.154509 0.163629
vt 0.152884 0.214840
vt 0.148047 0.214723
vt 0.150050 0.157190
vt 0.151049 0.151795
vt 0.152122 0.147349
vt 0.153041 0.147156
vt 0.153759 0.151574
vt 0.154444 0.157255
vt 0.150247 0.151680
vt 0.151205 0.147379
vt 0.152237 0.143760
vt 0.153155 0.143494
vt 0.153889 0.146996
vt 0.154843 0.151691
vt 0.150333 0.147102
vt 0.151333 0.143869
vt 0.152340 0.140768
vt 0.153274 0.140640
vt 0.154007 0.143042
vt 0.155082 0.147152
vt 0.150488 0.143495
vt 0.151403 0.141094
vt 0.154185 0.139460
vt 0.150729 0.141244
vt 0.376323 0.105045
vt 0.376389 0.110851
vt 0.375548 0.110887
vt 0.375536 0.105178
vt 0.376346 0.116935
vt 0.375563 0.117188
vt 0.374730 0.110926
vt 0.374707 0.105224
vt 0.375492 0.100180
vt 0.376221 0.099935
vt 0.376944 0.123655
vt 0.375555 0.124018
vt 0.374738 0.117287
vt 0.373837 0.110935
vt 0.373797 0.105241
vt 0.374658 0.100230
vt 0.375403 0.095781
vt 0.376196 0.095502
vt 0.374697 0.124111
vt 0.373863 0.117272
vt 0.372966 0.110903
vt 0.372908 0.105231
vt 0.373736 0.100233
vt 0.374576 0.095880
vt 0.376004 0.091758
vt 0.375302 0.091843
vt 0.375564 0.131410
vt 0.374656 0.131352
vt 0.373812 0.124042
vt 0.373011 0.117167
vt 0.372171 0.110765
vt 0.372093 0.105193
vt 0.372848 0.100245
vt 0.373668 0.095913
vt 0.374459 0.091971
vt 0.375500 0.138866
vt 0.374599 0.138742
vt 0.373750 0.131207
vt 0.372957 0.123869
vt 0.372255 0.116986
vt 0.372058 0.100150
vt 0.372805 0.095886
vt 0.373569 0.092015
vt 0.375395 0.146054
vt 0.374520 0.145869
vt 0.373678 0.138522
vt 0.372875 0.130971
vt 0.372185 0.123627
vt 0.372057 0.095755
vt 0.372667 0.091918
vt 0.375348 0.152496
vt 0.374454 0.152306
vt 0.373597 0.145648
vt 0.372781 0.138237
vt 0.372069 0.130691
vt 0.371935 0.091817
vt 0.375320 0.157981
vt 0.374401 0.157736
vt 0.373522 0.152087
vt 0.372686 0.145375
vt 0.371936 0.137870
vt 0.375303 0.162270
vt 0.374358 0.162230
vt 0.373454 0.157533
vt 0.372596 0.151854
vt 0.371825 0.145157
vt 0.375391 0.165943
vt 0.374328 0.166252
vt 0.373390 0.162085
vt 0.372506 0.157364
vt 0.371720 0.151571
vt 0.373352 0.165952
vt 0.372421 0.161964
vt 0.371573 0.157148
vt 0.372299 0.165565
vt 0.371447 0.161850
vt 0.371333 0.166049
vt 0.084394 0.007669
vt 0.086200 0.007943
vt 0.086188 0.008857
vt 0.084658 0.008995
vt 0.085221 0.006188
vt 0.086562 0.006169
vt 0.087538 0.007666
vt 0.087250 0.008947
vt 0.085542 0.010417
vt 0.084573 0.010403
vt 0.087822 0.006184
vt 0.086991 0.010182
vt 0.158441 0.008750
vt 0.157270 0.009319
vt 0.157228 0.008064
vt 0.158394 0.007739
vt 0.158023 0.011273
vt 0.157128 0.010920
vt 0.156201 0.009559
vt 0.156166 0.008161
vt 0.157100 0.006976
vt 0.157978 0.006135
vt 0.156172 0.011356
vt 0.156129 0.007146
vt 0.366961 0.194300
vt 0.366123 0.194062
vt 0.366321 0.188221
vt 0.367165 0.188467
vt 0.366768 0.199642
vt 0.365930 0.199439
vt 0.365282 0.193884
vt 0.365475 0.188029
vt 0.366506 0.181934
vt 0.367368 0.182192
vt 0.367940 0.188811
vt 0.367727 0.194624
vt 0.367530 0.199915
vt 0.366558 0.204392
vt 0.365715 0.204233
vt 0.365094 0.199275
vt 0.364481 0.193774
vt 0.364652 0.188018
vt 0.365647 0.181789
vt 0.366665 0.175308
vt 0.367551 0.175487
vt 0.368163 0.182526
vt 0.368388 0.195046
vt 0.368550 0.189190
vt 0.368209 0.200308
vt 0.367318 0.204566
vt 0.366407 0.208532
vt 0.365588 0.208435
vt 0.364877 0.204136
vt 0.364308 0.199179
vt 0.364833 0.181772
vt 0.365788 0.175156
vt 0.366770 0.168432
vt 0.367678 0.168532
vt 0.368377 0.175780
vt 0.368889 0.182861
vt 0.367934 0.204785
vt 0.368959 0.200619
vt 0.369126 0.195309
vt 0.367132 0.208679
vt 0.365478 0.212312
vt 0.366306 0.212457
vt 0.364766 0.208434
vt 0.364107 0.204051
vt 0.364998 0.174989
vt 0.365859 0.168336
vt 0.366925 0.161580
vt 0.367857 0.161604
vt 0.368526 0.168661
vt 0.369107 0.176331
vt 0.367720 0.208850
vt 0.368428 0.205077
vt 0.367015 0.212588
vt 0.364643 0.212380
vt 0.364016 0.208457
vt 0.363114 0.203872
vt 0.362893 0.199100
vt 0.365005 0.168275
vt 0.365977 0.161526
vt 0.367121 0.155198
vt 0.368060 0.155160
vt 0.368705 0.161605
vt 0.369652 0.168821
vt 0.368292 0.208987
vt 0.367560 0.212671
vt 0.363904 0.212481
vt 0.363119 0.208465
vt 0.365003 0.161468
vt 0.366178 0.155159
vt 0.367297 0.149711
vt 0.368227 0.149603
vt 0.368902 0.155102
vt 0.369796 0.161522
vt 0.368058 0.212737
vt 0.363220 0.212609
vt 0.365354 0.155081
vt 0.366366 0.149689
vt 0.367448 0.145245
vt 0.368368 0.145054
vt 0.369076 0.149473
vt 0.369748 0.155156
vt 0.365563 0.149571
vt 0.366531 0.145272
vt 0.367572 0.141656
vt 0.368490 0.141393
vt 0.369217 0.144896
vt 0.370159 0.149593
vt 0.365660 0.144994
vt 0.366667 0.141763
vt 0.367682 0.138664
vt 0.368616 0.138539
vt 0.369343 0.140942
vt 0.370409 0.145055
vt 0.365823 0.141387
vt 0.366743 0.138988
vt 0.369529 0.137360
vt 0.366069 0.139137
vt 0.392800 0.203798
vt 0.392954 0.209602
vt 0.392114 0.209651
vt 0.392015 0.203943
vt 0.393004 0.215687
vt 0.392225 0.215952
vt 0.391296 0.209703
vt 0.391187 0.204001
vt 0.391895 0.198947
vt 0.392620 0.198690
vt 0.393704 0.222397
vt 0.392321 0.222781
vt 0.391402 0.216063
vt 0.390404 0.209725
vt 0.390277 0.204032
vt 0.391062 0.199009
vt 0.391740 0.194549
vt 0.392528 0.194258
vt 0.391465 0.222886
vt 0.390526 0.216061
vt 0.389533 0.209707
vt 0.389389 0.204036
vt 0.390140 0.199026
vt 0.390914 0.194660
vt 0.392279 0.190517
vt 0.391578 0.190614
vt 0.392442 0.230172
vt 0.391534 0.230128
vt 0.390579 0.222831
vt 0.389673 0.215969
vt 0.388736 0.209581
vt 0.388573 0.204011
vt 0.389253 0.199052
vt 0.390006 0.194707
vt 0.390737 0.190754
vt 0.392492 0.237627
vt 0.391589 0.237517
vt 0.390625 0.229996
vt 0.389721 0.222672
vt 0.388915 0.215800
vt 0.388461 0.198968
vt 0.389143 0.194694
vt 0.389848 0.190812
vt 0.392496 0.244816
vt 0.391618 0.244645
vt 0.390665 0.237311
vt 0.389747 0.229774
vt 0.388945 0.222441
vt 0.388393 0.194574
vt 0.388945 0.190728
vt 0.392547 0.251258
vt 0.391651 0.251082
vt 0.390692 0.244438
vt 0.389764 0.237040
vt 0.388937 0.229506
vt 0.388212 0.190638
vt 0.392602 0.256744
vt 0.391680 0.256512
vt 0.390716 0.250878
vt 0.389777 0.244179
vt 0.388913 0.236686
vt 0.392651 0.261032
vt 0.391706 0.261006
vt 0.390730 0.256324
vt 0.389786 0.250659
vt 0.388913 0.243974
vt 0.392794 0.264703
vt 0.391737 0.265028
vt 0.390735 0.260876
vt 0.389780 0.256169
vt 0.388905 0.250389
vt 0.390756 0.264743
vt 0.389765 0.260770
vt 0.388844 0.255967
vt 0.389697 0.264372
vt 0.388789 0.260671
vt 0.388739 0.264871
vt 0.080174 0.007638
vt 0.081976 0.007938
vt 0.081951 0.008851
vt 0.080419 0.008968
vt 0.081023 0.006170
vt 0.082364 0.006169
vt 0.083318 0.007680
vt 0.083012 0.008957
vt 0.081282 0.010403
vt 0.080314 0.010374
vt 0.083624 0.006203
vt 0.082735 0.010188
vt 0.289919 0.212914
vt 0.290027 0.214069
vt 0.284039 0.215655
vt 0.284160 0.214361
vt 0.294737 0.211916
vt 0.295114 0.213054
vt 0.290038 0.214239
vt 0.284021 0.215834
vt 0.275909 0.217654
vt 0.276528 0.215506
vt 0.284351 0.210853
vt 0.289681 0.209784
vt 0.295139 0.213212
vt 0.294152 0.205759
vt 0.290055 0.214407
vt 0.284021 0.216012
vt 0.276338 0.218051
vt 0.276487 0.213161
vt 0.284337 0.206330
vt 0.289153 0.206048
vt 0.295168 0.213369
vt 0.294152 0.205759
vt 0.290144 0.214929
vt 0.284109 0.216547
vt 0.276508 0.206658
vt 0.283905 0.201841
vt 0.289291 0.202283
vt 0.295297 0.213858
vt 0.293528 0.202838
vt 0.290419 0.216152
vt 0.284248 0.217843
vt 0.276319 0.219127
vt 0.276107 0.218503
vt 0.275883 0.200173
vt 0.283177 0.196820
vt 0.289209 0.197658
vt 0.295636 0.215024
vt 0.294318 0.197956
vt 0.291065 0.217678
vt 0.284299 0.219238
vt 0.275904 0.220290
vt 0.274870 0.195616
vt 0.283116 0.196274
vt 0.289226 0.197123
vt 0.294374 0.197436
vt 0.275942 0.221529
vt 0.274991 0.194968
vt 0.282792 0.193593
vt 0.289785 0.194274
vt 0.274280 0.192828
vt 0.238242 0.198355
vt 0.239161 0.199231
vt 0.239611 0.217623
vt 0.238418 0.218004
vt 0.240703 0.202162
vt 0.240699 0.217326
vt 0.237840 0.198000
vt 0.237914 0.218161
vt 0.237691 0.197922
vt 0.237751 0.218186
vt 0.238256 0.223632
vt 0.238089 0.223656
vt 0.237530 0.197873
vt 0.237585 0.218204
vt 0.237922 0.223676
vt 0.236480 0.197844
vt 0.236542 0.218236
vt 0.236869 0.223766
vt 0.230095 0.218414
vt 0.229949 0.197837
vt 0.230295 0.223977
vt 0.222267 0.218497
vt 0.222079 0.198059
vt 0.222405 0.224063
vt 0.221759 0.218337
vt 0.221684 0.198421
vt 0.219486 0.217629
vt 0.219424 0.202265
vt 0.872041 0.211118
vt 0.871103 0.211973
vt 0.871710 0.192298
vt 0.872894 0.192709
vt 0.870694 0.212320
vt 0.871209 0.192127
vt 0.873647 0.208221
vt 0.873975 0.193032
vt 0.870544 0.212395
vt 0.871047 0.192089
vt 0.870381 0.212440
vt 0.870881 0.192073
vt 0.869332 0.212444
vt 0.869836 0.192029
vt 0.871511 0.180810
vt 0.871678 0.180829
vt 0.863370 0.191758
vt 0.862811 0.212303
vt 0.870465 0.180736
vt 0.863959 0.180404
vt 0.854947 0.211915
vt 0.855550 0.191497
vt 0.856076 0.180076
vt 0.854559 0.211545
vt 0.855039 0.191647
vt 0.852378 0.207656
vt 0.852753 0.192305
vt 0.024438 0.202728
vt 0.022870 0.195638
vt 0.028287 0.195145
vt 0.030552 0.203314
vt 0.021987 0.186868
vt 0.027905 0.185096
vt 0.036205 0.193604
vt 0.038581 0.202682
vt 0.024805 0.203760
vt 0.031311 0.204579
vt 0.021886 0.186313
vt 0.027908 0.184534
vt 0.036124 0.181903
vt 0.039786 0.204717
vt 0.024848 0.203906
vt 0.031443 0.204743
vt 0.021098 0.183567
vt 0.027872 0.181808
vt 0.035802 0.181106
vt 0.039345 0.205413
vt 0.024882 0.204050
vt 0.031462 0.204943
vt 0.036116 0.178821
vt 0.024944 0.204492
vt 0.031391 0.205522
vt 0.039596 0.208495
vt 0.039249 0.209300
vt 0.024839 0.205543
vt 0.031249 0.206965
vt 0.024354 0.206906
vt 0.030381 0.207923
vt 0.036290 0.214443
vt 0.035531 0.215589
vt 0.269962 0.225048
vt 0.270187 0.224933
vt 0.270106 0.229598
vt 0.269937 0.229589
vt 0.269929 0.220485
vt 0.270097 0.220497
vt 0.273666 0.224636
vt 0.273639 0.229358
vt 0.269230 0.248871
vt 0.269071 0.248785
vt 0.266720 0.229272
vt 0.266748 0.224666
vt 0.266706 0.220024
vt 0.269829 0.215889
vt 0.269997 0.215902
vt 0.273627 0.219891
vt 0.272975 0.243120
vt 0.269084 0.249027
vt 0.269298 0.249081
vt 0.266207 0.243063
vt 0.266551 0.229258
vt 0.266572 0.224643
vt 0.266536 0.220004
vt 0.266614 0.215344
vt 0.269672 0.211301
vt 0.269840 0.211295
vt 0.273495 0.215115
vt 0.272979 0.243355
vt 0.266044 0.242692
vt 0.266444 0.215321
vt 0.266464 0.210603
vt 0.269102 0.198049
vt 0.269267 0.197985
vt 0.273300 0.210331
vt 0.266295 0.210609
vt 0.265969 0.200614
vt 0.272906 0.200425
vt 0.265841 0.200734
vt 0.004825 0.216423
vt 0.004994 0.216404
vt 0.004932 0.221023
vt 0.004764 0.221021
vt 0.004794 0.211884
vt 0.004962 0.211869
vt 0.008510 0.217140
vt 0.008408 0.221982
vt 0.004627 0.234503
vt 0.004461 0.234442
vt 0.001572 0.221852
vt 0.001617 0.217085
vt 0.001568 0.212398
vt 0.002816 0.183608
vt 0.002974 0.183516
vt 0.008532 0.212218
vt 0.008195 0.231986
vt 0.004581 0.234911
vt 0.004416 0.234850
vt 0.001320 0.231933
vt 0.001402 0.221849
vt 0.001447 0.217114
vt 0.001398 0.212416
vt 0.000135 0.189446
vt 0.002823 0.183362
vt 0.003035 0.183302
vt 0.006784 0.189149
vt 0.001165 0.231825
vt 0.000000 0.189799
vt 0.006789 0.188919
vt 0.405410 0.224154
vt 0.408825 0.224526
vt 0.408776 0.228945
vt 0.405401 0.228674
vt 0.405411 0.223984
vt 0.408790 0.224402
vt 0.408933 0.224389
vt 0.408944 0.228937
vt 0.408947 0.248362
vt 0.405599 0.242576
vt 0.405090 0.223958
vt 0.405409 0.223813
vt 0.408831 0.224272
vt 0.412156 0.224020
vt 0.412152 0.228645
vt 0.409111 0.248260
vt 0.405448 0.219249
vt 0.408817 0.219837
vt 0.408985 0.219826
vt 0.412207 0.219369
vt 0.412321 0.228633
vt 0.412325 0.224004
vt 0.412196 0.242510
vt 0.405614 0.214443
vt 0.408918 0.215257
vt 0.409086 0.215244
vt 0.412285 0.214676
vt 0.412377 0.219348
vt 0.412372 0.242137
vt 0.406165 0.199680
vt 0.409656 0.197322
vt 0.409821 0.197387
vt 0.412944 0.199970
vt 0.412454 0.214650
vt 0.413070 0.200089
vt 0.412997 0.034628
vt 0.412864 0.025536
vt 0.416084 0.025842
vt 0.416203 0.035109
vt 0.412829 0.034619
vt 0.412695 0.025528
vt 0.413025 0.006244
vt 0.416130 0.011993
vt 0.416253 0.025857
vt 0.416370 0.035131
vt 0.417291 0.054545
vt 0.414280 0.057226
vt 0.414116 0.057295
vt 0.409532 0.035392
vt 0.409310 0.025858
vt 0.412860 0.006143
vt 0.416298 0.012333
vt 0.417439 0.054426
vt 0.410651 0.054948
vt 0.409481 0.011902
vt 0.025311 0.167746
vt 0.025307 0.169542
vt 0.014848 0.169663
vt 0.014848 0.167868
vt 0.027138 0.168596
vt 0.014592 0.180441
vt 0.025106 0.180709
vt 0.013015 0.168689
vt 0.025802 0.142276
vt 0.015070 0.142040
vt 0.027703 0.142314
vt 0.027427 0.181199
vt 0.012659 0.180825
vt 0.013170 0.142000
vt 0.026109 0.117453
vt 0.015619 0.117229
vt 0.027992 0.117514
vt 0.013737 0.117208
vt 0.016095 0.097036
vt 0.026755 0.097432
vt 0.028657 0.096775
vt 0.014199 0.096999
vt 0.016750 0.079394
vt 0.027381 0.079601
vt 0.029276 0.079619
vt 0.014881 0.078818
vt 0.027322 0.079379
vt 0.017175 0.079094
vt 0.528830 0.052263
vt 0.529052 0.050289
vt 0.540834 0.051670
vt 0.540663 0.053448
vt 0.530853 0.039336
vt 0.542258 0.040862
vt 0.542528 0.052774
vt 0.539943 0.078669
vt 0.527841 0.078447
vt 0.544669 0.040729
vt 0.541841 0.078708
vt 0.539299 0.103261
vt 0.527461 0.103660
vt 0.541191 0.103183
vt 0.529296 0.124109
vt 0.541233 0.123054
vt 0.543169 0.123598
vt 0.530823 0.141653
vt 0.542733 0.140823
vt 0.544625 0.140711
vt 0.542689 0.141048
vt 0.530948 0.141967
vt 0.472606 0.099563
vt 0.486635 0.099563
vt 0.486635 0.877481
vt 0.472605 0.877481
vt 0.486635 0.057173
vt 0.474340 0.057172
vt 0.500665 0.877481
vt 0.500665 0.099563
vt 0.498931 0.057172
vt 0.486635 0.048348
vt 0.475243 0.048369
vt 0.498028 0.048369
vt 0.477638 0.029084
vt 0.486635 0.029127
vt 0.495633 0.029084
vt 0.478835 0.020751
vt 0.486635 0.006133
vt 0.494436 0.020751
vt 0.493763 0.019184
vt 0.443068 0.006169
vt 0.457097 0.006169
vt 0.457102 0.784087
vt 0.443072 0.784087
vt 0.471127 0.006169
vt 0.471132 0.784087
vt 0.444807 0.826478
vt 0.457102 0.826477
vt 0.469397 0.826478
vt 0.445710 0.835281
vt 0.457102 0.835302
vt 0.468495 0.835281
vt 0.457103 0.854542
vt 0.448105 0.854566
vt 0.466100 0.854566
vt 0.449302 0.862900
vt 0.457103 0.877517
vt 0.464903 0.862899
vt 0.464230 0.864466
vt 0.694777 0.301375
vt 0.692029 0.301375
vt 0.692029 0.104660
vt 0.694777 0.104660
vt 0.697524 0.301375
vt 0.697524 0.104660
vt 0.396680 0.077614
vt 0.399427 0.077614
vt 0.399398 0.274330
vt 0.396651 0.274329
vt 0.402174 0.077615
vt 0.402145 0.274330
vt 0.206177 0.943607
vt 0.215529 0.958054
vt 0.217001 0.998957
vt 0.213613 0.994168
vt 0.206221 0.943513
vt 0.215522 0.957869
vt 0.223751 0.942494
vt 0.220048 0.994079
vt 0.204976 0.941576
vt 0.206144 0.943599
vt 0.206169 0.943533
vt 0.205108 0.941428
vt 0.215516 0.957684
vt 0.223696 0.942404
vt 0.223783 0.942482
vt 0.223816 0.942470
vt 0.205027 0.941486
vt 0.199212 0.941751
vt 0.202476 0.932974
vt 0.206320 0.941445
vt 0.215486 0.956761
vt 0.223656 0.942310
vt 0.223750 0.942423
vt 0.223758 0.942392
vt 0.228896 0.949342
vt 0.224746 0.940210
vt 0.202563 0.932946
vt 0.193721 0.924540
vt 0.197148 0.915241
vt 0.202649 0.932918
vt 0.204237 0.933046
vt 0.206550 0.941356
vt 0.215473 0.956278
vt 0.222766 0.942006
vt 0.224673 0.940112
vt 0.230464 0.939516
vt 0.225409 0.930871
vt 0.197235 0.915213
vt 0.189886 0.914020
vt 0.193713 0.903506
vt 0.197324 0.915187
vt 0.199047 0.913649
vt 0.204469 0.932988
vt 0.222549 0.941878
vt 0.224580 0.940056
vt 0.223420 0.940236
vt 0.225317 0.930861
vt 0.225760 0.912481
vt 0.231859 0.920152
vt 0.193806 0.903482
vt 0.193899 0.903457
vt 0.196518 0.904586
vt 0.199282 0.913594
vt 0.223184 0.940185
vt 0.225225 0.930852
vt 0.223696 0.931333
vt 0.225668 0.912474
vt 0.232021 0.908757
vt 0.225845 0.901150
vt 0.190576 0.858084
vt 0.190671 0.858020
vt 0.190778 0.857999
vt 0.193583 0.858053
vt 0.196762 0.904536
vt 0.223454 0.931322
vt 0.225576 0.912468
vt 0.223494 0.911439
vt 0.225753 0.901141
vt 0.226683 0.860767
vt 0.232017 0.868519
vt 0.335191 0.069884
vt 0.335286 0.069888
vt 0.335380 0.069895
vt 0.337387 0.071258
vt 0.193827 0.858069
vt 0.223253 0.911433
vt 0.225661 0.901134
vt 0.223243 0.902636
vt 0.226610 0.860693
vt 0.365471 0.081882
vt 0.384634 0.017856
vt 0.335404 0.069910
vt 0.350182 0.076207
vt 0.337733 0.071467
vt 0.223002 0.902626
vt 0.226511 0.860657
vt 0.223703 0.860462
vt 0.365378 0.081863
vt 0.365405 0.081722
vt 0.378270 0.016030
vt 0.346567 0.006167
vt 0.362769 0.011975
vt 0.335321 0.069703
vt 0.223460 0.860437
vt 0.365284 0.081846
vt 0.362893 0.081174
vt 0.365381 0.081849
vt 0.365248 0.081836
vt 0.335267 0.069788
vt 0.362492 0.081128
vt 0.024355 0.010915
vt 0.027803 0.006152
vt 0.025837 0.047086
vt 0.016297 0.061307
vt 0.030796 0.011045
vt 0.033889 0.062837
vt 0.016342 0.061402
vt 0.025827 0.047271
vt 0.016263 0.061314
vt 0.033953 0.062861
vt 0.033921 0.062848
vt 0.033835 0.062927
vt 0.016293 0.061375
vt 0.015181 0.063496
vt 0.025817 0.047456
vt 0.015106 0.063422
vt 0.039119 0.056021
vt 0.034749 0.065168
vt 0.033895 0.062940
vt 0.033888 0.062909
vt 0.033794 0.063021
vt 0.025771 0.048374
vt 0.016398 0.063488
vt 0.012581 0.072022
vt 0.009251 0.063215
vt 0.040448 0.065870
vt 0.035266 0.074441
vt 0.034680 0.065252
vt 0.032910 0.063289
vt 0.012666 0.072054
vt 0.016629 0.063576
vt 0.025747 0.048855
vt 0.014257 0.071911
vt 0.007325 0.089895
vt 0.003705 0.080635
vt 0.041575 0.085052
vt 0.035422 0.092735
vt 0.035174 0.074449
vt 0.034589 0.065300
vt 0.033413 0.065113
vt 0.032685 0.063391
vt 0.007410 0.089929
vt 0.014487 0.071975
vt 0.009148 0.091433
vt 0.004093 0.101827
vt 0.000000 0.091285
vt 0.041656 0.096269
vt 0.035593 0.103955
vt 0.035330 0.092741
vt 0.035081 0.074458
vt 0.033561 0.073990
vt 0.033171 0.065164
vt 0.004187 0.101850
vt 0.009379 0.091499
vt 0.006814 0.100622
vt 0.042437 0.136209
vt 0.037177 0.144183
vt 0.035501 0.103964
vt 0.035238 0.092745
vt 0.033160 0.093812
vt 0.033320 0.074000
vt 0.001444 0.147644
vt 0.001337 0.147626
vt 0.007058 0.100673
vt 0.004244 0.147395
vt 0.201009 0.988170
vt 0.181405 0.924181
vt 0.037104 0.144257
vt 0.035409 0.103973
vt 0.032954 0.102563
vt 0.032920 0.093814
vt 0.151104 0.934209
vt 0.151009 0.934217
vt 0.004488 0.147378
vt 0.153156 0.933153
vt 0.181343 0.924332
vt 0.194620 0.990003
vt 0.181311 0.924196
vt 0.037006 0.144294
vt 0.034215 0.144685
vt 0.032712 0.102572
vt 0.153507 0.932947
vt 0.166129 0.928985
vt 0.151133 0.934194
vt 0.181315 0.924210
vt 0.178975 0.994468
vt 0.181181 0.924219
vt 0.181216 0.924209
vt 0.178929 0.924852
vt 0.033971 0.144708
vt 0.151056 0.934407
vt 0.162713 1.000000
vt 0.178543 0.924910
vt 0.151003 0.934324
vt 0.735141 0.052651
vt 0.734275 0.047889
vt 0.736585 0.047583
vt 0.737081 0.052452
vt 0.734186 0.052814
vt 0.732997 0.048021
vt 0.733854 0.045528
vt 0.736293 0.045179
vt 0.737653 0.047414
vt 0.738014 0.052373
vt 0.733199 0.053049
vt 0.731631 0.048134
vt 0.732459 0.045651
vt 0.733173 0.041256
vt 0.735723 0.040872
vt 0.737436 0.044975
vt 0.738698 0.047246
vt 0.738922 0.052330
vt 0.737557 0.059069
vt 0.736946 0.059440
vt 0.730936 0.045768
vt 0.731675 0.041260
vt 0.736950 0.040612
vt 0.738549 0.044773
vt 0.740659 0.052387
vt 0.740809 0.046944
vt 0.730007 0.041137
vt 0.738152 0.040270
vt 0.740772 0.044425
vt 0.738528 0.060136
vt 0.737116 0.059340
vt 0.740665 0.039251
vt 0.113686 0.225442
vt 0.109988 0.226701
vt 0.109530 0.224926
vt 0.113025 0.223785
vt 0.116221 0.231323
vt 0.110781 0.232976
vt 0.108196 0.227027
vt 0.107879 0.225346
vt 0.108975 0.223253
vt 0.112404 0.222198
vt 0.115437 0.224301
vt 0.118958 0.229816
vt 0.108140 0.233240
vt 0.107392 0.223778
vt 0.111370 0.219057
vt 0.107658 0.219956
vt 0.105600 0.233121
vt 0.106422 0.227007
vt 0.105933 0.220680
vt 0.111059 0.217348
vt 0.106967 0.218206
vt 0.105089 0.219102
vt 0.110872 0.215482
vt 0.106201 0.216323
vt 0.104046 0.217400
vt 0.104423 0.212012
vt 0.110932 0.211137
vt 0.103401 0.220435
vt 0.102024 0.218845
vt 0.101273 0.213455
vt 0.057993 0.123587
vt 0.055352 0.118555
vt 0.057051 0.117582
vt 0.059449 0.122979
vt 0.054131 0.116796
vt 0.056059 0.115586
vt 0.058800 0.116791
vt 0.060937 0.122374
vt 0.059968 0.124710
vt 0.058418 0.125152
vt 0.052670 0.114769
vt 0.054983 0.113389
vt 0.058079 0.114688
vt 0.060580 0.116140
vt 0.062457 0.121755
vt 0.061554 0.124154
vt 0.060361 0.126477
vt 0.058647 0.126797
vt 0.057370 0.112429
vt 0.050636 0.116839
vt 0.052476 0.118547
vt 0.060143 0.113997
vt 0.062340 0.115620
vt 0.063956 0.121141
vt 0.063162 0.123471
vt 0.062132 0.125947
vt 0.058669 0.130458
vt 0.060919 0.130284
vt 0.059814 0.111703
vt 0.062187 0.113550
vt 0.064706 0.122693
vt 0.063915 0.125186
vt 0.063243 0.129754
vt 0.058410 0.132491
vt 0.061059 0.132394
vt 0.056582 0.110056
vt 0.059656 0.109276
vt 0.062222 0.111291
vt 0.065591 0.124215
vt 0.065614 0.128863
vt 0.063771 0.131898
vt 0.067862 0.127537
vt 0.066612 0.131021
vt 0.067006 0.122873
vt 0.069970 0.125774
vt 0.069422 0.129532
vt 0.623425 0.208482
vt 0.624496 0.214120
vt 0.623010 0.214688
vt 0.621610 0.208855
vt 0.625163 0.215917
vt 0.623657 0.216657
vt 0.621546 0.215285
vt 0.619781 0.209416
vt 0.621315 0.206780
vt 0.623399 0.206477
vt 0.626032 0.217720
vt 0.624427 0.218633
vt 0.622168 0.217319
vt 0.620122 0.215919
vt 0.618001 0.210220
vt 0.619234 0.207399
vt 0.621036 0.204526
vt 0.623487 0.204280
vt 0.627095 0.219516
vt 0.625301 0.220643
vt 0.622817 0.219387
vt 0.620695 0.217915
vt 0.618701 0.216625
vt 0.616286 0.211335
vt 0.617188 0.208325
vt 0.618651 0.205243
vt 0.628405 0.221459
vt 0.626282 0.222773
vt 0.623469 0.221498
vt 0.621197 0.219974
vt 0.619200 0.218452
vt 0.615199 0.209621
vt 0.616322 0.206337
vt 0.628690 0.218019
vt 0.630417 0.219787
vt 0.629889 0.223478
vt 0.627332 0.225067
vt 0.624117 0.223694
vt 0.621609 0.222080
vt 0.619553 0.220376
vt 0.614853 0.212862
vt 0.613421 0.211326
vt 0.614018 0.207820
vt 0.624783 0.226098
vt 0.621933 0.224248
vt 0.619733 0.222355
vt 0.611855 0.209804
vt 0.622211 0.226652
vt 0.619744 0.224402
vt 0.619616 0.226659
vt 0.587505 0.237979
vt 0.587389 0.232013
vt 0.592166 0.229968
vt 0.594810 0.235453
vt 0.587076 0.230132
vt 0.591522 0.228151
vt 0.593590 0.228760
vt 0.597285 0.233622
vt 0.586760 0.228286
vt 0.591013 0.226355
vt 0.586358 0.226466
vt 0.590618 0.224528
vt 0.585800 0.224640
vt 0.590304 0.222640
vt 0.585075 0.222785
vt 0.590076 0.220633
vt 0.584153 0.220870
vt 0.589840 0.218458
vt 0.591864 0.220299
vt 0.591930 0.222276
vt 0.583513 0.224020
vt 0.582317 0.222266
vt 0.591825 0.218145
vt 0.953663 0.219468
vt 0.953776 0.221639
vt 0.951897 0.222131
vt 0.951501 0.219945
vt 0.953939 0.223620
vt 0.952273 0.224147
vt 0.950045 0.222836
vt 0.949375 0.220690
vt 0.954182 0.225474
vt 0.952667 0.226041
vt 0.950636 0.224823
vt 0.948222 0.223743
vt 0.947275 0.221683
vt 0.954506 0.227249
vt 0.953088 0.227868
vt 0.951177 0.226704
vt 0.949024 0.225645
vt 0.946452 0.224886
vt 0.945211 0.222992
vt 0.954959 0.228952
vt 0.953574 0.229665
vt 0.951683 0.228529
vt 0.949701 0.227459
vt 0.947445 0.226617
vt 0.955582 0.230619
vt 0.954175 0.231498
vt 0.952181 0.230356
vt 0.950274 0.229229
vt 0.948238 0.228296
vt 0.958884 0.235827
vt 0.956681 0.237326
vt 0.952701 0.232258
vt 0.950771 0.231022
vt 0.948864 0.229948
vt 0.954421 0.238536
vt 0.951209 0.232912
vt 0.949350 0.231636
vt 0.952129 0.239403
vt 0.949696 0.233415
vt 0.949869 0.239896
vt 0.689011 0.024555
vt 0.690419 0.020863
vt 0.699963 0.024981
vt 0.697926 0.029912
vt 0.692094 0.012870
vt 0.703408 0.015167
vt 0.702085 0.031475
vt 0.703786 0.026500
vt 0.687154 0.027767
vt 0.694777 0.034273
vt 0.707185 0.017029
vt 0.706004 0.032455
vt 0.707401 0.027699
vt 0.679370 0.033788
vt 0.681192 0.042251
vt 0.705905 0.010554
vt 0.709405 0.012758
vt 0.710363 0.018776
vt 0.712236 0.014851
vt 0.715880 0.006153
vt 0.717468 0.008935
vt 0.724242 0.181537
vt 0.720243 0.190951
vt 0.710203 0.186282
vt 0.712867 0.178059
vt 0.727583 0.183483
vt 0.723870 0.192276
vt 0.718260 0.195634
vt 0.708606 0.190098
vt 0.727244 0.177348
vt 0.730175 0.179691
vt 0.730266 0.185164
vt 0.727294 0.193183
vt 0.722276 0.196982
vt 0.715344 0.199930
vt 0.706819 0.193522
vt 0.732459 0.181825
vt 0.726173 0.197637
vt 0.711775 0.203741
vt 0.704688 0.196508
vt 0.707863 0.225233
vt 0.706495 0.225306
vt 0.706004 0.221917
vt 0.707538 0.221854
vt 0.708341 0.228228
vt 0.707160 0.228290
vt 0.703709 0.225633
vt 0.702941 0.222355
vt 0.705785 0.220190
vt 0.707479 0.220053
vt 0.711343 0.222736
vt 0.711761 0.225275
vt 0.711897 0.228457
vt 0.708001 0.230982
vt 0.708922 0.230937
vt 0.704649 0.228692
vt 0.702409 0.225881
vt 0.701678 0.222886
vt 0.702470 0.220599
vt 0.705595 0.219027
vt 0.706888 0.218451
vt 0.712091 0.222017
vt 0.713133 0.225150
vt 0.713154 0.228593
vt 0.711694 0.231520
vt 0.705892 0.231333
vt 0.703367 0.229006
vt 0.701054 0.226152
vt 0.700803 0.223501
vt 0.700977 0.221486
vt 0.702390 0.218831
vt 0.712717 0.231870
vt 0.704817 0.231808
vt 0.702014 0.229395
vt 0.714566 0.228669
vt 0.713845 0.232337
vt 0.707163 0.233883
vt 0.707981 0.233182
vt 0.703640 0.232429
vt 0.706365 0.234791
vt 0.702290 0.233216
vt 0.700469 0.229777
vt 0.705461 0.235987
vt 0.319264 0.076827
vt 0.321211 0.076537
vt 0.321378 0.078134
vt 0.319694 0.078490
vt 0.318911 0.075006
vt 0.321229 0.074793
vt 0.323123 0.076459
vt 0.323067 0.078030
vt 0.321640 0.079592
vt 0.320170 0.080044
vt 0.315528 0.078378
vt 0.316528 0.079907
vt 0.314339 0.076740
vt 0.321736 0.084269
vt 0.323177 0.083644
vt 0.317331 0.081356
vt 0.312257 0.081556
vt 0.313952 0.082730
vt 0.319032 0.085468
vt 0.322264 0.085737
vt 0.323752 0.085013
vt 0.319366 0.086854
vt 0.322812 0.087290
vt 0.324411 0.086427
vt 0.319595 0.088363
vt 0.324031 0.090764
vt 0.326141 0.089611
vt 0.319715 0.091899
vt 0.325779 0.085212
vt 0.328146 0.088104
vt 0.324796 0.092997
vt 0.327340 0.091636
vt 0.319522 0.094098
vt 0.614968 0.232354
vt 0.613496 0.233258
vt 0.612884 0.231689
vt 0.614248 0.230930
vt 0.615767 0.233887
vt 0.614090 0.234946
vt 0.610386 0.234350
vt 0.610088 0.232787
vt 0.612320 0.230196
vt 0.613635 0.229551
vt 0.616793 0.235600
vt 0.614758 0.236782
vt 0.610519 0.236034
vt 0.609694 0.231332
vt 0.613178 0.228226
vt 0.611870 0.228769
vt 0.610451 0.237885
vt 0.609286 0.229983
vt 0.612394 0.223941
vt 0.610771 0.224310
vt 0.615774 0.238885
vt 0.610178 0.240042
vt 0.607594 0.225758
vt 0.612330 0.222336
vt 0.610437 0.222591
vt 0.606669 0.224174
vt 0.612374 0.220582
vt 0.610137 0.220766
vt 0.605027 0.228594
vt 0.603416 0.227364
vt 0.605524 0.222489
vt 0.941269 0.180902
vt 0.949990 0.183593
vt 0.949178 0.187518
vt 0.939711 0.183990
vt 0.942619 0.178316
vt 0.950280 0.180164
vt 0.938011 0.187565
vt 0.947477 0.191317
vt 0.937360 0.178997
vt 0.935335 0.181806
vt 0.939107 0.176743
vt 0.933389 0.185430
vt 0.953909 0.189799
vt 0.952058 0.193666
vt 0.936436 0.191390
vt 0.945663 0.194822
vt 0.933983 0.176493
vt 0.931554 0.178755
vt 0.936168 0.174731
vt 0.931734 0.189302
vt 0.949958 0.197176
vt 0.944070 0.197923
vt 0.935553 0.195103
vt 0.931130 0.173516
vt 0.928332 0.175196
vt 0.948024 0.199899
vt 0.953569 0.200410
vt 0.951246 0.202474
vt 0.078168 0.212973
vt 0.076137 0.216389
vt 0.071846 0.214318
vt 0.073678 0.210635
vt 0.067343 0.212322
vt 0.069055 0.208596
vt 0.075498 0.206885
vt 0.080059 0.209222
vt 0.067496 0.221096
vt 0.064805 0.220407
vt 0.062713 0.210261
vt 0.064378 0.206372
vt 0.070860 0.204965
vt 0.066487 0.202805
vt 0.072397 0.201670
vt 0.076708 0.203134
vt 0.059965 0.203444
vt 0.062452 0.200131
vt 0.068402 0.199719
vt 0.077268 0.199879
vt 0.073515 0.198940
vt 0.064767 0.197448
vt 0.070053 0.197461
vt 0.059076 0.196779
vt 0.061750 0.194710
vt 0.814013 0.018402
vt 0.812902 0.019188
vt 0.811950 0.017575
vt 0.813267 0.016991
vt 0.808677 0.022207
vt 0.807199 0.019420
vt 0.811271 0.015926
vt 0.812643 0.015571
vt 0.814557 0.016457
vt 0.815184 0.017769
vt 0.814309 0.020489
vt 0.810999 0.024657
vt 0.806316 0.016537
vt 0.810843 0.014290
vt 0.812149 0.014159
vt 0.813958 0.015165
vt 0.815839 0.015961
vt 0.816383 0.017239
vt 0.805961 0.013666
vt 0.813400 0.013871
vt 0.815243 0.014714
vt 0.817664 0.016823
vt 0.817149 0.015492
vt 0.814620 0.013478
vt 0.816535 0.014221
vt 0.818048 0.018179
vt 0.816751 0.018562
vt 0.819022 0.016454
vt 0.818529 0.015021
vt 0.815840 0.013007
vt 0.817874 0.013663
vt 0.819348 0.017903
vt 0.820017 0.014519
vt 0.820483 0.016142
vt 0.817059 0.012414
vt 0.819294 0.013007
vt 0.820678 0.017785
vt 0.825265 0.012942
vt 0.825576 0.015633
vt 0.818276 0.011657
vt 0.824349 0.010330
vt 0.825480 0.018275
vt 0.822555 0.008067
vt 0.816852 0.010682
vt 0.820026 0.006160
vt 0.860487 0.225284
vt 0.861910 0.224615
vt 0.862635 0.226359
vt 0.861064 0.226940
vt 0.858134 0.220540
vt 0.859666 0.219711
vt 0.864554 0.223238
vt 0.865465 0.224812
vt 0.861561 0.228720
vt 0.863322 0.228215
vt 0.855862 0.217228
vt 0.857877 0.216082
vt 0.862615 0.218414
vt 0.866581 0.226463
vt 0.861917 0.230668
vt 0.863983 0.230240
vt 0.856726 0.221700
vt 0.853954 0.218742
vt 0.854665 0.215322
vt 0.857010 0.213987
vt 0.861868 0.214658
vt 0.867926 0.228269
vt 0.862144 0.232884
vt 0.864608 0.232529
vt 0.852378 0.217124
vt 0.861751 0.212458
vt 0.867973 0.224984
vt 0.869631 0.226507
vt 0.869613 0.230430
vt 0.859688 0.232839
vt 0.859805 0.230685
vt 0.864016 0.212352
vt 0.863791 0.214499
vt 0.802030 0.213679
vt 0.803009 0.218938
vt 0.800320 0.220209
vt 0.798314 0.214795
vt 0.804379 0.221993
vt 0.801634 0.223595
vt 0.798957 0.220944
vt 0.796386 0.215620
vt 0.797707 0.212867
vt 0.802048 0.211656
vt 0.805305 0.223485
vt 0.802327 0.225332
vt 0.800207 0.224300
vt 0.797598 0.221757
vt 0.794500 0.216649
vt 0.795507 0.213753
vt 0.802196 0.209353
vt 0.796836 0.210808
vt 0.806379 0.225032
vt 0.803030 0.227161
vt 0.800751 0.226033
vt 0.798772 0.224949
vt 0.793302 0.214942
vt 0.809013 0.228480
vt 0.804374 0.231177
vt 0.801225 0.227860
vt 0.799164 0.226581
vt 0.807696 0.223306
vt 0.811103 0.226154
vt 0.801958 0.231893
vt 0.799414 0.228306
vt 0.799497 0.232219
vt 0.612540 0.130790
vt 0.617623 0.120222
vt 0.626008 0.124314
vt 0.620716 0.134290
vt 0.621046 0.115912
vt 0.627348 0.118174
vt 0.630274 0.127032
vt 0.624401 0.136613
vt 0.611855 0.134203
vt 0.619154 0.136865
vt 0.622426 0.138834
vt 0.081398 0.227012
vt 0.084242 0.230735
vt 0.082735 0.232190
vt 0.080367 0.227957
vt 0.087190 0.233523
vt 0.084929 0.235804
vt 0.081022 0.233289
vt 0.079158 0.228675
vt 0.082357 0.237396
vt 0.079253 0.233971
vt 0.077929 0.229278
vt 0.078674 0.227278
vt 0.079904 0.226675
vt 0.079490 0.238142
vt 0.077505 0.234466
vt 0.076676 0.229781
vt 0.077471 0.227877
vt 0.079541 0.225408
vt 0.078228 0.225886
vt 0.076277 0.228467
vt 0.076980 0.226469
vt 0.079319 0.224045
vt 0.077833 0.224429
vt 0.075783 0.227127
vt 0.076449 0.225009
vt 0.080812 0.223849
vt 0.080872 0.225144
vt 0.077469 0.222846
vt 0.079160 0.222533
vt 0.075163 0.225762
vt 0.075850 0.223439
vt 0.080851 0.222451
vt 0.077092 0.221077
vt 0.079071 0.220851
vt 0.074352 0.224336
vt 0.075144 0.221682
vt 0.081031 0.220924
vt 0.079045 0.218964
vt 0.076693 0.219059
vt 0.073324 0.222734
vt 0.074311 0.219639
vt 0.081343 0.219221
vt 0.073110 0.225675
vt 0.071735 0.224323
vt 0.072075 0.220887
vt 0.211318 0.017073
vt 0.212548 0.016477
vt 0.213261 0.017778
vt 0.211862 0.018418
vt 0.209358 0.013432
vt 0.210642 0.012879
vt 0.213799 0.015803
vt 0.214632 0.016951
vt 0.212400 0.019871
vt 0.214082 0.019159
vt 0.210083 0.017602
vt 0.210411 0.018877
vt 0.208099 0.014089
vt 0.207750 0.010605
vt 0.209504 0.010002
vt 0.211944 0.012416
vt 0.215685 0.018161
vt 0.210659 0.020317
vt 0.212942 0.021482
vt 0.214987 0.020683
vt 0.206010 0.011496
vt 0.206928 0.008850
vt 0.209047 0.008233
vt 0.211233 0.009697
vt 0.216988 0.019558
vt 0.208904 0.020433
vt 0.208921 0.019011
vt 0.210844 0.021922
vt 0.213495 0.023326
vt 0.216084 0.022412
vt 0.204743 0.009803
vt 0.206066 0.006822
vt 0.208731 0.006169
vt 0.211130 0.008074
vt 0.208750 0.021956
vt 0.210974 0.023747
vt 0.204437 0.012839
vt 0.202545 0.011296
vt 0.211266 0.006175
vt 0.208463 0.023667
vt 0.826217 0.171158
vt 0.833812 0.175400
vt 0.831304 0.179809
vt 0.823510 0.175924
vt 0.836864 0.177692
vt 0.834585 0.181640
vt 0.829113 0.184529
vt 0.821597 0.180930
vt 0.837103 0.171571
vt 0.839567 0.174143
vt 0.839313 0.179795
vt 0.837373 0.183203
vt 0.832757 0.185910
vt 0.827050 0.189457
vt 0.819436 0.185695
vt 0.813085 0.177616
vt 0.813803 0.174089
vt 0.840926 0.168492
vt 0.842731 0.171327
vt 0.835912 0.187039
vt 0.831340 0.190546
vt 0.824540 0.194352
vt 0.816661 0.190204
vt 0.811873 0.180909
vt 0.834989 0.191118
vt 0.810181 0.183888
vt 0.676576 0.021816
vt 0.676144 0.018588
vt 0.677546 0.018055
vt 0.678374 0.021433
vt 0.675659 0.017058
vt 0.677006 0.016419
vt 0.680258 0.016771
vt 0.681893 0.020037
vt 0.675980 0.027473
vt 0.678972 0.027247
vt 0.675029 0.015516
vt 0.676391 0.014768
vt 0.679604 0.015192
vt 0.681614 0.015975
vt 0.683514 0.018920
vt 0.684865 0.025305
vt 0.673354 0.012301
vt 0.674903 0.011310
vt 0.679039 0.013607
vt 0.680920 0.014550
vt 0.687585 0.023287
vt 0.672240 0.010609
vt 0.673969 0.009390
vt 0.678110 0.010164
vt 0.680400 0.013124
vt 0.670931 0.008755
vt 0.672958 0.007260
vt 0.677731 0.008244
vt 0.679809 0.009863
vt 0.677456 0.006218
vt 0.679670 0.008086
vt 0.679692 0.006169
vt 0.258594 0.192928
vt 0.254827 0.199773
vt 0.250672 0.197443
vt 0.253981 0.190740
vt 0.252879 0.202388
vt 0.249184 0.200335
vt 0.241818 0.194035
vt 0.244864 0.187392
vt 0.263165 0.211153
vt 0.260361 0.211846
vt 0.251071 0.204546
vt 0.247905 0.202789
vt 0.240904 0.197594
vt 0.255400 0.183128
vt 0.249816 0.181728
vt 0.240522 0.200647
vt 0.293381 0.029735
vt 0.294296 0.031762
vt 0.293086 0.032421
vt 0.292146 0.030284
vt 0.294899 0.032794
vt 0.293617 0.033595
vt 0.291819 0.033015
vt 0.290929 0.030915
vt 0.291069 0.026381
vt 0.292811 0.025902
vt 0.295621 0.033863
vt 0.294202 0.034873
vt 0.292256 0.034200
vt 0.290562 0.033561
vt 0.289752 0.031634
vt 0.289402 0.027226
vt 0.292840 0.024231
vt 0.290727 0.024651
vt 0.297642 0.036514
vt 0.295614 0.037989
vt 0.292661 0.035511
vt 0.290877 0.034650
vt 0.287868 0.028381
vt 0.288741 0.025668
vt 0.294929 0.024312
vt 0.294568 0.025906
vt 0.292981 0.022218
vt 0.290375 0.022613
vt 0.296736 0.032422
vt 0.299417 0.034487
vt 0.299033 0.038351
vt 0.296498 0.040181
vt 0.293354 0.038702
vt 0.291085 0.035865
vt 0.286939 0.027068
vt 0.287907 0.023861
vt 0.293665 0.040868
vt 0.291053 0.038871
vt 0.290777 0.040799
vt 0.143566 0.101736
vt 0.143214 0.099599
vt 0.146676 0.097761
vt 0.147524 0.099696
vt 0.142822 0.098630
vt 0.146259 0.096906
vt 0.150235 0.103277
vt 0.143281 0.105921
vt 0.142332 0.097652
vt 0.145899 0.096039
vt 0.141134 0.095494
vt 0.145605 0.093945
vt 0.140290 0.094275
vt 0.145594 0.092731
vt 0.139250 0.092786
vt 0.145791 0.091345
vt 0.050522 0.150647
vt 0.052646 0.146865
vt 0.057018 0.149427
vt 0.055445 0.153323
vt 0.056949 0.141504
vt 0.060179 0.143407
vt 0.071520 0.153925
vt 0.070692 0.158206
vt 0.046417 0.138957
vt 0.052087 0.136340
vt 0.071461 0.145731
vt 0.054442 0.157679
vt 0.069123 0.162085
vt 0.075795 0.160983
vt 0.073666 0.164715
vt 0.054188 0.165593
vt 0.065502 0.168403
vt 0.068884 0.170339
vt 0.301224 0.047460
vt 0.300652 0.051613
vt 0.295438 0.050319
vt 0.296467 0.046687
vt 0.297932 0.059658
vt 0.292928 0.057885
vt 0.290514 0.048665
vt 0.291940 0.045303
vt 0.301524 0.043976
vt 0.297376 0.043497
vt 0.305843 0.053416
vt 0.302821 0.061724
vt 0.296462 0.063266
vt 0.291784 0.061686
vt 0.287733 0.056296
vt 0.286038 0.046442
vt 0.287911 0.043398
vt 0.293360 0.042382
vt 0.300893 0.065257
vt 0.295163 0.066308
vt 0.290861 0.065007
vt 0.286932 0.060550
vt 0.282749 0.054000
vt 0.278500 0.035523
vt 0.281248 0.034651
vt 0.289921 0.040827
vt 0.299138 0.067930
vt 0.286477 0.064185
vt 0.309461 0.075375
vt 0.306609 0.076081
vt 0.892197 0.046470
vt 0.892497 0.048073
vt 0.891059 0.048611
vt 0.890607 0.046956
vt 0.893352 0.051057
vt 0.892031 0.051633
vt 0.889633 0.049282
vt 0.889003 0.047668
vt 0.892018 0.044770
vt 0.890189 0.045192
vt 0.893928 0.052421
vt 0.892570 0.053095
vt 0.890710 0.052244
vt 0.888192 0.050089
vt 0.887420 0.048622
vt 0.888313 0.045961
vt 0.892085 0.040944
vt 0.889520 0.041395
vt 0.894633 0.053776
vt 0.893173 0.054594
vt 0.891181 0.053701
vt 0.889380 0.052880
vt 0.886453 0.047071
vt 0.886984 0.042343
vt 0.897632 0.058429
vt 0.895396 0.059671
vt 0.891641 0.055213
vt 0.889756 0.054236
vt 0.886069 0.049952
vt 0.884794 0.048583
vt 0.884444 0.043752
vt 0.893048 0.060382
vt 0.890044 0.055650
vt 0.881915 0.045740
vt 0.890683 0.060708
vt 0.888379 0.060705
vt 0.888442 0.055774
vt 0.278939 0.192918
vt 0.275516 0.191823
vt 0.277337 0.186955
vt 0.280485 0.188252
vt 0.271863 0.190289
vt 0.273857 0.185474
vt 0.279184 0.182186
vt 0.282114 0.183670
vt 0.266097 0.186943
vt 0.267668 0.182815
vt 0.275721 0.180586
vt 0.281325 0.177760
vt 0.283921 0.179526
vt 0.268998 0.194571
vt 0.264058 0.190626
vt 0.268931 0.178650
vt 0.278069 0.175990
vt 0.284099 0.173930
vt 0.286164 0.176046
vt 0.265548 0.198354
vt 0.261621 0.193759
vt 0.287474 0.170985
vt 0.288929 0.173401
vt 0.015175 0.008550
vt 0.015327 0.009554
vt 0.011953 0.011587
vt 0.011448 0.010682
vt 0.015560 0.010461
vt 0.012346 0.012465
vt 0.009789 0.008732
vt 0.014948 0.006162
vt 0.016393 0.012203
vt 0.013047 0.014114
vt 0.010560 0.011962
vt 0.008439 0.010425
vt 0.016864 0.013209
vt 0.013248 0.015068
vt 0.017435 0.014268
vt 0.013290 0.016160
vt 0.020777 0.018532
vt 0.012832 0.020551
vt 0.011748 0.016093
vt 0.011915 0.015090
vt 0.010248 0.020055
vt 0.272745 0.013589
vt 0.271766 0.013569
vt 0.270068 0.009462
vt 0.270934 0.008943
vt 0.270061 0.013715
vt 0.268452 0.010168
vt 0.273867 0.013694
vt 0.271933 0.008246
vt 0.269328 0.013982
vt 0.267732 0.010455
vt 0.269606 0.007747
vt 0.270410 0.006757
vt 0.274399 0.006152
vt 0.276656 0.014423
vt 0.268575 0.014310
vt 0.266996 0.010677
vt 0.265870 0.015615
vt 0.264241 0.010706
vt 0.264689 0.016378
vt 0.263059 0.010424
vt 0.267266 0.017037
vt 0.266291 0.018207
vt 0.263217 0.017292
vt 0.261621 0.009915
vt 0.760804 0.237605
vt 0.761823 0.229980
vt 0.763695 0.230380
vt 0.762310 0.237865
vt 0.759291 0.237337
vt 0.759857 0.229730
vt 0.762387 0.226022
vt 0.764477 0.226561
vt 0.765342 0.230881
vt 0.763708 0.238110
vt 0.757824 0.237107
vt 0.757992 0.229657
vt 0.760157 0.225745
vt 0.763631 0.217634
vt 0.766315 0.218422
vt 0.766317 0.227180
vt 0.767025 0.231576
vt 0.765106 0.238410
vt 0.756457 0.236983
vt 0.756234 0.229824
vt 0.758052 0.225705
vt 0.760668 0.217340
vt 0.768495 0.219507
vt 0.768167 0.227780
vt 0.756092 0.225786
vt 0.757824 0.217488
vt 0.770213 0.220745
vt 0.755325 0.218066
vt 0.296161 0.136797
vt 0.300233 0.137830
vt 0.296267 0.148007
vt 0.292756 0.146301
vt 0.304677 0.139388
vt 0.300323 0.149834
vt 0.294187 0.153005
vt 0.290835 0.151100
vt 0.290150 0.144363
vt 0.292717 0.136165
vt 0.308939 0.141507
vt 0.304408 0.151500
vt 0.298255 0.155126
vt 0.291638 0.157641
vt 0.288661 0.155417
vt 0.307354 0.134396
vt 0.311357 0.136668
vt 0.316054 0.147411
vt 0.313520 0.153757
vt 0.302951 0.156717
vt 0.295383 0.160009
vt 0.284601 0.164821
vt 0.282719 0.161736
vt 0.313361 0.157268
vt 0.030054 0.008300
vt 0.029937 0.007813
vt 0.030238 0.007508
vt 0.030370 0.008063
vt 0.029768 0.008606
vt 0.029650 0.008229
vt 0.029843 0.007434
vt 0.030144 0.007089
vt 0.030945 0.007003
vt 0.031072 0.007615
vt 0.029538 0.007922
vt 0.029587 0.006697
vt 0.029929 0.006330
vt 0.030787 0.006557
vt 0.030888 0.006158
vt 0.075999 0.006510
vt 0.076595 0.006357
vt 0.076629 0.006578
vt 0.076034 0.006713
vt 0.075954 0.006332
vt 0.076552 0.006159
vt 0.077030 0.006251
vt 0.077049 0.006488
vt 0.076680 0.007038
vt 0.076075 0.007145
vt 0.077117 0.006958
vt 0.076702 0.007304
vt 0.076083 0.007402
vt 0.837241 0.198457
vt 0.835002 0.203243
vt 0.826950 0.198257
vt 0.828446 0.194533
vt 0.840300 0.200151
vt 0.838438 0.204818
vt 0.825112 0.201597
vt 0.831848 0.207522
vt 0.839329 0.193778
vt 0.829633 0.190551
vt 0.842296 0.195761
vt 0.842959 0.201605
vt 0.841448 0.205915
vt 0.822840 0.204504
vt 0.828023 0.211257
vt 0.842320 0.189841
vt 0.844795 0.192064
vt 0.844793 0.197477
vt 0.845750 0.186397
vt 0.847635 0.188771
vt 0.846859 0.194031
vt 0.049915 0.059542
vt 0.058704 0.061683
vt 0.057022 0.066553
vt 0.049152 0.063400
vt 0.062023 0.063326
vt 0.060425 0.067840
vt 0.055361 0.071528
vt 0.048112 0.067063
vt 0.061283 0.057144
vt 0.064250 0.059087
vt 0.064839 0.064638
vt 0.063491 0.068730
vt 0.059160 0.072669
vt 0.052614 0.075983
vt 0.046619 0.070422
vt 0.066640 0.060877
vt 0.062570 0.073054
vt 0.044417 0.081954
vt 0.042197 0.075054
vt 0.067370 0.055420
vt 0.069098 0.057710
vt 0.579944 0.057628
vt 0.582557 0.051939
vt 0.586523 0.053919
vt 0.585018 0.059853
vt 0.578021 0.056105
vt 0.580663 0.050641
vt 0.585806 0.047374
vt 0.587541 0.050254
vt 0.591648 0.059770
vt 0.591582 0.054409
vt 0.575079 0.062642
vt 0.573878 0.060604
vt 0.576357 0.054618
vt 0.578675 0.049676
vt 0.584068 0.045738
vt 0.592133 0.045120
vt 0.591828 0.049530
vt 0.981894 0.196012
vt 0.977908 0.195260
vt 0.979339 0.190102
vt 0.982968 0.191123
vt 0.965975 0.190764
vt 0.967646 0.186046
vt 0.980684 0.185114
vt 0.984098 0.186315
vt 0.975883 0.200373
vt 0.964223 0.195237
vt 0.969326 0.181289
vt 0.982287 0.180224
vt 0.985483 0.181794
vt 0.962090 0.182919
vt 0.963164 0.179236
vt 0.970625 0.176351
vt 0.985127 0.176101
vt 0.987861 0.178143
vt 0.963652 0.175340
vt 0.988679 0.172627
vt 0.990858 0.175157
vt 0.326542 0.037377
vt 0.330476 0.025522
vt 0.338596 0.029389
vt 0.334265 0.040551
vt 0.324916 0.035645
vt 0.327798 0.025634
vt 0.322462 0.189970
vt 0.329774 0.191992
vt 0.327976 0.197069
vt 0.321372 0.194659
vt 0.333040 0.193847
vt 0.331290 0.198616
vt 0.326230 0.202052
vt 0.320038 0.199223
vt 0.332432 0.187264
vt 0.335384 0.189420
vt 0.335850 0.195521
vt 0.334285 0.199976
vt 0.329645 0.203600
vt 0.324158 0.207040
vt 0.318489 0.203619
vt 0.318588 0.194027
vt 0.317646 0.197789
vt 0.337821 0.191464
vt 0.332903 0.204617
vt 0.327570 0.208615
vt 0.321340 0.211745
vt 0.316477 0.207709
vt 0.338597 0.185831
vt 0.340457 0.188216
vt 0.343350 0.135525
vt 0.343349 0.136344
vt 0.339646 0.137761
vt 0.339360 0.136929
vt 0.343433 0.137092
vt 0.339852 0.138544
vt 0.343488 0.133630
vt 0.338396 0.135061
vt 0.344278 0.139463
vt 0.340083 0.141037
vt 0.337575 0.133825
vt 0.343737 0.132439
vt 0.344705 0.140432
vt 0.340018 0.142110
vt 0.345367 0.141500
vt 0.339960 0.143316
vt 0.346323 0.142791
vt 0.339801 0.144750
vt 0.345879 0.139135
vt 0.346796 0.140015
vt 0.347630 0.144417
vt 0.339437 0.146489
vt 0.288798 0.228461
vt 0.291723 0.216438
vt 0.294940 0.216707
vt 0.290911 0.229914
vt 0.298428 0.217791
vt 0.293940 0.231453
vt 0.288733 0.233783
vt 0.286939 0.232111
vt 0.301388 0.219365
vt 0.297370 0.232207
vt 0.291343 0.235686
vt 0.303392 0.221204
vt 0.300300 0.232090
vt 0.565430 0.028496
vt 0.562919 0.025925
vt 0.565779 0.022478
vt 0.568765 0.024454
vt 0.561219 0.023920
vt 0.563619 0.020872
vt 0.569805 0.009446
vt 0.573274 0.010364
vt 0.566688 0.009607
vt 0.572350 0.025767
vt 0.576363 0.011924
vt 0.575798 0.026089
vt 0.578395 0.013652
vt 0.583299 0.006148
vt 0.583878 0.008373
vt 0.982364 0.231550
vt 0.986079 0.218207
vt 0.989135 0.219484
vt 0.985717 0.232446
vt 0.976524 0.227006
vt 0.978186 0.218595
vt 0.988795 0.232350
vt 0.990927 0.220994
vt 0.974749 0.229020
vt 0.978769 0.234712
vt 0.992173 0.216304
vt 0.993339 0.218222
vt 0.751334 0.194028
vt 0.752930 0.193910
vt 0.753385 0.201928
vt 0.751819 0.201944
vt 0.754522 0.194006
vt 0.754961 0.201932
vt 0.753199 0.209694
vt 0.751689 0.209664
vt 0.743449 0.202484
vt 0.742840 0.195619
vt 0.754702 0.209725
vt 0.753149 0.217462
vt 0.751591 0.217393
vt 0.743516 0.209609
vt 0.759777 0.202990
vt 0.759425 0.209788
vt 0.754710 0.217505
vt 0.752444 0.225502
vt 0.750854 0.225346
vt 0.743392 0.216693
vt 0.759653 0.216678
vt 0.754020 0.225452
vt 0.742666 0.223459
vt 0.814149 0.223791
vt 0.812550 0.223901
vt 0.812152 0.215954
vt 0.813696 0.215922
vt 0.810954 0.223788
vt 0.810617 0.215848
vt 0.812537 0.200285
vt 0.814076 0.200402
vt 0.821989 0.215214
vt 0.822648 0.222132
vt 0.811009 0.200310
vt 0.813337 0.192317
vt 0.814932 0.192493
vt 0.822147 0.201414
vt 0.805961 0.214471
vt 0.806294 0.201433
vt 0.811761 0.192354
vt 0.823055 0.194635
vt 0.062886 0.167862
vt 0.063111 0.174542
vt 0.056124 0.174653
vt 0.055877 0.168056
vt 0.063144 0.181318
vt 0.056145 0.181171
vt 0.055282 0.168121
vt 0.055528 0.174668
vt 0.062503 0.194555
vt 0.055445 0.194149
vt 0.055550 0.181175
vt 0.054856 0.194038
vt 0.021395 0.234294
vt 0.021098 0.227599
vt 0.028073 0.227466
vt 0.028400 0.234044
vt 0.021203 0.214275
vt 0.028229 0.214535
vt 0.028995 0.233970
vt 0.028667 0.227430
vt 0.021639 0.207543
vt 0.028725 0.208006
vt 0.028822 0.214589
vt 0.029319 0.208097
vt 0.029538 0.216868
vt 0.038756 0.215434
vt 0.038568 0.221153
vt 0.029760 0.221750
vt 0.040299 0.215651
vt 0.039959 0.221223
vt 0.038918 0.232116
vt 0.029765 0.231839
vt 0.044202 0.216722
vt 0.043729 0.221620
vt 0.040298 0.231953
vt 0.039426 0.237711
vt 0.029730 0.236880
vt 0.044101 0.231287
vt 0.040949 0.237400
vt 0.044907 0.236166
vt 0.685620 0.235451
vt 0.676318 0.236375
vt 0.676715 0.230642
vt 0.685628 0.230592
vt 0.674794 0.236105
vt 0.675326 0.230528
vt 0.676985 0.225183
vt 0.685846 0.225471
vt 0.670931 0.234947
vt 0.671537 0.230069
vt 0.675612 0.225133
vt 0.676893 0.214025
vt 0.686409 0.215561
vt 0.671823 0.224920
vt 0.675412 0.214275
vt 0.671499 0.215405
vt 0.513970 0.177051
vt 0.507400 0.177014
vt 0.507042 0.029566
vt 0.516035 0.029624
vt 0.504074 0.177036
vt 0.502490 0.029600
vt 0.506962 0.006169
vt 0.516481 0.006243
vt 0.502143 0.006212
vt 0.652022 0.085873
vt 0.658592 0.085896
vt 0.659260 0.233343
vt 0.650267 0.233299
vt 0.661918 0.085867
vt 0.663813 0.233302
vt 0.659349 0.256743
vt 0.649832 0.256673
vt 0.665243 0.085810
vt 0.668365 0.233219
vt 0.664167 0.256698
vt 0.668985 0.256598
vt 0.229618 0.162972
vt 0.229631 0.162716
vt 0.233242 0.162462
vt 0.233397 0.162718
vt 0.229310 0.162998
vt 0.229380 0.162738
vt 0.229402 0.007300
vt 0.233004 0.007551
vt 0.234702 0.157788
vt 0.234641 0.158861
vt 0.228211 0.163073
vt 0.228094 0.162821
vt 0.229147 0.007283
vt 0.229388 0.007044
vt 0.233159 0.007294
vt 0.234486 0.012207
vt 0.235706 0.154637
vt 0.235640 0.155678
vt 0.234360 0.163198
vt 0.233854 0.163848
vt 0.227863 0.007198
vt 0.229080 0.007019
vt 0.234421 0.011141
vt 0.235499 0.015353
vt 0.237886 0.147865
vt 0.238124 0.147958
vt 0.235093 0.161950
vt 0.227979 0.006950
vt 0.233615 0.006147
vt 0.234128 0.006800
vt 0.235430 0.014312
vt 0.237701 0.022118
vt 0.246440 0.129529
vt 0.246663 0.129652
vt 0.239289 0.148420
vt 0.234877 0.008202
vt 0.237939 0.022024
vt 0.246311 0.040423
vt 0.249286 0.125040
vt 0.249490 0.125196
vt 0.247758 0.130260
vt 0.239104 0.021566
vt 0.246534 0.040299
vt 0.249173 0.044901
vt 0.256534 0.118031
vt 0.256682 0.118240
vt 0.250533 0.125891
vt 0.247630 0.039690
vt 0.249376 0.044745
vt 0.256445 0.051888
vt 0.268584 0.110831
vt 0.268711 0.111052
vt 0.250416 0.044046
vt 0.256594 0.051678
vt 0.268537 0.059055
vt 0.310422 0.086943
vt 0.310552 0.087163
vt 0.268663 0.058833
vt 0.310409 0.082957
vt 0.313838 0.085086
vt 0.313895 0.085339
vt 0.310539 0.082738
vt 0.313844 0.084802
vt 0.314634 0.084951
vt 0.315125 0.085120
vt 0.313901 0.084549
vt 0.315132 0.084794
vt 0.315431 0.084957
vt 0.314700 0.086306
vt 0.314723 0.083596
vt 0.126479 0.007176
vt 0.126733 0.007150
vt 0.129965 0.162587
vt 0.129710 0.162571
vt 0.126489 0.006920
vt 0.126798 0.006881
vt 0.127981 0.007008
vt 0.131221 0.162680
vt 0.130042 0.162852
vt 0.129735 0.162823
vt 0.126103 0.162384
vt 0.122874 0.007506
vt 0.122713 0.007252
vt 0.127862 0.006759
vt 0.131109 0.162929
vt 0.125953 0.162643
vt 0.121503 0.012207
vt 0.124532 0.157757
vt 0.121544 0.011132
vt 0.124617 0.158822
vt 0.120561 0.015377
vt 0.123458 0.154631
vt 0.120606 0.014334
vt 0.121741 0.006791
vt 0.122235 0.006131
vt 0.125519 0.163798
vt 0.124994 0.163156
vt 0.123547 0.155670
vt 0.121126 0.147909
vt 0.118511 0.022189
vt 0.118272 0.022102
vt 0.121032 0.008053
vt 0.124218 0.161768
vt 0.120890 0.148007
vt 0.110314 0.040688
vt 0.112165 0.129773
vt 0.110088 0.040570
vt 0.117096 0.021669
vt 0.119736 0.148495
vt 0.111944 0.129902
vt 0.109217 0.125352
vt 0.107555 0.045231
vt 0.107349 0.045078
vt 0.108979 0.039988
vt 0.110862 0.130533
vt 0.109018 0.125513
vt 0.100443 0.052379
vt 0.101811 0.118507
vt 0.100290 0.052174
vt 0.106298 0.044395
vt 0.107997 0.126241
vt 0.101666 0.118720
vt 0.089583 0.111577
vt 0.088534 0.059812
vt 0.088404 0.059593
vt 0.089461 0.111801
vt 0.047256 0.088490
vt 0.047167 0.084505
vt 0.047033 0.084288
vt 0.047131 0.088712
vt 0.043787 0.086713
vt 0.043787 0.086428
vt 0.043726 0.086176
vt 0.043735 0.086966
vt 0.042994 0.086579
vt 0.042495 0.086423
vt 0.042499 0.086745
vt 0.042197 0.086588
vt 0.042902 0.085225
vt 0.042931 0.087935
vt 0.751496 0.108138
vt 0.751357 0.114349
vt 0.748896 0.114004
vt 0.748821 0.108277
vt 0.755803 0.107827
vt 0.754023 0.115077
vt 0.751071 0.119272
vt 0.749210 0.118899
vt 0.747629 0.113683
vt 0.747324 0.108188
vt 0.748091 0.101946
vt 0.750699 0.101112
vt 0.754263 0.099609
vt 0.758936 0.112032
vt 0.756483 0.116311
vt 0.753133 0.119776
vt 0.749293 0.123216
vt 0.750787 0.123524
vt 0.747704 0.118595
vt 0.746689 0.113288
vt 0.746559 0.107918
vt 0.747045 0.102160
vt 0.747381 0.095263
vt 0.749011 0.094062
vt 0.752274 0.091965
vt 0.758631 0.097432
vt 0.760481 0.103716
vt 0.762425 0.108180
vt 0.757769 0.117053
vt 0.760311 0.113760
vt 0.754938 0.120279
vt 0.752487 0.123867
vt 0.747926 0.122949
vt 0.750560 0.127623
vt 0.749171 0.127344
vt 0.746726 0.118156
vt 0.746823 0.095832
vt 0.745785 0.089105
vt 0.746803 0.087558
vt 0.749463 0.084476
vt 0.756709 0.089673
vt 0.763658 0.095308
vt 0.765254 0.100966
vt 0.766612 0.104984
vt 0.763627 0.110497
vt 0.756257 0.120628
vt 0.754124 0.124225
vt 0.752061 0.127924
vt 0.747831 0.127061
vt 0.746759 0.122587
vt 0.750283 0.131755
vt 0.748934 0.131476
vt 0.745435 0.090020
vt 0.743252 0.084128
vt 0.744159 0.082159
vt 0.746257 0.078679
vt 0.754301 0.079004
vt 0.762166 0.088063
vt 0.769132 0.093331
vt 0.770386 0.098422
vt 0.771493 0.102112
vt 0.767460 0.107605
vt 0.755451 0.124562
vt 0.753708 0.128267
vt 0.751632 0.132063
vt 0.747678 0.131215
vt 0.746749 0.126734
vt 0.749932 0.135884
vt 0.748759 0.135573
vt 0.742597 0.085538
vt 0.741687 0.078141
vt 0.740811 0.080462
vt 0.748902 0.073404
vt 0.743730 0.074830
vt 0.761231 0.079027
vt 0.768012 0.086834
vt 0.774830 0.091442
vt 0.775895 0.096025
vt 0.776853 0.099587
vt 0.772338 0.104654
vt 0.754573 0.128388
vt 0.753178 0.132535
vt 0.751166 0.136136
vt 0.746706 0.130850
vt 0.747551 0.135206
vt 0.748004 0.139566
vt 0.749436 0.140022
vt 0.740410 0.082114
vt 0.738446 0.077806
vt 0.739799 0.075313
vt 0.751052 0.066394
vt 0.755734 0.068400
vt 0.745745 0.070107
vt 0.741900 0.072325
vt 0.761504 0.069934
vt 0.767390 0.079021
vt 0.773940 0.085714
vt 0.781629 0.093843
vt 0.780592 0.089753
vt 0.782642 0.097101
vt 0.777509 0.102125
vt 0.772862 0.106035
vt 0.768219 0.108802
vt 0.753935 0.132506
vt 0.755288 0.128496
vt 0.756163 0.124563
vt 0.752482 0.136371
vt 0.750752 0.140119
vt 0.746658 0.134707
vt 0.746904 0.138893
vt 0.747109 0.143793
vt 0.749102 0.144641
vt 0.739164 0.080062
vt 0.752258 0.059222
vt 0.756861 0.060493
vt 0.747674 0.064561
vt 0.744290 0.068319
vt 0.739530 0.074088
vt 0.741482 0.071091
vt 0.767579 0.071143
vt 0.762544 0.062328
vt 0.773491 0.078994
vt 0.779727 0.084653
vt 0.785992 0.087748
vt 0.787279 0.091486
vt 0.788449 0.094468
vt 0.783335 0.099630
vt 0.777969 0.103404
vt 0.754592 0.132513
vt 0.753243 0.136363
vt 0.752056 0.139999
vt 0.750919 0.144136
vt 0.746422 0.138180
vt 0.746600 0.142346
vt 0.749063 0.147503
vt 0.747859 0.147567
vt 0.752633 0.052165
vt 0.757918 0.052290
vt 0.749048 0.058366
vt 0.746644 0.063570
vt 0.743890 0.067410
vt 0.768481 0.064228
vt 0.773688 0.072157
vt 0.764098 0.055979
vt 0.779332 0.078970
vt 0.784842 0.083345
vt 0.790813 0.085283
vt 0.792627 0.088672
vt 0.794109 0.091491
vt 0.789400 0.096838
vt 0.783684 0.100891
vt 0.752584 0.139657
vt 0.751585 0.143096
vt 0.750258 0.147311
vt 0.749279 0.052056
vt 0.755361 0.044944
vt 0.752218 0.045841
vt 0.747531 0.057940
vt 0.769805 0.058557
vt 0.774498 0.065955
vt 0.779584 0.073192
vt 0.761392 0.047681
vt 0.766065 0.051346
vt 0.784318 0.078928
vt 0.788863 0.081591
vt 0.795094 0.082294
vt 0.797636 0.085504
vt 0.799584 0.088179
vt 0.795241 0.093934
vt 0.789857 0.098072
vt 0.747727 0.052152
vt 0.749433 0.046257
vt 0.758093 0.043258
vt 0.751694 0.040728
vt 0.753995 0.040107
vt 0.771269 0.054254
vt 0.775687 0.060805
vt 0.780435 0.067783
vt 0.784766 0.074462
vt 0.763526 0.045071
vt 0.767767 0.048293
vt 0.787437 0.078870
vt 0.792154 0.078946
vt 0.798869 0.079004
vt 0.802047 0.082150
vt 0.804625 0.084902
vt 0.800864 0.090140
vt 0.795775 0.094914
vt 0.746820 0.057790
vt 0.746909 0.052261
vt 0.747722 0.046583
vt 0.749543 0.041071
vt 0.760073 0.041770
vt 0.756046 0.039264
vt 0.751157 0.036131
vt 0.753012 0.035748
vt 0.772611 0.051211
vt 0.776982 0.056707
vt 0.781634 0.063206
vt 0.785942 0.069952
vt 0.788886 0.076145
vt 0.764470 0.044086
vt 0.768610 0.046954
vt 0.795103 0.075678
vt 0.802173 0.075807
vt 0.805888 0.078968
vt 0.808956 0.081800
vt 0.806270 0.086937
vt 0.801726 0.091640
vt 0.746916 0.046849
vt 0.747377 0.041441
vt 0.749366 0.036445
vt 0.757659 0.038481
vt 0.761226 0.041123
vt 0.754708 0.035310
vt 0.750640 0.031746
vt 0.752272 0.031516
vt 0.773420 0.049756
vt 0.778137 0.053819
vt 0.782914 0.059513
vt 0.787428 0.065916
vt 0.790829 0.072568
vt 0.797812 0.072422
vt 0.805311 0.073002
vt 0.809474 0.076197
vt 0.812540 0.078990
vt 0.810797 0.083845
vt 0.807201 0.088344
vt 0.747544 0.036651
vt 0.749015 0.031920
vt 0.756290 0.034917
vt 0.758651 0.038151
vt 0.753760 0.031236
vt 0.750198 0.027486
vt 0.751702 0.027346
vt 0.778923 0.052644
vt 0.784075 0.056441
vt 0.788938 0.062500
vt 0.792865 0.069036
vt 0.800310 0.069527
vt 0.807753 0.070642
vt 0.812244 0.073796
vt 0.815702 0.076572
vt 0.814707 0.081291
vt 0.811905 0.085475
vt 0.747431 0.032074
vt 0.748754 0.027588
vt 0.755261 0.030830
vt 0.757210 0.034680
vt 0.753207 0.027121
vt 0.751191 0.023254
vt 0.749858 0.023317
vt 0.784941 0.055444
vt 0.790371 0.059608
vt 0.794741 0.065934
vt 0.802460 0.067134
vt 0.809270 0.069081
vt 0.813984 0.072072
vt 0.817971 0.074624
vt 0.818280 0.079436
vt 0.815791 0.083048
vt 0.747329 0.027618
vt 0.748248 0.023338
vt 0.756334 0.030652
vt 0.754324 0.026989
vt 0.752497 0.023171
vt 0.750710 0.019239
vt 0.749551 0.019271
vt 0.791324 0.058453
vt 0.796233 0.063128
vt 0.803853 0.065651
vt 0.820970 0.077620
vt 0.818923 0.081221
vt 0.747315 0.023395
vt 0.748259 0.019304
vt 0.755536 0.026774
vt 0.753669 0.023107
vt 0.751864 0.019192
vt 0.750344 0.015351
vt 0.749195 0.015402
vt 0.797635 0.061863
vt 0.820901 0.080084
vt 0.747173 0.019360
vt 0.747893 0.015533
vt 0.754531 0.022979
vt 0.753132 0.019131
vt 0.751381 0.015259
vt 0.750073 0.011584
vt 0.748590 0.011742
vt 0.747094 0.015744
vt 0.747469 0.012079
vt 0.753896 0.019103
vt 0.752240 0.015462
vt 0.751019 0.011684
vt 0.748180 0.008453
vt 0.749236 0.008388
vt 0.746959 0.012658
vt 0.747308 0.009539
vt 0.752958 0.015587
vt 0.751881 0.012134
vt 0.750245 0.008351
vt 0.748416 0.006166
vt 0.747481 0.006645
vt 0.746971 0.008438
vt 0.751286 0.009447
vt 0.749815 0.006440
vt 0.644831 0.107576
vt 0.644421 0.112816
vt 0.643029 0.112935
vt 0.643142 0.107579
vt 0.644500 0.117692
vt 0.642968 0.117852
vt 0.640794 0.112865
vt 0.640731 0.107371
vt 0.643174 0.101881
vt 0.644506 0.101844
vt 0.644876 0.122286
vt 0.643424 0.122515
vt 0.641254 0.118062
vt 0.637955 0.107248
vt 0.637831 0.112808
vt 0.641020 0.101547
vt 0.643637 0.096418
vt 0.644778 0.096757
vt 0.644929 0.126739
vt 0.643667 0.127049
vt 0.641827 0.122814
vt 0.639348 0.118519
vt 0.637314 0.100920
vt 0.634770 0.109784
vt 0.635694 0.107253
vt 0.642099 0.095887
vt 0.644967 0.091631
vt 0.645647 0.091922
vt 0.644980 0.130997
vt 0.643990 0.131383
vt 0.642326 0.127337
vt 0.640286 0.123229
vt 0.637666 0.119463
vt 0.635851 0.115393
vt 0.633987 0.104350
vt 0.639688 0.094693
vt 0.633431 0.112176
vt 0.632045 0.106926
vt 0.643635 0.091024
vt 0.646672 0.087462
vt 0.647710 0.087955
vt 0.644299 0.135499
vt 0.645089 0.134922
vt 0.642720 0.131688
vt 0.640998 0.127695
vt 0.638869 0.123751
vt 0.636453 0.120217
vt 0.634668 0.116611
vt 0.633690 0.097093
vt 0.630921 0.100839
vt 0.636688 0.092507
vt 0.641804 0.089945
vt 0.630545 0.109219
vt 0.632296 0.113751
vt 0.628706 0.103751
vt 0.645470 0.086962
vt 0.648516 0.084166
vt 0.650034 0.084657
vt 0.643390 0.135957
vt 0.645375 0.138398
vt 0.644963 0.139273
vt 0.641597 0.132067
vt 0.639736 0.128095
vt 0.637647 0.124218
vt 0.635538 0.120691
vt 0.633984 0.117228
vt 0.627155 0.097278
vt 0.630076 0.093652
vt 0.633315 0.089607
vt 0.639445 0.088162
vt 0.643903 0.086013
vt 0.629383 0.110859
vt 0.627004 0.106217
vt 0.631489 0.114404
vt 0.624720 0.100408
vt 0.647027 0.083702
vt 0.649824 0.081124
vt 0.651677 0.081228
vt 0.643978 0.139967
vt 0.642243 0.136321
vt 0.640472 0.132444
vt 0.638526 0.128478
vt 0.636398 0.124676
vt 0.634964 0.120935
vt 0.633538 0.117456
vt 0.622879 0.093720
vt 0.626071 0.090019
vt 0.636577 0.085626
vt 0.629607 0.086125
vt 0.641968 0.084448
vt 0.645676 0.082980
vt 0.628515 0.111816
vt 0.625821 0.107907
vt 0.622857 0.102951
vt 0.620202 0.096926
vt 0.647906 0.081107
vt 0.651820 0.077813
vt 0.649789 0.078151
vt 0.645143 0.142806
vt 0.644843 0.144065
vt 0.642985 0.140444
vt 0.641193 0.136651
vt 0.639257 0.132839
vt 0.637254 0.128817
vt 0.635780 0.124810
vt 0.618320 0.089767
vt 0.621889 0.086049
vt 0.633280 0.082361
vt 0.639640 0.082118
vt 0.625809 0.082191
vt 0.644160 0.081583
vt 0.646660 0.081204
vt 0.625085 0.108890
vt 0.621524 0.104829
vt 0.618127 0.099547
vt 0.615318 0.093046
vt 0.647798 0.078736
vt 0.653724 0.077777
vt 0.652567 0.081225
vt 0.648862 0.075240
vt 0.650568 0.074688
vt 0.643872 0.144728
vt 0.641779 0.140733
vt 0.640093 0.136937
vt 0.638235 0.133089
vt 0.636639 0.128946
vt 0.613636 0.085556
vt 0.617671 0.081774
vt 0.636894 0.079012
vt 0.629926 0.078517
vt 0.642290 0.079321
vt 0.622080 0.077910
vt 0.645978 0.079713
vt 0.620549 0.106118
vt 0.616590 0.101600
vt 0.613007 0.095744
vt 0.610291 0.088932
vt 0.646890 0.076092
vt 0.651990 0.074092
vt 0.647391 0.071942
vt 0.649177 0.071290
vt 0.644463 0.147982
vt 0.643552 0.148091
vt 0.641887 0.145014
vt 0.640537 0.140790
vt 0.638880 0.137272
vt 0.637565 0.133164
vt 0.609141 0.081158
vt 0.613652 0.077313
vt 0.634016 0.075247
vt 0.640141 0.076270
vt 0.626644 0.074245
vt 0.644681 0.077342
vt 0.618485 0.073439
vt 0.615545 0.103004
vt 0.611283 0.097996
vt 0.607711 0.091737
vt 0.605444 0.084636
vt 0.645421 0.072859
vt 0.649980 0.070665
vt 0.645650 0.068078
vt 0.646791 0.067601
vt 0.642288 0.148205
vt 0.640653 0.144183
vt 0.639828 0.140579
vt 0.638417 0.137086
vt 0.605076 0.076790
vt 0.609974 0.072906
vt 0.631214 0.070979
vt 0.637786 0.072539
vt 0.642909 0.074226
vt 0.623460 0.069783
vt 0.615187 0.069012
vt 0.619951 0.106626
vt 0.614750 0.103944
vt 0.610076 0.099781
vt 0.605692 0.094167
vt 0.602462 0.087672
vt 0.600943 0.080423
vt 0.643726 0.069046
vt 0.647583 0.067056
vt 0.644034 0.063802
vt 0.645323 0.063235
vt 0.641051 0.146733
vt 0.640121 0.143160
vt 0.601518 0.072731
vt 0.606785 0.068812
vt 0.628388 0.066478
vt 0.635468 0.068242
vt 0.641055 0.070486
vt 0.620541 0.065340
vt 0.612371 0.064935
vt 0.609190 0.100910
vt 0.604222 0.096291
vt 0.600002 0.090345
vt 0.597468 0.083682
vt 0.596923 0.076485
vt 0.641908 0.064704
vt 0.645791 0.062857
vt 0.642711 0.058956
vt 0.644492 0.058429
vt 0.598550 0.069161
vt 0.604211 0.065244
vt 0.625731 0.062085
vt 0.633002 0.063627
vt 0.639040 0.066163
vt 0.618036 0.061354
vt 0.610192 0.061496
vt 0.603115 0.098506
vt 0.598095 0.092663
vt 0.594503 0.086562
vt 0.592950 0.079899
vt 0.593419 0.072966
vt 0.640141 0.059878
vt 0.644230 0.053131
vt 0.641922 0.053589
vt 0.602305 0.062312
vt 0.596186 0.066101
vt 0.623432 0.058171
vt 0.630573 0.059092
vt 0.636912 0.061430
vt 0.616082 0.058042
vt 0.608669 0.058707
vt 0.596786 0.094451
vt 0.592062 0.089091
vt 0.589591 0.082911
vt 0.589074 0.076482
vt 0.590620 0.069933
vt 0.638649 0.054586
vt 0.645216 0.052953
vt 0.645297 0.058152
vt 0.641446 0.047811
vt 0.644265 0.047779
vt 0.594165 0.063121
vt 0.601007 0.060108
vt 0.621565 0.054811
vt 0.628370 0.055042
vt 0.634847 0.056537
vt 0.614676 0.055365
vt 0.607775 0.056476
vt 0.590487 0.090810
vt 0.586752 0.085642
vt 0.585447 0.079550
vt 0.585896 0.073526
vt 0.588591 0.067453
vt 0.637251 0.048166
vt 0.645204 0.047670
vt 0.641617 0.042157
vt 0.644008 0.042321
vt 0.593635 0.062085
vt 0.600274 0.058710
vt 0.626525 0.051678
vt 0.620054 0.052088
vt 0.632753 0.051890
vt 0.613625 0.053122
vt 0.606856 0.055372
vt 0.584968 0.087622
vt 0.582573 0.082146
vt 0.581997 0.076671
vt 0.583434 0.070849
vt 0.587554 0.065897
vt 0.638975 0.041581
vt 0.645151 0.042419
vt 0.642028 0.037053
vt 0.643991 0.037260
vt 0.630834 0.048384
vt 0.625037 0.049075
vt 0.619060 0.050391
vt 0.634337 0.044689
vt 0.580431 0.084371
vt 0.578955 0.079328
vt 0.579129 0.074182
vt 0.582080 0.069287
vt 0.636682 0.040408
vt 0.639972 0.036660
vt 0.645132 0.037362
vt 0.642396 0.032349
vt 0.644080 0.032477
vt 0.629379 0.045993
vt 0.624027 0.047385
vt 0.632750 0.042656
vt 0.576651 0.081843
vt 0.575898 0.076798
vt 0.577420 0.072189
vt 0.638084 0.036108
vt 0.635066 0.039371
vt 0.640688 0.032100
vt 0.645182 0.032575
vt 0.642770 0.027694
vt 0.644353 0.027822
vt 0.628097 0.044304
vt 0.631615 0.041605
vt 0.573085 0.079287
vt 0.573766 0.074466
vt 0.639039 0.031789
vt 0.636603 0.035621
vt 0.633950 0.038673
vt 0.641284 0.027581
vt 0.645184 0.027882
vt 0.643147 0.023155
vt 0.644336 0.023214
vt 0.575902 0.082786
vt 0.572551 0.080670
vt 0.570901 0.076807
vt 0.637441 0.031438
vt 0.639823 0.027395
vt 0.635246 0.035176
vt 0.641871 0.023049
vt 0.645175 0.023367
vt 0.643651 0.018773
vt 0.644797 0.019163
vt 0.569658 0.078531
vt 0.636070 0.031152
vt 0.638283 0.027172
vt 0.640543 0.022901
vt 0.642554 0.018546
vt 0.645390 0.019408
vt 0.644677 0.014532
vt 0.645199 0.015268
vt 0.636883 0.027004
vt 0.638924 0.022785
vt 0.641337 0.018342
vt 0.643467 0.014003
vt 0.637754 0.022803
vt 0.639754 0.018392
vt 0.641947 0.013779
vt 0.644179 0.009693
vt 0.645098 0.010677
vt 0.638772 0.018661
vt 0.640214 0.013971
vt 0.642922 0.009241
vt 0.644456 0.006484
vt 0.645283 0.007951
vt 0.639501 0.014652
vt 0.641153 0.010016
vt 0.643445 0.006161
vt 0.641529 0.007933
vt 0.835852 0.108135
vt 0.835706 0.114347
vt 0.833245 0.113999
vt 0.833177 0.108271
vt 0.840159 0.107830
vt 0.838371 0.115078
vt 0.835413 0.119269
vt 0.833553 0.118894
vt 0.831979 0.113675
vt 0.831680 0.108180
vt 0.832455 0.101939
vt 0.835064 0.101109
vt 0.838630 0.099610
vt 0.843287 0.112038
vt 0.840829 0.116315
vt 0.837475 0.119776
vt 0.833630 0.123211
vt 0.835124 0.123521
vt 0.832047 0.118588
vt 0.831039 0.113280
vt 0.830915 0.107910
vt 0.831409 0.102153
vt 0.831753 0.095255
vt 0.833384 0.094057
vt 0.836650 0.091964
vt 0.843001 0.097439
vt 0.844843 0.103725
vt 0.846780 0.108192
vt 0.842114 0.117058
vt 0.844660 0.113769
vt 0.839279 0.120281
vt 0.836824 0.123866
vt 0.832264 0.122942
vt 0.834892 0.127619
vt 0.833503 0.127338
vt 0.831070 0.118148
vt 0.831195 0.095824
vt 0.830164 0.089096
vt 0.831185 0.087550
vt 0.833848 0.084471
vt 0.841088 0.089677
vt 0.848030 0.095321
vt 0.849618 0.100981
vt 0.850972 0.105001
vt 0.847980 0.110510
vt 0.840597 0.120631
vt 0.838461 0.124226
vt 0.836393 0.127922
vt 0.832163 0.127054
vt 0.831098 0.122579
vt 0.834610 0.131751
vt 0.833261 0.131470
vt 0.829813 0.090010
vt 0.827638 0.084116
vt 0.828548 0.082147
vt 0.830650 0.078670
vt 0.838694 0.079005
vt 0.846547 0.088073
vt 0.853506 0.093351
vt 0.854753 0.098443
vt 0.855856 0.102134
vt 0.851817 0.107623
vt 0.839786 0.124565
vt 0.838040 0.128267
vt 0.835958 0.132060
vt 0.832005 0.131208
vt 0.831082 0.126726
vt 0.834254 0.135880
vt 0.833081 0.135567
vt 0.826981 0.085525
vt 0.826080 0.078126
vt 0.825202 0.080447
vt 0.833301 0.073399
vt 0.828128 0.074818
vt 0.845623 0.079037
vt 0.852394 0.086852
vt 0.859207 0.091468
vt 0.860266 0.096053
vt 0.861219 0.099616
vt 0.856699 0.104677
vt 0.838904 0.128389
vt 0.837504 0.132535
vt 0.835488 0.136133
vt 0.831034 0.130842
vt 0.831873 0.135199
vt 0.832321 0.139560
vt 0.833752 0.140017
vt 0.824798 0.082098
vt 0.822840 0.077788
vt 0.824196 0.075296
vt 0.835460 0.066391
vt 0.840139 0.068403
vt 0.830149 0.070097
vt 0.826301 0.072311
vt 0.845908 0.069944
vt 0.851782 0.079038
vt 0.858324 0.085739
vt 0.866003 0.093878
vt 0.864971 0.089787
vt 0.867011 0.097137
vt 0.861872 0.102155
vt 0.857221 0.106059
vt 0.852574 0.108821
vt 0.838261 0.132506
vt 0.839619 0.128499
vt 0.840499 0.124566
vt 0.836803 0.136370
vt 0.835069 0.140115
vt 0.830981 0.134699
vt 0.831222 0.138885
vt 0.831421 0.143786
vt 0.833413 0.144636
vt 0.823555 0.080044
vt 0.836675 0.059220
vt 0.841276 0.060497
vt 0.832084 0.064553
vt 0.828696 0.068308
vt 0.823928 0.074071
vt 0.825885 0.071076
vt 0.851981 0.071160
vt 0.846957 0.062340
vt 0.857883 0.079019
vt 0.864112 0.084686
vt 0.870373 0.087788
vt 0.871656 0.091528
vt 0.872822 0.094512
vt 0.867702 0.099667
vt 0.862331 0.103434
vt 0.838918 0.132515
vt 0.837565 0.136363
vt 0.836373 0.139997
vt 0.835231 0.144133
vt 0.830741 0.138171
vt 0.830914 0.142338
vt 0.833370 0.147498
vt 0.832167 0.147560
vt 0.837059 0.052163
vt 0.842344 0.052295
vt 0.833466 0.058360
vt 0.831055 0.063561
vt 0.828297 0.067398
vt 0.852892 0.064247
vt 0.858088 0.072182
vt 0.848519 0.055992
vt 0.863724 0.079002
vt 0.869228 0.083385
vt 0.875197 0.085330
vt 0.877007 0.088721
vt 0.878486 0.091542
vt 0.873770 0.096883
vt 0.868049 0.100929
vt 0.836901 0.139656
vt 0.835898 0.143094
vt 0.834566 0.147307
vt 0.833706 0.052051
vt 0.839796 0.044945
vt 0.836653 0.045838
vt 0.831950 0.057932
vt 0.854222 0.058577
vt 0.858906 0.065982
vt 0.863983 0.073225
vt 0.845823 0.047691
vt 0.850491 0.051362
vt 0.868710 0.078967
vt 0.873252 0.081635
vt 0.879482 0.082346
vt 0.882020 0.085559
vt 0.883965 0.088237
vt 0.879614 0.093986
vt 0.874225 0.098117
vt 0.832153 0.052145
vt 0.833867 0.046252
vt 0.842530 0.043264
vt 0.836136 0.040724
vt 0.838437 0.040105
vt 0.855692 0.054276
vt 0.860102 0.060833
vt 0.864841 0.067816
vt 0.869164 0.074502
vt 0.847961 0.045084
vt 0.852198 0.048311
vt 0.871830 0.078913
vt 0.876546 0.078995
vt 0.883261 0.079061
vt 0.886436 0.082210
vt 0.889010 0.084966
vt 0.885242 0.090200
vt 0.880147 0.094967
vt 0.831239 0.057782
vt 0.831335 0.052252
vt 0.832156 0.046575
vt 0.833985 0.041065
vt 0.844513 0.041779
vt 0.840488 0.039265
vt 0.835606 0.036124
vt 0.837461 0.035743
vt 0.857038 0.051235
vt 0.861401 0.056737
vt 0.866046 0.063241
vt 0.870346 0.069993
vt 0.873281 0.076189
vt 0.848906 0.044101
vt 0.853042 0.046973
vt 0.879499 0.075730
vt 0.886569 0.075868
vt 0.890280 0.079034
vt 0.893344 0.081870
vt 0.890652 0.087003
vt 0.886102 0.091700
vt 0.831350 0.046841
vt 0.831819 0.041434
vt 0.833815 0.036439
vt 0.842103 0.038486
vt 0.845667 0.041134
vt 0.839157 0.035305
vt 0.835218 0.019233
vt 0.834058 0.019263
vt 0.857849 0.049782
vt 0.862561 0.053851
vt 0.867330 0.059550
vt 0.871836 0.065959
vt 0.875229 0.072615
vt 0.882212 0.072478
vt 0.889711 0.073067
vt 0.893870 0.076267
vt 0.896932 0.079064
vt 0.895183 0.083916
vt 0.891581 0.088411
vt 0.831994 0.036650
vt 0.832767 0.019294
vt 0.840740 0.034915
vt 0.843096 0.038159
vt 0.836373 0.019189
vt 0.834849 0.015346
vt 0.833700 0.015397
vt 0.863348 0.052676
vt 0.868495 0.056480
vt 0.873351 0.062544
vt 0.877269 0.069085
vt 0.884714 0.069585
vt 0.892155 0.070710
vt 0.896642 0.073869
vt 0.900097 0.076650
vt 0.899096 0.081368
vt 0.896289 0.085548
vt 0.831682 0.019355
vt 0.832398 0.015529
vt 0.837647 0.019129
vt 0.841664 0.034690
vt 0.835886 0.015254
vt 0.834573 0.011578
vt 0.833091 0.011738
vt 0.869362 0.055484
vt 0.874787 0.059654
vt 0.879149 0.065986
vt 0.886866 0.067195
vt 0.893674 0.069150
vt 0.898385 0.072148
vt 0.902369 0.074705
vt 0.902672 0.079517
vt 0.900178 0.083126
vt 0.831599 0.015741
vt 0.831969 0.012077
vt 0.838411 0.019090
vt 0.836745 0.015456
vt 0.835519 0.011677
vt 0.832675 0.008450
vt 0.833732 0.008383
vt 0.875741 0.058500
vt 0.880645 0.063182
vt 0.888262 0.065714
vt 0.905363 0.077704
vt 0.903312 0.081303
vt 0.831460 0.012656
vt 0.831805 0.009537
vt 0.837462 0.015578
vt 0.836382 0.012126
vt 0.834740 0.008345
vt 0.832908 0.006162
vt 0.831974 0.006643
vt 0.882049 0.061919
vt 0.905291 0.080168
vt 0.831467 0.008437
vt 0.835783 0.009440
vt 0.834308 0.006435
vt 0.729258 0.107574
vt 0.728854 0.112814
vt 0.727462 0.112935
vt 0.727568 0.107579
vt 0.728938 0.117690
vt 0.727407 0.117853
vt 0.725226 0.112868
vt 0.725158 0.107374
vt 0.727594 0.101882
vt 0.728915 0.101844
vt 0.729320 0.122284
vt 0.727868 0.122515
vt 0.725692 0.118065
vt 0.722381 0.107254
vt 0.722263 0.112815
vt 0.725440 0.101550
vt 0.728051 0.096417
vt 0.729193 0.096756
vt 0.729378 0.126737
vt 0.728116 0.127048
vt 0.726271 0.122816
vt 0.723787 0.118523
vt 0.721733 0.100927
vt 0.719199 0.109794
vt 0.720120 0.107261
vt 0.726512 0.095889
vt 0.729376 0.091629
vt 0.730056 0.091919
vt 0.729433 0.130995
vt 0.728443 0.131382
vt 0.726775 0.127338
vt 0.724730 0.123233
vt 0.722107 0.119470
vt 0.720287 0.115402
vt 0.718410 0.104360
vt 0.724100 0.094697
vt 0.717863 0.112187
vt 0.716471 0.106938
vt 0.728043 0.091024
vt 0.731076 0.087458
vt 0.732114 0.087950
vt 0.728758 0.135498
vt 0.729547 0.134920
vt 0.727174 0.131689
vt 0.725447 0.127697
vt 0.723314 0.123756
vt 0.720894 0.120224
vt 0.719105 0.116620
vt 0.718105 0.097103
vt 0.715340 0.100853
vt 0.721097 0.092514
vt 0.726211 0.089946
vt 0.714974 0.109234
vt 0.716730 0.113763
vt 0.713128 0.103767
vt 0.729874 0.086960
vt 0.732916 0.084160
vt 0.734435 0.084650
vt 0.727849 0.135957
vt 0.729837 0.138395
vt 0.729426 0.139271
vt 0.726051 0.132069
vt 0.724186 0.128099
vt 0.722093 0.124224
vt 0.719979 0.120699
vt 0.718422 0.117238
vt 0.711570 0.097297
vt 0.714487 0.093667
vt 0.717721 0.089618
vt 0.723849 0.088167
vt 0.728305 0.086012
vt 0.713813 0.110875
vt 0.711429 0.106236
vt 0.715924 0.114417
vt 0.709139 0.100429
vt 0.731427 0.083697
vt 0.734220 0.081117
vt 0.736073 0.081219
vt 0.728442 0.139966
vt 0.726702 0.136322
vt 0.724927 0.132447
vt 0.722977 0.128484
vt 0.720844 0.124683
vt 0.719406 0.120944
vt 0.717976 0.117467
vt 0.707290 0.093743
vt 0.710478 0.090038
vt 0.720979 0.085633
vt 0.714010 0.086141
vt 0.726369 0.084449
vt 0.730075 0.082977
vt 0.712947 0.111832
vt 0.710248 0.107927
vt 0.707278 0.102974
vt 0.704617 0.096952
vt 0.732302 0.081102
vt 0.736212 0.077804
vt 0.734182 0.078144
vt 0.729610 0.142803
vt 0.729311 0.144063
vt 0.727449 0.140444
vt 0.725653 0.136653
vt 0.723712 0.132843
vt 0.721705 0.128823
vt 0.720227 0.124818
vt 0.702726 0.089795
vt 0.706291 0.086073
vt 0.717678 0.082373
vt 0.724038 0.082122
vt 0.710207 0.082211
vt 0.728557 0.081582
vt 0.731057 0.081200
vt 0.709513 0.108911
vt 0.705948 0.104854
vt 0.702545 0.099576
vt 0.699729 0.093077
vt 0.732192 0.078731
vt 0.738117 0.077765
vt 0.736964 0.081214
vt 0.733252 0.075233
vt 0.734958 0.074680
vt 0.728341 0.144727
vt 0.726243 0.140735
vt 0.724553 0.136941
vt 0.722690 0.133095
vt 0.721090 0.128953
vt 0.698038 0.085590
vt 0.702069 0.081803
vt 0.721288 0.079019
vt 0.714320 0.078532
vt 0.726685 0.079322
vt 0.706473 0.077934
vt 0.730373 0.079710
vt 0.704975 0.106144
vt 0.701010 0.101630
vt 0.697420 0.095779
vt 0.694697 0.088969
vt 0.731281 0.076087
vt 0.736379 0.074082
vt 0.731777 0.071937
vt 0.733562 0.071284
vt 0.728936 0.147981
vt 0.728025 0.148091
vt 0.726356 0.145015
vt 0.725001 0.140793
vt 0.723340 0.137277
vt 0.722021 0.133170
vt 0.693538 0.081197
vt 0.698044 0.077346
vt 0.718406 0.075257
vt 0.724532 0.076274
vt 0.711033 0.074263
vt 0.729073 0.077341
vt 0.702873 0.073467
vt 0.699966 0.103036
vt 0.695699 0.098033
vt 0.692120 0.091777
vt 0.689845 0.084679
vt 0.729808 0.072856
vt 0.734365 0.070657
vt 0.730032 0.068076
vt 0.731172 0.067597
vt 0.726761 0.148206
vt 0.725122 0.144186
vt 0.724292 0.140582
vt 0.722877 0.137092
vt 0.689468 0.076834
vt 0.694361 0.072944
vt 0.715599 0.070992
vt 0.722173 0.072545
vt 0.727298 0.074227
vt 0.707844 0.069806
vt 0.699570 0.069044
vt 0.704377 0.106653
vt 0.699173 0.103977
vt 0.694494 0.099819
vt 0.690104 0.094209
vt 0.686867 0.087719
vt 0.685339 0.080471
vt 0.728109 0.069046
vt 0.731963 0.067051
vt 0.728410 0.063801
vt 0.729699 0.063233
vt 0.725523 0.146735
vt 0.724588 0.143164
vt 0.685905 0.072779
vt 0.691168 0.068854
vt 0.712768 0.066495
vt 0.719850 0.068250
vt 0.725440 0.070488
vt 0.704920 0.065366
vt 0.696749 0.064970
vt 0.693610 0.100949
vt 0.688636 0.096336
vt 0.684409 0.090394
vt 0.681868 0.083734
vt 0.681315 0.076537
vt 0.726286 0.064705
vt 0.730166 0.062854
vt 0.727083 0.058957
vt 0.728863 0.058428
vt 0.682933 0.069212
vt 0.688590 0.065288
vt 0.710106 0.062105
vt 0.717379 0.063638
vt 0.723419 0.066167
vt 0.702411 0.061382
vt 0.694567 0.061534
vt 0.687532 0.098552
vt 0.682505 0.092715
vt 0.678906 0.086618
vt 0.677345 0.079957
vt 0.677806 0.073023
vt 0.724513 0.059881
vt 0.728595 0.053130
vt 0.726287 0.053591
vt 0.686680 0.062358
vt 0.680566 0.066155
vt 0.707803 0.058193
vt 0.714944 0.059106
vt 0.721286 0.061437
vt 0.700453 0.058073
vt 0.693040 0.058747
vt 0.681199 0.094502
vt 0.676467 0.089149
vt 0.673990 0.082972
vt 0.673466 0.076544
vt 0.675004 0.069993
vt 0.723015 0.054591
vt 0.729580 0.052951
vt 0.729667 0.058150
vt 0.725805 0.047813
vt 0.728623 0.047778
vt 0.678541 0.063176
vt 0.685380 0.060156
vt 0.705932 0.054836
vt 0.712738 0.055059
vt 0.719216 0.056547
vt 0.699043 0.055397
vt 0.692144 0.056517
vt 0.674886 0.090869
vt 0.671154 0.085706
vt 0.669842 0.079616
vt 0.670284 0.073591
vt 0.672973 0.067515
vt 0.721610 0.048173
vt 0.729562 0.047668
vt 0.725969 0.042159
vt 0.728360 0.042321
vt 0.678010 0.062141
vt 0.684645 0.058759
vt 0.710889 0.051697
vt 0.704418 0.052115
vt 0.717117 0.051901
vt 0.697990 0.053156
vt 0.691223 0.055413
vt 0.669372 0.087689
vt 0.666971 0.082215
vt 0.666389 0.076740
vt 0.667818 0.070917
vt 0.671933 0.065960
vt 0.723327 0.041585
vt 0.729503 0.042417
vt 0.726374 0.037054
vt 0.728337 0.037261
vt 0.715194 0.048398
vt 0.709397 0.049096
vt 0.703422 0.050418
vt 0.718693 0.044698
vt 0.664831 0.084442
vt 0.663349 0.079401
vt 0.663518 0.074255
vt 0.666463 0.069357
vt 0.721033 0.040415
vt 0.724320 0.036661
vt 0.729477 0.037363
vt 0.727971 0.018778
vt 0.729118 0.019166
vt 0.713736 0.046009
vt 0.708386 0.047407
vt 0.717103 0.042667
vt 0.661049 0.081919
vt 0.660290 0.076875
vt 0.661806 0.072265
vt 0.722432 0.036111
vt 0.719416 0.039380
vt 0.726877 0.018549
vt 0.729720 0.019392
vt 0.729009 0.014541
vt 0.729529 0.015277
vt 0.712452 0.044321
vt 0.715967 0.041618
vt 0.657480 0.079367
vt 0.658155 0.074545
vt 0.725663 0.018345
vt 0.720949 0.035627
vt 0.718299 0.038684
vt 0.727800 0.014009
vt 0.660301 0.082863
vt 0.656947 0.080750
vt 0.655292 0.076889
vt 0.724084 0.018395
vt 0.726281 0.013783
vt 0.719589 0.035188
vt 0.728521 0.009701
vt 0.729439 0.010687
vt 0.654052 0.078615
vt 0.723100 0.018659
vt 0.724549 0.013972
vt 0.727265 0.009246
vt 0.728804 0.006493
vt 0.729629 0.007961
vt 0.723836 0.014653
vt 0.725494 0.010018
vt 0.727794 0.006168
vt 0.725874 0.007936
vt 0.546626 0.221858
vt 0.550097 0.214104
vt 0.557701 0.213351
vt 0.555869 0.220175
vt 0.543698 0.221578
vt 0.547529 0.213893
vt 0.553612 0.202342
vt 0.560204 0.201878
vt 0.557212 0.220556
vt 0.558970 0.213758
vt 0.541691 0.229478
vt 0.553296 0.225529
vt 0.539055 0.229146
vt 0.542532 0.221065
vt 0.546352 0.213440
vt 0.551271 0.202248
vt 0.556634 0.184900
vt 0.567536 0.185679
vt 0.561507 0.202209
vt 0.554901 0.225652
vt 0.558386 0.221031
vt 0.560183 0.214124
vt 0.537103 0.235244
vt 0.551035 0.229088
vt 0.534571 0.237390
vt 0.537784 0.228782
vt 0.542041 0.220847
vt 0.545855 0.213249
vt 0.550016 0.202065
vt 0.552442 0.184625
vt 0.556735 0.164292
vt 0.562458 0.164791
vt 0.569059 0.185761
vt 0.562721 0.202585
vt 0.551838 0.229904
vt 0.555993 0.226277
vt 0.558882 0.221231
vt 0.560695 0.214277
vt 0.533322 0.237609
vt 0.537251 0.228623
vt 0.549488 0.201987
vt 0.551186 0.184536
vt 0.554146 0.164112
vt 0.557526 0.157146
vt 0.563254 0.157218
vt 0.563900 0.164832
vt 0.570329 0.185820
vt 0.563232 0.202743
vt 0.552825 0.230695
vt 0.556455 0.226542
vt 0.532792 0.237687
vt 0.550655 0.184498
vt 0.552887 0.164021
vt 0.554595 0.156988
vt 0.558454 0.151344
vt 0.565557 0.150947
vt 0.564657 0.157372
vt 0.565198 0.164832
vt 0.570867 0.185846
vt 0.553242 0.231025
vt 0.552356 0.163981
vt 0.553334 0.156918
vt 0.554847 0.151205
vt 0.559018 0.146573
vt 0.568270 0.145607
vt 0.566894 0.151252
vt 0.565928 0.157568
vt 0.565743 0.164833
vt 0.552803 0.156887
vt 0.553586 0.151153
vt 0.554981 0.146466
vt 0.559310 0.143148
vt 0.571747 0.140781
vt 0.569468 0.146159
vt 0.568092 0.151658
vt 0.566461 0.157657
vt 0.553054 0.151132
vt 0.553720 0.146430
vt 0.555045 0.143066
vt 0.559409 0.141363
vt 0.572729 0.138900
vt 0.572983 0.141910
vt 0.570538 0.146794
vt 0.568593 0.151837
vt 0.553188 0.146415
vt 0.553784 0.143041
vt 0.555068 0.141299
vt 0.559437 0.138304
vt 0.572968 0.136233
vt 0.578106 0.136668
vt 0.578118 0.137556
vt 0.570990 0.147065
vt 0.553252 0.143030
vt 0.553807 0.141281
vt 0.555094 0.138263
vt 0.559471 0.131049
vt 0.573504 0.129899
vt 0.578363 0.134379
vt 0.586323 0.133556
vt 0.586140 0.134411
vt 0.553275 0.141273
vt 0.553833 0.138252
vt 0.555123 0.131041
vt 0.559431 0.111988
vt 0.573399 0.113219
vt 0.578896 0.128922
vt 0.586375 0.131194
vt 0.553300 0.138248
vt 0.553862 0.131040
vt 0.555084 0.112020
vt 0.559371 0.104560
vt 0.572773 0.106692
vt 0.578881 0.114657
vt 0.586626 0.128744
vt 0.553330 0.131040
vt 0.553823 0.112029
vt 0.555028 0.104629
vt 0.559336 0.101673
vt 0.572517 0.104157
vt 0.578346 0.109032
vt 0.586610 0.115762
vt 0.553291 0.112033
vt 0.553767 0.104650
vt 0.554992 0.101764
vt 0.559235 0.100146
vt 0.571578 0.102446
vt 0.578092 0.106860
vt 0.586439 0.113129
vt 0.553235 0.104659
vt 0.553733 0.101795
vt 0.554969 0.100252
vt 0.563244 0.085848
vt 0.557491 0.086243
vt 0.578121 0.106144
vt 0.586434 0.110859
vt 0.553201 0.101809
vt 0.553708 0.100293
vt 0.554552 0.086402
vt 0.564658 0.085751
vt 0.572897 0.101490
vt 0.556628 0.079105
vt 0.562338 0.078475
vt 0.586296 0.109888
vt 0.553176 0.100312
vt 0.553290 0.086469
vt 0.554041 0.079309
vt 0.563780 0.078435
vt 0.565944 0.085644
vt 0.573822 0.100667
vt 0.556263 0.058503
vt 0.567151 0.057586
vt 0.552759 0.086497
vt 0.552783 0.079413
vt 0.552078 0.058831
vt 0.568673 0.057484
vt 0.565078 0.078449
vt 0.566480 0.085578
vt 0.574216 0.100318
vt 0.559645 0.041432
vt 0.553022 0.041082
vt 0.552253 0.079458
vt 0.550822 0.058936
vt 0.550684 0.041199
vt 0.560923 0.041143
vt 0.569942 0.057409
vt 0.565623 0.078451
vt 0.545821 0.021681
vt 0.555107 0.023194
vt 0.550292 0.058981
vt 0.549434 0.041409
vt 0.542902 0.022024
vt 0.556439 0.022810
vt 0.562133 0.040754
vt 0.570480 0.057376
vt 0.536055 0.008487
vt 0.550107 0.014396
vt 0.548907 0.041499
vt 0.541742 0.022550
vt 0.533470 0.006400
vt 0.550907 0.013588
vt 0.557605 0.022317
vt 0.562641 0.040590
vt 0.541254 0.022772
vt 0.532213 0.006224
vt 0.551899 0.012810
vt 0.558099 0.022110
vt 0.531681 0.006166
vt 0.552319 0.012486
vt 0.556999 0.006207
vt 0.557167 0.006169
vt 0.561286 0.013464
vt 0.560611 0.013340
vt 0.177768 0.006163
vt 0.179034 0.006542
vt 0.174370 0.013724
vt 0.173007 0.013867
vt 0.008692 0.006162
vt 0.008864 0.006191
vt 0.005083 0.013589
vt 0.004220 0.013683
vt 0.183561 0.221608
vt 0.174298 0.219994
vt 0.172425 0.213172
vt 0.180031 0.213883
vt 0.188563 0.229185
vt 0.176915 0.225331
vt 0.171795 0.220864
vt 0.169946 0.213954
vt 0.169878 0.201684
vt 0.176462 0.202149
vt 0.183735 0.213213
vt 0.187603 0.220804
vt 0.193197 0.234914
vt 0.179216 0.228872
vt 0.174229 0.226098
vt 0.192433 0.228463
vt 0.171300 0.221067
vt 0.169435 0.214110
vt 0.167369 0.202401
vt 0.162531 0.185496
vt 0.173446 0.184705
vt 0.180024 0.201862
vt 0.184231 0.213019
vt 0.188092 0.220581
vt 0.177452 0.230495
vt 0.196980 0.237245
vt 0.173769 0.226367
vt 0.192964 0.228299
vt 0.166859 0.202561
vt 0.159750 0.185638
vt 0.167599 0.164608
vt 0.173316 0.164097
vt 0.178771 0.184348
vt 0.180552 0.201782
vt 0.177038 0.230829
vt 0.197509 0.237317
vt 0.159211 0.185664
vt 0.164868 0.164643
vt 0.166810 0.157025
vt 0.172529 0.156956
vt 0.177116 0.163831
vt 0.179302 0.184310
vt 0.164323 0.164642
vt 0.164143 0.157376
vt 0.164509 0.150752
vt 0.171610 0.151153
vt 0.176653 0.156727
vt 0.177647 0.163791
vt 0.163611 0.157466
vt 0.161984 0.151472
vt 0.161777 0.145409
vt 0.171049 0.146383
vt 0.176377 0.150962
vt 0.177184 0.156696
vt 0.161484 0.151654
vt 0.159518 0.146650
vt 0.158326 0.140563
vt 0.170760 0.142960
vt 0.176229 0.146241
vt 0.176909 0.150939
vt 0.159068 0.146925
vt 0.156274 0.142577
vt 0.157346 0.138680
vt 0.170665 0.141174
vt 0.176161 0.142853
vt 0.176761 0.146225
vt 0.151958 0.137322
vt 0.151972 0.136433
vt 0.157112 0.136012
vt 0.170640 0.138115
vt 0.176138 0.141093
vt 0.176693 0.142843
vt 0.143943 0.134156
vt 0.143762 0.133299
vt 0.151720 0.134144
vt 0.156589 0.129676
vt 0.170617 0.130860
vt 0.176118 0.138065
vt 0.176671 0.141086
vt 0.143715 0.130937
vt 0.151200 0.128685
vt 0.156737 0.112994
vt 0.170709 0.111806
vt 0.176095 0.130859
vt 0.176650 0.138061
vt 0.143469 0.128485
vt 0.151251 0.114416
vt 0.157384 0.106467
vt 0.170795 0.104381
vt 0.176178 0.111862
vt 0.176627 0.130860
vt 0.143519 0.115499
vt 0.151804 0.108791
vt 0.170844 0.101495
vt 0.157648 0.103931
vt 0.176269 0.104491
vt 0.176711 0.111867
vt 0.143699 0.112864
vt 0.152065 0.106619
vt 0.176314 0.101633
vt 0.170950 0.099969
vt 0.158593 0.102223
vt 0.176802 0.104502
vt 0.143710 0.110594
vt 0.152038 0.105903
vt 0.176344 0.100128
vt 0.176846 0.101648
vt 0.166981 0.085665
vt 0.172723 0.086061
vt 0.143852 0.109624
vt 0.176855 0.086305
vt 0.176876 0.100149
vt 0.173593 0.078934
vt 0.167888 0.078281
vt 0.156387 0.100452
vt 0.164287 0.085457
vt 0.177387 0.086336
vt 0.177391 0.079243
vt 0.165159 0.078258
vt 0.174021 0.058333
vt 0.163121 0.057385
vt 0.155994 0.100102
vt 0.163751 0.085389
vt 0.177921 0.079288
vt 0.179339 0.058766
vt 0.164614 0.078260
vt 0.160342 0.057202
vt 0.170670 0.041254
vt 0.177287 0.040915
vt 0.179869 0.058812
vt 0.180843 0.041256
vt 0.159804 0.057168
vt 0.168190 0.040561
vt 0.184624 0.021580
vt 0.175320 0.023017
vt 0.181369 0.041349
vt 0.188648 0.022458
vt 0.167682 0.040395
vt 0.172832 0.022120
vt 0.194492 0.008451
vt 0.180401 0.014261
vt 0.189135 0.022684
vt 0.198339 0.006217
vt 0.172341 0.021909
vt 0.178635 0.012662
vt 0.198872 0.006164
vt 0.178218 0.012334
vt 0.931792 0.133870
vt 0.937634 0.108778
vt 0.958298 0.108855
vt 0.958257 0.133872
vt 0.924112 0.133940
vt 0.931826 0.108981
vt 0.941771 0.084444
vt 0.958338 0.084506
vt 0.978963 0.108847
vt 0.984722 0.133958
vt 0.958238 0.145142
vt 0.934973 0.145144
vt 0.928735 0.145228
vt 0.937257 0.084932
vt 0.951269 0.068856
vt 0.958364 0.068935
vt 0.974906 0.084499
vt 0.992400 0.134053
vt 0.984770 0.109069
vt 0.981503 0.145221
vt 0.950111 0.068780
vt 0.958262 0.053720
vt 0.958389 0.053779
vt 0.965459 0.068880
vt 0.979419 0.085001
vt 0.987743 0.145312
vt 0.958390 0.053604
vt 0.958516 0.053720
vt 0.966618 0.068808
vt 0.924652 0.006303
vt 0.956019 0.006278
vt 0.959909 0.016516
vt 0.959319 0.017449
vt 0.924636 0.017436
vt 0.959977 0.018406
vt 0.952544 0.043105
vt 0.924591 0.042974
vt 0.890355 0.017377
vt 0.894723 0.006169
vt 0.947078 0.067330
vt 0.924549 0.067229
vt 0.897944 0.042669
vt 0.934358 0.083030
vt 0.924522 0.082905
vt 0.903267 0.066651
vt 0.925069 0.098074
vt 0.924491 0.097988
vt 0.915789 0.082218
vt 0.924510 0.098372
vt 0.924808 0.098290
vt 0.291159 0.006814
vt 0.291291 0.006644
vt 0.293040 0.013031
vt 0.292919 0.013181
vt 0.309459 0.025244
vt 0.309530 0.031158
vt 0.293158 0.013550
vt 0.293149 0.013323
vt 0.309750 0.025449
vt 0.309904 0.031401
vt 0.309499 0.031340
vt 0.309405 0.031504
vt 0.310079 0.025464
vt 0.310336 0.031421
vt 0.309892 0.031581
vt 0.309853 0.031752
vt 0.304473 0.042702
vt 0.302408 0.038689
vt 0.300550 0.034639
vt 0.298838 0.030523
vt 0.297304 0.026277
vt 0.328486 0.006139
vt 0.326970 0.012533
vt 0.310354 0.031601
vt 0.310386 0.031781
vt 0.309115 0.051039
vt 0.328622 0.006310
vt 0.327090 0.012663
vt 0.326880 0.012804
vt 0.326888 0.013011
vt 0.309481 0.051045
vt 0.309783 0.050823
vt 0.309093 0.051228
vt 0.309500 0.051206
vt 0.309849 0.051012
vt 0.315638 0.042769
vt 0.320424 0.034713
vt 0.318229 0.038832
vt 0.309839 0.055233
vt 0.309430 0.055269
vt 0.310190 0.055018
vt 0.663454 0.029978
vt 0.663477 0.029808
vt 0.680695 0.047940
vt 0.680710 0.048169
vt 0.662990 0.030015
vt 0.662938 0.029830
vt 0.661827 0.010564
vt 0.662140 0.010768
vt 0.682389 0.054881
vt 0.663429 0.036281
vt 0.662600 0.030272
vt 0.662501 0.030112
vt 0.661460 0.010571
vt 0.663106 0.036309
vt 0.662108 0.006192
vt 0.662465 0.006397
vt 0.668305 0.018607
vt 0.671047 0.022449
vt 0.673400 0.026488
vt 0.647014 0.049045
vt 0.647019 0.048809
vt 0.657146 0.019090
vt 0.662829 0.036524
vt 0.661698 0.006167
vt 0.650634 0.035857
vt 0.651976 0.031530
vt 0.653537 0.027329
vt 0.655237 0.023192
vt 0.645613 0.055919
vt 0.571806 0.047811
vt 0.571506 0.048156
vt 0.575114 0.035393
vt 0.575278 0.035435
vt 0.571560 0.048625
vt 0.571280 0.048545
vt 0.576535 0.031092
vt 0.576698 0.031143
vt 0.580636 0.022904
vt 0.578485 0.026962
vt 0.587717 0.029669
vt 0.587771 0.030016
vt 0.570024 0.055017
vt 0.569712 0.054912
vt 0.578327 0.026900
vt 0.587004 0.010530
vt 0.580479 0.022838
vt 0.604563 0.048002
vt 0.604787 0.048762
vt 0.587691 0.036016
vt 0.569970 0.055202
vt 0.569658 0.055097
vt 0.586943 0.010366
vt 0.587516 0.010721
vt 0.605057 0.048663
vt 0.604839 0.048310
vt 0.606321 0.055155
vt 0.587621 0.010571
vt 0.598176 0.026744
vt 0.601327 0.035365
vt 0.606626 0.055027
vt 0.601491 0.035324
vt 0.586925 0.010196
vt 0.587667 0.010385
vt 0.598332 0.026680
vt 0.606381 0.055337
vt 0.606687 0.055210
vt 0.587101 0.006151
vt 0.587844 0.006370
vt 0.254814 0.025779
vt 0.255135 0.025705
vt 0.256588 0.029934
vt 0.256219 0.029866
vt 0.251053 0.012918
vt 0.251578 0.013604
vt 0.260623 0.038067
vt 0.258423 0.034058
vt 0.249264 0.006167
vt 0.248962 0.006299
vt 0.266681 0.050394
vt 0.267786 0.031247
vt 0.258111 0.034165
vt 0.260314 0.038178
vt 0.256340 0.030171
vt 0.267777 0.024748
vt 0.266561 0.050729
vt 0.267182 0.050229
vt 0.285066 0.013615
vt 0.287385 0.006279
vt 0.267332 0.050558
vt 0.278228 0.034530
vt 0.281586 0.026016
vt 0.285561 0.012980
vt 0.287680 0.006432
vt 0.278536 0.034650
vt 0.266598 0.054947
vt 0.267350 0.054757
vt 0.281905 0.026096
vt 0.660261 0.049734
vt 0.660450 0.058492
vt 0.645647 0.061387
vt 0.645613 0.060666
vt 0.740039 0.114099
vt 0.740039 0.131580
vt 0.736927 0.116731
vt 0.737716 0.114099
vt 0.735023 0.137014
vt 0.735023 0.117538
vt 0.740039 0.096619
vt 0.736927 0.111468
vt 0.730007 0.131580
vt 0.733119 0.116731
vt 0.735023 0.091185
vt 0.735023 0.110661
vt 0.730007 0.114099
vt 0.732330 0.114099
vt 0.730007 0.096619
vt 0.733119 0.111468
vt 0.369806 0.013037
vt 0.369806 0.009598
vt 0.372499 0.009598
vt 0.371710 0.012230
vt 0.367902 0.012230
vt 0.367113 0.009598
vt 0.369806 0.006160
vt 0.371710 0.006967
vt 0.367902 0.006967
vt 0.000016 0.006034
vt 0.000016 0.006169
vt 0.000000 0.006164
vt 0.000016 0.006073
vt 0.000016 0.006130
vt 0.000000 0.006040
vt 0.000016 0.006034
vt 0.000016 0.006169
vt 0.000000 0.006073
vt 0.000016 0.006164
vt 0.000000 0.006169
vt 0.000000 0.006034
vt 0.000000 0.006169
vt 0.000000 0.006034
vt 0.000016 0.006039
vt 0.000000 0.006130
vt 0.646804 0.020999
vt 0.647042 0.020998
vt 0.646973 0.035784
vt 0.646792 0.035378
vt 0.646805 0.006559
vt 0.646968 0.006162
vt 0.646384 0.020999
vt 0.646494 0.035094
vt 0.646463 0.006902
vt 0.646215 0.020999
vt 0.646332 0.035029
vt 0.646301 0.006969
vt 0.645618 0.035029
vt 0.645615 0.020999
vt 0.645613 0.006969
vt 0.519265 0.035309
vt 0.519103 0.035706
vt 0.519022 0.020871
vt 0.519260 0.020869
vt 0.519083 0.006085
vt 0.519265 0.006490
vt 0.519769 0.034899
vt 0.519512 0.020869
vt 0.519725 0.006839
vt 0.520448 0.020868
vt 0.520458 0.034898
vt 0.520438 0.006839
vt 0.713341 0.209390
vt 0.712632 0.213884
vt 0.710935 0.213966
vt 0.711955 0.208496
vt 0.717139 0.219694
vt 0.716161 0.221284
vt 0.708908 0.214077
vt 0.710380 0.207537
vt 0.715353 0.204768
vt 0.716128 0.206196
vt 0.725586 0.219410
vt 0.726579 0.221235
vt 0.714814 0.223241
vt 0.714497 0.203310
vt 0.719620 0.203197
vt 0.719822 0.204842
vt 0.727800 0.217199
vt 0.729360 0.218619
vt 0.719357 0.201543
vt 0.723747 0.203397
vt 0.723550 0.205000
vt 0.724497 0.217631
vt 0.726206 0.215789
vt 0.730588 0.206677
vt 0.728414 0.207237
vt 0.723886 0.201661
vt 0.727362 0.204947
vt 0.726625 0.206236
vt 0.723346 0.206519
vt 0.719941 0.206429
vt 0.723627 0.216279
vt 0.724976 0.214721
vt 0.728055 0.203083
vt 0.725929 0.207040
vt 0.312326 0.111209
vt 0.312523 0.108815
vt 0.319221 0.108457
vt 0.319317 0.111879
vt 0.321827 0.108329
vt 0.322057 0.112229
vt 0.318491 0.115375
vt 0.311841 0.113543
vt 0.321061 0.116288
vt 0.320562 0.104619
vt 0.318251 0.105188
vt 0.319160 0.120102
vt 0.316939 0.118623
vt 0.318502 0.101158
vt 0.316558 0.102145
vt 0.316726 0.123231
vt 0.314960 0.121314
vt 0.315774 0.098156
vt 0.314227 0.099510
vt 0.321715 0.122032
vt 0.318806 0.125593
vt 0.313867 0.125654
vt 0.312634 0.123405
vt 0.311218 0.115110
vt 0.310037 0.116954
vt 0.310003 0.102858
vt 0.311390 0.104650
vt 0.315283 0.128372
vt 0.307305 0.128114
vt 0.307287 0.125557
vt 0.305758 0.100612
vt 0.307966 0.096140
vt 0.307273 0.131162
vt 0.304021 0.127974
vt 0.304634 0.125520
vt 0.303179 0.100125
vt 0.304422 0.095652
vt 0.303225 0.130878
vt 0.301053 0.127025
vt 0.302195 0.124819
vt 0.297907 0.100252
vt 0.297582 0.096754
vt 0.307167 0.134414
vt 0.302316 0.133878
vt 0.299551 0.129581
vt 0.291300 0.103632
vt 0.289968 0.101883
vt 0.297922 0.132150
vt 0.294469 0.124568
vt 0.296823 0.123103
vt 0.284892 0.118157
vt 0.283348 0.118212
vt 0.291967 0.125863
vt 0.289609 0.131307
vt 0.290330 0.131203
vt 0.290052 0.118089
vt 0.292598 0.118252
vt 0.289288 0.131257
vt 0.282719 0.118281
vt 0.289947 0.131768
vt 0.290715 0.131708
vt 0.290464 0.114343
vt 0.292873 0.115197
vt 0.290936 0.131591
vt 0.290552 0.131097
vt 0.291753 0.111012
vt 0.293887 0.112469
vt 0.291242 0.131943
vt 0.291024 0.132094
vt 0.293908 0.108351
vt 0.295578 0.110284
vt 0.291158 0.131443
vt 0.291453 0.131774
vt 0.289220 0.109185
vt 0.291992 0.105925
vt 0.296622 0.106418
vt 0.297714 0.108662
vt 0.295446 0.103598
vt 0.299249 0.102431
vt 0.299624 0.105330
vt 0.303023 0.102299
vt 0.302656 0.105086
vt 0.306502 0.103032
vt 0.305458 0.105582
vt 0.299893 0.107737
vt 0.302347 0.107457
vt 0.304638 0.107810
vt 0.623070 0.164879
vt 0.625731 0.165120
vt 0.625725 0.167489
vt 0.622417 0.167061
vt 0.628557 0.164619
vt 0.629276 0.166978
vt 0.620454 0.172200
vt 0.625183 0.173204
vt 0.620684 0.164011
vt 0.619508 0.165865
vt 0.633327 0.161378
vt 0.635248 0.163173
vt 0.630217 0.173105
vt 0.616245 0.170177
vt 0.634874 0.158803
vt 0.637195 0.160096
vt 0.612870 0.167217
vt 0.617184 0.163991
vt 0.631486 0.159742
vt 0.632749 0.157633
vt 0.635177 0.149399
vt 0.638008 0.148747
vt 0.610472 0.163640
vt 0.615511 0.161682
vt 0.632703 0.149913
vt 0.633268 0.146024
vt 0.635871 0.144567
vt 0.609199 0.159762
vt 0.614573 0.159156
vt 0.631110 0.147277
vt 0.609126 0.155879
vt 0.614358 0.156588
vt 0.622454 0.142501
vt 0.622968 0.139608
vt 0.610333 0.152292
vt 0.614855 0.154151
vt 0.612368 0.149164
vt 0.615921 0.151984
vt 0.610173 0.147111
vt 0.607636 0.150763
vt 0.613316 0.144279
vt 0.614856 0.146695
vt 0.616856 0.142399
vt 0.617655 0.145015
vt 0.615924 0.139374
vt 0.611626 0.141383
vt 0.585535 0.090084
vt 0.585054 0.092258
vt 0.578104 0.091017
vt 0.579177 0.087016
vt 0.585192 0.094555
vt 0.578098 0.095301
vt 0.586037 0.096791
vt 0.579262 0.099526
vt 0.587561 0.098759
vt 0.581546 0.103410
vt 0.595384 0.101632
vt 0.594083 0.110180
vt 0.952638 0.161455
vt 0.950357 0.160452
vt 0.950966 0.157534
vt 0.953466 0.157871
vt 0.948238 0.159793
vt 0.948708 0.157385
vt 0.950830 0.154386
vt 0.953403 0.154074
vt 0.948555 0.154861
vt 0.947897 0.148294
vt 0.950156 0.146678
vt 0.945955 0.150052
vt 0.943324 0.148549
vt 0.944794 0.146366
vt 0.944074 0.152034
vt 0.941942 0.150834
vt 0.936740 0.147812
vt 0.936778 0.145172
vt 0.936729 0.150254
vt 0.927222 0.153054
vt 0.925085 0.150843
vt 0.929204 0.154777
vt 0.927737 0.157596
vt 0.925269 0.156463
vt 0.930997 0.156277
vt 0.929839 0.158605
vt 0.927199 0.164446
vt 0.924112 0.164764
vt 0.929583 0.164177
vt 0.928237 0.168035
vt 0.925058 0.169125
vt 0.930601 0.167072
vt 0.932424 0.169681
vt 0.930299 0.171341
vt 0.932668 0.166112
vt 0.931776 0.163792
vt 0.934182 0.168194
vt 0.934970 0.171840
vt 0.933262 0.174166
vt 0.936297 0.169830
vt 0.935711 0.166714
vt 0.937509 0.168012
vt 0.939007 0.170820
vt 0.938225 0.173322
vt 0.942053 0.171011
vt 0.941902 0.173805
vt 0.945161 0.170232
vt 0.945717 0.172964
vt 0.942170 0.168773
vt 0.944701 0.168048
vt 0.948105 0.168603
vt 0.949363 0.171051
vt 0.946397 0.176151
vt 0.941903 0.177014
vt 0.947063 0.166641
vt 0.297685 0.213598
vt 0.295378 0.209502
vt 0.303103 0.207009
vt 0.304656 0.209076
vt 0.295444 0.200699
vt 0.302422 0.202321
vt 0.297270 0.196824
vt 0.303085 0.200121
vt 0.299863 0.193634
vt 0.304256 0.198240
vt 0.042197 0.008852
vt 0.043706 0.007345
vt 0.044639 0.008654
vt 0.043381 0.009742
vt 0.045376 0.006135
vt 0.046077 0.007744
vt 0.045206 0.010058
vt 0.044190 0.010430
vt 0.759551 0.149128
vt 0.752106 0.148755
vt 0.752427 0.145680
vt 0.759565 0.146246
vt 0.759186 0.151208
vt 0.752346 0.151249
vt 0.762516 0.145818
vt 0.762662 0.148540
vt 0.762736 0.150804
vt 0.748726 0.150975
vt 0.748896 0.148476
vt 0.768724 0.146280
vt 0.768572 0.148953
vt 0.767478 0.150890
vt 0.745088 0.150312
vt 0.745363 0.147876
vt 0.748369 0.153320
vt 0.751264 0.153448
vt 0.774680 0.147951
vt 0.774285 0.149986
vt 0.745276 0.152785
vt 0.769407 0.143498
vt 0.775341 0.145992
vt 0.777794 0.148239
vt 0.777204 0.150276
vt 0.742329 0.153631
vt 0.741572 0.151062
vt 0.747323 0.155337
vt 0.745324 0.154799
vt 0.778136 0.145978
vt 0.780748 0.149393
vt 0.779447 0.150919
vt 0.739497 0.154834
vt 0.738516 0.152131
vt 0.742912 0.155766
vt 0.781342 0.147407
vt 0.736372 0.155651
vt 0.735367 0.153036
vt 0.739949 0.156948
vt 0.779077 0.143574
vt 0.782137 0.144908
vt 0.787680 0.148774
vt 0.786168 0.150400
vt 0.736820 0.157928
vt 0.787938 0.146344
vt 0.730007 0.157554
vt 0.730877 0.159870
vt 0.797213 0.146939
vt 0.795987 0.149174
vt 0.799842 0.148526
vt 0.798261 0.150297
vt 0.309524 0.020367
vt 0.308037 0.018714
vt 0.309480 0.016224
vt 0.311404 0.017406
vt 0.310294 0.013321
vt 0.312556 0.013917
vt 0.309531 0.006999
vt 0.312055 0.006160
vt 0.989662 0.091436
vt 0.985077 0.087425
vt 0.986022 0.085632
vt 0.991639 0.088339
vt 0.985172 0.078992
vt 0.991763 0.076341
vt 0.981480 0.075706
vt 0.985886 0.069436
vt 0.978968 0.074975
vt 0.981649 0.067397
vt 0.380538 0.006169
vt 0.379873 0.014616
vt 0.376955 0.015248
vt 0.375553 0.006360
vt 0.543581 0.033365
vt 0.539980 0.039936
vt 0.533292 0.034510
vt 0.539486 0.030675
vt 0.531737 0.030716
vt 0.538293 0.028740
vt 0.531681 0.026768
vt 0.537824 0.026639
vt 0.532701 0.023026
vt 0.538036 0.024609
vt 0.534400 0.019822
vt 0.538816 0.022821
vt 0.262922 0.156270
vt 0.258790 0.152936
vt 0.264973 0.147299
vt 0.267699 0.149038
vt 0.255786 0.148739
vt 0.262974 0.145033
vt 0.268636 0.146480
vt 0.266401 0.145251
vt 0.253911 0.143966
vt 0.261707 0.142443
vt 0.271186 0.147154
vt 0.270850 0.150089
vt 0.253181 0.138948
vt 0.261172 0.139740
vt 0.273898 0.147091
vt 0.274227 0.150117
vt 0.255550 0.130173
vt 0.262076 0.134802
vt 0.276629 0.146254
vt 0.277660 0.149115
vt 0.258346 0.126952
vt 0.263344 0.132876
vt 0.279233 0.144597
vt 0.280966 0.147069
vt 0.269154 0.122880
vt 0.268905 0.130156
vt 0.281452 0.142202
vt 0.283825 0.144119
vt 0.272887 0.123589
vt 0.270914 0.130308
vt 0.283074 0.139195
vt 0.285949 0.140440
vt 0.279372 0.140618
vt 0.277652 0.142597
vt 0.283844 0.135697
vt 0.287037 0.136173
vt 0.280574 0.138168
vt 0.283512 0.131820
vt 0.286757 0.131436
vt 0.281102 0.135330
vt 0.282239 0.127914
vt 0.285348 0.126672
vt 0.280809 0.132187
vt 0.279736 0.129049
vt 0.277791 0.126234
vt 0.279937 0.124369
vt 0.275037 0.123975
vt 0.276689 0.121477
vt 0.271527 0.122532
vt 0.272536 0.119569
vt 0.267580 0.122018
vt 0.267854 0.118773
vt 0.263445 0.122532
vt 0.262922 0.119193
vt 0.659834 0.044820
vt 0.665121 0.039924
vt 0.671139 0.053822
vt 0.664698 0.053763
vt 0.664732 0.065818
vt 0.661635 0.061874
vt 0.661222 0.068319
vt 0.659486 0.063512
vt 0.657393 0.069818
vt 0.657065 0.064493
vt 0.653414 0.070066
vt 0.654598 0.064779
vt 0.649832 0.069275
vt 0.652309 0.064433
vt 0.967719 0.052466
vt 0.971162 0.054694
vt 0.970417 0.056889
vt 0.966309 0.055594
vt 0.971065 0.061913
vt 0.966885 0.063182
vt 0.972445 0.064283
vt 0.968621 0.066905
vt 0.977247 0.067454
vt 0.975077 0.072498
vt 0.973939 0.062905
vt 0.977940 0.065305
vt 0.983356 0.065015
vt 0.983896 0.067340
vt 0.985979 0.063668
vt 0.987159 0.065780
vt 0.988159 0.061352
vt 0.989985 0.063033
vt 0.984725 0.061623
vt 0.986414 0.059758
vt 0.990180 0.054707
vt 0.993049 0.055053
vt 0.987665 0.054514
vt 0.983137 0.045922
vt 0.984920 0.043864
vt 0.604376 0.175052
vt 0.603530 0.169508
vt 0.608405 0.169296
vt 0.607548 0.174539
vt 0.613027 0.170355
vt 0.610606 0.174913
vt 0.616882 0.172588
vt 0.613250 0.176108
vt 0.619642 0.175668
vt 0.615261 0.177911
vt 0.620968 0.179256
vt 0.616418 0.180111
vt 0.621093 0.182972
vt 0.616792 0.182458
vt 0.623777 0.179054
vt 0.623785 0.183442
vt 0.620231 0.186473
vt 0.616453 0.184717
vt 0.622660 0.187654
vt 0.618565 0.189514
vt 0.615541 0.186694
vt 0.620529 0.191349
vt 0.617519 0.194138
vt 0.616258 0.191846
vt 0.613944 0.195836
vt 0.613515 0.193286
vt 0.618837 0.196834
vt 0.614421 0.198652
vt 0.610139 0.196226
vt 0.610553 0.193627
vt 0.606503 0.195384
vt 0.607687 0.192985
vt 0.609547 0.198936
vt 0.605166 0.197723
vt 0.603374 0.193428
vt 0.605213 0.191570
vt 0.611043 0.189470
vt 0.609246 0.189195
vt 0.601439 0.195138
vt 0.601030 0.190713
vt 0.603391 0.189593
vt 0.607660 0.188428
vt 0.598687 0.191660
vt 0.599746 0.187635
vt 0.602419 0.187312
vt 0.597218 0.187763
vt 0.599577 0.184602
vt 0.602248 0.184996
vt 0.597115 0.183949
vt 0.600595 0.182031
vt 0.602858 0.182929
vt 0.598515 0.180737
vt 0.600802 0.178279
vt 0.602340 0.180023
vt 0.594976 0.176428
vt 0.598322 0.173157
vt 0.603347 0.176662
vt 0.604316 0.178641
vt 0.128318 0.217508
vt 0.130078 0.214643
vt 0.134277 0.216485
vt 0.130760 0.221278
vt 0.136258 0.217303
vt 0.131647 0.223066
vt 0.132500 0.206813
vt 0.134776 0.205330
vt 0.123330 0.221678
vt 0.122395 0.223197
vt 0.121150 0.225149
vt 0.132809 0.225545
vt 0.120128 0.221287
vt 0.121441 0.220233
vt 0.118405 0.222557
vt 0.118014 0.216206
vt 0.116112 0.215963
vt 0.116206 0.223859
vt 0.113932 0.215639
vt 0.119211 0.211275
vt 0.117880 0.209854
vt 0.116400 0.208254
vt 0.120444 0.212376
vt 0.119581 0.216444
vt 0.119988 0.207753
vt 0.120822 0.209565
vt 0.119096 0.205757
vt 0.122324 0.204420
vt 0.122555 0.206583
vt 0.125613 0.204331
vt 0.125226 0.206418
vt 0.121922 0.201643
vt 0.117779 0.203094
vt 0.128702 0.205262
vt 0.127727 0.207076
vt 0.126096 0.201717
vt 0.126922 0.208848
vt 0.124871 0.208405
vt 0.129975 0.203040
vt 0.286414 0.186630
vt 0.288332 0.188216
vt 0.285355 0.192229
vt 0.282719 0.189756
vt 0.293285 0.189620
vt 0.292744 0.194471
vt 0.298506 0.188002
vt 0.300688 0.192827
vt 0.300808 0.186084
vt 0.304305 0.190251
vt 0.302627 0.183538
vt 0.307281 0.186692
vt 0.299327 0.184510
vt 0.300760 0.182367
vt 0.303782 0.180475
vt 0.309333 0.182367
vt 0.301607 0.179838
vt 0.304172 0.177024
vt 0.310358 0.177551
vt 0.301791 0.176995
vt 0.301269 0.173950
vt 0.303738 0.173299
vt 0.299914 0.171022
vt 0.302270 0.169678
vt 0.297611 0.168526
vt 0.299587 0.166549
vt 0.297780 0.172429
vt 0.295854 0.170454
vt 0.294590 0.166667
vt 0.295994 0.164150
vt 0.293391 0.168998
vt 0.291077 0.165653
vt 0.291784 0.162737
vt 0.290534 0.168245
vt 0.287282 0.165571
vt 0.287219 0.162401
vt 0.287468 0.168302
vt 0.578595 0.170525
vt 0.576437 0.172807
vt 0.572534 0.162543
vt 0.575237 0.162438
vt 0.576609 0.153291
vt 0.578296 0.154834
vt 0.569658 0.162343
vt 0.575126 0.151402
vt 0.578124 0.149411
vt 0.579003 0.151574
vt 0.581321 0.148299
vt 0.581585 0.150597
vt 0.575906 0.143238
vt 0.580713 0.142314
vt 0.587455 0.148520
vt 0.586588 0.150671
vt 0.589823 0.143549
vt 0.589995 0.149653
vt 0.588681 0.151514
vt 0.593522 0.145670
vt 0.597963 0.152190
vt 0.593322 0.153580
vt 0.597412 0.162758
vt 0.593514 0.160582
vt 0.601116 0.151638
vt 0.599900 0.164508
vt 0.597521 0.167685
vt 0.595641 0.165346
vt 0.591271 0.170863
vt 0.590862 0.168095
vt 0.599445 0.170291
vt 0.591623 0.173811
vt 0.588002 0.170879
vt 0.588277 0.168269
vt 0.587595 0.173674
vt 0.584973 0.170129
vt 0.585822 0.167812
vt 0.582314 0.168815
vt 0.583626 0.166866
vt 0.101043 0.196765
vt 0.099393 0.195779
vt 0.100988 0.193959
vt 0.102256 0.195192
vt 0.095756 0.192965
vt 0.098554 0.190547
vt 0.098382 0.198152
vt 0.093704 0.196337
vt 0.093911 0.190868
vt 0.097419 0.188291
vt 0.101624 0.189067
vt 0.102914 0.192792
vt 0.098210 0.200921
vt 0.092833 0.200614
vt 0.101222 0.186746
vt 0.099003 0.203830
vt 0.093454 0.205092
vt 0.105079 0.186309
vt 0.104760 0.188561
vt 0.108707 0.187069
vt 0.107715 0.189079
vt 0.105649 0.183850
vt 0.109899 0.185024
vt 0.111852 0.188790
vt 0.110249 0.190401
vt 0.113561 0.187262
vt 0.114245 0.191269
vt 0.112159 0.192310
vt 0.106457 0.192368
vt 0.108182 0.193105
vt 0.116336 0.190394
vt 0.117780 0.194032
vt 0.115538 0.194183
vt 0.117482 0.197724
vt 0.115427 0.197164
vt 0.115995 0.201068
vt 0.114344 0.199881
vt 0.111305 0.205422
vt 0.110706 0.203503
vt 0.105767 0.205775
vt 0.106276 0.203971
vt 0.103347 0.204804
vt 0.104303 0.203260
vt 0.102761 0.211867
vt 0.098610 0.209368
vt 0.893268 0.220323
vt 0.894068 0.218349
vt 0.897304 0.219352
vt 0.895858 0.222261
vt 0.891913 0.212061
vt 0.894658 0.209268
vt 0.889743 0.210726
vt 0.891561 0.206791
vt 0.890950 0.213152
vt 0.889164 0.212181
vt 0.881972 0.211755
vt 0.879657 0.207642
vt 0.882932 0.213199
vt 0.879753 0.219819
vt 0.877696 0.219679
vt 0.881183 0.225616
vt 0.879062 0.226628
vt 0.881572 0.219869
vt 0.883895 0.214326
vt 0.883009 0.224534
vt 0.885656 0.229749
vt 0.886901 0.227948
vt 0.885519 0.222756
vt 0.888596 0.224908
vt 0.892530 0.225681
vt 0.891960 0.229599
vt 0.889140 0.223601
vt 0.892643 0.224127
vt 0.896508 0.224817
vt 0.897366 0.228932
vt 0.895886 0.223437
vt 0.302645 0.014924
vt 0.299598 0.013684
vt 0.301526 0.009547
vt 0.304088 0.011442
vt 0.304321 0.006159
vt 0.306263 0.008609
vt 0.046417 0.114929
vt 0.055984 0.103615
vt 0.056704 0.104012
vt 0.048209 0.115365
vt 0.056996 0.104310
vt 0.049155 0.115632
vt 0.051916 0.131608
vt 0.050615 0.132807
vt 0.057173 0.103610
vt 0.057478 0.103917
vt 0.058677 0.135967
vt 0.057966 0.138910
vt 0.057482 0.103264
vt 0.057782 0.103547
vt 0.064181 0.136803
vt 0.064612 0.140954
vt 0.057926 0.103737
vt 0.057618 0.104064
vt 0.066888 0.136571
vt 0.068286 0.140855
vt 0.071534 0.134125
vt 0.075330 0.138017
vt 0.073065 0.131958
vt 0.078168 0.135059
vt 0.073980 0.129294
vt 0.080409 0.131279
vt 0.074293 0.126268
vt 0.081979 0.126905
vt 0.074092 0.123079
vt 0.082583 0.122132
vt 0.073473 0.119843
vt 0.081937 0.117090
vt 0.072278 0.116756
vt 0.080055 0.112207
vt 0.070352 0.114072
vt 0.076946 0.107944
vt 0.067811 0.111939
vt 0.072820 0.104449
vt 0.496432 0.006138
vt 0.498611 0.018419
vt 0.496116 0.017678
vt 0.493704 0.007607
vt 0.776380 0.207452
vt 0.774013 0.201315
vt 0.786595 0.202739
vt 0.783060 0.206953
vt 0.790970 0.208960
vt 0.785850 0.209922
vt 0.789810 0.218733
vt 0.785733 0.215165
vt 0.793243 0.208623
vt 0.791309 0.220386
vt 0.781406 0.222985
vt 0.781999 0.221233
vt 0.778316 0.221877
vt 0.779484 0.220428
vt 0.792682 0.222663
vt 0.780552 0.225091
vt 0.776915 0.223503
vt 0.773829 0.211725
vt 0.775531 0.212541
vt 0.775133 0.225086
vt 0.772204 0.210572
vt 0.788911 0.159149
vt 0.787146 0.158761
vt 0.788376 0.153242
vt 0.791593 0.154310
vt 0.785221 0.158879
vt 0.784806 0.153030
vt 0.792917 0.152129
vt 0.789074 0.150639
vt 0.783240 0.159612
vt 0.781034 0.154011
vt 0.796102 0.154415
vt 0.794248 0.156058
vt 0.781443 0.160941
vt 0.777442 0.156147
vt 0.784711 0.150161
vt 0.780240 0.151100
vt 0.798315 0.157345
vt 0.796119 0.158338
vt 0.780082 0.162857
vt 0.774432 0.159402
vt 0.799230 0.160780
vt 0.796987 0.161038
vt 0.779351 0.165174
vt 0.772512 0.163525
vt 0.799055 0.164310
vt 0.796946 0.163831
vt 0.801721 0.160674
vt 0.800892 0.156416
vt 0.779460 0.167691
vt 0.772204 0.168272
vt 0.797848 0.167523
vt 0.796051 0.166366
vt 0.801274 0.164981
vt 0.780468 0.170095
vt 0.773527 0.173011
vt 0.799659 0.168857
vt 0.797203 0.171973
vt 0.795907 0.170113
vt 0.794276 0.173979
vt 0.793569 0.171785
vt 0.791123 0.174914
vt 0.791040 0.172603
vt 0.787988 0.174819
vt 0.788522 0.172631
vt 0.782928 0.172305
vt 0.784339 0.170811
vt 0.786257 0.180268
vt 0.790840 0.180847
vt 0.934786 0.221531
vt 0.936036 0.219651
vt 0.938199 0.220302
vt 0.937507 0.222389
vt 0.940599 0.220247
vt 0.940569 0.222365
vt 0.942996 0.219332
vt 0.943603 0.221287
vt 0.945184 0.217651
vt 0.946410 0.219280
vt 0.946953 0.215271
vt 0.948776 0.216453
vt 0.948045 0.212370
vt 0.950343 0.212989
vt 0.945357 0.214364
vt 0.946158 0.211960
vt 0.948236 0.209156
vt 0.950779 0.209087
vt 0.946220 0.209340
vt 0.947481 0.205792
vt 0.950067 0.205017
vt 0.945507 0.206656
vt 0.945726 0.202448
vt 0.948184 0.201027
vt 0.943948 0.204069
vt 0.943761 0.207718
vt 0.942398 0.205841
vt 0.941626 0.202085
vt 0.943008 0.199800
vt 0.940443 0.204472
vt 0.938538 0.201215
vt 0.939250 0.198532
vt 0.941233 0.207358
vt 0.939596 0.206332
vt 0.937976 0.203875
vt 0.935055 0.201461
vt 0.934942 0.198637
vt 0.937625 0.205898
vt 0.935241 0.204105
vt 0.931521 0.202844
vt 0.930566 0.200141
vt 0.935493 0.206111
vt 0.932492 0.205214
vt 0.933364 0.207027
vt 0.930050 0.207135
vt 0.928332 0.205244
vt 0.931481 0.208600
vt 0.043323 0.089323
vt 0.047095 0.090915
vt 0.046597 0.093128
vt 0.042197 0.092649
vt 0.047711 0.097992
vt 0.043127 0.100243
vt 0.051934 0.101746
vt 0.048909 0.106598
vt 0.250416 0.022743
vt 0.249400 0.025378
vt 0.246042 0.023508
vt 0.247627 0.021345
vt 0.243374 0.021000
vt 0.245371 0.019420
vt 0.241540 0.018067
vt 0.243769 0.017145
vt 0.240576 0.014908
vt 0.242873 0.014667
vt 0.240522 0.011723
vt 0.242736 0.012122
vt 0.241162 0.008734
vt 0.243187 0.009710
vt 0.242297 0.006137
vt 0.244076 0.007614
vt 0.335426 0.022511
vt 0.333989 0.023900
vt 0.331726 0.020959
vt 0.333474 0.020193
vt 0.331694 0.025553
vt 0.329136 0.021851
vt 0.331385 0.011650
vt 0.332841 0.012665
vt 0.336651 0.021073
vt 0.334967 0.019316
vt 0.329699 0.010303
vt 0.333267 0.009428
vt 0.334254 0.010813
vt 0.332189 0.007613
vt 0.342063 0.006164
vt 0.341070 0.008046
vt 0.611810 0.010781
vt 0.606063 0.011236
vt 0.603441 0.006169
vt 0.614712 0.006429
vt 0.604548 0.012782
vt 0.600205 0.008747
vt 0.605064 0.021717
vt 0.599196 0.025477
vt 0.766778 0.014912
vt 0.777388 0.007204
vt 0.783945 0.027384
vt 0.783945 0.006165
vt 0.763764 0.020827
vt 0.790502 0.007203
vt 0.763764 0.033941
vt 0.801112 0.014912
vt 0.766778 0.039857
vt 0.804126 0.020827
vt 0.777388 0.047565
vt 0.805164 0.027384
vt 0.783945 0.048604
vt 0.804126 0.033941
vt 0.790502 0.047565
vt 0.801112 0.039857
vt 0.796417 0.044551
vt 0.069418 0.010745
vt 0.079955 0.018520
vt 0.062849 0.009665
vt 0.071188 0.006236
vt 0.083822 0.015612
vt 0.082970 0.024445
vt 0.087555 0.022754
vt 0.082903 0.037552
vt 0.079819 0.043388
vt 0.087437 0.039289
vt 0.083681 0.046301
vt 0.069237 0.051148
vt 0.071028 0.055667
vt 0.062673 0.052154
vt 0.056118 0.051084
vt 0.050244 0.047974
vt 0.054362 0.055613
vt 0.047348 0.051836
vt 0.045576 0.043276
vt 0.041692 0.046157
vt 0.042551 0.037398
vt 0.037977 0.039094
vt 0.041540 0.030831
vt 0.042607 0.024273
vt 0.045673 0.018370
vt 0.038071 0.022546
vt 0.041813 0.015458
vt 0.056277 0.010686
vt 0.054539 0.006136
vt 0.874470 0.007758
vt 0.880171 0.010658
vt 0.868167 0.027194
vt 0.874655 0.007183
vt 0.880525 0.010169
vt 0.884695 0.015179
vt 0.868154 0.006770
vt 0.868147 0.006166
vt 0.885184 0.014825
vt 0.887598 0.020878
vt 0.856150 0.010675
vt 0.855800 0.010183
vt 0.888173 0.020693
vt 0.888589 0.027194
vt 0.851626 0.015190
vt 0.851138 0.014835
vt 0.889193 0.027201
vt 0.884689 0.039201
vt 0.848734 0.020889
vt 0.848158 0.020709
vt 0.885182 0.039551
vt 0.880177 0.043729
vt 0.848738 0.033511
vt 0.848161 0.033692
vt 0.880532 0.044217
vt 0.874480 0.046632
vt 0.851633 0.039209
vt 0.851144 0.039564
vt 0.874665 0.047206
vt 0.868164 0.047622
vt 0.856159 0.043722
vt 0.855808 0.044214
vt 0.868158 0.048226
vt 0.078487 0.168554
vt 0.087417 0.171455
vt 0.090778 0.174816
vt 0.073793 0.169297
vt 0.069558 0.171455
vt 0.066197 0.174816
vt 0.063295 0.183746
vt 0.066197 0.192675
vt 0.069558 0.196036
vt 0.073793 0.198194
vt 0.083182 0.198194
vt 0.087417 0.196036
vt 0.092936 0.188440
vt 0.981308 0.169524
vt 0.977932 0.172870
vt 0.969057 0.160540
vt 0.984363 0.171953
vt 0.980334 0.175947
vt 0.968990 0.175732
vt 0.983526 0.155910
vt 0.964298 0.174968
vt 0.978041 0.148289
vt 0.960073 0.172791
vt 0.973816 0.146113
vt 0.956727 0.169415
vt 0.964427 0.146071
vt 0.957644 0.175846
vt 0.953650 0.171817
vt 0.953865 0.160473
vt 0.960182 0.148210
vt 0.956806 0.151556
vt 0.953751 0.149127
vt 0.957780 0.145133
vt 0.847639 0.207925
vt 0.851501 0.213241
vt 0.831279 0.219811
vt 0.851501 0.219811
vt 0.841390 0.205895
vt 0.849991 0.222775
vt 0.838105 0.206415
vt 0.847639 0.225127
vt 0.831279 0.213241
vt 0.844675 0.226637
vt 0.841390 0.227157
vt 0.835141 0.225127
vt 0.771966 0.173491
vt 0.766370 0.181193
vt 0.757316 0.168731
vt 0.757316 0.184135
vt 0.771966 0.163971
vt 0.752556 0.183381
vt 0.769778 0.159677
vt 0.742666 0.173491
vt 0.766370 0.156269
vt 0.742666 0.163971
vt 0.762076 0.154081
vt 0.748261 0.156269
vt 0.757316 0.153327
vt 0.105736 0.007716
vt 0.105492 0.007623
vt 0.105592 0.006370
vt 0.105866 0.006161
vt 0.185666 0.006253
vt 0.185911 0.006164
vt 0.186013 0.007720
vt 0.185746 0.007511
vt 0.223644 0.006142
vt 0.223906 0.006358
vt 0.223954 0.007618
vt 0.223707 0.007700
vt 0.190152 0.007513
vt 0.189886 0.007724
vt 0.189979 0.006167
vt 0.190224 0.006254
vt 0.624706 0.209077
vt 0.624961 0.209066
vt 0.625266 0.214254
vt 0.625010 0.214261
vt 0.624620 0.188998
vt 0.624875 0.188999
vt 0.624656 0.174940
vt 0.624890 0.174575
vt 0.633748 0.189040
vt 0.633806 0.208907
vt 0.624514 0.173345
vt 0.624739 0.173152
vt 0.633711 0.174341
vt 0.644233 0.188941
vt 0.644254 0.209019
vt 0.644093 0.174525
vt 0.644508 0.209028
vt 0.644487 0.188939
vt 0.644341 0.174736
vt 0.644232 0.214201
vt 0.643977 0.214192
vt 0.118488 0.163647
vt 0.118742 0.163662
vt 0.118471 0.183732
vt 0.118216 0.183729
vt 0.118840 0.158461
vt 0.119095 0.158471
vt 0.127529 0.163942
vt 0.127342 0.183846
vt 0.118396 0.198147
vt 0.118151 0.197932
vt 0.138033 0.163885
vt 0.137828 0.183965
vt 0.127173 0.198460
vt 0.138288 0.163877
vt 0.138083 0.183969
vt 0.137598 0.198370
vt 0.137804 0.158705
vt 0.138059 0.158699
vt 0.137838 0.198009
vt 0.137955 0.199605
vt 0.137727 0.199796
vt 0.215224 0.000000
vt 0.215243 0.008839
vt 0.215204 0.008839
vt 0.215223 0.019285
vt 0.738998 0.264285
vt 0.738238 0.264001
vt 0.738195 0.258199
vt 0.738805 0.258255
vt 0.737490 0.263656
vt 0.737477 0.258062
vt 0.738193 0.252178
vt 0.738735 0.251943
vt 0.738309 0.269369
vt 0.737514 0.268892
vt 0.736680 0.263400
vt 0.736682 0.257939
vt 0.737492 0.252321
vt 0.738269 0.246513
vt 0.738822 0.245978
vt 0.738372 0.274235
vt 0.737555 0.273712
vt 0.736693 0.268576
vt 0.735866 0.263258
vt 0.735878 0.257867
vt 0.736706 0.252390
vt 0.737538 0.246851
vt 0.738296 0.241551
vt 0.738974 0.240682
vt 0.738359 0.278669
vt 0.737586 0.278196
vt 0.736734 0.273388
vt 0.735876 0.268414
vt 0.735093 0.263237
vt 0.735119 0.257806
vt 0.735909 0.252471
vt 0.736750 0.247170
vt 0.737573 0.242205
vt 0.738313 0.237529
vt 0.738898 0.236628
vt 0.738389 0.282826
vt 0.737625 0.282441
vt 0.736781 0.277895
vt 0.735920 0.273235
vt 0.735111 0.268425
vt 0.734293 0.263337
vt 0.734283 0.257596
vt 0.735182 0.252519
vt 0.735923 0.247301
vt 0.736810 0.242562
vt 0.737620 0.238013
vt 0.738370 0.234216
vt 0.738824 0.234239
vt 0.738392 0.286950
vt 0.737647 0.286468
vt 0.736835 0.282168
vt 0.735976 0.277775
vt 0.735134 0.273267
vt 0.734325 0.268595
vt 0.734534 0.252519
vt 0.735205 0.247514
vt 0.736046 0.242806
vt 0.736866 0.238340
vt 0.737702 0.234267
vt 0.739283 0.231974
vt 0.738537 0.231280
vt 0.738325 0.290811
vt 0.737636 0.290219
vt 0.736883 0.286189
vt 0.736045 0.282087
vt 0.735201 0.277845
vt 0.734226 0.273484
vt 0.734651 0.247610
vt 0.735333 0.242989
vt 0.736101 0.238613
vt 0.736937 0.234481
vt 0.737801 0.231044
vt 0.738545 0.228226
vt 0.739314 0.229181
vt 0.738181 0.294304
vt 0.737576 0.293557
vt 0.736914 0.289899
vt 0.736114 0.286140
vt 0.735285 0.282220
vt 0.734500 0.278100
vt 0.734702 0.243138
vt 0.735364 0.238840
vt 0.736153 0.234751
vt 0.736929 0.231031
vt 0.737812 0.227721
vt 0.737937 0.297215
vt 0.737456 0.296280
vt 0.736920 0.293205
vt 0.736183 0.289868
vt 0.735369 0.286355
vt 0.734614 0.282560
vt 0.734621 0.239121
vt 0.735399 0.234999
vt 0.736109 0.231128
vt 0.737018 0.227494
vt 0.737876 0.224060
vt 0.738619 0.224651
vt 0.738734 0.294968
vt 0.738387 0.298422
vt 0.737527 0.299372
vt 0.737303 0.298128
vt 0.736895 0.296021
vt 0.736247 0.293185
vt 0.735475 0.290156
vt 0.734684 0.286827
vt 0.734577 0.235339
vt 0.735242 0.231458
vt 0.736208 0.227432
vt 0.737076 0.223699
vt 0.737924 0.219803
vt 0.738652 0.220249
vt 0.737814 0.301012
vt 0.736912 0.300310
vt 0.736864 0.298340
vt 0.736304 0.296019
vt 0.735597 0.293499
vt 0.734837 0.290762
vt 0.735405 0.227486
vt 0.736275 0.223524
vt 0.737131 0.219474
vt 0.737972 0.214971
vt 0.738678 0.215203
vt 0.738955 0.299857
vt 0.738516 0.303668
vt 0.737005 0.302214
vt 0.736239 0.300428
vt 0.736329 0.298373
vt 0.735740 0.296275
vt 0.735003 0.294256
vt 0.735500 0.223530
vt 0.736345 0.219294
vt 0.737178 0.214801
vt 0.737920 0.209688
vt 0.738638 0.209738
vt 0.739454 0.220836
vt 0.739273 0.215539
vt 0.737076 0.304141
vt 0.736097 0.302619
vt 0.735632 0.299580
vt 0.735888 0.298190
vt 0.735250 0.297259
vt 0.735646 0.219194
vt 0.736387 0.214672
vt 0.737143 0.209650
vt 0.737882 0.204316
vt 0.738626 0.204200
vt 0.739356 0.209844
vt 0.735965 0.304531
vt 0.735303 0.301703
vt 0.734482 0.295075
vt 0.734790 0.298595
vt 0.735687 0.214635
vt 0.736364 0.209638
vt 0.737103 0.204382
vt 0.737847 0.198999
vt 0.738611 0.198776
vt 0.734947 0.303696
vt 0.735639 0.209716
vt 0.736322 0.204428
vt 0.737061 0.199116
vt 0.737811 0.193807
vt 0.738579 0.193591
vt 0.734391 0.299829
vt 0.735113 0.214816
vt 0.734823 0.209958
vt 0.735578 0.204514
vt 0.736280 0.199178
vt 0.737015 0.193933
vt 0.737755 0.188824
vt 0.738546 0.188677
vt 0.739248 0.193336
vt 0.739416 0.198506
vt 0.735534 0.199229
vt 0.736230 0.193987
vt 0.736946 0.188916
vt 0.737695 0.184070
vt 0.738507 0.184000
vt 0.739296 0.188520
vt 0.735490 0.193975
vt 0.736154 0.188955
vt 0.736877 0.184114
vt 0.737626 0.179537
vt 0.738416 0.179512
vt 0.739362 0.183923
vt 0.735396 0.188913
vt 0.736085 0.184132
vt 0.736815 0.179533
vt 0.738326 0.175256
vt 0.737560 0.175266
vt 0.739119 0.179460
vt 0.735352 0.184121
vt 0.736026 0.179496
vt 0.736772 0.175229
vt 0.739021 0.175235
vt 0.737501 0.171347
vt 0.738241 0.171301
vt 0.735278 0.179428
vt 0.736007 0.175126
vt 0.736750 0.171324
vt 0.738911 0.171209
vt 0.737439 0.167908
vt 0.738151 0.167785
vt 0.735271 0.174909
vt 0.736044 0.171195
vt 0.736737 0.167999
vt 0.738802 0.167612
vt 0.737367 0.165033
vt 0.738059 0.164827
vt 0.735404 0.170928
vt 0.736128 0.167937
vt 0.736695 0.165406
vt 0.738652 0.164554
vt 0.737291 0.162670
vt 0.738015 0.162498
vt 0.735620 0.167474
vt 0.736234 0.165904
vt 0.736554 0.163408
vt 0.738510 0.162685
vt 0.737225 0.160692
vt 0.738069 0.160616
vt 0.734798 0.170715
vt 0.735152 0.166800
vt 0.735972 0.164905
vt 0.736370 0.161644
vt 0.738754 0.161521
vt 0.739177 0.163995
vt 0.737177 0.159058
vt 0.738151 0.158764
vt 0.735634 0.163681
vt 0.736155 0.159714
vt 0.735283 0.162277
vt 0.734605 0.166081
vt 0.279522 0.252293
vt 0.279845 0.250280
vt 0.280666 0.251570
vt 0.280566 0.253274
vt 0.278793 0.249157
vt 0.279221 0.247997
vt 0.280079 0.248601
vt 0.280770 0.249516
vt 0.281562 0.251982
vt 0.281617 0.253603
vt 0.279540 0.246973
vt 0.280217 0.246631
vt 0.280837 0.247096
vt 0.281520 0.249781
vt 0.282397 0.251356
vt 0.282688 0.253240
vt 0.278773 0.244894
vt 0.279212 0.244441
vt 0.279785 0.246049
vt 0.280209 0.244044
vt 0.280842 0.244234
vt 0.281504 0.247292
vt 0.282217 0.249263
vt 0.279664 0.244025
vt 0.280141 0.240790
vt 0.280818 0.240870
vt 0.281501 0.244376
vt 0.282125 0.247185
vt 0.283036 0.248884
vt 0.282725 0.247772
vt 0.278981 0.241074
vt 0.279527 0.240837
vt 0.280800 0.237030
vt 0.280080 0.236985
vt 0.281508 0.240987
vt 0.282124 0.244557
vt 0.282536 0.246847
vt 0.278783 0.237151
vt 0.279427 0.237016
vt 0.281526 0.237124
vt 0.280030 0.232893
vt 0.280780 0.232908
vt 0.282154 0.241176
vt 0.282627 0.244843
vt 0.283043 0.245193
vt 0.279348 0.232934
vt 0.281537 0.232966
vt 0.282201 0.237259
vt 0.279989 0.228815
vt 0.280759 0.228788
vt 0.282706 0.241463
vt 0.283124 0.241737
vt 0.279284 0.228896
vt 0.281532 0.228815
vt 0.282228 0.233046
vt 0.282795 0.237436
vt 0.279938 0.224843
vt 0.280735 0.224772
vt 0.279214 0.224956
vt 0.281531 0.224819
vt 0.282222 0.228868
vt 0.282816 0.233112
vt 0.279925 0.220978
vt 0.280749 0.220812
vt 0.278591 0.229063
vt 0.278502 0.225054
vt 0.279190 0.221116
vt 0.281569 0.221010
vt 0.282213 0.224908
vt 0.282797 0.228888
vt 0.278500 0.221181
vt 0.282287 0.221094
vt 0.282769 0.224934
vt 0.282833 0.221177
vt 0.514680 0.217954
vt 0.514159 0.219556
vt 0.513663 0.217770
vt 0.513913 0.216028
vt 0.515114 0.221948
vt 0.514531 0.222745
vt 0.513676 0.220350
vt 0.513479 0.218783
vt 0.512984 0.217283
vt 0.512991 0.215737
vt 0.513906 0.223325
vt 0.513071 0.220802
vt 0.513000 0.218788
vt 0.512247 0.217760
vt 0.512100 0.216289
vt 0.514821 0.226811
vt 0.514098 0.227128
vt 0.513196 0.223728
vt 0.512386 0.221146
vt 0.512342 0.219187
vt 0.511695 0.218979
vt 0.511342 0.217669
vt 0.514949 0.231083
vt 0.514233 0.231258
vt 0.513326 0.227396
vt 0.512453 0.224002
vt 0.511817 0.221299
vt 0.511913 0.219700
vt 0.511366 0.221069
vt 0.510938 0.220375
vt 0.510894 0.216232
vt 0.511813 0.214509
vt 0.515059 0.235378
vt 0.514339 0.235451
vt 0.513441 0.231411
vt 0.512533 0.227583
vt 0.511789 0.224118
vt 0.511232 0.224019
vt 0.510583 0.223701
vt 0.514421 0.239602
vt 0.515175 0.239604
vt 0.513533 0.235529
vt 0.512618 0.231522
vt 0.511802 0.227672
vt 0.513605 0.239623
vt 0.514508 0.243663
vt 0.515232 0.243709
vt 0.512691 0.235577
vt 0.511851 0.231577
vt 0.511175 0.227649
vt 0.512761 0.239634
vt 0.513684 0.243660
vt 0.515307 0.247439
vt 0.514602 0.247490
vt 0.511891 0.235575
vt 0.511149 0.231577
vt 0.511944 0.239604
vt 0.512815 0.243649
vt 0.513767 0.247675
vt 0.511199 0.235511
vt 0.511182 0.239475
vt 0.511986 0.243613
vt 0.512874 0.247705
vt 0.511246 0.243596
vt 0.511996 0.247475
vt 0.511266 0.247366
vt 0.117107 0.010328
vt 0.114993 0.010318
vt 0.114269 0.009014
vt 0.116929 0.009233
vt 0.117004 0.008212
vt 0.114276 0.008072
vt 0.116926 0.007090
vt 0.114094 0.007096
vt 0.116365 0.006166
vt 0.113932 0.006425
vt 0.528012 0.274710
vt 0.527251 0.274427
vt 0.527207 0.268625
vt 0.527817 0.268680
vt 0.526503 0.274082
vt 0.526489 0.268488
vt 0.527204 0.262604
vt 0.527746 0.262369
vt 0.527324 0.279795
vt 0.526528 0.279318
vt 0.525693 0.273827
vt 0.525693 0.268365
vt 0.526503 0.262747
vt 0.527280 0.256939
vt 0.527832 0.256404
vt 0.527388 0.284661
vt 0.526571 0.284138
vt 0.525707 0.279002
vt 0.524880 0.273684
vt 0.524889 0.268294
vt 0.525718 0.262816
vt 0.526548 0.257277
vt 0.527306 0.251977
vt 0.527984 0.251108
vt 0.527375 0.289095
vt 0.526602 0.288622
vt 0.525750 0.283814
vt 0.524891 0.278840
vt 0.524106 0.273664
vt 0.524131 0.268233
vt 0.524920 0.262897
vt 0.525761 0.257596
vt 0.526584 0.252631
vt 0.527323 0.247955
vt 0.527908 0.247054
vt 0.527406 0.293252
vt 0.526642 0.292867
vt 0.525797 0.288321
vt 0.524935 0.283661
vt 0.524125 0.278852
vt 0.523306 0.273764
vt 0.523289 0.268023
vt 0.524193 0.262946
vt 0.524934 0.257727
vt 0.525820 0.252988
vt 0.526630 0.248439
vt 0.527380 0.244642
vt 0.527834 0.244665
vt 0.527410 0.297376
vt 0.526666 0.296894
vt 0.525853 0.292594
vt 0.524992 0.288202
vt 0.524150 0.283694
vt 0.523339 0.279022
vt 0.523545 0.262945
vt 0.524216 0.257940
vt 0.525056 0.253232
vt 0.525876 0.248766
vt 0.526712 0.244693
vt 0.528293 0.242400
vt 0.527547 0.241706
vt 0.527344 0.301236
vt 0.526655 0.300645
vt 0.525902 0.296615
vt 0.525062 0.292513
vt 0.524218 0.288272
vt 0.523242 0.283910
vt 0.523662 0.258036
vt 0.524344 0.253415
vt 0.525111 0.249039
vt 0.525947 0.244907
vt 0.526811 0.241470
vt 0.527554 0.238652
vt 0.528323 0.239607
vt 0.527201 0.304730
vt 0.526596 0.303983
vt 0.525934 0.300325
vt 0.525132 0.296567
vt 0.524303 0.292647
vt 0.523516 0.288527
vt 0.523712 0.253564
vt 0.524374 0.249267
vt 0.525163 0.245177
vt 0.525939 0.241457
vt 0.526822 0.238148
vt 0.526958 0.307641
vt 0.526477 0.306706
vt 0.525940 0.303631
vt 0.525202 0.300295
vt 0.524388 0.296782
vt 0.523632 0.292987
vt 0.523631 0.249547
vt 0.524409 0.245425
vt 0.525119 0.241554
vt 0.526028 0.237920
vt 0.526886 0.234486
vt 0.527628 0.235077
vt 0.527754 0.305394
vt 0.527409 0.308848
vt 0.526549 0.309798
vt 0.526324 0.308554
vt 0.525916 0.306448
vt 0.525267 0.303612
vt 0.524494 0.300582
vt 0.523703 0.297254
vt 0.523587 0.245766
vt 0.524252 0.241884
vt 0.525218 0.237858
vt 0.526086 0.234125
vt 0.526933 0.230229
vt 0.527661 0.230675
vt 0.526836 0.311438
vt 0.525934 0.310736
vt 0.525885 0.308766
vt 0.525324 0.306446
vt 0.524617 0.303926
vt 0.523856 0.301189
vt 0.524415 0.237912
vt 0.525285 0.233950
vt 0.526140 0.229900
vt 0.526981 0.225397
vt 0.527687 0.225629
vt 0.527977 0.310282
vt 0.527539 0.314094
vt 0.526027 0.312641
vt 0.525261 0.310854
vt 0.525350 0.308799
vt 0.524760 0.306702
vt 0.524023 0.304683
vt 0.524509 0.233956
vt 0.525354 0.229720
vt 0.526187 0.225227
vt 0.526929 0.220114
vt 0.527646 0.220164
vt 0.528463 0.231262
vt 0.528282 0.225965
vt 0.526099 0.314568
vt 0.525119 0.313046
vt 0.524654 0.310007
vt 0.524909 0.308617
vt 0.524271 0.307686
vt 0.524655 0.229620
vt 0.525396 0.225098
vt 0.526152 0.220076
vt 0.526891 0.214742
vt 0.527634 0.214626
vt 0.528365 0.220270
vt 0.524987 0.314958
vt 0.524325 0.312130
vt 0.523503 0.305502
vt 0.523811 0.309022
vt 0.524696 0.225061
vt 0.525372 0.220064
vt 0.526111 0.214808
vt 0.526855 0.209425
vt 0.527619 0.209202
vt 0.523970 0.314123
vt 0.524648 0.220142
vt 0.525330 0.214854
vt 0.526069 0.209542
vt 0.526818 0.204233
vt 0.527587 0.204017
vt 0.523413 0.310255
vt 0.524122 0.225242
vt 0.523832 0.220384
vt 0.524587 0.214940
vt 0.525288 0.209604
vt 0.526023 0.204359
vt 0.526762 0.199249
vt 0.527554 0.199103
vt 0.528256 0.203762
vt 0.528424 0.208932
vt 0.524542 0.209655
vt 0.525238 0.204413
vt 0.525953 0.199342
vt 0.526515 0.181773
vt 0.527256 0.181728
vt 0.528304 0.198946
vt 0.524498 0.204401
vt 0.525161 0.199381
vt 0.525764 0.181750
vt 0.526457 0.178334
vt 0.527168 0.178213
vt 0.527925 0.181637
vt 0.524403 0.199339
vt 0.525058 0.181620
vt 0.525754 0.178425
vt 0.526387 0.175460
vt 0.527079 0.175254
vt 0.527820 0.178040
vt 0.524418 0.181353
vt 0.525145 0.178362
vt 0.525715 0.175832
vt 0.526314 0.173097
vt 0.527038 0.172926
vt 0.527673 0.174982
vt 0.524638 0.177899
vt 0.525254 0.176329
vt 0.525576 0.173834
vt 0.526250 0.171118
vt 0.527094 0.171043
vt 0.527533 0.173112
vt 0.523812 0.181140
vt 0.524170 0.177224
vt 0.524993 0.175331
vt 0.525394 0.172070
vt 0.526203 0.169484
vt 0.527178 0.169191
vt 0.527778 0.171949
vt 0.528199 0.174424
vt 0.524656 0.174106
vt 0.525181 0.170139
vt 0.524307 0.172702
vt 0.523624 0.176505
vt 0.136123 0.250274
vt 0.136441 0.248260
vt 0.137265 0.249548
vt 0.137169 0.251252
vt 0.135387 0.247139
vt 0.135812 0.245978
vt 0.136671 0.246580
vt 0.137365 0.247493
vt 0.138162 0.249957
vt 0.138221 0.251579
vt 0.136129 0.244954
vt 0.136805 0.244610
vt 0.137426 0.245074
vt 0.138116 0.247757
vt 0.138996 0.249330
vt 0.139291 0.251214
vt 0.135357 0.242876
vt 0.135795 0.242422
vt 0.136372 0.244028
vt 0.136791 0.242023
vt 0.137425 0.242211
vt 0.138094 0.245268
vt 0.138811 0.247237
vt 0.136246 0.242005
vt 0.136716 0.238769
vt 0.137393 0.238848
vt 0.138084 0.242352
vt 0.138715 0.245160
vt 0.139629 0.246856
vt 0.139316 0.245746
vt 0.135557 0.239056
vt 0.136102 0.238818
vt 0.137366 0.235007
vt 0.136647 0.234964
vt 0.138083 0.238963
vt 0.138708 0.242531
vt 0.139125 0.244820
vt 0.135349 0.235133
vt 0.135994 0.234997
vt 0.138093 0.235100
vt 0.136587 0.230873
vt 0.137337 0.230886
vt 0.138729 0.239151
vt 0.139211 0.242816
vt 0.139628 0.243166
vt 0.135905 0.230915
vt 0.138094 0.230942
vt 0.138768 0.235233
vt 0.136537 0.226795
vt 0.137307 0.226765
vt 0.139283 0.239436
vt 0.139701 0.239709
vt 0.135832 0.226877
vt 0.138079 0.226791
vt 0.138786 0.231021
vt 0.139363 0.235409
vt 0.136477 0.222823
vt 0.137274 0.222749
vt 0.135753 0.222937
vt 0.138070 0.222795
vt 0.138770 0.226842
vt 0.139374 0.231085
vt 0.136455 0.218957
vt 0.137279 0.218790
vt 0.135139 0.227045
vt 0.135041 0.223036
vt 0.135720 0.219097
vt 0.138099 0.218986
vt 0.138752 0.222882
vt 0.139345 0.226861
vt 0.135030 0.219163
vt 0.138817 0.219068
vt 0.139308 0.222907
vt 0.139363 0.219150
vt 0.826900 0.213437
vt 0.826390 0.215043
vt 0.825882 0.213260
vt 0.826121 0.211517
vt 0.827360 0.217428
vt 0.826782 0.218229
vt 0.825912 0.215840
vt 0.825705 0.214274
vt 0.825200 0.212778
vt 0.825197 0.211231
vt 0.826161 0.218813
vt 0.825310 0.216296
vt 0.825226 0.214282
vt 0.824467 0.213259
vt 0.824310 0.211789
vt 0.827099 0.222295
vt 0.826377 0.222616
vt 0.825453 0.219220
vt 0.824627 0.216644
vt 0.824570 0.214685
vt 0.823922 0.214482
vt 0.823561 0.213173
vt 0.827591 0.239188
vt 0.826867 0.239144
vt 0.825607 0.222887
vt 0.824712 0.219500
vt 0.824059 0.216801
vt 0.824144 0.215201
vt 0.823606 0.216574
vt 0.823174 0.215882
vt 0.823103 0.211740
vt 0.824011 0.210011
vt 0.827685 0.242917
vt 0.826980 0.242971
vt 0.826044 0.239145
vt 0.824815 0.223079
vt 0.824049 0.219620
vt 0.823491 0.219524
vt 0.822840 0.219210
vt 0.826146 0.243160
vt 0.825175 0.239138
vt 0.824085 0.223172
vt 0.825253 0.243194
vt 0.824345 0.239107
vt 0.823458 0.223156
vt 0.824374 0.242968
vt 0.823606 0.239095
vt 0.823643 0.242863
vt 0.112898 0.010325
vt 0.110784 0.010322
vt 0.110057 0.009020
vt 0.112717 0.009232
vt 0.112789 0.008210
vt 0.110061 0.008078
vt 0.112708 0.007088
vt 0.109876 0.007103
vt 0.112144 0.006166
vt 0.109712 0.006432
vt 0.425979 0.246405
vt 0.426550 0.236223
vt 0.433020 0.236582
vt 0.432471 0.246761
vt 0.418141 0.245820
vt 0.418729 0.235722
vt 0.427098 0.227125
vt 0.433592 0.227474
vt 0.433519 0.246792
vt 0.434065 0.236637
vt 0.419265 0.226690
vt 0.427531 0.218780
vt 0.434030 0.219019
vt 0.434638 0.227536
vt 0.433683 0.246759
vt 0.434234 0.236632
vt 0.419698 0.218399
vt 0.427937 0.207112
vt 0.434437 0.207183
vt 0.435077 0.219057
vt 0.434806 0.227540
vt 0.433841 0.246700
vt 0.434404 0.236617
vt 0.420085 0.206842
vt 0.428095 0.189692
vt 0.434582 0.189714
vt 0.435485 0.207184
vt 0.435244 0.219063
vt 0.434974 0.227540
vt 0.420235 0.189653
vt 0.428108 0.169214
vt 0.434602 0.169215
vt 0.435629 0.189714
vt 0.435652 0.207183
vt 0.435411 0.219069
vt 0.420257 0.169213
vt 0.428104 0.162006
vt 0.434600 0.162004
vt 0.435649 0.169216
vt 0.435796 0.189714
vt 0.435820 0.207181
vt 0.420252 0.162010
vt 0.428100 0.156151
vt 0.434596 0.156147
vt 0.435647 0.162004
vt 0.435817 0.169216
vt 0.435964 0.189713
vt 0.420247 0.156156
vt 0.428097 0.151360
vt 0.434592 0.151355
vt 0.435643 0.156146
vt 0.435815 0.162004
vt 0.435985 0.169216
vt 0.420244 0.151365
vt 0.428094 0.147927
vt 0.434589 0.147922
vt 0.435640 0.151354
vt 0.435811 0.156146
vt 0.435982 0.162004
vt 0.420241 0.147933
vt 0.428092 0.146146
vt 0.434588 0.146141
vt 0.435637 0.147921
vt 0.435807 0.151354
vt 0.435979 0.156146
vt 0.420240 0.146152
vt 0.428090 0.143087
vt 0.434586 0.143082
vt 0.435635 0.146140
vt 0.435805 0.147921
vt 0.435975 0.151354
vt 0.420237 0.143093
vt 0.428084 0.135822
vt 0.434580 0.135817
vt 0.435633 0.143081
vt 0.435803 0.146140
vt 0.435972 0.147921
vt 0.420232 0.135828
vt 0.428069 0.116742
vt 0.434564 0.116737
vt 0.435627 0.135816
vt 0.435801 0.143081
vt 0.435971 0.146140
vt 0.420216 0.116748
vt 0.428063 0.109305
vt 0.434559 0.109300
vt 0.435612 0.116736
vt 0.435795 0.135816
vt 0.435968 0.143081
vt 0.420210 0.109312
vt 0.428061 0.106418
vt 0.434556 0.106413
vt 0.435606 0.109299
vt 0.435780 0.116736
vt 0.435962 0.135816
vt 0.420208 0.106425
vt 0.428059 0.104895
vt 0.434555 0.104889
vt 0.435604 0.106412
vt 0.435774 0.109299
vt 0.435947 0.116736
vt 0.420206 0.104901
vt 0.434543 0.090893
vt 0.428048 0.090901
vt 0.435603 0.104888
vt 0.435771 0.106412
vt 0.435941 0.109299
vt 0.420194 0.090908
vt 0.435590 0.090891
vt 0.428041 0.083694
vt 0.434534 0.083681
vt 0.435770 0.104888
vt 0.435939 0.106411
vt 0.420186 0.083706
vt 0.435581 0.083679
vt 0.435758 0.090891
vt 0.427987 0.063213
vt 0.434472 0.063177
vt 0.435938 0.104887
vt 0.420132 0.063278
vt 0.435519 0.063174
vt 0.435749 0.083678
vt 0.435926 0.090891
vt 0.434276 0.045676
vt 0.427778 0.045793
vt 0.419927 0.046128
vt 0.435324 0.045666
vt 0.435687 0.063175
vt 0.435917 0.083678
vt 0.426856 0.025877
vt 0.433345 0.025513
vt 0.419026 0.026340
vt 0.434391 0.025452
vt 0.435491 0.045668
vt 0.435854 0.063175
vt 0.425558 0.006662
vt 0.432040 0.006222
vt 0.417749 0.007334
vt 0.433086 0.006169
vt 0.434558 0.025444
vt 0.435659 0.045674
vt 0.433250 0.006200
vt 0.434727 0.025436
vt 0.433408 0.006259
vt 0.140632 0.091066
vt 0.140917 0.085219
vt 0.147390 0.085444
vt 0.147163 0.091339
vt 0.139584 0.091006
vt 0.139873 0.085175
vt 0.141134 0.077980
vt 0.147619 0.078162
vt 0.155233 0.085684
vt 0.155035 0.091567
vt 0.139417 0.090991
vt 0.139705 0.085166
vt 0.140087 0.077956
vt 0.141426 0.066024
vt 0.147936 0.066203
vt 0.155459 0.078390
vt 0.139250 0.090973
vt 0.139538 0.085154
vt 0.139919 0.077949
vt 0.140377 0.065987
vt 0.141988 0.047503
vt 0.148463 0.047517
vt 0.155788 0.066420
vt 0.139752 0.077940
vt 0.140209 0.065982
vt 0.140944 0.047504
vt 0.141497 0.025896
vt 0.148012 0.025835
vt 0.156315 0.047539
vt 0.140041 0.065978
vt 0.140777 0.047506
vt 0.140448 0.025921
vt 0.141481 0.018570
vt 0.147990 0.018615
vt 0.155869 0.025720
vt 0.140612 0.047510
vt 0.140280 0.025918
vt 0.140433 0.018556
vt 0.141626 0.012265
vt 0.148075 0.012311
vt 0.155867 0.018596
vt 0.140112 0.025911
vt 0.140265 0.018554
vt 0.140531 0.012292
vt 0.141912 0.006751
vt 0.148193 0.006620
vt 0.155913 0.012475
vt 0.140097 0.018553
vt 0.140363 0.012285
vt 0.140676 0.006946
vt 0.151131 0.006165
vt 0.156014 0.007155
vt 0.140196 0.012278
vt 0.140509 0.006930
vt 0.140343 0.006908
vt 0.674137 0.161602
vt 0.680646 0.161719
vt 0.680590 0.168954
vt 0.674053 0.168975
vt 0.674855 0.139981
vt 0.681329 0.140039
vt 0.688514 0.161888
vt 0.688424 0.168922
vt 0.680924 0.184982
vt 0.674059 0.185532
vt 0.673088 0.161564
vt 0.673004 0.168991
vt 0.681007 0.121347
vt 0.674500 0.121449
vt 0.689180 0.140102
vt 0.673811 0.139968
vt 0.689290 0.185286
vt 0.672953 0.185657
vt 0.672920 0.161564
vt 0.672836 0.168987
vt 0.688862 0.121224
vt 0.673451 0.121474
vt 0.674254 0.102187
vt 0.680741 0.102115
vt 0.673644 0.139964
vt 0.672785 0.185687
vt 0.672753 0.161569
vt 0.672669 0.168979
vt 0.688586 0.102034
vt 0.673207 0.102200
vt 0.673283 0.121477
vt 0.673480 0.139958
vt 0.672620 0.185726
vt 0.673040 0.102211
vt 0.673115 0.121479
vt 0.672872 0.102227
vt 0.670931 0.091067
vt 0.671093 0.091023
vt 0.703767 0.175206
vt 0.703865 0.174533
vt 0.705002 0.171706
vt 0.704074 0.174707
vt 0.703204 0.174578
vt 0.702902 0.173403
vt 0.705689 0.176228
vt 0.707988 0.176710
vt 0.701817 0.172832
vt 0.701897 0.171961
vt 0.714405 0.178049
vt 0.715096 0.172188
vt 0.700669 0.169955
vt 0.700469 0.167506
vt 0.717488 0.152604
vt 0.717487 0.152604
vt 0.472605 0.032720
vt 0.720958 0.178270
vt 0.701846 0.154682
vt 0.729000 0.149050
vt 0.702216 0.152112
vt 0.703796 0.150525
vt 0.020603 0.012997
vt 0.476780 0.026051
vt 0.703637 0.149559
vt 0.704944 0.149327
vt 0.476319 0.028480
vt 0.474862 0.030356
vt 0.020480 0.010349
vt 0.019005 0.008604
vt 0.705261 0.148011
vt 0.706086 0.148286
vt 0.474845 0.031234
vt 0.473260 0.032835
vt 0.023462 0.007881
vt 0.021949 0.006163
vt 0.705933 0.147444
vt 0.706329 0.148141
vt 0.708161 0.146672
vt 0.717547 0.146014
vt 0.071915 0.006579
vt 0.071739 0.006580
vt 0.071735 0.006170
vt 0.071911 0.006169
vt 0.012314 0.030763
vt 0.012127 0.030779
vt 0.012103 0.030388
vt 0.012290 0.030372
vt 0.012232 0.031153
vt 0.012044 0.031169
vt 0.000000 0.006167
vt 0.000192 0.006181
vt 0.004224 0.055813
vt 0.004036 0.055856
vt 0.168963 0.006940
vt 0.168788 0.006962
vt 0.168792 0.006190
vt 0.168967 0.006168
vt 0.033758 0.007703
vt 0.034931 0.006143
vt 0.035634 0.006767
vt 0.034036 0.008143
vt 0.063501 0.006149
vt 0.064107 0.007976
vt 0.064060 0.007984
vt 0.063295 0.006251
vt 0.047561 0.006445
vt 0.047320 0.008356
vt 0.047084 0.008398
vt 0.046973 0.006167
vt 0.046843 0.008376
vt 0.046417 0.006505
vt 0.060041 0.006262
vt 0.059119 0.007917
vt 0.059076 0.007903
vt 0.059845 0.006145
vt 0.534030 0.204359
vt 0.532418 0.202650
vt 0.531681 0.173144
vt 0.533572 0.173145
vt 0.532425 0.143636
vt 0.534105 0.141930
vt 0.545599 0.173149
vt 0.545540 0.203074
vt 0.544196 0.204492
vt 0.545549 0.141787
vt 0.245059 0.006188
vt 0.245368 0.006164
vt 0.244945 0.017958
vt 0.244742 0.017826
vt 0.093243 0.007860
vt 0.094467 0.006143
vt 0.094772 0.007343
vt 0.084602 0.013009
vt 0.084394 0.012888
vt 0.194106 0.014253
vt 0.194287 0.014189
vt 0.214475 0.030822
vt 0.214309 0.030909
vt 0.217339 0.057824
vt 0.217185 0.057937
vt 0.004238 0.006417
vt 0.005022 0.006155
vt 0.005050 0.006318
vt 0.004220 0.006459
vt 0.054867 0.006142
vt 0.055409 0.006792
vt 0.055281 0.006897
vt 0.054856 0.006189
vt 0.130810 0.064287
vt 0.130937 0.058049
vt 0.130988 0.034784
vt 0.131666 0.034784
vt 0.130932 0.011519
vt 0.130818 0.005279
vt 0.034562 0.022708
vt 0.033758 0.021870
vt 0.039381 0.006163
vt 0.040128 0.006516
vt 0.434873 0.006669
vt 0.435920 0.006167
vt 0.435451 0.023283
vt 0.434628 0.023351
vt 0.088614 0.006654
vt 0.089297 0.006155
vt 0.089632 0.006714
vt 0.089231 0.007226
vt 0.097053 0.006151
vt 0.097872 0.006611
vt 0.097766 0.007325
vt 0.097382 0.007344
vt 0.729377 0.150883
vt 0.473154 0.006146
vt 0.016879 0.006131
vt 0.021098 0.006360
vt 0.023223 0.008835
vt 0.725467 0.177116
vt 0.476867 0.013019
vn 0.000180 0.999998 0.002203
vn 0.000000 0.999998 0.002226
vn 0.000000 0.999999 0.001314
vn 0.000173 0.999999 0.001314
vn 0.000173 -0.999999 0.001314
vn -0.000000 -0.999999 0.001314
vn -0.000000 -0.999997 0.002226
vn 0.000180 -0.999998 0.002203
vn -0.000173 0.999999 0.001314
vn -0.000180 0.999998 0.002203
vn -0.000173 -0.999999 0.001314
vn -0.000180 -0.999998 0.002203
vn 0.000000 0.000000 -1.000000
vn 0.000000 0.000000 -1.000000
vn 0.000000 0.000000 -1.000000
vn 0.000000 0.000000 -1.000000
vn 0.000000 0.000000 -1.000000
vn 0.000000 0.000000 -1.000000
vn 0.000000 0.000000 -1.000000
vn 0.000000 0.000000 -1.000000
vn 0.000001 0.000000 -1.000000
vn 0.000001 0.000000 -1.000000
vn -0.000000 0.000000 -1.000000
vn -0.000000 0.000000 -1.000000
vn -0.287098 -0.957901 0.000000
vn -0.287098 -0.957901 0.000000
vn -0.287098 -0.957901 0.000000
vn -0.287098 -0.957901 0.000000
vn -0.287098 0.957901 0.000000
vn -0.287098 0.957901 0.000000
vn -0.287098 0.957901 0.000000
vn -0.287098 0.957901 0.000000
vn 0.287095 0.957902 0.000000
vn 0.287095 0.957902 0.000000
vn 0.287095 0.957902 0.000000
vn 0.287095 0.957902 0.000000
vn 0.287095 -0.957902 0.000000
vn 0.287095 -0.957902 0.000000
vn 0.287095 -0.957902 0.000000
vn 0.287095 -0.957902 0.000000
vn -0.105579 -0.992551 0.060792
vn 0.000001 -0.998127 0.061169
vn -0.096545 -0.993460 0.060958
vn -0.096545 -0.993460 0.060958
vn 0.000012 0.000000 -1.000000
vn -0.000002 0.000000 -1.000000
vn -0.000006 0.000000 -1.000000
vn 0.000012 0.000000 -1.000000
vn 0.000012 0.000000 -1.000000
vn 0.000003 0.000000 -1.000000
vn -0.096535 0.993461 0.060957
vn -0.096535 0.993461 0.060957
vn -0.000001 0.998128 0.061167
vn -0.098269 0.993366 0.059725
vn 0.096546 -0.993460 0.060958
vn 0.102942 -0.992862 0.060230
vn 0.096546 -0.993460 0.060958
vn 0.096533 0.993462 0.060957
vn 0.096533 0.993461 0.060957
vn 0.102927 0.992864 0.060227
vn -0.000006 0.000000 -1.000000
vn -0.000015 0.000000 -1.000000
vn -0.000024 0.000000 -1.000000
vn 0.000000 0.000000 -1.000000
vn 0.000000 0.000000 -1.000000
vn 0.000001 0.000000 -1.000000
vn 0.000001 0.000000 -1.000000
vn -0.920760 -0.390130 0.000000
vn -1.000000 0.000000 0.000000
vn -1.000000 0.000000 0.000000
vn -0.920760 -0.390130 0.000000
vn -0.920760 0.390130 0.000000
vn -0.920760 0.390130 0.000000
vn 0.920764 0.390119 0.000000
vn 1.000000 0.000000 0.000000
vn 1.000000 0.000000 0.000000
vn 0.920764 0.390119 0.000000
vn 0.920764 -0.390119 0.000000
vn 0.920764 -0.390119 0.000000
vn -0.644498 0.764606 0.000452
vn -0.714929 0.699173 0.005839
vn -0.678289 0.734795 0.000000
vn -0.677754 -0.735289 -0.000083
vn -0.677754 -0.735289 -0.000083
vn -0.627168 -0.778884 0.000687
vn -0.646232 -0.763141 0.000409
vn 0.646232 -0.763141 0.000409
vn 0.627165 -0.778886 0.000687
vn 0.677757 -0.735286 -0.000082
vn 0.677757 -0.735286 -0.000083
vn 0.411447 -0.906912 0.090677
vn 0.391246 -0.915511 0.093625
vn 0.411638 -0.906796 0.090975
vn 0.411637 0.906796 0.090975
vn 0.391260 0.915506 0.093623
vn 0.411446 0.906912 0.090677
vn -0.406325 0.909235 0.090515
vn -0.120884 0.990662 0.063052
vn -0.000000 0.999980 0.006384
vn -0.000000 0.999836 0.018099
vn 0.000268 0.999834 0.018249
vn -0.000748 0.999979 0.006445
vn 0.000748 0.999979 0.006445
vn -0.000268 0.999833 0.018249
vn -0.000748 -0.999979 0.006444
vn 0.000268 -0.999834 0.018249
vn 0.000000 -0.999836 0.018099
vn 0.000000 -0.999980 0.006383
vn -0.000268 -0.999833 0.018249
vn 0.000748 -0.999979 0.006444
vn -0.003582 0.999978 0.005532
vn 0.000072 0.999985 0.005540
vn 0.000014 0.999984 0.005681
vn -0.002069 0.999982 0.005687
vn 0.003622 0.999978 0.005548
vn 0.002089 0.999982 0.005692
vn 0.003622 0.999978 0.005548
vn -0.003583 -0.999978 0.005532
vn -0.002068 -0.999982 0.005687
vn 0.000014 -0.999984 0.005681
vn 0.000072 -0.999985 0.005540
vn 0.003623 -0.999978 0.005548
vn 0.003623 -0.999978 0.005548
vn 0.002087 -0.999982 0.005692
vn 0.677755 0.735288 -0.000082
vn 0.627164 0.778887 0.000687
vn 0.646231 0.763142 0.000409
vn 0.677755 0.735288 -0.000083
vn -0.443745 -0.890794 0.097856
vn -0.133890 -0.988895 0.064496
vn -0.133851 -0.988902 0.064473
vn -0.610969 0.791638 0.005191
vn -0.620718 0.784033 0.001234
vn -0.622796 0.782384 0.000710
vn -0.004261 0.999988 0.002493
vn -0.003693 0.999992 0.001792
vn 0.004300 0.999988 0.002499
vn 0.304955 0.952363 0.002616
vn 0.270590 0.962693 0.001722
vn 0.003728 0.999991 0.001792
vn 0.625180 0.780479 0.001228
vn -0.004300 -0.999988 0.002499
vn -0.304888 -0.952385 0.002616
vn -0.270504 -0.962717 0.001722
vn -0.003728 -0.999992 0.001792
vn -0.625184 -0.780477 0.001228
vn 0.625181 -0.780479 0.001228
vn 0.304904 -0.952380 0.002616
vn 0.270553 -0.962704 0.001722
vn 0.004261 -0.999988 0.002493
vn 0.003693 -0.999992 0.001792
vn 0.006253 -0.999919 0.011104
vn 0.199982 -0.978405 0.052263
vn 0.129140 -0.989176 0.069671
vn -0.000885 -0.999990 0.004333
vn 0.419625 -0.902998 0.092251
vn 0.005756 0.999923 0.010996
vn 0.193953 0.979689 0.050915
vn 0.199081 0.979064 0.042424
vn 0.003416 0.999936 0.010784
vn 0.419712 0.902958 0.092248
vn 0.443158 0.892546 0.083507
vn -0.007850 -0.999930 0.008898
vn -0.001274 -0.999994 0.003266
vn -0.002862 -0.999961 0.008366
vn -0.002568 -0.999986 0.004678
vn -0.199121 -0.978673 0.050488
vn -0.199071 -0.979067 0.042422
vn -0.003416 -0.999936 0.010783
vn -0.444199 -0.891690 0.087037
vn -0.003203 0.999959 0.008442
vn -0.007982 0.999928 0.008950
vn -0.001278 0.999994 0.003251
vn -0.002575 0.999986 0.004664
vn 0.441661 -0.894155 0.073637
vn 0.206911 -0.977504 0.040909
vn 0.208246 -0.977642 0.029143
vn 0.502532 -0.863718 0.038118
vn 0.002804 -0.999931 0.011407
vn 0.001597 -0.999866 0.016292
vn 0.002804 0.999931 0.011407
vn 0.206908 0.977505 0.040908
vn 0.208245 0.977642 0.029143
vn 0.001597 0.999866 0.016292
vn 0.441661 0.894155 0.073637
vn 0.502531 0.863718 0.038118
vn -0.002805 -0.999931 0.011407
vn -0.206916 -0.977503 0.040910
vn -0.208282 -0.977634 0.029147
vn -0.001597 -0.999866 0.016292
vn -0.441663 -0.894154 0.073637
vn -0.502535 -0.863716 0.038118
vn -0.442295 0.893252 0.080473
vn -0.436839 0.896573 0.072993
vn -0.498025 0.866333 0.037918
vn -0.474408 0.878725 0.052724
vn -0.002804 0.999931 0.011407
vn -0.001597 0.999866 0.016292
vn 0.613287 -0.789843 0.005201
vn -0.613288 -0.789842 0.005201
vn 0.613285 0.789845 0.005201
vn 0.446905 -0.890230 0.088128
vn 0.395747 -0.913594 0.093440
vn 0.443149 -0.892550 0.083502
vn 0.391279 -0.915496 0.093636
vn 0.391288 0.915492 0.093635
vn 0.395752 0.913592 0.093440
vn 0.446849 0.890257 0.088140
vn -0.448307 -0.888456 0.098319
vn -0.447781 -0.888953 0.096206
vn 0.476410 -0.877623 0.053019
vn 0.444300 -0.892223 0.080844
vn 0.444301 0.892223 0.080844
vn 0.476410 0.877623 0.053019
vn -0.444299 -0.892224 0.080843
vn -0.476411 -0.877622 0.053019
vn 0.003511 -0.999936 0.010802
vn 0.200579 -0.978743 0.042772
vn -0.001022 0.999990 0.004263
vn 0.123860 0.990013 0.067328
vn -0.003511 0.999936 0.010802
vn -0.440272 0.893700 0.086376
vn -0.441288 0.892074 0.097306
vn -0.445364 0.890222 0.095684
vn -0.445835 0.889755 0.097812
vn -0.003098 -0.999993 0.002300
vn -0.003121 0.999993 0.002280
vn -0.973472 0.219456 0.064742
vn 0.000000 1.000000 0.000000
vn 0.000000 1.000000 0.000000
vn 0.000000 1.000000 0.000000
vn 0.000000 0.000000 0.000000
vn 0.000000 0.120391 0.992727
vn 0.000000 0.120391 0.992727
vn 0.000000 0.120391 0.992727
vn 0.000000 0.120361 0.992730
vn 0.000000 0.120361 0.992730
vn 0.000000 0.120361 0.992730
vn 0.000000 0.000000 0.000000
vn 0.000000 1.000000 0.000000
vn 0.000000 1.000000 0.000000
vn 0.000000 1.000000 0.000000
vn 0.624772 0.772445 0.113968
vn 0.000000 -0.120391 0.992727
vn 0.000000 -0.120391 0.992727
vn 0.000000 -0.120391 0.992727
vn 0.000000 -0.000000 0.000000
vn 0.000000 -1.000000 0.000000
vn 0.000000 -1.000000 0.000000
vn 0.000000 -1.000000 0.000000
vn -0.624432 -0.772727 0.113920
vn 0.624425 -0.772719 0.114008
vn 0.000000 -1.000000 0.000000
vn 0.000000 -1.000000 0.000000
vn 0.000000 -1.000000 0.000000
vn 0.000000 -0.000000 0.000000
vn 0.000000 -0.120361 0.992730
vn 0.000000 -0.120361 0.992730
vn 0.000000 -0.120361 0.992730
vn 0.238784 -0.966604 -0.093059
vn 0.238629 0.966653 -0.092942
vn -0.119360 -0.990920 0.061886
vn -0.115419 0.991355 0.062400
vn -0.115571 0.991330 0.062514
vn 0.000007 0.158249 0.987399
vn -0.000018 0.445847 0.895109
vn 0.004956 0.435822 0.900019
vn 0.003307 0.290812 0.956775
vn -0.003384 0.298645 0.954358
vn -0.005169 0.456158 0.889884
vn -0.044096 0.999026 0.001779
vn -0.583381 0.812198 0.001363
vn -0.584452 0.811428 0.000787
vn -0.043613 0.999046 0.002437
vn 0.588017 0.808848 0.001382
vn 0.046876 0.998899 0.001780
vn 0.046262 0.998926 0.002432
vn 0.588887 0.808215 0.000785
vn 0.003240 -0.285909 0.958251
vn 0.005169 -0.456158 0.889884
vn 0.000018 -0.445848 0.895109
vn -0.000006 -0.158812 0.987309
vn 0.044096 -0.999026 0.001779
vn 0.658904 -0.752226 0.001259
vn 0.660132 -0.751149 0.000482
vn 0.043614 -0.999045 0.002437
vn -0.004955 -0.435824 0.900018
vn -0.003163 -0.278226 0.960511
vn -0.665366 -0.746516 0.001277
vn -0.046877 -0.998899 0.001780
vn -0.046263 -0.998926 0.002432
vn -0.666303 -0.745681 0.000476
vn 0.061806 0.997927 -0.017922
vn 0.550693 0.807302 -0.212135
vn 0.602006 0.795389 -0.070322
vn 0.055516 0.998454 0.002879
vn 0.602948 0.795358 -0.062123
vn 0.045753 0.998933 0.006204
vn 0.001395 0.999964 -0.008347
vn 0.442352 0.866356 -0.231845
vn -0.584783 0.804491 -0.104037
vn -0.059167 0.998246 -0.002200
vn -0.055486 0.998455 0.002884
vn -0.601770 0.795571 -0.070282
vn -0.531337 0.799644 -0.279734
vn -0.080567 0.996015 -0.038246
vn -0.435448 0.869356 -0.233678
vn -0.045748 0.998934 0.006205
vn -0.602804 0.795470 -0.062093
vn 0.622736 -0.744543 -0.240532
vn 0.061639 -0.997939 -0.017856
vn 0.055485 -0.998455 0.002884
vn 0.679005 -0.729653 -0.080989
vn 0.499525 -0.825551 -0.262565
vn 0.001381 -0.999965 -0.008293
vn 0.045746 -0.998934 0.006205
vn 0.680055 -0.729629 -0.071880
vn -0.661903 -0.740050 -0.119207
vn -0.059280 -0.998239 -0.002222
vn -0.080482 -0.996024 -0.038193
vn -0.599903 -0.734755 -0.316626
vn -0.679232 -0.729437 -0.081027
vn -0.055517 -0.998454 0.002879
vn -0.680217 -0.729475 -0.071911
vn -0.045755 -0.998933 0.006203
vn -0.492731 -0.828805 -0.265139
vn 0.681842 -0.731123 -0.023489
vn 0.042731 -0.999000 0.013151
vn -0.042729 -0.999000 0.013151
vn -0.681883 -0.731084 -0.023480
vn -0.604180 0.796635 -0.018428
vn -0.042729 0.999000 0.013151
vn 0.042730 0.999000 0.013151
vn 0.604239 0.796590 -0.018418
vn 0.000000 -1.000000 0.000000
vn 0.000000 -1.000000 0.000000
vn 0.000000 -1.000000 0.000000
vn 0.000000 1.000000 0.000000
vn 0.000000 1.000000 0.000000
vn 0.000000 1.000000 0.000000
vn 0.000000 1.000000 0.000000
vn 0.000000 -1.000000 0.000000
vn -0.000000 0.000000 1.000000
vn -0.000000 0.000000 1.000000
vn -0.000000 0.000000 1.000000
vn 0.000000 0.000000 1.000000
vn -0.000000 0.000000 1.000000
vn 0.000000 0.000000 1.000000
vn -0.777078 0.629403 0.001050
vn -0.995719 0.092432 0.000154
vn -0.995704 0.092574 -0.001693
vn -0.777179 0.629280 -0.000091
vn 0.995997 0.089391 0.000152
vn 0.786969 0.616991 0.001056
vn 0.786547 0.617530 -0.000152
vn 0.995971 0.089666 -0.001664
vn 0.000000 0.000000 1.000000
vn 0.000000 0.000000 1.000000
vn 0.934191 -0.356773 0.000593
vn 0.934065 -0.357102 -0.000986
vn 0.000000 0.000000 1.000000
vn -0.942014 -0.335574 0.000576
vn -0.941514 -0.336972 -0.001030
vn 0.986643 0.102181 -0.126861
vn 0.772351 0.628182 -0.094137
vn 0.718471 0.637268 -0.278727
vn 0.926472 0.116974 -0.357725
vn 0.988603 0.097908 -0.114360
vn 0.773333 0.628438 -0.083794
vn 0.658255 0.667526 -0.348007
vn 0.873595 0.141920 -0.465500
vn -0.876583 0.116621 -0.466907
vn -0.684826 0.632261 -0.362298
vn -0.760324 0.634779 -0.137708
vn -0.976885 0.112189 -0.181958
vn -0.868739 0.144358 -0.473765
vn -0.650145 0.673437 -0.351844
vn -0.772107 0.628487 -0.094098
vn -0.986637 0.102249 -0.126860
vn -0.773135 0.628684 -0.083773
vn -0.988599 0.097939 -0.114367
vn 0.849772 -0.412029 -0.328814
vn 0.783514 -0.461691 -0.415870
vn 0.918975 -0.377027 -0.115476
vn 0.924367 -0.367044 -0.104042
vn -0.919072 -0.376787 -0.115495
vn -0.901108 -0.400739 -0.165566
vn -0.924419 -0.366914 -0.104042
vn -0.806131 -0.408666 -0.427954
vn -0.776707 -0.467647 -0.421939
vn 0.776683 0.629170 -0.030143
vn 0.993911 0.098025 -0.050312
vn -0.993914 0.098006 -0.050297
vn -0.776578 0.629301 -0.030123
vn 0.929023 -0.367574 -0.042486
vn -0.929043 -0.367521 -0.042507
vn 0.000000 0.000000 1.000000
vn 0.000000 0.000000 1.000000
vn 0.999998 -0.000009 -0.001875
vn 1.000000 0.000000 0.000000
vn 0.000000 0.000000 1.000000
vn -1.000000 0.000000 0.000000
vn -0.999998 -0.000009 -0.001916
vn 0.000000 0.000000 1.000000
vn 0.000000 0.000000 1.000000
vn 1.000000 0.000000 0.000000
vn 0.999998 0.000008 -0.001915
vn 0.000000 0.000000 1.000000
vn -0.999998 0.000011 -0.001875
vn -1.000000 0.000000 0.000000
vn 0.882235 0.000000 -0.470810
vn 0.932960 -0.000026 -0.359979
vn -0.882364 0.000000 -0.470567
vn -0.877641 0.000000 -0.479318
vn 0.932960 0.000032 -0.359979
vn 0.882235 0.000000 -0.470809
vn -0.877642 0.000000 -0.479317
vn -0.882364 0.000000 -0.470568
vn 0.991704 -0.000274 -0.128546
vn -0.982881 -0.000075 -0.184243
vn -0.991704 -0.000238 -0.128546
vn 0.991704 0.000311 -0.128546
vn -0.982880 0.000061 -0.184245
vn -0.991704 0.000217 -0.128546
vn 0.993210 -0.000187 -0.116335
vn 0.998622 -0.000121 -0.052475
vn -0.998621 -0.000119 -0.052499
vn -0.993211 -0.000141 -0.116323
vn 0.998621 0.000125 -0.052499
vn 0.993211 0.000242 -0.116323
vn -0.993210 0.000108 -0.116335
vn -0.998622 0.000156 -0.052475
vn 0.393041 -0.476633 -0.786346
vn 0.620218 0.013188 -0.784319
vn 0.390026 -0.092935 -0.916102
vn 0.234481 -0.394805 -0.888340
vn -0.038165 -0.273693 -0.961060
vn -0.075628 -0.241303 -0.967499
vn 0.468235 -0.544839 -0.695633
vn 0.660285 -0.518427 -0.543376
vn 0.810162 -0.016945 -0.585961
vn 0.734422 0.040443 -0.677487
vn 0.043836 -0.630112 -0.775266
vn 0.063955 -0.742667 -0.666600
vn 0.160552 -0.886235 -0.434525
vn -0.006520 -0.473034 -0.881020
vn -0.140649 -0.203511 -0.968918
vn -0.173123 -0.086354 -0.981107
vn -0.201341 -0.375914 -0.904517
vn -0.238095 -0.565082 -0.789932
vn -0.509524 0.503045 -0.698091
vn -0.220969 0.565430 -0.794646
vn -0.778214 0.238185 -0.581078
vn 0.850980 -0.503986 -0.147750
vn 0.973706 0.038981 -0.224451
vn 0.887821 0.013143 -0.460001
vn 0.763397 -0.493270 -0.417026
vn 0.366604 -0.096490 -0.925360
vn 0.228209 -0.298086 -0.926858
vn 0.871134 -0.491038 -0.002636
vn 0.994514 0.055498 -0.088666
vn 0.329738 -0.933685 -0.139659
vn 0.354870 -0.934379 0.031666
vn -0.077349 -0.425163 -0.901806
vn 0.260693 -0.875259 -0.407383
vn 0.023002 -0.986107 -0.164510
vn 0.038660 -0.999248 -0.003125
vn -0.276090 -0.949291 -0.150402
vn -0.277835 -0.960224 -0.027877
vn -0.023358 -0.924891 -0.379515
vn -0.204958 -0.435588 -0.876502
vn -0.319714 -0.430243 -0.844200
vn -0.299224 -0.895689 -0.328946
vn -0.547961 -0.825847 -0.133098
vn -0.575021 -0.817697 -0.026885
vn -0.533524 -0.783901 -0.317573
vn -0.408148 -0.359879 -0.838989
vn -0.910028 -0.401335 -0.103826
vn -0.928050 -0.372122 -0.015775
vn -0.989138 -0.106173 -0.101655
vn -0.996970 -0.077593 -0.005460
vn -0.863465 -0.403279 -0.302975
vn -0.561341 -0.173130 -0.809273
vn -0.592126 -0.016661 -0.805673
vn -0.941794 -0.124156 -0.312425
vn -0.986742 0.118408 -0.110995
vn -0.990063 0.140578 0.003692
vn -0.961898 0.237846 -0.134838
vn -0.967365 0.253368 0.003007
vn -0.941894 0.088733 -0.323980
vn -0.585637 0.117158 -0.802062
vn -0.574137 0.218313 -0.789117
vn -0.916425 0.204565 -0.343975
vn -0.930578 0.331021 -0.156365
vn -0.940189 0.340653 0.000379
vn -0.870992 0.466537 -0.154001
vn -0.884944 0.465533 0.012403
vn -0.883102 0.301097 -0.359820
vn -0.568956 0.313926 -0.760092
vn -0.548337 0.430609 -0.716869
vn -0.820254 0.447623 -0.356114
vn -0.763904 0.633804 -0.121418
vn -0.778350 0.626074 0.046938
vn -0.440203 0.897184 -0.035813
vn -0.429329 0.892574 0.137797
vn -0.709165 0.622110 -0.331760
vn -0.481828 0.565201 -0.669619
vn -0.264576 0.753304 -0.602106
vn -0.415696 0.865887 -0.278274
vn -0.261099 0.139120 -0.955235
vn -0.257786 0.181374 -0.949026
vn -0.262904 0.222695 -0.938770
vn -0.288129 0.280358 -0.915632
vn -0.301345 0.362150 -0.882065
vn -0.273194 0.462067 -0.843718
vn -0.120335 0.607079 -0.785478
vn 0.053558 0.663360 -0.746381
vn -0.047431 0.829495 -0.556497
vn -0.125378 0.964456 -0.232606
vn -0.116994 0.992416 0.037729
vn 0.365844 0.654184 -0.661969
vn 0.362611 0.802615 -0.473627
vn 0.649532 0.474976 -0.593723
vn 0.711330 0.578399 -0.399329
vn 0.383893 0.910991 -0.150734
vn 0.763213 0.643399 -0.059533
vn 0.752437 0.627621 0.199826
vn 0.405907 0.903655 0.136559
vn 0.816644 0.198021 -0.542107
vn 0.904801 0.245263 -0.348112
vn 0.965048 0.259468 0.036872
vn 0.930195 0.246187 0.272268
vn 0.856332 -0.163362 -0.489906
vn 0.939172 -0.162463 -0.302591
vn 0.977957 -0.169732 0.121617
vn 0.927165 -0.160629 0.338472
vn 0.711954 -0.561161 -0.422161
vn 0.776827 -0.580643 -0.243710
vn 0.539840 -0.754165 -0.373909
vn 0.585569 -0.786303 -0.197073
vn 0.803067 -0.563643 0.193365
vn 0.583816 -0.779470 0.227124
vn 0.521350 -0.721337 0.455925
vn 0.745688 -0.525690 0.409389
vn 0.326723 -0.887125 -0.325977
vn 0.347101 -0.924960 -0.154819
vn 0.075572 -0.957716 -0.277615
vn 0.077638 -0.990515 -0.113369
vn 0.314131 -0.920218 0.233498
vn 0.046860 -0.971898 0.230690
vn 0.039356 -0.867942 0.495103
vn 0.262469 -0.834597 0.484312
vn -0.196963 -0.953264 -0.229116
vn -0.205497 -0.976345 -0.067250
vn -0.483619 -0.857234 -0.176812
vn -0.501379 -0.865149 -0.011670
vn -0.218718 -0.943042 0.250667
vn -0.504184 -0.808996 0.302200
vn -0.393082 -0.729819 0.559330
vn -0.172007 -0.841263 0.512533
vn -0.731115 -0.670472 -0.126251
vn -0.749227 -0.661155 0.039164
vn -0.892067 -0.443251 -0.087999
vn -0.899529 -0.430441 0.074619
vn -0.727875 -0.590529 0.348530
vn -0.845821 -0.380936 0.373464
vn -0.636025 -0.381458 0.670792
vn -0.555292 -0.555390 0.619026
vn -0.980057 -0.191873 -0.051702
vn -0.976848 -0.182637 0.111408
vn -0.995916 0.088946 -0.015460
vn -0.982481 0.101366 0.156384
vn -0.902521 -0.163261 0.398501
vn -0.892961 0.100261 0.438827
vn -0.663206 -0.030677 0.747808
vn -0.671720 -0.209877 0.710453
vn -0.898045 0.392968 0.197714
vn -0.798842 0.354294 0.486135
vn -0.723282 0.649766 0.233813
vn -0.637100 0.548151 0.541880
vn -0.505489 0.235592 0.830047
vn -0.604768 0.127124 0.786190
vn -0.923449 0.383410 0.015488
vn -0.750662 0.659185 0.044513
vn -0.496058 0.828304 0.260460
vn -0.447282 0.666158 0.596802
vn -0.276631 0.920837 0.274834
vn -0.271538 0.720969 0.637550
vn -0.317968 0.287697 0.903397
vn -0.399254 0.285515 0.871250
vn -0.513438 0.855293 0.069685
vn -0.280114 0.955860 0.088707
vn -0.047750 0.955282 0.291815
vn -0.097251 0.744200 0.660840
vn 0.210659 0.922247 0.324167
vn 0.096305 0.734566 0.671669
vn -0.193762 0.255956 0.947071
vn -0.256018 0.272739 0.927399
vn -0.032909 0.992431 0.118310
vn 0.249296 0.953559 0.169046
vn 0.461147 0.807657 0.367469
vn 0.293818 0.670917 0.680839
vn 0.674144 0.606417 0.421650
vn 0.456547 0.531183 0.713729
vn -0.126910 0.255645 0.958405
vn -0.144109 0.249988 0.957465
vn 0.515337 0.826476 0.226638
vn 0.736926 0.615281 0.279944
vn 0.811232 0.350718 0.467868
vn 0.539242 0.342498 0.769359
vn 0.862926 0.100782 0.495179
vn 0.544139 0.152416 0.825034
vn -0.176708 0.272628 0.945753
vn -0.137860 0.261779 0.955231
vn 0.881955 0.353825 0.311389
vn 0.943288 0.096742 0.317566
vn 0.814487 -0.230170 0.532572
vn 0.487709 0.014734 0.872882
vn 0.713270 -0.426239 0.556387
vn 0.449930 -0.017864 0.892885
vn -0.134089 0.539805 0.831042
vn -0.204541 0.428877 0.879902
vn 0.895846 -0.304882 0.323276
vn 0.762974 -0.551359 0.337454
vn 0.259682 -0.666641 0.698681
vn 0.338617 -0.001343 0.940923
vn 0.193735 0.706744 0.680426
vn 0.148338 -0.884556 0.442218
vn 0.052798 -0.677275 0.733833
vn 0.331026 -0.017117 0.943466
vn 0.369038 0.670332 0.643790
vn -0.098515 -0.871781 0.479888
vn -0.234473 -0.418807 0.877282
vn 0.498846 -0.078994 0.863083
vn 0.836432 0.288728 0.465852
vn -0.635272 -0.475211 0.608773
vn 0.031454 -0.821871 -0.568805
vn -0.198052 -0.824166 -0.530589
vn -0.440143 -0.750468 -0.493023
vn 0.400675 -0.651632 -0.644077
vn 0.235296 -0.758992 -0.607097
vn -0.657813 -0.600819 -0.454200
vn -0.812739 -0.403583 -0.420210
vn -0.904898 -0.177201 -0.386987
vn -0.931486 0.065645 -0.357805
vn -0.886111 0.325433 -0.330000
vn -0.745503 0.598186 -0.293937
vn -0.524719 0.813132 -0.251966
vn -0.287889 0.933091 -0.215549
vn -0.030101 0.984702 -0.171627
vn 0.262383 0.957786 -0.117482
vn 0.541740 0.837766 -0.068304
vn 0.768883 0.638806 -0.027296
vn 0.918899 0.394465 0.004710
vn 0.987544 0.156673 0.014534
vn 0.963983 -0.263778 0.034021
vn 0.822965 -0.563828 0.069474
vn 0.126055 -0.979994 0.154018
vn -0.163800 -0.973502 0.159572
vn -0.848928 -0.484220 0.211782
vn -0.957380 0.090527 0.274279
vn -0.677207 -0.098828 0.729125
vn -0.206352 -0.309477 0.928247
vn -0.726728 0.607524 0.320595
vn -0.566619 0.196984 0.800087
vn -0.205791 -0.246042 0.947161
vn -0.275542 0.861965 0.425551
vn -0.369052 0.305184 0.877874
vn -0.006111 0.873850 0.486157
vn -0.273682 0.303256 0.912762
vn -0.288435 -0.247673 0.924913
vn -0.340747 -0.252836 0.905519
vn 0.253526 0.803062 0.539273
vn -0.205999 0.274611 0.939230
vn 0.609199 0.502256 0.613690
vn -0.279024 0.233142 0.931553
vn -0.412234 -0.230085 0.881547
vn -0.660404 -0.096343 0.744704
vn 0.653490 0.180506 0.735098
vn -0.330567 0.419179 0.845585
vn -0.722511 0.295722 0.624922
vn 0.544357 -0.045647 0.837611
vn -0.279022 0.601030 0.748939
vn -0.583263 0.651252 0.485464
vn 0.338036 -0.065434 0.938856
vn -0.025578 0.788265 0.614804
vn 0.287789 0.056430 0.956030
vn 0.250924 0.846127 0.470219
vn -0.199872 0.913234 0.355043
vn 0.138810 0.963457 0.229090
vn 0.476885 0.785030 0.395359
vn 0.395653 0.905356 0.154236
vn 0.360223 0.078710 0.929540
vn 0.867921 0.424959 0.257145
vn 0.830438 0.556420 0.027744
vn 0.570901 -0.056544 0.819070
vn 0.983367 -0.084374 0.160840
vn 0.996386 0.049630 -0.068934
vn 0.884095 -0.459991 0.082372
vn 0.927138 -0.345503 -0.145065
vn 0.617903 -0.366245 0.695744
vn 0.525820 -0.599077 0.603838
vn 0.384188 -0.921691 -0.053720
vn 0.472762 -0.825534 -0.308205
vn 0.119172 -0.984347 -0.129846
vn 0.231935 -0.896107 -0.378416
vn 0.079681 -0.884378 0.459920
vn -0.151432 -0.900873 0.406813
vn -0.267060 -0.928578 -0.257722
vn -0.109380 -0.840379 -0.530848
vn -0.508427 -0.797787 0.324097
vn -0.488982 -0.804565 -0.337003
vn -0.283888 -0.737519 -0.612759
vn -0.665566 -0.629083 -0.401593
vn -0.413472 -0.607732 -0.678014
vn -0.725384 -0.640312 0.252625
vn -0.884846 -0.432402 0.173425
vn -0.782666 -0.416777 -0.462311
vn -0.501063 -0.459138 -0.733572
vn -0.832868 -0.184187 -0.521926
vn -0.540760 -0.297564 -0.786787
vn -0.977090 -0.194653 0.086059
vn -0.997414 0.070854 0.012034
vn -0.818557 0.040696 -0.572981
vn -0.528169 -0.152199 -0.835388
vn -0.758618 0.228136 -0.610289
vn -0.492537 -0.058818 -0.868302
vn -0.939212 0.342396 -0.025429
vn -0.812633 0.581753 -0.034512
vn -0.652847 0.388689 -0.650163
vn -0.444455 0.000539 -0.895801
vn -0.401563 0.537159 -0.741760
vn -0.342675 0.030577 -0.938956
vn -0.623961 0.779998 -0.047702
vn -0.257688 0.952560 -0.161945
vn 0.986016 0.145391 0.081453
vn 0.709723 -0.415839 -0.568657
vn 0.542566 -0.028765 -0.839521
vn 0.839866 0.446621 -0.308471
vn 0.230900 0.128920 -0.964399
vn 0.599912 0.545220 -0.585526
vn 0.923363 -0.124023 0.363345
vn 0.695726 -0.666398 -0.268103
vn 0.826562 0.335649 0.451813
vn 0.764240 0.017121 0.644704
vn 0.735797 0.672050 0.083381
vn 0.540822 0.813982 -0.212004
vn -0.035457 0.077925 -0.996329
vn 0.223181 0.568962 -0.791501
vn 0.255843 0.826349 -0.501689
vn -0.214257 -0.235003 -0.948086
vn -0.314617 -0.469559 -0.824943
vn -0.054748 -0.194997 -0.979275
vn -0.266911 -0.440632 -0.857089
vn 0.160479 -0.419205 -0.893596
vn 0.196959 -0.779978 -0.594004
vn -0.203138 -0.876468 -0.436506
vn -0.237740 -0.640330 -0.730381
vn -0.131766 0.924861 -0.356750
vn -0.148192 -0.904757 0.399318
vn -0.292257 -0.945361 -0.144493
vn -0.182786 -0.967315 -0.175761
vn -0.048776 -0.897216 0.438889
vn 0.031224 -0.943359 0.330302
vn -0.166632 -0.971983 -0.165783
vn -0.053835 -0.810930 0.582662
vn 0.138276 -0.854606 0.500528
vn -0.005578 -0.783920 0.620836
vn 0.193068 -0.949620 -0.246875
vn 0.426787 -0.715402 0.553220
vn 0.378657 -0.507962 0.773688
vn 0.304293 -0.913660 -0.269502
vn -0.229094 -0.897792 -0.376146
vn 0.828314 -0.295900 -0.475750
vn 0.485598 -0.853186 0.190444
vn 0.994068 -0.103881 0.032215
vn -0.323299 -0.867356 -0.378379
vn -0.262156 -0.372344 -0.890300
vn -0.234072 -0.471645 -0.850154
vn -0.594421 -0.539371 -0.596441
vn -0.653651 -0.350057 -0.670970
vn -0.831165 -0.476740 -0.286152
vn -0.900323 -0.226976 -0.371350
vn 0.329085 -0.239109 -0.913526
vn 0.301631 -0.188825 -0.934539
vn 0.671338 -0.082637 -0.736530
vn 0.606731 0.076929 -0.791176
vn -0.149394 -0.281454 -0.947874
vn 0.330665 -0.437025 -0.836463
vn 0.611966 -0.488847 -0.621713
vn -0.553876 -0.060910 -0.830368
vn -0.811177 0.229743 -0.537783
vn -0.138429 -0.356108 -0.924135
vn 0.181864 -0.609546 -0.771609
vn 0.377742 -0.747080 -0.546976
vn -0.434012 -0.010946 -0.900841
vn -0.607996 0.434722 -0.664348
vn -0.222510 -0.486180 -0.845055
vn -0.084419 -0.745579 -0.661049
vn -0.429315 -0.538846 -0.724799
vn -0.407254 -0.742081 -0.532410
vn -0.392389 -0.844755 -0.363896
vn 0.004791 -0.894060 -0.447921
vn -0.341031 -0.078443 -0.936773
vn -0.344465 0.488355 -0.801781
vn -0.183499 0.350980 -0.918227
vn -0.381701 -0.185104 -0.905561
vn -0.654363 -0.413076 -0.633386
vn -0.713042 -0.546804 -0.438835
vn -0.822164 0.041635 -0.567726
vn -0.922256 0.014564 -0.386304
vn -0.963060 0.047736 -0.265023
vn -0.752208 -0.581894 -0.309164
vn -0.494953 -0.151490 -0.855612
vn -0.163393 0.234259 -0.958345
vn -0.206678 0.291981 -0.933826
vn -0.594713 0.151731 -0.789490
vn -0.726954 0.464874 -0.505401
vn -0.800212 0.496054 -0.337034
vn -0.810273 0.545414 -0.214432
vn -0.188778 0.400498 -0.896641
vn -0.521716 0.452890 -0.722982
vn -0.110672 0.901801 -0.417739
vn -0.122175 0.958311 -0.258288
vn -0.097167 0.987154 -0.126828
vn -0.033865 0.791835 -0.609796
vn 0.079427 0.594816 -0.799929
vn 0.336309 0.875313 -0.347454
vn 0.357572 0.914257 -0.190467
vn 0.391188 0.918909 -0.050776
vn 0.343994 0.768638 -0.539318
vn 0.351965 0.566905 -0.744808
vn 0.119080 0.526470 0.841814
vn -0.132620 0.637154 0.759241
vn -0.060100 0.901339 0.428924
vn 0.352632 0.806572 0.474438
vn -0.206066 0.180478 0.961751
vn -0.263652 0.282124 0.922439
vn -0.469924 -0.256541 0.844606
vn -0.343332 -0.258780 0.902860
vn 0.164674 0.428732 0.888297
vn -0.280109 0.134163 0.950547
vn 0.144427 0.382048 0.912787
vn -0.362654 0.173586 0.915615
vn -0.706315 -0.080887 0.703261
vn -0.600897 -0.199930 0.773919
vn 0.552430 0.668714 0.497638
vn 0.690600 0.487383 0.534350
vn 0.128590 0.372204 0.919200
vn -0.391524 0.280090 0.876503
vn 0.125735 0.356949 0.925623
vn -0.367626 0.411364 0.834045
vn -0.750604 0.336028 0.568927
vn -0.763842 0.098846 0.637789
vn 0.763788 0.284740 0.579267
vn 0.770740 0.074044 0.632833
vn 0.132596 0.344566 0.929351
vn -0.303110 0.530973 0.791323
vn 0.145990 0.353403 0.924009
vn -0.210652 0.627607 0.749490
vn -0.500999 0.722971 0.475724
vn -0.649800 0.560059 0.513900
vn 0.718638 -0.127420 0.683611
vn 0.606799 -0.294158 0.738421
vn 0.177988 0.381799 0.906946
vn -0.080654 0.705253 0.704353
vn 0.301031 0.467066 0.831402
vn 0.184643 0.779678 0.598339
vn 0.029413 0.940423 0.338733
vn -0.314460 0.843042 0.436343
vn 0.460184 -0.395668 0.794781
vn 0.294659 -0.381205 0.876276
vn 0.447985 0.457655 0.768024
vn 0.409411 0.752421 0.515989
vn 0.299150 0.921281 0.248497
vn 0.224310 -0.344472 0.911605
vn 0.685457 0.339737 0.643994
vn 0.727944 0.575011 0.373443
vn 0.889797 -0.010626 0.456232
vn 0.967357 0.154415 0.200941
vn 0.947160 0.312651 -0.071681
vn 0.669418 0.736700 0.095673
vn 0.193978 -0.277852 0.940835
vn 0.364444 -0.279111 0.888413
vn 0.312496 -0.465359 0.828122
vn 0.844163 -0.396323 0.360994
vn 0.963737 -0.249745 0.094013
vn 0.977778 -0.068302 -0.198205
vn 0.122584 -0.679967 0.722923
vn 0.544317 -0.810675 0.215697
vn 0.688964 -0.722458 -0.058173
vn 0.754875 -0.543668 -0.366863
vn -0.140501 -0.761937 0.632228
vn 0.168520 -0.980753 0.098615
vn 0.325690 -0.924103 -0.199898
vn 0.438558 -0.737893 -0.513012
vn -0.336405 -0.749730 0.569857
vn -0.099380 -0.994847 0.020093
vn -0.534853 -0.677294 0.505178
vn -0.361340 -0.930209 -0.064382
vn 0.065449 -0.955033 -0.289186
vn -0.184875 -0.907328 -0.377594
vn 0.023653 -0.734276 -0.678439
vn 0.219470 -0.771239 -0.597514
vn -0.724413 -0.535669 0.433918
vn -0.589122 -0.792830 -0.156068
vn -0.937273 -0.165165 0.306985
vn -0.393163 -0.789352 -0.471536
vn -0.122611 -0.638992 -0.759379
vn -0.967983 0.114598 0.223328
vn -0.788074 0.610721 0.077193
vn -0.456631 0.886859 -0.070494
vn -0.037282 0.973897 -0.223906
vn 0.341750 0.865245 -0.366823
vn 0.613969 0.626993 -0.479501
vn 0.780192 0.215933 -0.587088
vn 0.749852 -0.140057 -0.646611
vn 0.364132 -0.409390 -0.836545
vn 0.223339 -0.407831 -0.885321
vn 0.125723 -0.335868 -0.933481
vn 0.607366 0.422640 -0.672668
vn 0.152372 -0.243150 -0.957946
vn 0.767345 0.187478 -0.613216
vn 0.681826 0.575485 -0.451587
vn 0.887655 0.254751 -0.383628
vn 0.941404 0.257600 -0.217717
vn 0.723075 0.637156 -0.266824
vn 0.231275 -0.255066 -0.938857
vn 0.825179 -0.029422 -0.564105
vn 0.288858 -0.368540 -0.883595
vn 0.806403 -0.339653 -0.484097
vn 0.942757 -0.007759 -0.333389
vn 0.894637 -0.367065 -0.254730
vn 0.898534 -0.421429 -0.122613
vn 0.981250 -0.033941 -0.189727
vn 0.261855 -0.525735 -0.809342
vn 0.648005 -0.651308 -0.394825
vn 0.150526 -0.652702 -0.742510
vn 0.410829 -0.843403 -0.346253
vn 0.678339 -0.711051 -0.185104
vn 0.403863 -0.898454 -0.172268
vn 0.366097 -0.930549 -0.007226
vn 0.645269 -0.762835 -0.041351
vn -0.025839 -0.732225 -0.680573
vn 0.126371 -0.941896 -0.311226
vn -0.265340 -0.732533 -0.626890
vn -0.223551 -0.938749 -0.262252
vn 0.105298 -0.980089 -0.168342
vn -0.240660 -0.961809 -0.130410
vn -0.251526 -0.967336 0.031562
vn 0.076520 -0.997055 0.005046
vn -0.557949 -0.803994 -0.205640
vn -0.560938 -0.825371 -0.064119
vn -0.795940 -0.581494 -0.168358
vn -0.798164 -0.602435 -0.002352
vn -0.801095 -0.587890 0.112397
vn -0.560388 -0.825081 0.072156
vn -0.514229 -0.625002 -0.587318
vn -0.702082 -0.432137 -0.565984
vn -0.945423 -0.290829 -0.146945
vn -0.952504 -0.301662 0.041678
vn -0.989537 0.045804 -0.136819
vn -0.996644 0.054741 0.060861
vn -0.979819 0.099325 0.173465
vn -0.951647 -0.269602 0.147248
vn -0.819280 -0.185301 -0.542627
vn -0.853309 0.088751 -0.513797
vn -0.911823 0.392031 -0.122029
vn -0.907705 0.414842 0.063065
vn -0.683078 0.725980 -0.079739
vn -0.669058 0.738265 0.085595
vn -0.645763 0.727743 0.231042
vn -0.873964 0.446603 0.191657
vn -0.794134 0.377275 -0.476460
vn -0.609264 0.668480 -0.426536
vn -0.648546 0.550613 -0.525560
vn -0.770066 0.073728 -0.633690
vn -0.073267 0.335107 -0.939327
vn -0.091721 0.397879 -0.912841
vn -0.798640 0.591180 -0.112607
vn -0.982547 -0.028853 -0.183761
vn -0.219051 0.862612 -0.455980
vn 0.029792 0.907226 -0.419587
vn -0.026306 0.998354 -0.050969
vn -0.312678 0.946999 -0.073655
vn 0.051698 0.556541 -0.829210
vn 0.198727 0.559178 -0.804877
vn 0.276745 0.878839 -0.388656
vn 0.717605 0.621726 -0.313846
vn 0.767348 0.641114 0.012236
vn 0.266114 0.963538 -0.027906
vn 0.335701 0.523942 -0.782809
vn 0.620388 0.355092 -0.699306
vn 0.962563 0.113575 -0.246116
vn 0.995067 0.031057 0.094223
vn 0.802377 0.009913 -0.596736
vn 0.860970 -0.487394 -0.145529
vn 0.816629 -0.551640 0.169734
vn 0.780543 -0.435514 -0.448420
vn 0.447533 -0.889820 -0.089080
vn -0.019002 -0.999807 -0.005008
vn -0.039131 -0.931174 0.362470
vn 0.436261 -0.861018 0.261392
vn 0.417161 -0.836798 -0.354607
vn -0.008220 -0.963050 -0.269198
vn -0.308410 -0.926848 -0.214093
vn -0.345843 -0.937127 0.046760
vn -0.348384 -0.845685 0.404284
vn -0.798588 -0.592022 -0.108478
vn -0.816700 -0.562055 0.130745
vn -0.751814 -0.487331 0.444167
vn -0.999337 -0.029929 -0.020736
vn -0.974052 0.011616 0.226028
vn -0.913000 0.407014 0.027772
vn -0.862423 0.423670 0.277002
vn -0.757871 0.331314 0.562016
vn -0.854657 0.016670 0.518925
vn -0.378169 0.916055 0.133535
vn -0.363497 0.847227 0.387396
vn -0.066936 0.982310 0.174889
vn -0.354505 0.616776 0.702790
vn 0.380304 0.893918 0.237234
vn 0.616525 0.739993 0.268900
vn 0.803849 0.506362 0.312131
vn 0.905340 0.231038 0.356344
vn 0.916550 -0.042553 0.397651
vn 0.847346 -0.301151 0.437392
vn 0.694159 -0.531637 0.485289
vn 0.488422 -0.692181 0.531347
vn 0.185929 -0.780012 0.597504
vn -0.016073 -0.757574 0.652551
vn -0.278693 -0.596236 0.752883
vn -0.339981 -0.325584 0.882274
vn -0.308275 -0.265826 0.913402
vn -0.278889 -0.259033 0.924728
vn -0.317158 -0.301410 0.899201
vn -0.382320 -0.312599 0.869548
vn -0.474583 -0.292648 0.830138
vn -0.593418 -0.213637 0.776025
vn -0.770998 0.067246 0.633278
vn -0.778026 0.274459 0.565109
vn -0.612793 0.680558 0.401654
vn -0.271535 0.925115 0.265387
vn 0.148746 0.980493 0.128481
vn 0.543953 0.838931 0.017636
vn 0.844391 0.532298 -0.060527
vn 0.989395 -0.049594 -0.136522
vn 0.835045 -0.512223 -0.200818
vn 0.249758 -0.889697 -0.382179
vn -0.125298 -0.880049 -0.458054
vn -0.457736 -0.695513 -0.553840
vn -0.603437 -0.375921 -0.703240
vn -0.582008 -0.188481 -0.791038
vn -0.507940 -0.088254 -0.856860
vn -0.429656 -0.049438 -0.901638
vn -0.353585 -0.044985 -0.934320
vn -0.305373 -0.081952 -0.948700
vn -0.327139 -0.114005 -0.938074
vn -0.386214 -0.102806 -0.916662
vn -0.443983 -0.040888 -0.895102
vn -0.497863 0.058771 -0.865262
vn -0.524457 0.208296 -0.825565
vn -0.494088 0.389665 -0.777199
vn -0.368279 0.570298 -0.734255
vn -0.163555 0.692574 -0.702560
vn -0.321926 0.872513 -0.367539
vn 0.065209 0.725954 -0.684645
vn -0.028820 0.945351 -0.324779
vn -0.029865 0.999416 0.016624
vn -0.352330 0.935546 -0.024839
vn 0.283508 0.693575 -0.662251
vn 0.261743 0.921164 -0.288006
vn 0.474973 0.607220 -0.636934
vn 0.532733 0.806907 -0.255139
vn 0.585991 0.805934 0.084180
vn 0.288341 0.956047 0.053221
vn 0.650464 0.460425 -0.604074
vn 0.768532 0.600303 -0.221349
vn 0.803142 0.205215 -0.559330
vn 0.947754 0.269515 -0.170660
vn 0.968976 0.197733 0.148281
vn 0.827238 0.551133 0.109223
vn 0.859777 -0.114718 -0.497619
vn 0.986713 -0.119829 -0.109722
vn 0.801815 -0.398813 -0.445018
vn 0.888181 -0.454812 -0.065427
vn 0.831329 -0.486113 0.269418
vn 0.963793 -0.169923 0.205496
vn 0.689268 -0.723840 -0.031070
vn 0.416008 -0.909342 0.005815
vn 0.350317 -0.860827 0.369128
vn 0.612904 -0.720995 0.323288
vn 0.656106 -0.646915 -0.388621
vn 0.424771 -0.845292 -0.324116
vn 0.088224 -0.994594 0.054769
vn -0.268903 -0.955659 0.120030
vn -0.260346 -0.842584 0.471458
vn 0.051006 -0.907965 0.415929
vn 0.123003 -0.960052 -0.251337
vn -0.219215 -0.959695 -0.175873
vn -0.576358 -0.796114 0.184430
vn -0.792292 -0.560178 0.241814
vn -0.684994 -0.476334 0.551262
vn -0.513286 -0.683381 0.519160
vn -0.543069 -0.833495 -0.101792
vn -0.796756 -0.603296 -0.034861
vn -0.917575 -0.261607 0.299361
vn -0.929036 0.088534 0.359241
vn -0.789247 0.075421 0.609426
vn -0.787664 -0.221462 0.574926
vn -0.956244 -0.290917 0.031045
vn -0.992469 0.077984 0.094471
vn 0.995136 -0.092562 -0.033704
vn 0.982632 0.185217 0.011375
vn 0.830257 -0.095345 0.549166
vn 0.818837 -0.310362 0.482889
vn 0.896564 0.438647 0.061336
vn 0.783035 0.093667 0.614885
vn 0.891340 0.090984 -0.444111
vn 0.858104 0.336092 -0.388201
vn 0.758453 0.564492 -0.325726
vn 0.929287 -0.359283 -0.085679
vn 0.802462 -0.580109 -0.139745
vn 0.752158 -0.318285 -0.577022
vn 0.848654 -0.140356 -0.509987
vn 0.744261 -0.519398 0.419883
vn 0.616391 -0.700463 0.359742
vn 0.625829 -0.755540 -0.193644
vn 0.401383 -0.881370 -0.249157
vn 0.470676 -0.529064 -0.706084
vn 0.622627 -0.445904 -0.643044
vn 0.437649 -0.848506 0.297490
vn 0.203485 -0.951482 0.230817
vn 0.143345 -0.940080 -0.309356
vn -0.121246 -0.917819 -0.378031
vn 0.154204 -0.528742 -0.834657
vn 0.306076 -0.560459 -0.769548
vn -0.065455 -0.983524 0.168511
vn -0.337311 -0.934762 0.111541
vn -0.353929 -0.819704 -0.450356
vn -0.538080 -0.668606 -0.513260
vn 0.027523 -0.361033 -0.932147
vn 0.056184 -0.445226 -0.893654
vn -0.582240 -0.811041 0.056646
vn -0.782107 -0.623136 -0.003153
vn -0.660747 -0.483413 -0.574217
vn -0.720772 -0.294369 -0.627562
vn 0.050564 -0.284342 -0.957389
vn 0.037194 -0.304580 -0.951760
vn -0.917778 -0.391426 -0.066859
vn -0.981573 -0.145135 -0.124301
vn -0.740548 -0.011503 -0.671906
vn -0.698348 0.172147 -0.694748
vn 0.007636 -0.355279 -0.934729
vn 0.043839 -0.315551 -0.947895
vn -0.952786 0.236551 -0.190375
vn -0.842283 0.482860 -0.239596
vn -0.362635 0.860819 -0.357051
vn -0.415588 0.448234 -0.791437
vn -0.160764 -0.491937 -0.855660
vn -0.115649 0.896791 -0.427072
vn -0.298892 0.492388 -0.817446
vn -0.273253 -0.499712 -0.821962
vn 0.472740 0.632724 -0.613333
vn -0.075297 0.322611 -0.943532
vn -0.662558 -0.298799 -0.686831
vn 0.618140 0.310567 -0.722116
vn 0.557473 -0.039363 -0.829261
vn 0.390161 -0.113154 -0.913767
vn 0.334013 -0.154284 -0.929856
vn 0.277888 -0.162862 -0.946707
vn 0.285582 -0.152040 -0.946217
vn 0.415466 -0.205474 -0.886097
vn 0.512943 -0.388789 -0.765331
vn 0.313825 -0.718909 -0.620228
vn -0.020072 -0.848104 -0.529450
vn -0.271150 -0.835082 -0.478660
vn -0.716609 -0.571079 -0.400426
vn -0.933200 -0.089967 -0.347915
vn -0.890612 0.341556 -0.300249
vn -0.382247 0.898715 -0.214941
vn -0.081631 0.982688 -0.166314
vn 0.368348 0.926071 -0.081923
vn 0.622100 0.782521 -0.025539
vn 0.836133 0.547649 0.031030
vn 0.966150 0.246866 0.074908
vn 0.992256 -0.064437 0.106184
vn 0.923013 -0.359867 0.136174
vn 0.756990 -0.631084 0.169407
vn 0.517632 -0.834318 0.189662
vn 0.133483 -0.969198 0.206970
vn -0.165102 -0.953601 0.251769
vn -0.603552 -0.716500 0.349789
vn -0.886119 -0.177314 0.428198
vn -0.851249 0.201098 0.484701
vn -0.593831 0.594246 0.542436
vn -0.234953 0.754979 0.612212
vn 0.016170 0.742543 0.669603
vn 0.202081 0.655051 0.728060
vn 0.314413 0.540422 0.780441
vn 0.304249 0.388399 0.869815
vn 0.240334 0.310263 0.919770
vn 0.094871 0.347874 0.932729
vn 0.213930 0.478607 0.851569
vn 0.403682 0.522463 0.751048
vn 0.633209 0.453913 0.626904
vn 0.836933 0.199633 0.509597
vn 0.861720 -0.341703 0.375070
vn 0.666602 -0.695529 0.268106
vn 0.039146 -0.993937 0.102745
vn -0.374829 -0.927052 0.008860
vn -0.736281 -0.669428 -0.098773
vn -0.931011 -0.270418 -0.245136
vn -0.935935 0.002747 -0.352162
vn -0.865274 0.229415 -0.445723
vn -0.737832 0.411372 -0.535142
vn -0.553123 0.543707 -0.631220
vn -0.346994 0.595127 -0.724858
vn -0.169355 0.577850 -0.798379
vn -0.024930 0.514819 -0.856937
vn 0.077231 0.423765 -0.902474
vn 0.105976 0.321595 -0.940928
vn 0.090333 0.275314 -0.957101
vn 0.082319 0.273887 -0.958233
vn 0.106940 0.274651 -0.955579
vn 0.154438 0.263793 -0.952135
vn 0.217216 0.242626 -0.945489
vn 0.279960 0.228389 -0.932449
vn 0.346368 0.208190 -0.914706
vn 0.435728 0.161056 -0.885552
vn 0.538872 0.030366 -0.841840
vn 0.596597 -0.158107 -0.786813
vn 0.581142 -0.338356 -0.740127
vn 0.506815 -0.517933 -0.689118
vn 0.350872 -0.692437 -0.630412
vn 0.112590 -0.816505 -0.566253
vn -0.169407 -0.845862 -0.505785
vn -0.458589 -0.768143 -0.446825
vn -0.715817 -0.579537 -0.389542
vn -0.896369 -0.297579 -0.328587
vn -0.960443 0.042720 -0.275182
vn -0.891078 0.392324 -0.228172
vn -0.889178 0.434349 0.143885
vn -0.704850 0.681717 -0.196085
vn -0.676040 0.714942 0.178402
vn -0.617273 0.653894 0.437489
vn -0.817133 0.412318 0.402848
vn -0.424248 0.889299 -0.170765
vn -0.382138 0.900702 0.206656
vn -0.064242 0.988625 -0.135995
vn -0.035550 0.970528 0.238354
vn -0.074848 0.856985 0.509877
vn -0.360454 0.805112 0.471028
vn 0.312672 0.945951 -0.086098
vn 0.315688 0.908385 0.274185
vn 0.792474 0.609871 0.006598
vn 0.748168 0.568495 0.342138
vn 0.575268 0.546887 0.608261
vn 0.213774 0.808872 0.547748
vn 0.991924 0.105046 0.071085
vn 0.908042 0.088109 0.409508
vn 0.746268 0.145108 0.649636
vn 0.815822 -0.352163 0.458711
vn 0.692347 -0.235725 0.681975
vn 0.908616 -0.401968 0.113306
vn 0.222438 -0.788550 0.573332
vn 0.299926 -0.508741 0.806986
vn 0.192425 -0.960964 0.198799
vn -0.189899 -0.722914 0.664329
vn 0.061816 -0.470520 0.880221
vn -0.372659 -0.892325 0.254718
vn -0.594298 -0.171113 0.785831
vn -0.087754 -0.295143 0.951415
vn -0.931440 -0.044444 0.361172
vn -0.872869 -0.046144 0.485769
vn -0.837792 -0.260813 0.479667
vn -0.933556 -0.334439 0.128931
vn -0.988147 -0.060899 0.140917
vn -0.577843 -0.629723 0.519179
vn -0.604935 -0.775088 0.182460
vn -0.177310 0.074240 0.981351
vn -0.223798 0.022605 0.974373
vn -0.208802 -0.083760 0.974364
vn -0.859175 0.090645 0.503589
vn -0.837290 0.153128 0.524879
vn -0.113491 -0.030512 0.993070
vn -0.133069 0.059439 0.989323
vn -0.974313 0.131430 0.182870
vn -0.946249 0.229628 0.227778
vn -0.809598 0.210263 0.548033
vn -0.753795 0.320527 0.573633
vn -0.131296 -0.173348 0.976070
vn -0.118834 -0.122709 0.985303
vn -0.915412 0.305977 0.261532
vn -0.861043 0.419880 0.286890
vn -0.652860 0.465650 0.597449
vn -0.376017 0.643338 0.666879
vn -0.197847 -0.291877 0.935769
vn -0.150118 -0.206932 0.966770
vn -0.755943 0.575704 0.311632
vn -0.403947 0.830841 0.382793
vn -0.144094 0.664243 0.733497
vn -0.265105 -0.332327 0.905140
vn -0.078525 0.892260 0.444641
vn -0.091240 0.972479 0.214381
vn 0.156804 0.561131 0.812739
vn 0.239179 0.448558 0.861156
vn -0.656040 -0.181763 0.732512
vn -0.433625 -0.319336 0.842611
vn 0.372927 0.772409 0.514111
vn 0.411162 0.860637 0.300415
vn 0.720444 0.596796 0.353264
vn 0.608511 0.551205 0.570866
vn 0.253251 0.319358 0.913167
vn -0.753797 0.070147 0.653353
vn 0.877655 0.239530 0.415147
vn 0.722965 0.254546 0.642283
vn 0.724390 -0.062319 0.686568
vn 0.245454 0.204007 0.947699
vn 0.874113 -0.145374 0.463457
vn -0.731083 0.348051 0.586838
vn 0.599129 -0.310661 0.737925
vn 0.211439 0.178867 0.960885
vn 0.703067 -0.480766 0.523985
vn 0.496076 -0.644533 0.581796
vn 0.456481 -0.395943 0.796778
vn 0.214022 0.228214 0.949796
vn -0.405164 0.794121 0.453005
vn -0.576263 0.633235 0.516657
vn 0.302646 -0.401434 0.864440
vn 0.233007 0.296896 0.926046
vn 0.265716 -0.721923 0.638923
vn 0.077562 -0.727401 0.681815
vn 0.177623 -0.357782 0.916756
vn 0.260163 0.358519 0.896538
vn 0.031507 0.943635 0.329486
vn -0.194704 0.900624 0.388544
vn 0.111910 -0.311736 0.943555
vn 0.350309 0.393136 0.850134
vn -0.080259 -0.691991 0.717431
vn -0.218352 -0.607031 0.764091
vn 0.117990 -0.279371 0.952906
vn 0.524440 0.358306 0.772385
vn 0.527760 0.825187 0.201334
vn 0.274216 0.922569 0.271428
vn 0.162477 -0.258146 0.952346
vn 0.682680 0.246745 0.687797
vn -0.305623 -0.486596 0.818425
vn -0.331116 -0.363573 0.870734
vn 0.224425 -0.244540 0.943310
vn 0.744811 0.655030 0.127245
vn 0.287956 -0.273679 0.917704
vn -0.318745 -0.264560 0.910170
vn -0.285444 -0.202868 0.936679
vn 0.322461 -0.360323 0.875320
vn 0.305329 -0.467947 0.829337
vn -0.251419 -0.167321 0.953306
vn -0.213177 -0.153281 0.964915
vn 0.251917 -0.572146 0.780504
vn 0.152193 -0.679762 0.717469
vn -0.197877 -0.176284 0.964245
vn -0.245965 -0.227043 0.942312
vn -0.030010 -0.770385 0.636872
vn -0.255166 -0.786479 0.562442
vn -0.328261 -0.249794 0.910960
vn -0.400130 -0.244364 0.883279
vn -0.462637 -0.728545 0.505162
vn -0.647701 -0.613375 0.451945
vn -0.476901 -0.196342 0.856747
vn -0.567810 -0.093309 0.817854
vn -0.810054 -0.437249 0.390673
vn -0.920178 -0.214974 0.327199
vn -0.634448 0.049093 0.771405
vn -0.661749 0.205164 0.721107
vn -0.963474 0.028301 0.266304
vn -0.894735 0.410048 0.176943
vn -0.610591 0.497402 0.616255
vn -0.475224 0.682884 0.554825
vn -0.754405 0.644372 0.125129
vn 0.033700 0.904105 0.425978
vn -0.190408 0.981330 0.027117
vn 0.287360 0.881057 0.375716
vn 0.086890 0.995989 -0.021333
vn 0.865765 0.438663 0.240886
vn 0.785880 0.604350 -0.130969
vn 0.952756 0.118778 -0.279548
vn 0.990366 -0.092865 0.102718
vn 0.816617 -0.390012 -0.425474
vn 0.797416 -0.601873 -0.043330
vn 0.493957 -0.648474 -0.579213
vn 0.387355 -0.911148 -0.140587
vn 0.112256 -0.976984 -0.181384
vn 0.289940 -0.725306 -0.624392
vn 0.086872 -0.734145 -0.673412
vn -0.168587 -0.961122 -0.218687
vn -0.634128 -0.710093 -0.306024
vn -0.168723 -0.593474 -0.786970
vn -0.798314 -0.342091 -0.495649
vn -0.156718 -0.416168 -0.895680
vn -0.018071 -0.303265 -0.952735
vn -0.741059 0.046587 -0.669821
vn 0.035223 -0.494313 -0.868570
vn -0.469587 0.179178 -0.864513
vn -0.360062 0.171222 -0.917081
vn -0.148464 -0.593297 -0.791174
vn -0.301995 -0.590855 -0.748124
vn -0.319782 0.148969 -0.935707
vn -0.614284 -0.421868 -0.666845
vn -0.344701 0.065742 -0.936408
vn -0.799886 -0.046146 -0.598375
vn -0.446860 0.185277 -0.875208
vn -0.483421 0.351907 -0.801540
vn -0.794417 0.308534 -0.523172
vn -0.364224 0.835115 -0.412218
vn -0.213219 0.712315 -0.668689
vn 0.008731 0.790172 -0.612822
vn -0.083194 0.930063 -0.357857
vn 0.368887 0.769164 -0.521833
vn 0.355220 0.894375 -0.271867
vn 0.602618 0.764461 -0.229022
vn 0.565831 0.669219 -0.481644
vn 0.742339 0.496407 -0.450014
vn 0.809808 0.552453 -0.197504
vn 0.945857 0.274104 -0.173845
vn 0.870469 0.258630 -0.418801
vn 0.922793 -0.013440 -0.385062
vn 0.986787 -0.032695 -0.158690
vn 0.929497 -0.339648 -0.143790
vn 0.891422 -0.292714 -0.345955
vn 0.768500 -0.561594 -0.306626
vn 0.775300 -0.621060 -0.114869
vn 0.552111 -0.830615 -0.072468
vn 0.563738 -0.779842 -0.272114
vn 0.188548 -0.956116 -0.224258
vn 0.181726 -0.983303 0.009561
vn -0.120604 -0.975490 -0.184050
vn -0.125934 -0.988086 0.088472
vn -0.595347 -0.776802 0.205281
vn -0.588333 -0.800408 -0.114940
vn -0.956022 -0.288711 -0.051649
vn -0.942199 -0.235665 0.238167
vn -0.984479 0.175372 0.006818
vn -0.941015 0.215006 0.261272
vn -0.692971 0.712439 0.110552
vn -0.654925 0.695511 0.295531
vn -0.258503 0.942087 0.213656
vn -0.212348 0.903589 0.372070
vn 0.135345 0.895199 0.424617
vn 0.105302 0.960340 0.258184
vn 0.406999 0.871426 0.273805
vn 0.395527 0.794127 0.461434
vn 0.597189 0.627937 0.499059
vn 0.657475 0.696167 0.288234
vn 0.900514 0.278329 0.334077
vn 0.765082 0.276672 0.581465
vn 0.926970 -0.032978 0.373683
vn 0.763499 0.038899 0.644636
vn 0.560469 -0.284894 0.777631
vn 0.689746 -0.532530 0.490574
vn 0.384106 -0.351687 0.853685
vn 0.373766 -0.711959 0.594486
vn 0.244105 -0.353563 0.902998
vn 0.054143 -0.738109 0.672506
vn -0.217258 -0.604540 0.766375
vn 0.168224 -0.279585 0.945269
vn 0.255758 -0.247778 0.934449
vn -0.334398 -0.393868 0.856181
vn -0.280536 -0.281615 0.917602
vn 0.317900 -0.468115 0.824505
vn -0.224614 -0.239133 0.944650
vn 0.240924 -0.633823 0.735000
vn -0.172574 -0.832582 0.526333
vn -0.282761 -0.324078 0.902785
vn -0.529896 -0.753612 0.388947
vn -0.485067 -0.295719 0.822958
vn -0.828977 -0.498186 0.254180
vn -0.666689 -0.130858 0.733759
vn -0.766711 0.172416 0.618407
vn -0.988114 -0.079531 0.131551
vn -0.970760 0.229404 0.070711
vn -0.747048 0.413249 0.520716
vn -0.647620 0.624243 0.436932
vn -0.868181 0.495883 0.019049
vn -0.701704 0.710554 -0.052189
vn -0.484487 0.797700 0.359092
vn -0.251313 0.931009 0.264697
vn -0.461471 0.874560 -0.148960
vn -0.177418 0.953346 -0.244241
vn 0.027668 0.986138 0.163602
vn 0.329896 0.940918 0.076437
vn 0.109655 0.939806 -0.323635
vn 0.379973 0.837351 -0.393018
vn 0.614052 0.789008 0.020190
vn 0.823899 0.566445 -0.018190
vn 0.586962 0.657310 -0.472673
vn 0.693129 0.428037 -0.579963
vn 0.951534 0.297751 -0.076986
vn 0.988355 -0.002057 -0.152155
vn 0.703424 0.205861 -0.680306
vn 0.661716 0.011893 -0.749660
vn 0.929603 -0.295781 -0.219891
vn 0.778904 -0.559959 -0.282408
vn 0.580823 -0.157634 -0.798621
vn 0.463789 -0.282730 -0.839621
vn 0.552967 -0.758160 -0.345572
vn 0.284828 -0.867968 -0.406823
vn 0.341934 -0.337168 -0.877154
vn 0.236741 -0.319889 -0.917401
vn -0.002730 -0.883679 -0.468085
vn -0.263535 -0.804140 -0.532831
vn 0.170254 -0.259998 -0.950481
vn 0.167811 -0.199903 -0.965338
vn -0.457259 -0.650188 -0.606770
vn -0.578339 -0.461671 -0.672595
vn 0.219722 -0.203636 -0.954073
vn 0.270609 -0.254760 -0.928369
vn -0.628505 -0.249076 -0.736847
vn -0.575752 -0.040572 -0.816617
vn 0.286700 -0.303396 -0.908710
vn 0.270293 -0.372634 -0.887742
vn -0.408150 0.075001 -0.909829
vn -0.285820 0.038051 -0.957528
vn 0.174250 -0.483443 -0.857857
vn 0.004335 -0.584979 -0.811037
vn -0.261614 -0.060755 -0.963259
vn -0.278865 -0.154585 -0.947807
vn -0.190516 -0.627699 -0.754784
vn -0.402612 -0.595381 -0.695288
vn -0.341737 -0.211689 -0.915644
vn -0.448921 -0.185055 -0.874199
vn -0.617749 -0.464696 -0.634385
vn -0.784934 -0.243739 -0.569623
vn -0.546407 -0.073337 -0.834303
vn -0.586008 0.098327 -0.804317
vn -0.856533 0.035987 -0.514837
vn -0.813061 0.341939 -0.471179
vn -0.551848 0.301201 -0.777652
vn -0.434834 0.500666 -0.748501
vn -0.657820 0.609079 -0.443054
vn -0.410974 0.810055 -0.418223
vn -0.246557 0.661861 -0.707919
vn 0.001949 0.750895 -0.660419
vn -0.075802 0.921105 -0.381864
vn 0.285153 0.900839 -0.327379
vn 0.281230 0.743321 -0.606946
vn 0.660930 0.525319 -0.535921
vn 0.748502 0.609981 -0.260132
vn 0.866179 0.143433 -0.478707
vn 0.963710 0.134731 -0.230457
vn 0.907221 -0.375123 -0.190350
vn 0.857716 -0.318956 -0.403226
vn 0.249668 -0.967536 -0.039254
vn 0.287506 -0.914516 -0.284607
vn -0.293219 -0.954673 0.051206
vn -0.223200 -0.943635 -0.244409
vn -0.982388 -0.147727 -0.114415
vn -0.967397 -0.123270 0.221241
vn -0.719901 0.694059 -0.004973
vn -0.653960 0.685579 0.319872
vn -0.579659 0.632450 0.513811
vn -0.454596 0.156266 0.876883
vn 0.012233 0.951861 0.306286
vn -0.033321 0.814296 0.579493
vn -0.008625 0.998556 0.053027
vn -0.279559 0.253465 0.926068
vn 0.925603 0.217123 0.310028
vn 0.753894 0.226797 0.616609
vn 0.948351 0.263451 0.176703
vn -0.309098 0.286602 0.906817
vn 0.774272 -0.032808 0.632003
vn -0.233318 0.350885 0.906886
vn 0.928144 -0.117113 0.353318
vn 0.968431 -0.088593 0.233009
vn 0.200893 -0.580447 0.789128
vn 0.246112 0.621510 0.743744
vn 0.128057 -0.905940 0.403578
vn 0.123409 -0.814413 0.567011
vn 0.030538 -0.551312 0.833740
vn 0.432693 0.560198 0.706368
vn -0.224272 -0.883341 0.411596
vn -0.160470 -0.770858 0.616463
vn -0.198818 -0.252312 0.947001
vn 0.859336 -0.053085 0.508648
vn -0.866682 -0.173027 0.467893
vn -0.660953 -0.191645 0.725543
vn 0.854663 -0.457460 0.245524
vn 0.980937 0.061594 0.184307
vn 0.689544 -0.357342 0.629949
vn 0.735192 0.040294 0.676660
vn 0.348858 -0.886552 0.303849
vn 0.307916 -0.747987 0.587965
vn 0.053146 -0.952711 0.299194
vn -0.297331 -0.926617 0.230164
vn -0.309818 -0.780603 0.542837
vn 0.057124 -0.814122 0.577877
vn -0.262240 -0.714047 -0.649128
vn -0.344914 -0.655647 -0.671686
vn -0.979764 -0.189635 -0.064047
vn -0.903199 0.428946 -0.015397
vn -0.884677 0.383559 -0.265007
vn -0.934576 -0.187020 -0.302642
vn -0.787239 0.282187 -0.548293
vn -0.755378 -0.132620 -0.641729
vn -0.980360 -0.144634 0.134075
vn -0.929169 -0.096696 0.356784
vn -0.823792 0.434667 0.363911
vn -0.878023 0.439762 0.188905
vn -0.503188 0.863263 0.039750
vn -0.540974 0.819257 -0.190169
vn -0.550420 0.639710 -0.536478
vn -0.427176 0.792691 0.434928
vn -0.470749 0.854125 0.221056
vn -0.181553 0.983019 0.026669
vn -0.222928 0.959229 -0.173731
vn 0.256023 0.965482 -0.047921
vn 0.211345 0.943966 -0.253497
vn 0.082204 0.796619 -0.598866
vn -0.300045 0.778075 -0.551881
vn -0.168943 0.967872 0.186232
vn -0.155713 0.879949 0.448824
vn 0.244797 0.871036 0.425876
vn 0.267893 0.953901 0.135300
vn 0.489968 0.868226 -0.078204
vn 0.427466 0.853077 -0.299220
vn 0.270083 0.735590 -0.621259
vn 0.510260 0.849975 0.131060
vn 0.472925 0.773231 0.422441
vn 0.768110 0.632110 -0.102192
vn 0.680510 0.641815 -0.353524
vn 0.893490 0.434494 -0.113533
vn 0.803332 0.466736 -0.369886
vn 0.525871 0.434686 -0.731100
vn 0.456007 0.564504 -0.688036
vn 0.791699 0.596556 0.131656
vn 0.740507 0.531503 0.411283
vn 0.848123 0.355544 0.392779
vn 0.909088 0.399518 0.118085
vn 0.963344 0.222897 -0.149284
vn 0.875682 0.267727 -0.401876
vn 0.976327 0.017049 -0.215626
vn 0.873214 0.072297 -0.481945
vn 0.528062 0.160649 -0.833872
vn 0.555109 0.294904 -0.777744
vn 0.978484 0.191732 0.076216
vn 0.918221 0.159319 0.362613
vn 0.939054 -0.084050 0.333338
vn 0.999077 -0.032589 0.027999
vn 0.963350 -0.268011 -0.011244
vn 0.937325 -0.178649 -0.299177
vn 0.889614 -0.336868 0.308393
vn 0.770588 -0.576931 0.270822
vn 0.857183 -0.511712 -0.058216
vn 0.841327 -0.380620 -0.383793
vn 0.799150 -0.078716 -0.595956
vn 0.687933 -0.197014 -0.698523
vn 0.355735 0.040033 -0.933729
vn 0.444883 0.076157 -0.892345
vn 0.688868 -0.716001 -0.113153
vn 0.697893 -0.554275 -0.453569
vn 0.594619 -0.774480 0.215891
vn 0.272201 -0.954112 0.124811
vn 0.382499 -0.907011 -0.176139
vn 0.457356 -0.720889 -0.520716
vn 0.566787 -0.286281 -0.772526
vn 0.412790 -0.339732 -0.845096
vn 0.234028 0.079233 -0.968996
vn 0.281857 0.034141 -0.958849
vn 0.140370 -0.963570 -0.227661
vn 0.266717 -0.776773 -0.570514
vn 0.018484 -0.998238 0.056379
vn 0.320738 -0.341699 -0.883385
vn 0.247243 0.110464 -0.962636
vn -0.235070 -0.912968 -0.333513
vn -0.025856 -0.728545 -0.684510
vn -0.376427 -0.924702 -0.056818
vn -0.699117 -0.697445 -0.157499
vn -0.534801 -0.714223 -0.451522
vn -0.236980 -0.583638 -0.776664
vn 0.212512 -0.259047 -0.942196
vn 0.200780 -0.203796 -0.958204
vn 0.447599 0.132361 -0.884385
vn 0.317492 0.169287 -0.933028
vn -0.888463 -0.372243 -0.268456
vn -0.692691 -0.435039 -0.575257
vn -0.323999 -0.396295 -0.859055
vn 0.243363 -0.180113 -0.953066
vn 0.560996 0.023845 -0.827475
vn -0.719834 -0.145741 -0.678674
vn -0.323292 -0.234677 -0.916738
vn -0.927831 -0.010834 -0.372845
vn 0.292025 -0.235065 -0.927074
vn 0.620709 -0.180330 -0.763021
vn -0.634522 0.039253 -0.771907
vn -0.255312 -0.213505 -0.942991
vn -0.830455 0.297593 -0.470939
vn -0.697364 0.485814 -0.526941
vn -0.535945 0.142557 -0.832130
vn -0.218158 -0.205006 -0.954138
vn 0.264307 -0.424945 -0.865774
vn 0.185064 -0.517180 -0.835629
vn 0.533454 -0.497165 -0.684291
vn -0.407163 0.195319 -0.892227
vn -0.182636 -0.217571 -0.958805
vn -0.513088 0.617687 -0.595990
vn -0.301849 0.675795 -0.672450
vn -0.293534 0.199349 -0.934932
vn -0.196862 -0.243844 -0.949624
vn 0.084583 -0.583967 -0.807359
vn -0.059429 -0.627645 -0.776228
vn -0.638643 -0.639932 0.427343
vn -0.266887 -0.282947 0.921256
vn -0.538595 -0.050503 0.841050
vn -0.297292 -0.933689 -0.199607
vn -0.329142 -0.822495 0.463863
vn -0.684289 -0.719658 -0.117646
vn -0.345219 -0.508007 -0.789147
vn -0.476538 0.281192 0.832972
vn -0.213994 0.397109 0.892475
vn -0.077631 0.355073 0.931610
vn 0.040471 0.347792 0.936698
vn 0.136514 0.354351 0.925094
vn 0.284256 0.274747 0.918538
vn 0.373345 0.207010 0.904301
vn 0.435088 0.088841 0.895994
vn 0.453945 -0.099382 0.885470
vn 0.418473 -0.290491 0.860520
vn 0.345531 -0.450187 0.823371
vn 0.235242 -0.582570 0.777994
vn 0.015366 -0.734020 0.678954
vn -0.188135 -0.770697 0.608796
vn -0.513907 -0.692810 0.505879
vn -0.793031 -0.460535 0.398759
vn 0.027331 -0.009225 0.999584
vn 0.025006 -0.006179 0.999668
vn -0.235059 -0.505535 0.830170
vn 0.042884 -0.005268 0.999066
vn 0.031352 -0.119332 0.992359
vn -0.004068 -0.187519 0.982253
vn -0.143586 -0.176038 0.973855
vn 0.511285 0.428035 0.745234
vn 0.089756 0.206941 0.974228
vn 0.762690 0.627369 0.157202
vn 0.380716 0.736817 0.558710
vn 0.470455 0.882402 0.006255
vn 0.768640 0.621699 -0.150608
vn 0.497748 0.783099 -0.372831
vn 0.855226 0.422451 -0.300206
vn 0.889000 -0.243994 -0.387488
vn 0.468195 0.407645 -0.783976
vn 0.462275 -0.812269 -0.355699
vn 0.165400 -0.381467 -0.909465
vn 0.859785 0.500506 0.101310
vn 0.750203 0.593034 -0.292415
vn 0.696084 0.511526 -0.503794
vn 0.380827 0.144974 -0.913210
vn 0.160906 -0.927113 0.338483
vn 0.513217 -0.701542 0.494417
vn -0.037065 -0.991679 -0.123284
vn 0.892041 -0.130325 0.432756
vn -0.029341 -0.660578 -0.750184
vn 0.160007 -0.068361 -0.984746
vn -0.109169 -0.129024 -0.985614
vn 0.356550 0.468901 -0.808086
vn 0.407952 0.574029 -0.709976
vn 0.547647 0.625246 -0.556013
vn 0.295330 0.182622 -0.937779
vn 0.134591 -0.377371 -0.916229
vn -0.839489 -0.371731 -0.396326
vn -0.345537 -0.907852 -0.237506
vn -0.974633 -0.210385 0.076348
vn -0.864885 0.496045 -0.076897
vn -0.495584 -0.850978 0.173877
vn -0.503737 0.837298 -0.212557
vn -0.633509 0.124910 0.763587
vn -0.561827 0.598053 0.571563
vn -0.455727 -0.162311 0.875196
vn -0.234482 -0.626110 -0.743643
vn -0.260744 -0.249842 -0.932519
vn -0.370086 -0.226816 -0.900883
vn -0.421974 -0.565379 -0.708720
vn -0.595780 -0.450329 -0.665019
vn -0.497790 -0.187458 -0.846797
vn -0.596051 -0.124815 -0.793186
vn -0.725984 -0.296483 -0.620520
vn -0.809244 -0.113900 -0.576326
vn -0.656402 -0.017474 -0.754209
vn -0.678527 0.142074 -0.720705
vn -0.840258 0.090922 -0.534510
vn -0.811152 0.319448 -0.489883
vn -0.657030 0.334572 -0.675555
vn -0.572253 0.533523 -0.622800
vn -0.696897 0.565700 -0.440815
vn -0.501137 0.769691 -0.395523
vn -0.418573 0.703040 -0.574919
vn -0.214434 0.817027 -0.535242
vn -0.270217 0.893026 -0.359843
vn -0.249316 -0.089722 -0.964257
vn -0.322756 -0.028217 -0.946062
vn -0.301184 0.016285 -0.953427
vn -0.233207 0.023198 -0.972150
vn -0.213780 0.078710 -0.973706
vn -0.254545 0.093109 -0.962568
vn 0.845208 0.048591 0.532224
vn 0.699403 -0.328733 0.634641
vn 0.933320 -0.010072 0.358905
vn 0.758235 -0.472192 0.449572
vn 0.385337 -0.499980 0.775587
vn 0.402113 -0.703903 0.585513
vn 0.026628 -0.719818 0.693652
vn 0.133904 -0.477200 0.868533
vn 0.049494 -0.417539 0.907310
vn -0.164184 -0.638500 0.751906
vn 0.050744 -0.321083 0.945691
vn -0.352442 -0.411132 0.840688
vn 0.140797 -0.385003 0.912112
vn -0.329211 -0.250628 0.910388
vn -0.299464 -0.188669 0.935268
vn 0.130417 -0.478150 0.868541
vn -0.132271 -0.654904 0.744047
vn -0.305195 -0.251639 0.918441
vn -0.290446 -0.653600 0.698891
vn -0.549356 -0.567779 0.613054
vn -0.722399 -0.444765 0.529456
vn -0.853544 -0.276308 0.441720
vn -0.934444 -0.064347 0.350249
vn -0.941349 0.204634 0.268305
vn -0.851154 0.475147 0.223096
vn -0.695160 0.688752 0.205848
vn -0.492923 0.850821 0.182020
vn -0.125276 0.988164 0.088534
vn 0.154193 0.987968 -0.011986
vn 0.002654 0.959033 -0.283283
vn -0.246341 0.524147 -0.815221
vn 0.536643 0.824277 -0.180504
vn 0.327032 0.814581 -0.479070
vn 0.828872 0.438014 -0.348016
vn 0.584554 0.504667 -0.635301
vn -0.161815 0.378553 -0.911325
vn -0.157292 0.300005 -0.940881
vn 0.865988 0.116529 -0.486299
vn 0.612625 0.267690 -0.743662
vn -0.187523 0.333503 -0.923911
vn 0.684938 -0.279163 -0.672999
vn 0.447017 0.015081 -0.894399
vn -0.241347 0.473081 -0.847317
vn 0.451248 -0.386881 -0.804175
vn 0.309907 0.045217 -0.949691
vn -0.071029 0.658887 -0.748881
vn 0.313293 -0.372680 -0.873474
vn 0.269729 0.103599 -0.957347
vn 0.241519 -0.301841 -0.922259
vn 0.317186 0.168521 -0.933271
vn 0.117001 0.715826 -0.688407
vn 0.336209 0.697908 -0.632367
vn 0.242639 -0.217823 -0.945346
vn 0.431938 0.195082 -0.880552
vn 0.558710 0.602372 -0.570080
vn 0.822209 0.306342 -0.479715
vn 0.905020 0.026439 -0.424546
vn 0.778643 -0.538115 -0.322719
vn 0.446476 -0.858595 -0.251939
vn -0.010172 -0.985872 -0.167193
vn -0.458916 -0.882690 -0.101265
vn -0.834935 -0.549115 -0.036825
vn -0.988790 0.143534 0.041128
vn -0.865433 0.138346 0.481545
vn -0.939193 -0.157215 0.305287
vn -0.925359 0.174084 0.336757
vn -0.667315 0.030720 0.744142
vn -0.220624 -0.187324 0.957202
vn -0.248833 0.741801 0.622746
vn -0.272340 0.441527 0.854918
vn -0.260605 -0.215315 0.941130
vn -0.209569 0.852005 0.479759
vn 0.391735 0.662176 0.638801
vn 0.233326 0.584910 0.776814
vn -0.028730 0.359635 0.932651
vn -0.947451 -0.154504 -0.280117
vn -0.717485 0.674262 -0.174890
vn -0.872861 -0.145773 -0.465687
vn -0.470196 0.118428 -0.874580
vn -0.325078 0.496875 -0.804636
vn -0.693491 0.607336 -0.387575
vn -0.217075 -0.876166 -0.430362
vn -0.199773 -0.734186 -0.648893
vn -0.277581 -0.115889 -0.953687
vn -0.034349 0.994886 -0.094990
vn -0.057894 0.942291 -0.329750
vn 0.048932 0.705509 -0.707010
vn 0.958357 0.282276 0.043269
vn 0.927722 0.270960 -0.256737
vn 0.811475 0.229896 -0.537268
vn 0.971466 -0.086850 -0.220705
vn 0.993046 -0.081784 0.084677
vn 0.878466 -0.061149 -0.473876
vn 0.146314 -0.927766 -0.343281
vn 0.137198 -0.988681 -0.060710
vn 0.115905 -0.965458 0.233361
vn -0.195968 -0.932352 -0.303834
vn -0.232691 -0.972546 -0.003071
vn -0.250748 -0.936995 0.243240
vn 0.037516 0.967268 0.250969
vn -0.240691 0.902308 0.357642
vn -0.072302 0.795581 0.601518
vn 0.164195 0.844032 0.510540
vn 0.330919 0.935537 0.123547
vn 0.419409 0.814877 0.400090
vn 0.040288 0.865083 -0.500009
vn -0.224836 0.919633 -0.322062
vn -0.201074 0.353422 -0.913598
vn -0.333430 0.444371 -0.831480
vn -0.504470 0.474508 -0.721354
vn -0.498091 0.851045 -0.166215
vn 0.596513 0.802195 -0.025615
vn 0.261168 0.707964 -0.656185
vn 0.797225 0.579131 -0.170411
vn 0.368958 0.524596 -0.767248
vn -0.139981 0.142828 -0.979799
vn -0.125445 0.229593 -0.965169
vn 0.663625 0.703537 0.254240
vn 0.869503 0.483920 0.098926
vn 0.916472 0.291865 -0.273667
vn 0.382540 0.354241 -0.853332
vn 0.941799 -0.008703 -0.336063
vn 0.322902 0.224421 -0.919440
vn -0.252532 0.163910 -0.953604
vn -0.198807 0.121143 -0.972523
vn 0.983881 0.178590 -0.009097
vn 0.987429 -0.143219 -0.066872
vn 0.877210 -0.287191 -0.384740
vn 0.222974 0.175517 -0.958893
vn 0.741428 -0.516024 -0.428957
vn 0.159529 0.218295 -0.962755
vn -0.223283 0.413665 -0.882624
vn -0.274939 0.267963 -0.923366
vn 0.892401 -0.439790 -0.101025
vn 0.716571 -0.684366 -0.134795
vn 0.533040 -0.693437 -0.484782
vn 0.156576 0.286969 -0.945057
vn 0.243684 -0.787035 -0.566740
vn 0.187329 0.329293 -0.925459
vn 0.072726 0.613705 -0.786179
vn -0.099412 0.543486 -0.833511
vn 0.462327 -0.866865 -0.186546
vn 0.127659 -0.954842 -0.268292
vn -0.206708 -0.908767 -0.362511
vn -0.040915 -0.740758 -0.670525
vn -0.595451 -0.664701 -0.451232
vn -0.302487 -0.559028 -0.772004
vn 0.258104 0.350274 -0.900384
vn 0.433191 0.240473 -0.868630
vn 0.586241 0.444721 -0.677160
vn 0.277609 0.617486 -0.735965
vn -0.799102 -0.296042 -0.523254
vn -0.418770 -0.355281 -0.835707
vn 0.523809 0.008983 -0.851789
vn 0.760708 0.115445 -0.638746
vn -0.781690 0.099223 -0.615724
vn -0.388774 -0.145281 -0.909807
vn 0.512790 -0.265607 -0.816394
vn 0.759325 -0.294911 -0.580046
vn -0.376339 0.450280 -0.809702
vn -0.232135 -0.117514 -0.965559
vn 0.173793 -0.676336 -0.715797
vn 0.272779 -0.834382 -0.478955
vn -0.178448 0.463557 -0.867912
vn -0.076225 0.294836 -0.952503
vn 0.012711 0.375250 -0.926837
vn 0.143475 0.473425 -0.869071
vn -0.095577 -0.701937 0.705797
vn -0.279514 -0.601111 0.748691
vn 0.065117 -0.369257 0.927043
vn 0.124440 -0.400204 0.907938
vn -0.410934 -0.452735 0.791305
vn 0.012513 -0.317284 0.948248
vn -0.261923 -0.903923 0.338111
vn -0.536966 -0.751668 0.382966
vn -0.750563 -0.517296 0.411169
vn 0.119364 -0.743469 0.658032
vn 0.355942 -0.717888 0.598282
vn 0.315633 -0.921907 0.224641
vn 0.032835 -0.958974 0.281588
vn 0.205446 -0.444422 0.871941
vn 0.362315 -0.457872 0.811838
vn -0.475571 -0.288595 0.830991
vn -0.004211 -0.272245 0.962219
vn -0.474822 -0.140189 0.868845
vn -0.000561 -0.274712 0.961526
vn -0.875394 -0.221120 0.429874
vn -0.883853 0.098938 0.457183
vn -0.427633 -0.028156 0.903514
vn -0.012069 -0.302894 0.952948
vn -0.346572 0.039865 0.937176
vn -0.028190 -0.349970 0.936337
vn -0.782794 0.375106 0.496517
vn -0.596144 0.586024 0.548807
vn -0.276900 0.052625 0.959456
vn -0.086764 -0.418469 0.904077
vn -0.262996 0.018546 0.964619
vn -0.227290 -0.485517 0.844164
vn -0.358452 0.713985 0.601446
vn -0.104553 0.745838 0.657871
vn 0.130869 0.687931 0.713879
vn -0.306924 -0.014696 0.951621
vn 0.320505 0.559483 0.764366
vn -0.387157 -0.001531 0.922013
vn -0.417923 -0.481349 0.770483
vn -0.607876 -0.382242 0.695973
vn 0.442773 0.406692 0.799096
vn -0.457612 0.083787 0.885195
vn 0.497092 0.260274 0.827743
vn -0.493097 0.231159 0.838702
vn -0.745804 -0.184954 0.639975
vn -0.809391 0.072512 0.582776
vn 0.501512 0.115479 0.857409
vn -0.464840 0.396319 0.791742
vn 0.440830 -0.009893 0.897536
vn -0.385697 0.543743 0.745373
vn -0.777197 0.339388 0.529887
vn -0.662574 0.567436 0.488888
vn 0.353231 -0.054355 0.933956
vn -0.261562 0.680620 0.684355
vn 0.312911 -0.013232 0.949690
vn -0.482461 0.758190 0.438612
vn 0.317892 0.048127 0.946905
vn 0.342352 0.111958 0.932878
vn 0.435557 0.138969 0.889369
vn 0.602427 0.038286 0.797255
vn 0.697563 -0.171912 0.695595
vn 0.685679 -0.394027 0.612035
vn 0.587613 -0.597202 0.545950
vn 0.418788 -0.772005 0.478147
vn 0.181497 -0.897763 0.401349
vn -0.115475 -0.937309 0.328812
vn -0.424115 -0.861211 0.280077
vn -0.821346 -0.529606 0.211915
vn -0.987097 -0.065722 0.146016
vn -0.912832 0.405428 0.048635
vn -0.298705 0.928977 -0.218580
vn -0.361759 0.816789 0.449428
vn -0.073637 0.850542 0.520726
vn -0.629161 0.679836 0.376801
vn -0.348199 0.890271 0.293558
vn -0.043092 0.933365 0.356333
vn 0.210145 0.789694 0.576388
vn 0.265920 0.874977 0.404600
vn 0.548750 0.710612 0.440345
vn 0.453778 0.639531 0.620552
vn 0.620664 0.437110 0.650931
vn 0.753327 0.467861 0.462174
vn 0.856753 0.191282 0.478942
vn 0.705097 0.220542 0.673943
vn 0.719631 -0.013917 0.694217
vn 0.860249 -0.102104 0.499547
vn 0.749704 -0.390000 0.534644
vn 0.641465 -0.251784 0.724657
vn 0.499734 -0.412167 0.761830
vn 0.559753 -0.594965 0.576795
vn 0.345734 -0.690402 0.635463
vn 0.356913 -0.464274 0.810594
vn 0.225693 -0.439944 0.869202
vn 0.128233 -0.690544 0.711833
vn -0.062093 -0.600466 0.797236
vn 0.115381 -0.355162 0.927657
vn 0.078557 -0.263321 0.961504
vn -0.177963 -0.465885 0.866764
vn -0.218334 -0.342474 0.913806
vn 0.122740 -0.233324 0.964622
vn 0.177114 -0.272799 0.945627
vn -0.222383 -0.255284 0.940944
vn -0.202908 -0.200669 0.958416
vn 0.211829 -0.350581 0.912262
vn 0.200391 -0.455101 0.867599
vn -0.178464 -0.185837 0.966238
vn -0.172732 -0.213957 0.961450
vn 0.123289 -0.571713 0.811137
vn -0.030537 -0.662324 0.748595
vn -0.213954 -0.254619 0.943076
vn -0.308489 -0.267468 0.912850
vn -0.249997 -0.678974 0.690287
vn 0.881265 0.028062 0.471788
vn 0.661515 0.119387 0.740368
vn 0.538155 0.742244 0.399329
vn 0.981367 -0.010484 0.191856
vn 0.578585 0.814835 0.035830
vn 0.572982 -0.734278 0.364044
vn 0.570037 -0.505818 0.647461
vn 0.475816 -0.213585 0.853218
vn 0.633827 0.759718 -0.145232
vn 0.247624 -0.563980 0.787787
vn 0.299638 -0.172510 0.938327
vn 0.157230 -0.450527 0.878809
vn 0.361962 0.007234 0.932165
vn -0.270431 0.879245 0.392166
vn 0.101722 0.967054 0.233367
vn 0.052274 0.596898 0.800612
vn 0.319391 0.747295 0.582700
vn 0.239353 0.166825 0.956493
vn 0.398176 0.344349 0.850223
vn -0.042610 0.369337 0.928318
vn 0.295572 0.046745 0.954176
vn 0.426717 0.194783 0.883160
vn 0.021142 0.241700 0.970121
vn -0.228291 0.188295 -0.955211
vn -0.112749 0.666029 -0.737356
vn -0.007115 0.626884 -0.779080
vn -0.249284 0.181980 -0.951179
vn -0.314954 0.161626 -0.935244
vn 0.057817 0.560840 -0.825903
vn 0.125842 0.440513 -0.888883
vn -0.355406 0.123354 -0.926537
vn -0.377319 0.121103 -0.918131
vn 0.154387 0.314029 -0.936777
vn 0.130753 0.256001 -0.957793
vn -0.389625 0.202537 -0.898427
vn -0.382994 0.332132 -0.861977
vn 0.083235 0.258640 -0.962381
vn 0.048627 0.294453 -0.954428
vn -0.338675 0.463508 -0.818816
vn -0.243503 0.580277 -0.777165
vn 0.047121 0.350783 -0.935271
vn 0.096278 0.409321 -0.907296
vn -0.093678 0.667286 -0.738887
vn 0.091582 0.709389 -0.698842
vn 0.022016 0.870059 -0.492455
vn 0.185567 0.448208 -0.874457
vn 0.290490 0.455673 -0.841414
vn 0.278652 0.697487 -0.660201
vn 0.264392 0.853023 -0.449942
vn -0.014284 0.947940 -0.318129
vn 0.259675 0.927071 -0.270384
vn 0.464317 0.633252 -0.619195
vn 0.497829 0.764258 -0.409970
vn 0.413557 0.429059 -0.803044
vn 0.560702 0.341782 -0.754187
vn 0.651811 0.498956 -0.571126
vn 0.713190 0.595999 -0.368978
vn 0.522637 0.822018 -0.226133
vn 0.750279 0.634240 -0.186604
vn 0.802007 0.304356 -0.513957
vn 0.869449 0.372155 -0.324897
vn 0.694488 0.190779 -0.693750
vn 0.774717 0.005236 -0.632287
vn 0.885718 0.093971 -0.454614
vn 0.946481 0.151724 -0.284874
vn 0.905622 0.395941 -0.151920
vn 0.976784 0.169162 -0.131447
vn 0.893279 -0.266435 -0.362030
vn 0.949360 -0.238623 -0.204389
vn 0.779238 -0.305741 -0.547094
vn 0.690056 -0.519426 -0.504004
vn 0.789589 -0.524904 -0.317843
vn 0.832873 -0.531736 -0.153559
vn 0.968633 -0.236590 -0.075990
vn 0.838908 -0.543708 -0.024796
vn 0.192557 -0.900029 -0.390986
vn 0.220823 -0.944493 -0.243251
vn 0.208003 -0.972971 -0.100311
vn 0.166943 -0.985394 0.033604
vn -0.073761 -0.932619 -0.353243
vn -0.068071 -0.971681 -0.226279
vn -0.090523 -0.990762 -0.100973
vn -0.131039 -0.991038 0.025935
vn -0.803475 -0.546011 -0.237276
vn -0.835306 -0.532382 -0.137237
vn -0.853898 -0.519745 -0.026885
vn -0.857746 -0.506207 0.089593
vn -0.998176 0.006655 -0.060010
vn -0.997903 0.040522 0.050465
vn -0.985009 0.066275 0.159262
vn -0.794163 0.606669 0.035472
vn -0.773669 0.618452 0.137671
vn -0.750446 0.622004 0.223476
vn -0.308001 0.946612 0.095196
vn -0.283661 0.932705 0.222705
vn -0.017273 0.994352 0.104721
vn 0.005777 0.970242 0.242070
vn -0.270311 0.905686 0.326597
vn 0.015525 0.929813 0.367705
vn 0.283334 0.952399 0.112506
vn 0.304372 0.919326 0.249395
vn 0.786994 0.602880 0.131060
vn 0.788084 0.560606 0.254253
vn 0.303026 0.868675 0.391891
vn 0.740232 0.527851 0.416450
vn 0.973948 -0.007509 0.226648
vn 0.787877 -0.533589 0.307462
vn 0.422011 -0.803303 0.420251
vn -0.032071 -0.852345 0.521996
vn -0.300434 -0.762736 0.572690
vn -0.618365 -0.450160 0.644190
vn -0.683002 -0.075413 0.726513
vn -0.624104 0.145561 0.767663
vn -0.376018 0.290650 0.879848
vn -0.941859 -0.118103 0.314569
vn -0.937773 0.258555 0.231799
vn -0.780273 0.607318 0.149463
vn -0.594779 0.798833 0.090023
vn -0.366358 0.930096 0.026532
vn -0.114016 0.992636 -0.040916
vn 0.146172 0.982986 -0.111232
vn 0.392905 0.901841 -0.179746
vn 0.601576 0.758001 -0.252073
vn 0.025184 0.570230 -0.821099
vn -0.304898 0.257935 -0.916792
vn 0.134808 0.260727 -0.955954
vn 0.146395 0.277824 -0.949412
vn 0.744313 0.103907 -0.659698
vn 0.338088 -0.364190 -0.867791
vn -0.018337 0.687958 -0.725519
vn -0.528962 0.234999 -0.815460
vn -0.083383 0.827664 -0.554995
vn -0.734856 0.209339 -0.645108
vn 0.278887 -0.955225 -0.098830
vn 0.124081 -0.954084 0.272630
vn 0.915650 -0.215498 0.339332
vn 0.705905 -0.680324 0.197125
vn 0.263829 -0.956553 0.124099
vn -0.018288 -0.996210 0.085042
vn -0.300910 -0.952434 0.048200
vn -0.755440 -0.652900 -0.055055
vn -0.948852 -0.211386 -0.234512
vn -0.877218 0.254194 -0.407275
vn -0.559284 0.546717 -0.623139
vn -0.317629 0.631434 -0.707392
vn -0.156401 0.630753 -0.760059
vn 0.070745 0.465105 -0.882424
vn 0.111240 0.349776 -0.930206
vn 0.092760 0.306199 -0.947437
vn 0.059307 0.439194 -0.896432
vn 0.178665 0.481671 -0.857946
vn 0.383185 0.510345 -0.769881
vn 0.516890 0.460623 -0.721562
vn 0.658386 0.342512 -0.670234
vn 0.773166 0.159168 -0.613905
vn 0.828224 -0.064557 -0.556666
vn 0.810808 -0.302220 -0.501253
vn 0.707946 -0.536906 -0.458851
vn 0.526466 -0.733689 -0.429573
vn 0.179780 -0.903562 -0.388916
vn -0.107062 -0.930359 -0.350672
vn -0.545580 -0.786574 -0.289213
vn -0.925429 -0.314271 -0.211695
vn -0.977277 0.157426 -0.141938
vn -0.694660 0.718802 -0.027763
vn -0.271762 0.960579 0.058590
vn 0.085830 0.991496 0.097821
vn 0.400446 0.908924 0.116195
vn 0.667156 0.732584 0.134995
vn 0.937512 0.297596 0.180297
vn 0.975256 -0.031011 0.218894
vn 0.729989 -0.605214 0.317540
vn 0.346761 -0.844931 0.407244
vn -0.052698 -0.876631 0.478269
vn -0.407389 -0.719736 0.562152
vn -0.663305 -0.401295 0.631656
vn -0.674648 0.008869 0.738086
vn -0.549492 0.195132 0.812393
vn -0.262314 0.221768 0.939154
vn -0.265347 0.178195 0.947543
vn -0.311750 0.186674 0.931646
vn -0.391218 0.300073 0.870003
vn -0.413911 0.446983 0.793022
vn -0.366005 0.595850 0.714845
vn -0.248874 0.725247 0.641934
vn -0.067713 0.831454 0.551453
vn 0.165412 0.877065 0.450995
vn 0.440237 0.823316 0.358249
vn 0.692052 0.656976 0.299075
vn 0.861493 0.433028 0.265172
vn 0.960150 0.172014 0.220278
vn 0.979162 -0.127180 0.158325
vn 0.900629 -0.423032 0.099556
vn 0.726454 -0.686236 0.036671
vn 0.474973 -0.879253 -0.036265
vn 0.169600 -0.978971 -0.113362
vn -0.157718 -0.970464 -0.182552
vn -0.452897 -0.857317 -0.244729
vn -0.687281 -0.660394 -0.302530
vn -0.849348 -0.393228 -0.352107
vn -0.911595 -0.088489 -0.401452
vn -0.854298 0.193280 -0.482512
vn -0.693219 0.392076 -0.604751
vn 0.535376 -0.398507 0.744691
vn 0.395571 -0.685793 0.610910
vn 0.019032 -0.862343 0.505966
vn -0.215936 -0.861873 0.458854
vn -0.447250 -0.796278 0.407318
vn -0.837673 -0.474667 0.270176
vn -0.990467 0.012684 0.137167
vn -0.871578 0.490215 -0.006411
vn -0.469579 0.865501 -0.174366
vn -0.123655 0.952854 -0.277089
vn 0.117021 0.932267 -0.342323
vn 0.533495 0.686000 -0.494759
vn 0.683863 0.347780 -0.641389
vn 0.661713 0.088418 -0.744525
vn 0.391575 -0.086965 -0.916027
vn 0.335608 -0.095359 -0.937163
vn 0.301489 -0.032173 -0.952927
vn 0.325871 -0.009755 -0.945364
vn 0.397881 -0.028444 -0.916996
vn 0.481142 -0.096557 -0.871309
vn 0.530148 -0.199823 -0.824023
vn 0.528231 -0.328459 -0.782998
vn 0.458988 -0.472757 -0.752217
vn 0.331155 -0.604471 -0.724535
vn 0.084892 -0.745000 -0.661641
vn -0.313842 0.000015 -0.949475
vn -0.124369 -0.792619 -0.596898
vn -0.482564 -0.723394 -0.493795
vn -0.404493 -0.079098 -0.911114
vn -0.600138 0.013162 -0.799788
vn -0.860394 -0.338345 -0.381111
vn -0.648759 0.213099 -0.730549
vn -0.940563 0.089612 -0.327583
vn -0.528310 0.583145 -0.617115
vn -0.689469 0.676817 -0.257977
vn -0.206936 0.815632 -0.540299
vn -0.274147 0.933090 -0.232780
vn 0.064325 0.980458 -0.185913
vn 0.069182 0.874540 -0.479993
vn 0.343392 0.835877 -0.428243
vn 0.374965 0.916755 -0.137700
vn 0.644448 0.759357 -0.089798
vn 0.596361 0.708687 -0.376984
vn 0.884520 0.362327 -0.293842
vn 0.934525 0.355752 -0.010143
vn 0.967941 0.061078 -0.243640
vn 0.998605 0.019302 0.049158
vn 0.787252 -0.598279 0.149321
vn 0.815645 -0.555937 -0.160176
vn 0.379475 -0.901847 0.206570
vn 0.451377 -0.886733 -0.099819
vn -0.101481 -0.963844 0.246386
vn -0.041805 -0.998724 -0.028344
vn -0.497370 -0.866741 0.037202
vn -0.523959 -0.800766 0.290244
vn -0.836537 -0.420413 0.351367
vn -0.854701 -0.506043 0.115789
vn -0.965018 0.163208 0.205192
vn -0.871011 0.195630 0.450631
vn -0.758543 0.603777 0.245086
vn -0.669210 0.539245 0.511246
vn -0.105320 0.743670 0.660199
vn -0.061982 0.939580 0.336671
vn 0.169898 0.640634 0.748814
vn 0.372242 0.835045 0.405137
vn 0.350760 0.463534 0.813697
vn 0.692642 0.557187 0.458028
vn 0.827494 0.187322 0.529305
vn 0.410187 0.277427 0.868781
vn 0.395249 0.198617 0.896845
vn 0.809206 -0.054385 0.585002
vn 0.707255 -0.264894 0.655455
vn 0.353774 0.153933 0.922577
vn 0.304587 0.154615 0.939851
vn 0.548912 -0.403619 0.731975
vn 0.266984 0.212191 0.940050
vn 0.304818 0.288133 0.907781
vn 0.445921 0.301147 0.842891
vn 0.587604 0.212207 0.780826
vn 0.666141 0.084544 0.741019
vn 0.706103 -0.077897 0.703812
vn 0.695265 -0.293864 0.655934
vn 0.608987 -0.513631 0.604416
vn 0.459970 -0.709048 0.534489
vn 0.252900 -0.863860 0.435647
vn -0.029596 -0.949574 0.312145
vn -0.341245 -0.919633 0.194492
vn -0.622969 -0.773964 0.113529
vn -0.845651 -0.528849 0.072067
vn -0.977608 -0.206853 0.038656
vn -0.992170 0.124890 0.000594
vn -0.911113 0.410972 -0.031229
vn -0.745436 0.662551 -0.073153
vn -0.787677 0.610917 0.079662
vn -0.050424 0.984296 0.169174
vn 0.434828 0.871149 0.228086
vn 0.775290 0.567006 0.278261
vn 0.929461 0.145888 0.338849
vn 0.912113 -0.147654 0.382424
vn 0.789076 -0.423235 0.445231
vn 0.590235 -0.616855 0.520685
vn 0.780425 0.624743 0.025155
vn 0.979017 0.189073 0.076005
vn 0.987037 -0.137097 0.083443
vn 0.854850 -0.506750 0.111521
vn 0.593487 -0.787469 0.166329
vn -0.210752 0.922545 0.323256
vn -0.178030 0.980874 -0.078687
vn -0.969003 0.140747 0.203034
vn -0.963951 0.166846 -0.207272
vn -0.955029 -0.191538 -0.226346
vn -0.903033 -0.143768 -0.404799
vn -0.902192 0.203388 -0.380372
vn -0.230257 -0.834067 -0.501312
vn -0.963514 -0.213788 0.161045
vn -0.142472 0.955660 -0.257713
vn 0.101671 -0.842412 -0.529155
vn 0.012857 -0.627999 -0.778108
vn -0.218508 -0.618776 -0.754566
vn 0.722518 -0.120484 -0.680772
vn 0.333538 -0.213166 -0.918321
vn -0.734168 -0.064143 -0.675931
vn 0.267809 -0.269398 -0.925042
vn 0.584481 -0.093930 -0.805952
vn 0.745961 -0.440162 -0.499800
vn 0.231652 -0.719739 -0.654456
vn 0.707980 -0.695316 -0.123690
vn 0.086480 -0.951857 -0.294093
vn 0.300550 -0.126086 -0.945395
vn 0.661005 0.143183 -0.736594
vn -0.175160 -0.353290 -0.918969
vn -0.705365 -0.423878 -0.568144
vn -0.195262 -0.274512 -0.941550
vn -0.762244 -0.162638 -0.626525
vn -0.278569 0.171513 -0.944978
vn -0.104568 -0.350001 -0.930895
vn -0.228023 0.175509 -0.957707
vn -0.235434 -0.322910 -0.916679
vn -0.315846 0.150602 -0.936782
vn -0.548726 0.031586 -0.835406
vn 0.758931 0.639840 -0.120950
vn 0.971138 0.222156 -0.086820
vn 0.992759 -0.089728 -0.079863
vn 0.878627 -0.476528 -0.030574
vn 0.613994 -0.787166 0.058137
vn 0.336491 -0.933187 0.126236
vn 0.051029 -0.984507 0.167759
vn -0.261925 -0.944297 0.199246
vn -0.562201 -0.796758 0.221600
vn -0.798989 -0.552996 0.236245
vn -0.938739 -0.233139 0.253802
vn -0.951051 0.125863 0.282241
vn -0.838422 0.442132 0.318698
vn 0.145316 0.910086 -0.388107
vn 0.663088 0.361711 -0.655347
vn -0.478026 -0.589605 0.651043
vn -0.416010 -0.212194 0.884256
vn -0.573939 -0.053150 0.817171
vn -0.764354 -0.302022 0.569689
vn -0.622320 0.221145 0.750875
vn -0.866976 0.098646 0.488489
vn -0.773044 0.503828 0.385435
vn -0.530096 0.515317 0.673385
vn -0.150200 0.983717 0.098701
vn 0.018513 0.915602 0.401660
vn 0.341462 0.936949 -0.074365
vn 0.500300 0.820671 0.276042
vn 0.996101 0.051124 0.071898
vn 0.922337 0.233904 -0.307543
vn -0.343137 0.929927 0.132260
vn -0.026366 0.983342 0.179845
vn 0.291058 0.930984 0.220350
vn 0.591253 0.767207 0.248622
vn 0.822268 0.504535 0.263285
vn 0.942213 0.178296 0.283629
vn 0.933529 -0.155867 0.322846
vn 0.801914 -0.460096 0.381112
vn 0.586903 -0.678763 0.441391
vn 0.337688 -0.793559 0.506193
vn 0.070800 -0.813566 0.577146
vn -0.183267 -0.732757 0.655347
vn -0.373624 -0.583566 0.721010
vn -0.496498 -0.411631 0.764231
vn -0.576660 -0.223296 0.785877
vn -0.590256 -0.018515 0.807004
vn -0.530815 0.147427 0.834566
vn -0.687153 0.326598 0.648964
vn -0.526515 0.489283 0.695258
vn -0.431291 0.241220 0.869368
vn -0.332730 0.279032 0.900795
vn -0.344443 0.574645 0.742390
vn -0.161081 0.595313 0.787182
vn -0.254556 0.283650 0.924524
vn -0.189555 0.285221 0.939531
vn 0.014688 0.566235 0.824113
vn 0.235749 0.421592 0.875604
vn -0.141827 0.257956 0.955690
vn 0.325822 0.231253 0.916713
vn -0.121522 0.283507 0.951239
vn 0.324499 0.094402 0.941164
vn -0.082551 0.361574 0.928681
vn 0.319782 0.187307 0.928793
vn 0.215415 0.630574 0.745636
vn 0.451081 0.135403 0.882152
vn 0.649038 -0.255046 0.716729
vn -0.180007 -0.358905 0.915852
vn 0.311654 -0.783442 0.537672
vn -0.341909 -0.357970 0.868882
vn -0.781342 0.089865 0.617599
vn -0.722917 0.369388 0.583903
vn 0.065634 0.916157 0.395409
vn 0.813939 -0.331259 0.477254
vn 0.553697 0.515430 0.654027
vn 0.893884 -0.129832 0.429086
vn 0.549604 -0.807171 0.215432
vn -0.061662 -0.997940 0.017693
vn -0.212027 -0.908887 0.359124
vn -0.912916 -0.335034 -0.233102
vn -0.977395 -0.178252 0.113692
vn -0.983357 0.180719 0.018725
vn -0.942204 -0.003335 -0.335023
vn -0.211409 0.933176 -0.290669
vn -0.322604 0.611380 -0.722593
vn 0.411857 0.851578 0.324329
vn 0.130631 0.919758 -0.370110
vn 0.979384 0.114716 0.166273
vn 0.962934 -0.247123 0.108115
vn -0.112999 0.619771 -0.776605
vn 0.708583 0.355759 -0.609381
vn 0.111939 0.300464 -0.947202
vn -0.000000 0.000000 -1.000000
vn 0.000003 0.000000 -1.000000
vn 0.000001 0.000000 -1.000000
vn -0.000000 0.000000 -1.000000
vn 0.000003 0.000000 -1.000000
vn -0.000001 0.000000 -1.000000
vn -0.000001 0.000000 -1.000000
vn 0.000000 0.000000 -1.000000
vn 0.000000 0.000000 -1.000000
vn 0.000000 0.000000 -1.000000
vn 0.000000 0.000000 -1.000000
vn -0.000005 0.000000 -1.000000
vn -0.000005 0.000000 -1.000000
vn 0.000005 0.000000 -1.000000
vn 0.000002 0.000000 -1.000000
vn -0.000002 0.000000 -1.000000
vn 0.000000 0.000000 -1.000000
vn -0.000024 0.000000 1.000000
vn -0.000001 0.000000 1.000000
vn -0.000001 0.000000 1.000000
vn 0.000000 0.000000 1.000000
vn -0.000005 0.000000 1.000000
vn -0.000001 0.000000 1.000000
vn 0.000000 0.000000 1.000000
vn 0.000000 0.000000 1.000000
vn 0.000001 0.000000 1.000000
vn -0.000000 0.000000 1.000000
vn -0.000002 0.000000 1.000000
vn 0.000000 0.000000 1.000000
vn 0.000000 0.000000 1.000000
vn 0.000000 0.000000 1.000000
vn 0.000000 0.000000 1.000000
vn 0.000000 0.000000 1.000000
vn 0.775004 0.390344 -0.496991
vn 0.875257 0.443673 -0.192563
vn 0.980840 -0.000001 -0.194818
vn 0.863653 -0.000000 -0.504087
vn 0.735074 0.368426 0.569148
vn 0.567311 0.286300 0.772134
vn 0.624592 -0.000001 0.780951
vn 0.819182 -0.000001 0.573533
vn 0.735771 0.379910 -0.560633
vn 0.588683 0.582360 -0.560632
vn 0.610730 0.616449 -0.496990
vn 0.125122 0.818558 -0.560632
vn 0.139740 0.856431 -0.496990
vn -0.125119 0.818558 -0.560632
vn -0.139739 0.856431 -0.496990
vn -0.588683 0.582362 -0.560631
vn -0.610728 0.616451 -0.496990
vn -0.735772 0.379910 -0.560632
vn -0.775004 0.390345 -0.496991
vn -0.824590 0.000000 -0.565731
vn -0.863653 0.000000 -0.504087
vn -0.784231 -0.254812 -0.565731
vn -0.821383 -0.266883 -0.504086
vn -0.667107 -0.484682 -0.565730
vn -0.698710 -0.507643 -0.504086
vn -0.484682 -0.667108 -0.565730
vn -0.507642 -0.698711 -0.504086
vn -0.254811 -0.784233 -0.565730
vn -0.266883 -0.821384 -0.504085
vn 0.000000 -0.824590 -0.565730
vn 0.000000 -0.863654 -0.504086
vn 0.254812 -0.784232 -0.565731
vn 0.266884 -0.821383 -0.504086
vn 0.588682 -0.582361 -0.560633
vn 0.610730 -0.616449 -0.496991
vn 0.735770 -0.379912 -0.560633
vn 0.775004 -0.390345 -0.496991
vn 0.824590 -0.000000 -0.565731
vn 0.474777 0.246622 0.844846
vn 0.529798 -0.000001 0.848124
vn 0.567305 -0.286301 0.772138
vn 0.474778 -0.246622 0.844845
vn 0.447595 -0.451069 0.772137
vn 0.381267 -0.375328 0.844846
vn 0.193010 -0.594023 0.780951
vn 0.163718 -0.503867 0.848124
vn -0.000000 -0.624593 0.780950
vn 0.000000 -0.529799 0.848123
vn -0.193011 -0.594024 0.780950
vn -0.163716 -0.503869 0.848124
vn -0.367127 -0.505307 0.780950
vn -0.311407 -0.428615 0.848124
vn -0.505307 -0.367126 0.780950
vn -0.428614 -0.311407 0.848125
vn -0.594021 -0.193010 0.780952
vn -0.503866 -0.163718 0.848125
vn -0.624590 0.000000 0.780953
vn -0.529799 0.000000 0.848123
vn -0.567308 0.286301 0.772136
vn -0.474778 0.246623 0.844845
vn -0.447598 0.451069 0.772135
vn -0.381267 0.375329 0.844845
vn -0.101833 0.627245 0.772136
vn -0.079545 0.529064 0.844846
vn 0.101832 0.627245 0.772136
vn 0.079544 0.529064 0.844846
vn 0.447600 0.451069 0.772134
vn 0.381266 0.375329 0.844846
vn 0.875259 -0.443666 -0.192568
vn 0.735059 -0.368430 0.569164
vn 0.692430 -0.695312 -0.192566
vn 0.577539 -0.585240 0.569159
vn 0.303099 -0.932834 -0.194814
vn 0.253139 -0.779091 0.573530
vn 0.000000 -0.980840 -0.194813
vn -0.000002 -0.819184 0.573531
vn -0.303099 -0.932834 -0.194814
vn -0.253143 -0.779091 0.573529
vn -0.576521 -0.793518 -0.194815
vn -0.481506 -0.662735 0.573528
vn -0.793515 -0.576525 -0.194814
vn -0.662738 -0.481503 0.573527
vn -0.932836 -0.303091 -0.194815
vn -0.779088 -0.253141 0.573534
vn -0.980839 -0.000000 -0.194819
vn -0.819176 0.000000 0.573542
vn -0.875255 0.443673 -0.192570
vn -0.735063 0.368427 0.569160
vn -0.692422 0.695320 -0.192567
vn -0.577547 0.585237 0.569155
vn -0.155528 0.968881 -0.192564
vn -0.133994 0.811238 0.569156
vn 0.155530 0.968880 -0.192565
vn 0.133998 0.811236 0.569157
vn 0.692426 0.695317 -0.192563
vn 0.577556 0.585233 0.569150
vn 0.951057 0.309017 0.000000
vn 0.809018 0.587784 0.000000
vn 0.808671 0.587531 0.029289
vn 0.950649 0.308884 0.029289
vn 0.587786 0.809016 0.000000
vn 0.587535 0.808669 0.029290
vn 0.309017 0.951057 0.000000
vn 0.308884 0.950649 0.029290
vn -0.156434 0.987688 0.000000
vn -0.156083 0.987340 0.028238
vn -0.453991 0.891006 0.000000
vn -0.454071 0.890518 0.028238
vn -0.809017 0.587786 0.000000
vn -0.808670 0.587533 0.029289
vn -0.951056 0.309017 0.000000
vn -0.950649 0.308884 0.029288
vn -0.987688 -0.156435 0.000000
vn -0.987340 -0.156084 0.028236
vn -0.891007 -0.453990 0.000000
vn -0.890519 -0.454069 0.028237
vn -0.587785 -0.809017 0.000000
vn -0.587532 -0.808671 0.029290
vn -0.156435 -0.987688 0.000000
vn -0.156660 -0.987249 0.028238
vn 0.156435 -0.987688 0.000000
vn 0.156661 -0.987249 0.028238
vn 0.587785 -0.809017 0.000000
vn 0.587533 -0.808670 0.029289
vn 0.891006 -0.453991 0.000000
vn 0.890518 -0.454070 0.028238
vn 0.987688 -0.156434 0.000000
vn 0.987340 -0.156083 0.028238
vn 0.024497 0.007960 0.999668
vn 0.020836 0.015140 0.999668
vn -0.000000 0.000000 1.000000
vn 0.015139 0.020839 0.999668
vn 0.007960 0.024497 0.999668
vn -0.004857 0.029061 0.999566
vn -0.013154 0.026366 0.999566
vn -0.020841 0.015140 0.999668
vn -0.024497 0.007960 0.999668
vn -0.029059 -0.004856 0.999566
vn -0.026364 -0.013153 0.999566
vn -0.015140 -0.020839 0.999668
vn -0.004362 -0.029140 0.999566
vn 0.004362 -0.029140 0.999566
vn 0.015141 -0.020839 0.999668
vn 0.026366 -0.013153 0.999566
vn 0.029062 -0.004856 0.999566
vn 0.877061 0.284973 0.386723
vn 0.912041 -0.147984 0.382467
vn 0.360111 0.117012 0.925542
vn 0.378102 -0.055391 0.924105
vn 0.306313 0.222570 0.925546
vn 0.746080 0.542045 0.386720
vn 0.222582 0.306335 0.925536
vn 0.542060 0.746063 0.386732
vn 0.117018 0.360121 0.925537
vn 0.284969 0.877056 0.386738
vn -0.055405 0.378075 0.924115
vn -0.147985 0.912036 0.382481
vn -0.177430 0.338428 0.924113
vn -0.416361 0.824834 0.382482
vn -0.306334 0.222570 0.925539
vn -0.746076 0.542045 0.386726
vn -0.360089 0.117011 0.925551
vn -0.877069 0.284971 0.386707
vn -0.378045 -0.055391 0.924129
vn -0.912051 -0.147983 0.382445
vn -0.338433 -0.177411 0.924115
vn -0.824844 -0.416360 0.382462
vn -0.222602 -0.306337 0.925530
vn -0.542033 -0.746076 0.386743
vn -0.064156 -0.376688 0.924116
vn -0.141089 -0.913129 0.382478
vn 0.064152 -0.376688 0.924116
vn 0.141097 -0.913130 0.382474
vn 0.222573 -0.306340 0.925536
vn 0.542047 -0.746073 0.386729
vn 0.338447 -0.177414 0.924109
vn 0.824842 -0.416358 0.382469
vn 0.000000 0.000000 -1.000000
vn 0.000000 0.000000 -1.000000
vn -0.000001 0.000000 -1.000000
vn -0.000005 0.000000 -1.000000
vn -0.000001 0.000000 -1.000000
vn 0.000000 0.000000 -1.000000
vn 0.000000 0.000000 -1.000000
vn 0.000000 0.000000 -1.000000
vn 0.000000 0.000000 -1.000000
vn 0.000000 0.000000 -1.000000
vn -0.000004 0.000000 -1.000000
vn -0.000025 0.000000 -1.000000
vn 0.000000 0.000000 -1.000000
vn -0.000001 0.000000 1.000000
vn 0.000000 0.000000 1.000000
vn 0.000000 0.000000 1.000000
vn 0.000000 0.000000 1.000000
vn 0.000000 0.000000 1.000000
vn 0.000000 0.000000 1.000000
vn 0.000000 0.000000 1.000000
vn 0.000000 0.000000 1.000000
vn 0.000003 0.000000 1.000000
vn 0.000004 0.000000 1.000000
vn 0.000000 0.000000 1.000000
vn -0.000007 0.000000 1.000000
vn -0.000001 0.000000 1.000000
vn 0.000003 0.000000 1.000000
vn 0.883654 0.279054 -0.375877
vn 0.877657 0.294939 -0.377795
vn 0.908483 -0.151435 -0.389520
vn 0.910933 -0.138100 -0.388754
vn 0.854602 0.288722 0.431619
vn 0.729690 0.243934 0.638787
vn 0.748736 -0.123902 0.651185
vn 0.883545 -0.148468 0.444192
vn 0.647733 0.199798 0.735202
vn 0.655833 -0.095774 0.748806
vn 0.530032 -0.533914 0.658789
vn 0.471723 -0.465136 0.749084
vn 0.120398 -0.742633 0.658788
vn 0.099026 -0.655034 0.749082
vn -0.120399 -0.742633 0.658787
vn -0.099027 -0.655034 0.749082
vn -0.437206 -0.601762 0.668381
vn -0.386433 -0.531878 0.753509
vn -0.669081 -0.343992 0.658786
vn -0.592375 -0.296597 0.749081
vn -0.750987 -0.000000 0.660317
vn -0.657442 -0.000000 0.753506
vn -0.669084 0.343991 0.658784
vn -0.592380 0.296595 0.749078
vn -0.437209 0.601761 0.668380
vn -0.386438 0.531877 0.753507
vn -0.229850 0.707414 0.668382
vn -0.203157 0.625260 0.753510
vn 0.114983 0.743490 0.658788
vn 0.108241 0.653575 0.749082
vn 0.343993 0.669080 0.658787
vn 0.296597 0.592375 0.749081
vn 0.648462 -0.654153 -0.389334
vn 0.653935 -0.648939 -0.388906
vn 0.630408 -0.636777 0.443961
vn 0.148065 -0.909118 -0.389333
vn 0.140629 -0.910482 -0.388905
vn 0.144624 -0.884298 0.443961
vn -0.148064 -0.909119 -0.389333
vn -0.140627 -0.910482 -0.388905
vn -0.144624 -0.884298 0.443961
vn -0.540437 -0.743849 -0.393212
vn -0.540437 -0.743849 -0.393212
vn -0.525468 -0.723243 0.448110
vn -0.818868 -0.421751 -0.389334
vn -0.822462 -0.415100 -0.388906
vn -0.796326 -0.410807 0.443963
vn -0.919448 -0.000001 -0.393211
vn -0.919448 -0.000001 -0.393211
vn -0.893979 -0.000000 0.448109
vn -0.818870 0.421749 -0.389332
vn -0.822464 0.415098 -0.388903
vn -0.796326 0.410807 0.443963
vn -0.540437 0.743849 -0.393213
vn -0.540437 0.743849 -0.393213
vn -0.525468 0.723243 0.448111
vn -0.284126 0.874447 -0.393212
vn -0.284125 0.874447 -0.393212
vn -0.276253 0.850225 0.448110
vn 0.140114 0.910378 -0.389334
vn 0.147607 0.909376 -0.388905
vn 0.135719 0.885708 0.443962
vn 0.421751 0.818869 -0.389333
vn 0.415100 0.822463 -0.388905
vn 0.410811 0.796325 0.443961
vn 0.950720 0.308909 -0.026583
vn 0.587577 0.808731 -0.026583
vn 0.587552 0.808696 -0.028170
vn 0.950679 0.308896 -0.028170
vn 0.156651 0.987305 -0.026255
vn 0.156204 0.987333 -0.027822
vn -0.588086 0.808403 -0.025278
vn -0.587266 0.808950 -0.026799
vn -0.890479 0.454266 -0.026254
vn -0.890799 0.453544 -0.027829
vn -0.950720 -0.308911 -0.026583
vn -0.950678 -0.308897 -0.028170
vn -0.587577 -0.808731 -0.026583
vn -0.587552 -0.808696 -0.028170
vn -0.156651 -0.987305 -0.026255
vn -0.156204 -0.987333 -0.027822
vn 0.308908 -0.950720 -0.026583
vn 0.308895 -0.950679 -0.028162
vn 0.587578 -0.808731 -0.026583
vn 0.587553 -0.808696 -0.028162
vn 0.808729 -0.587580 -0.026583
vn 0.808695 -0.587554 -0.028162
vn 0.987391 -0.156111 -0.026255
vn 0.987279 -0.156544 -0.027822
vn 0.587395 0.808478 -0.036474
vn 0.950424 0.308811 -0.036474
vn 0.155958 0.987106 -0.036028
vn -0.586751 0.809024 -0.034701
vn -0.890735 0.453094 -0.036030
vn -0.950424 -0.308811 -0.036475
vn -0.587394 -0.808479 -0.036474
vn -0.155958 -0.987107 -0.036028
vn 0.308811 -0.950424 -0.036474
vn 0.587393 -0.808479 -0.036474
vn 0.808479 -0.587394 -0.036474
vn 0.986988 -0.156706 -0.036028
vn 0.000003 0.000000 -1.000000
vn 0.000007 0.000000 -1.000000
vn -0.000002 0.000000 -1.000000
vn -0.000010 0.000000 -1.000000
vn -0.000002 0.000000 -1.000000
vn -0.000014 0.000000 -1.000000
vn 0.000017 0.000000 -1.000000
vn -0.000025 0.000000 -1.000000
vn -0.000009 0.000000 -1.000000
vn -0.000004 0.000000 -1.000000
vn -0.000001 0.000000 -1.000000
vn 0.000003 0.000000 -1.000000
vn -0.000002 0.000000 1.000000
vn -0.000001 0.000000 1.000000
vn -0.000000 0.000000 1.000000
vn 0.000000 0.000000 1.000000
vn 0.000000 0.000000 1.000000
vn -0.000001 0.000000 1.000000
vn -0.000001 0.000000 1.000000
vn 0.000000 0.000000 1.000000
vn 0.000007 0.000000 1.000000
vn 0.000004 0.000000 1.000000
vn -0.000004 0.000000 1.000000
vn 0.000000 0.000000 1.000000
vn -0.000001 0.000000 1.000000
vn -0.556184 -0.518764 -0.649264
vn -0.000387 -0.692929 -0.721006
vn -0.000436 -0.736399 -0.676547
vn -0.548911 -0.663338 -0.508606
vn -0.733648 -0.006032 -0.679503
vn -0.700684 -0.513155 -0.495695
vn -0.778762 -0.007168 -0.627278
vn -0.998682 -0.010535 0.050241
vn -0.755747 -0.653995 0.033721
vn -0.746765 -0.663066 0.051818
vn -0.997019 -0.011557 0.076286
vn -0.998747 -0.000058 0.050041
vn -0.778948 -0.001515 -0.627086
vn -0.663617 -0.747516 0.028853
vn -0.998713 0.009096 0.049895
vn -0.779571 0.003530 -0.626304
vn -0.000749 -0.999608 -0.028008
vn -0.001129 -0.999999 0.001149
vn -0.622458 -0.776934 0.094443
vn 0.000436 -0.736625 -0.676301
vn 0.000751 -0.999613 -0.027825
vn 0.554161 -0.520620 -0.649508
vn 0.733618 -0.006101 -0.679535
vn 0.778566 -0.007192 -0.627522
vn 0.700112 -0.513197 -0.496459
vn 0.000386 -0.692930 -0.721005
vn 0.548907 -0.663964 -0.507793
vn 0.663559 -0.747503 0.030464
vn 0.535507 -0.735983 0.414199
vn 0.001125 -0.999999 0.001144
vn 0.755067 -0.654679 0.035637
vn -0.000468 -0.999999 0.001406
vn -0.215758 -0.817356 0.534208
vn -0.782725 -0.007552 0.622322
vn -0.366230 -0.525660 0.767826
vn -0.335588 -0.578329 0.743584
vn -0.671238 -0.012754 0.741132
vn 0.998675 -0.010558 0.050363
vn 0.997017 -0.011520 0.076316
vn 0.746368 -0.663375 0.053568
vn 0.778975 -0.001504 -0.627053
vn 0.998735 -0.000055 0.050283
vn 0.779578 0.003472 -0.626295
vn 0.998709 0.009018 0.049981
vn 0.368293 -0.529711 0.764046
vn 0.783552 -0.007927 0.621276
vn 0.670678 -0.014446 0.741608
vn 0.335420 -0.584086 0.739146
vn 0.216409 -0.817190 0.534199
vn 0.000468 -0.999999 0.001406
vn 0.651467 -0.659259 0.375457
vn 0.866337 -0.010620 0.499347
vn 0.868801 -0.010708 0.495046
vn 0.653857 -0.658600 0.372448
vn 0.003002 -0.999994 0.001730
vn 0.571223 -0.751900 0.329167
vn 0.573580 -0.751204 0.326646
vn 0.002821 -0.999995 0.001604
vn 0.001403 -0.999999 0.001022
vn 0.530309 -0.755404 0.384886
vn 0.605469 -0.660173 0.444499
vn 0.814302 -0.004003 0.580428
vn -0.571255 -0.751868 0.329186
vn -0.003002 -0.999994 0.001730
vn -0.002821 -0.999995 0.001604
vn -0.573579 -0.751205 0.326646
vn -0.866337 -0.010620 0.499347
vn -0.651470 -0.659255 0.375459
vn -0.653859 -0.658597 0.372449
vn -0.868801 -0.010708 0.495046
vn -0.814347 -0.004005 0.580365
vn -0.605478 -0.660162 0.444503
vn -0.530399 -0.755308 0.384950
vn -0.001403 -0.999999 0.001022
vn 0.001359 -0.999998 0.001548
vn 0.431441 -0.755370 0.493230
vn 0.497680 -0.659803 0.563005
vn 0.649957 -0.000301 0.759971
vn -0.649905 -0.000310 0.760015
vn -0.497696 -0.659749 0.563054
vn -0.431423 -0.755377 0.493234
vn -0.001359 -0.999998 0.001547
vn -0.025355 -0.999585 0.013662
vn -0.551216 -0.747534 0.370613
vn -0.644346 -0.638162 0.421388
vn -0.788528 -0.010260 0.614914
vn 0.788587 -0.010237 0.614838
vn 0.644315 -0.638187 0.421396
vn 0.551164 -0.747502 0.370755
vn 0.025355 -0.999585 0.013662
vn -0.146284 -0.659306 0.737507
vn -0.000536 -0.654945 0.755676
vn -0.381022 -0.470618 0.795827
vn -0.508512 -0.005018 0.861040
vn 0.508670 -0.004999 0.860947
vn 0.379354 -0.471145 0.796312
vn 0.145567 -0.659649 0.737342
vn 0.000023 0.655203 0.755453
vn 0.380801 0.470299 0.796122
vn 0.551165 0.747501 0.370755
vn 0.145592 0.659647 0.737339
vn -0.380660 0.470713 0.795945
vn -0.145566 0.659649 0.737342
vn -0.551168 0.747497 0.370757
vn -0.508684 0.004239 0.860943
vn -0.644314 0.638190 0.421395
vn -0.788478 0.008702 0.615001
vn 0.508557 0.004243 0.861018
vn 0.788435 0.008701 0.615057
vn 0.644333 0.638149 0.421427
vn 0.868815 0.009100 0.495054
vn 0.653860 0.658596 0.372450
vn -0.653856 0.658601 0.372448
vn -0.868815 0.009100 0.495054
vn 0.782841 0.006412 0.622189
vn 0.366215 0.525646 0.767843
vn 0.335609 0.578253 0.743633
vn 0.670913 0.010835 0.741457
vn 0.741674 0.668457 0.055543
vn 0.997029 0.009708 0.076418
vn 0.750294 0.660033 0.037609
vn 0.689934 0.536163 -0.486333
vn 0.733632 0.002348 -0.679543
vn 0.543766 0.544103 -0.638961
vn 0.530359 0.689460 -0.493320
vn 0.656867 0.753296 0.032727
vn 0.000746 0.999616 -0.027709
vn 0.000414 0.748916 -0.662665
vn -0.000410 0.748811 -0.662784
vn -0.000743 0.999614 -0.027784
vn 0.001120 0.999999 0.001149
vn 0.615643 0.782003 0.097241
vn 0.000393 0.707130 -0.707084
vn 0.000468 0.999999 0.001406
vn 0.215756 0.817354 0.534212
vn -0.001107 0.999999 0.001143
vn -0.530655 0.738442 0.416064
vn -0.216411 0.817185 0.534205
vn -0.000468 0.999999 0.001406
vn -0.656975 0.753122 0.034508
vn -0.532201 0.688999 -0.491978
vn -0.000389 0.707130 -0.707084
vn -0.544094 0.544244 -0.638561
vn -0.690509 0.535611 -0.486125
vn -0.749785 0.660507 0.039407
vn -0.997026 0.009805 0.076439
vn -0.741285 0.668743 0.057262
vn -0.733620 0.002346 -0.679556
vn -0.368263 0.529721 0.764054
vn -0.783658 0.006732 0.621156
vn -0.670392 0.012269 0.741905
vn -0.335433 0.584028 0.739186
vn 0.866351 0.009024 0.499355
vn 0.651447 0.659284 0.375449
vn 0.813861 0.003291 0.581051
vn 0.605041 0.660886 0.444021
vn 0.571219 0.751902 0.329168
vn 0.003001 0.999994 0.001730
vn 0.002821 0.999995 0.001604
vn 0.573572 0.751213 0.326642
vn 0.529733 0.755787 0.384928
vn 0.001401 0.999999 0.001021
vn -0.651444 0.659288 0.375447
vn -0.866351 0.009023 0.499355
vn -0.003001 0.999994 0.001730
vn -0.571189 0.751934 0.329149
vn -0.573566 0.751219 0.326638
vn -0.002821 0.999995 0.001604
vn -0.001401 0.999999 0.001021
vn -0.529667 0.755855 0.384883
vn -0.605042 0.660884 0.444023
vn -0.813823 0.003285 0.581104
vn 0.650613 0.000029 0.759410
vn 0.497163 0.660590 0.562539
vn 0.431334 0.755909 0.492495
vn 0.001359 0.999998 0.001547
vn -0.001360 0.999998 0.001548
vn -0.431363 0.755861 0.492545
vn -0.497149 0.660586 0.562556
vn -0.650301 0.000027 0.759677
vn -0.025355 0.999585 0.013662
vn 0.025355 0.999585 0.013662
vn 0.336120 -0.661576 0.670329
vn 0.449942 -0.010001 0.893002
vn 0.286652 -0.656840 0.697419
vn 0.373953 -0.009297 0.927401
vn 0.294222 -0.754795 0.586275
vn 0.000638 -0.999999 0.001270
vn 0.001276 -0.999995 0.002975
vn 0.251953 -0.752372 0.608651
vn 0.001235 -0.999992 0.003858
vn 0.208349 -0.731001 0.649790
vn 0.266775 -0.614019 0.742840
vn 0.324729 -0.005224 0.945793
vn -0.294220 -0.754855 0.586198
vn -0.000637 -0.999999 0.001269
vn -0.251912 -0.752096 0.609009
vn -0.001277 -0.999995 0.002977
vn -0.336037 -0.661653 0.670294
vn -0.449775 -0.010243 0.893083
vn -0.374115 -0.008903 0.927340
vn -0.287058 -0.653759 0.700141
vn -0.324935 -0.005287 0.945722
vn -0.301992 -0.265436 0.915612
vn -0.208377 -0.730826 0.649979
vn -0.001234 -0.999992 0.003856
vn -0.335987 0.661778 0.670196
vn -0.449759 0.008624 0.893109
vn -0.286562 0.656875 0.697422
vn -0.374189 0.007985 0.927318
vn -0.294142 0.754946 0.586120
vn -0.000637 0.999999 0.001269
vn -0.001277 0.999995 0.002977
vn -0.252063 0.752377 0.608599
vn -0.001235 0.999992 0.003857
vn -0.208349 0.731006 0.649785
vn -0.266778 0.614074 0.742794
vn -0.324794 0.004452 0.945774
vn 0.294167 0.754848 0.586234
vn 0.000637 0.999999 0.001270
vn 0.251768 0.752194 0.608948
vn 0.001275 0.999995 0.002974
vn 0.336102 0.661605 0.670309
vn 0.449893 0.008478 0.893042
vn 0.374057 0.007443 0.927376
vn 0.287117 0.653831 0.700050
vn 0.324896 0.004490 0.945739
vn 0.302017 0.265486 0.915589
vn 0.208379 0.730821 0.649984
vn 0.001234 0.999992 0.003855
vn -0.733636 -0.001624 -0.679541
vn 0.733636 -0.001622 -0.679541
vn -0.508615 -0.000012 0.860994
vn -0.508615 -0.000012 0.860994
vn 0.508617 0.000014 0.860993
vn 0.508617 0.000014 0.860993
vn 0.000000 -0.000017 1.000000
vn 0.000000 -0.000001 1.000000
vn 0.000000 -0.000001 1.000000
vn 0.997073 -0.000001 0.076454
vn -0.997073 0.000000 0.076455
vn -0.866385 -0.000000 0.499377
vn -0.808241 -0.000064 0.588852
vn 0.808245 -0.000051 0.588847
vn 0.866385 -0.000000 0.499377
vn 0.868855 0.000000 0.495068
vn -0.868854 0.000000 0.495068
vn 0.875928 0.000001 0.482443
vn -0.875927 0.000000 0.482443
vn 0.000000 0.000012 1.000000
vn 0.374323 -0.000004 0.927299
vn 0.449461 -0.000006 0.893300
vn -0.449091 -0.000005 0.893486
vn -0.373912 -0.000006 0.927464
vn 0.657989 -0.000078 0.753028
vn -0.657783 -0.000060 0.753208
vn -0.325460 0.000005 0.945556
vn -0.665370 0.000109 0.746514
vn -0.229160 -0.782341 0.579161
vn 0.665284 -0.000104 0.746590
vn 0.325388 -0.000004 0.945581
vn 0.229158 0.782331 0.579176
vn -0.784007 0.000161 0.620752
vn 0.783943 -0.000161 0.620832
vn -0.317601 -0.541735 0.778237
vn 0.317609 0.541728 0.778239
vn -0.005250 -0.598959 0.800762
vn 0.000079 0.599080 0.800689
vn 0.000480 -0.999760 -0.021885
vn -0.000410 -0.999781 -0.020930
vn -0.001549 -0.996282 -0.086133
vn -0.000446 -0.995709 -0.092537
vn -0.001213 -0.999904 -0.013782
vn -0.004648 -0.999947 -0.009160
vn -0.000450 -0.999533 -0.030552
vn 0.000017 -0.999877 -0.015694
vn -0.003546 -0.991367 -0.131065
vn -0.006304 -0.998955 -0.045266
vn -0.000151 -0.999882 -0.015370
vn -0.026858 -0.983265 -0.180193
vn -0.002218 -0.930572 -0.366101
vn -0.008031 -0.894324 -0.447347
vn -0.011417 -0.804087 -0.594402
vn -0.089447 -0.660878 -0.745144
vn -0.301969 -0.667092 -0.681031
vn -0.071575 -0.982188 -0.173738
vn -0.017547 -0.998796 -0.045814
vn -0.087822 -0.984260 -0.153359
vn -0.024167 -0.998865 -0.041040
vn -0.318246 -0.809692 -0.493071
vn -0.003159 -0.443966 -0.896038
vn -0.006532 -0.296282 -0.955078
vn -0.005855 -0.147474 -0.989049
vn -0.097162 0.004569 -0.995258
vn -0.365502 0.063995 -0.928608
vn -0.548378 -0.021698 -0.835949
vn -0.536788 -0.003138 -0.843711
vn -0.268286 -0.850370 -0.452651
vn -0.082161 -0.983229 -0.162820
vn -0.318052 -0.665943 -0.674805
vn -0.027112 -0.917751 -0.396230
vn -0.340775 0.149768 -0.928139
vn -0.000001 0.000000 -1.000000
vn -0.000000 0.000000 -1.000000
vn -0.000001 0.000000 -1.000000
vn -0.084373 0.015475 -0.996314
vn -0.352334 0.015560 -0.935745
vn -0.545999 0.011764 -0.837703
vn -0.538908 0.007441 -0.842332
vn -0.338204 0.000414 -0.941073
vn 0.000001 0.000000 -1.000000
vn -0.000000 0.000000 -1.000000
vn -0.000000 0.000000 -1.000000
vn -0.078032 0.030207 -0.996493
vn -0.327036 0.036404 -0.944310
vn -0.542469 -0.016753 -0.839909
vn -0.539602 -0.001576 -0.841919
vn 0.000001 0.000000 -1.000000
vn -0.000000 0.000000 -1.000000
vn 0.000000 0.000000 -1.000000
vn -0.066548 0.026449 -0.997433
vn -0.338885 0.041911 -0.939894
vn -0.544177 0.023672 -0.838636
vn -0.009131 0.198599 -0.980038
vn -0.001206 0.143250 -0.989686
vn 0.006796 0.150795 -0.988542
vn -0.066728 0.106031 -0.992121
vn -0.308573 0.017092 -0.951047
vn -0.013922 0.879919 -0.474920
vn -0.010855 0.864581 -0.502375
vn 0.013558 0.873324 -0.486950
vn -0.037491 0.830364 -0.555958
vn -0.192277 0.768677 -0.610053
vn -0.008222 0.995266 -0.096843
vn -0.004880 0.996535 -0.083026
vn 0.007902 0.995888 -0.090246
vn -0.014376 0.989746 -0.142113
vn -0.003056 0.999590 -0.028483
vn -0.000409 0.999773 -0.021286
vn 0.001366 0.999576 -0.029088
vn -0.002665 -0.999499 -0.031533
vn -0.009475 -0.995792 -0.091156
vn -0.007003 -0.999953 0.006635
vn -0.002994 -0.993846 -0.110730
vn -0.006456 -0.960057 -0.279731
vn -0.012829 -0.948380 -0.316876
vn 0.007956 -0.992701 -0.120340
vn 0.009027 -0.956653 -0.291092
vn -0.000078 -0.998910 -0.046674
vn 0.003220 -0.998826 -0.048329
vn -0.002739 -0.946694 -0.322121
vn 0.008990 -0.925896 -0.377671
vn 0.000809 -0.531922 -0.846793
vn -0.000909 -0.593152 -0.805090
vn 0.000336 -0.990807 -0.135286
vn 0.007049 -0.986693 -0.162443
vn 0.006036 -0.620250 -0.784381
vn -0.006654 -0.602610 -0.798008
vn -0.002644 -0.539163 -0.842197
vn 0.022243 -0.361740 -0.932014
vn 0.003652 -0.072183 -0.997385
vn 0.000003 0.000000 -1.000000
vn 0.000001 0.000000 -1.000000
vn 0.024892 -0.819899 -0.571967
vn -0.011358 -0.622664 -0.782407
vn 0.000001 0.000000 -1.000000
vn 0.000001 0.000000 -1.000000
vn 0.000002 0.000000 -1.000000
vn -0.000001 0.000000 -1.000000
vn -0.000002 0.000000 -1.000000
vn -0.000004 0.000000 -1.000000
vn 0.000002 0.000000 -1.000000
vn 0.000009 0.000000 -1.000000
vn 0.000001 0.000000 -1.000000
vn 0.000102 0.001257 -0.999999
vn 0.000002 0.000000 -1.000000
vn 0.000000 0.000000 -1.000000
vn -0.000002 0.000000 -1.000000
vn -0.000003 0.000000 -1.000000
vn -0.000000 0.000000 -1.000000
vn -0.000003 0.000000 -1.000000
vn -0.000001 0.000000 -1.000000
vn 0.000000 0.000000 -1.000000
vn -0.000001 0.000000 -1.000000
vn -0.000002 0.000000 -1.000000
vn -0.000001 0.000000 -1.000000
vn 0.000001 0.000000 -1.000000
vn -0.000000 0.000000 -1.000000
vn -0.000000 0.000000 -1.000000
vn -0.000002 0.000000 -1.000000
vn 0.009221 0.070085 -0.997498
vn 0.012046 0.194949 -0.980739
vn -0.002518 0.668898 -0.743350
vn -0.006849 0.743257 -0.668971
vn 0.000024 0.808950 -0.587878
vn 0.014677 0.870882 -0.491273
vn 0.004889 0.994180 -0.107625
vn 0.000053 0.988324 -0.152369
vn 0.002113 0.999261 -0.038382
vn -0.400379 -0.749868 0.526682
vn -0.598045 -0.288005 0.747928
vn -0.885778 -0.464106 0.001412
vn -0.398005 -0.916086 0.048773
vn -0.265940 -0.084355 0.960292
vn -0.281527 0.009718 0.959504
vn -0.188932 -0.908486 0.372772
vn -0.206501 -0.605256 0.768780
vn -0.151987 -0.988328 0.010387
vn -0.254039 -0.093591 0.962655
vn -0.255118 -0.000031 0.966910
vn -0.255021 -0.000073 0.966936
vn -0.255155 0.000535 0.966900
vn -0.375340 0.146044 0.915309
vn -0.645987 0.330689 0.688001
vn -0.255211 -0.000029 0.966886
vn -0.255203 0.000017 0.966888
vn -0.255240 -0.000279 0.966878
vn -0.255196 -0.000073 0.966889
vn -0.258869 0.041476 0.965021
vn -0.345345 0.557498 0.754939
vn 0.001284 -0.998754 -0.049884
vn -0.002974 -0.999759 0.021734
vn -0.007678 -0.999531 0.029630
vn 0.003278 -0.998031 -0.062632
vn -0.023340 -0.996919 0.074885
vn -0.005143 -0.999825 0.017963
vn -0.110324 -0.918604 -0.379466
vn -0.367517 -0.851260 -0.374549
vn -0.131789 -0.315366 -0.939774
vn 0.004345 -0.975962 -0.217897
vn -0.024576 -0.998852 -0.041131
vn 0.024109 -0.996564 -0.079246
vn 0.001597 -0.999866 -0.016325
vn 0.001852 -0.999944 -0.010389
vn 0.029528 -0.998202 -0.052166
vn 0.009425 -0.994686 -0.102524
vn 0.000044 -0.999821 -0.018920
vn 0.155516 -0.862747 -0.481126
vn 0.039464 -0.849660 -0.525852
vn 0.186237 -0.927480 -0.324188
vn 0.036686 0.015310 -0.999210
vn 0.045259 -0.242739 -0.969035
vn 0.277990 -0.198754 -0.939797
vn 0.270135 0.013936 -0.962722
vn 0.000001 0.000000 -1.000000
vn -0.000155 -0.294251 -0.955728
vn 0.031692 0.017062 -0.999352
vn 0.000001 0.000000 -1.000000
vn 0.261974 0.025636 -0.964734
vn 0.002520 -0.876032 -0.482246
vn 0.003491 -0.994353 -0.106063
vn -0.000379 0.441207 -0.897405
vn 0.003654 0.955502 -0.294961
vn -0.000115 0.964481 -0.264152
vn 0.001143 0.491831 -0.870690
vn 0.035203 0.341069 -0.939379
vn 0.027177 0.923795 -0.381922
vn 0.000001 0.000000 -1.000000
vn 0.027265 0.004742 -0.999617
vn 0.000001 0.000000 -1.000000
vn -0.000000 0.000000 -1.000000
vn 0.000000 0.000000 -1.000000
vn -0.008867 -0.233298 -0.972365
vn -0.006499 -0.888077 -0.459650
vn 0.000854 -0.993986 -0.109503
vn -0.000142 0.998752 -0.049946
vn -0.001459 0.998650 -0.051921
vn -0.002399 0.968256 -0.249950
vn 0.000601 0.999888 -0.014963
vn 0.001485 0.999919 -0.012641
vn 0.001857 0.998219 -0.059622
vn -0.000011 0.999888 -0.014989
vn 0.001107 0.546528 -0.837440
vn 0.000001 0.000000 -1.000000
vn -0.000001 0.000000 -1.000000
vn -0.000002 0.000000 -1.000000
vn -0.007636 -0.103780 -0.994571
vn -0.001288 -0.882089 -0.471082
vn 0.000350 0.999896 -0.014426
vn -0.002777 0.998519 -0.054338
vn -0.008793 0.964974 -0.262198
vn -0.007252 0.572156 -0.820113
vn 0.000001 0.000000 -1.000000
vn 0.000001 0.000000 -1.000000
vn -0.000001 0.000000 -1.000000
vn 0.000894 -0.051419 -0.998677
vn -0.009416 -0.875426 -0.483260
vn -0.009944 0.960211 -0.279099
vn -0.009626 0.527202 -0.849686
vn -0.003434 0.998722 -0.050432
vn 0.000307 0.002031 -0.999998
vn -0.000001 0.000000 -1.000000
vn -0.000000 0.000000 -1.000000
vn -0.004239 -0.035699 -0.999354
vn 0.004046 0.997802 -0.066137
vn 0.003799 0.949922 -0.312464
vn -0.001601 0.480434 -0.877029
vn 0.000031 0.004353 -0.999991
vn -0.000000 0.000000 -1.000000
vn -0.000001 0.000000 -1.000000
vn 0.002162 -0.022439 -0.999746
vn -0.000279 0.433703 -0.901056
vn -0.000454 0.002856 -0.999996
vn 0.006520 0.940426 -0.339935
vn 0.000002 0.000000 -1.000000
vn 0.000001 0.000000 -1.000000
vn -0.009322 0.868840 -0.495006
vn -0.011183 0.290787 -0.956722
vn -0.000002 0.000000 -1.000000
vn -0.000002 0.000000 -1.000000
vn 0.000001 0.000000 -1.000000
vn -0.000000 0.000000 -1.000000
vn -0.000002 0.000000 -1.000000
vn -0.006288 0.113151 -0.993558
vn 0.000050 0.000223 -1.000000
vn -0.000005 0.000000 -1.000000
vn 0.000005 0.000000 -1.000000
vn -0.371336 -0.023580 -0.928199
vn -0.541018 -0.003494 -0.841004
vn -0.406725 -0.059189 -0.911631
vn -0.542740 0.057430 -0.837935
vn -0.523120 0.181450 -0.832720
vn -0.354334 0.469745 -0.808571
vn -0.310791 0.814509 -0.489881
vn -0.263828 0.872800 -0.410627
vn -0.136339 0.923377 -0.358870
vn -0.065301 0.980221 -0.186824
vn -0.089462 0.984237 -0.152561
vn -0.067965 0.992529 -0.101327
vn -0.030802 0.994912 -0.095920
vn -0.005379 0.999027 -0.043763
vn -0.017271 0.998522 -0.051531
vn -0.023981 0.998540 -0.048404
vn -0.024361 0.998890 -0.040313
vn -0.014772 0.999599 -0.024156
vn 0.000030 0.999882 -0.015340
vn 0.000088 0.999897 -0.014369
vn -0.000130 0.999882 -0.015339
vn -0.000139 0.999945 -0.010539
vn -0.000314 0.999988 -0.004898
vn -0.000062 0.999999 -0.001205
vn -0.000015 1.000000 0.000011
vn 0.087340 0.988003 0.127365
vn 0.145146 0.870564 0.470161
vn 0.256332 0.818951 0.513432
vn 0.248989 0.956564 0.151621
vn 0.022585 0.995613 0.090806
vn 0.080538 0.945450 0.315654
vn 0.047688 0.992504 -0.112521
vn -0.006204 0.998427 -0.055717
vn 0.175953 0.955378 -0.237262
vn 0.013282 0.911477 -0.411136
vn -0.011607 0.982453 -0.186148
vn 0.093710 0.760089 -0.643026
vn 0.447424 0.595891 0.666877
vn 0.662255 0.725437 0.187511
vn 0.253505 0.043419 0.966359
vn 0.254958 -0.001063 0.966952
vn 0.228076 0.320205 0.919483
vn 0.541169 0.733392 -0.411427
vn 0.230564 0.447263 -0.864174
vn 0.008299 -0.009438 -0.999921
vn 0.005332 0.203266 -0.979109
vn -0.006139 0.676644 -0.736285
vn 0.255072 0.000089 0.966922
vn 0.519954 0.018726 0.853989
vn 0.255197 -0.000006 0.966889
vn 0.255147 0.000134 0.966902
vn 0.255197 -0.000008 0.966889
vn 0.833798 -0.023722 0.551559
vn 0.913884 -0.111608 -0.390332
vn 0.366902 0.007490 -0.930229
vn 0.050188 -0.007310 -0.998713
vn -0.000099 -0.000309 -1.000000
vn -0.000150 0.000053 -1.000000
vn -0.000001 0.000006 -1.000000
vn 0.000000 -1.000000 -0.000000
vn 0.000013 -1.000000 0.000872
vn 0.000329 -1.000000 0.000459
vn 0.000000 -1.000000 -0.000000
vn 0.000000 -1.000000 -0.000000
vn -0.000252 -1.000000 0.000654
vn 0.000000 -1.000000 0.000000
vn 0.000000 -1.000000 0.000000
vn 0.000000 -1.000000 -0.000000
vn 0.000000 -1.000000 -0.000000
vn 0.000000 -1.000000 -0.000000
vn 0.000000 -1.000000 0.000000
vn -0.000021 -0.999927 0.012078
vn -0.000392 -0.999958 0.009209
vn 0.000000 -1.000000 -0.000000
vn -0.000218 -0.999902 0.013971
vn 0.000000 -1.000000 0.000000
vn 0.000000 -1.000000 -0.000000
vn 0.000000 -1.000000 -0.000000
vn 0.000000 -1.000000 0.000000
vn 0.000000 -1.000000 -0.000000
vn 0.000000 -1.000000 -0.000000
vn 0.025246 -0.999538 0.016930
vn 0.022202 -0.999719 0.008286
vn 0.015719 -0.999860 0.005808
vn 0.011575 -0.999899 0.008243
vn 0.014535 -0.999829 0.011435
vn 0.016064 -0.999832 0.008855
vn 0.010387 -0.999939 0.003758
vn 0.000000 -1.000000 -0.000000
vn 0.000000 -1.000000 -0.000000
vn 0.140567 -0.986572 0.083160
vn 0.128027 -0.988242 0.083590
vn 0.120147 -0.990105 0.072498
vn 0.108197 -0.992145 0.062781
vn 0.082003 -0.993866 0.074203
vn -0.007236 -0.999959 0.005474
vn -0.020784 -0.999725 0.010836
vn 0.383159 -0.871638 0.305673
vn 0.165239 -0.882631 0.440067
vn -0.043398 -0.988304 0.146191
vn 0.473288 -0.830949 0.292443
vn -0.119513 -0.990225 0.071913
vn -0.878126 -0.003238 0.478419
vn -0.878484 0.002619 0.477765
vn -0.899909 0.000404 0.436077
vn -0.899175 -0.003507 0.437575
vn -0.855428 -0.000327 0.517922
vn -0.855754 0.008535 0.517313
vn -0.877071 0.060476 0.476538
vn -0.850058 0.031612 0.525740
vn -0.888939 0.113077 0.443848
vn -0.909870 -0.000039 0.414894
vn -0.904330 0.129452 0.406730
vn -0.909822 0.000148 0.414998
vn -0.899155 0.000629 0.437630
vn -0.873863 0.211453 0.437779
vn -0.898955 0.001309 0.438039
vn -0.897602 -0.020722 0.440319
vn -0.877179 -0.043497 0.478190
vn -0.878329 0.001706 0.478054
vn -0.909742 -0.000498 0.415174
vn -0.878466 0.001557 0.477803
vn -0.824438 0.333461 0.457280
vn -0.858912 -0.022208 0.511642
vn -0.857683 0.001360 0.514177
vn -0.857942 0.001541 0.513744
vn -0.792072 0.389797 0.469767
vn -0.848727 -0.000029 0.528831
vn -0.848733 0.000018 0.528821
vn -0.848718 -0.000065 0.528846
vn -0.781566 0.387682 0.488731
vn -0.849179 -0.000030 0.528106
vn -0.849203 0.000078 0.528066
vn -0.848266 -0.008518 0.529503
vn -0.748230 0.466383 0.471847
vn -0.509397 -0.798869 0.319880
vn -0.515544 -0.797294 0.313905
vn -0.849122 -0.022428 0.527720
vn -0.511667 -0.792591 0.331657
vn -0.850105 -0.001233 0.526612
vn -0.850278 0.001229 0.526332
vn -0.701912 0.563055 0.436222
vn -0.482496 -0.801798 0.352588
vn -0.851171 -0.007864 0.524830
vn -0.847542 -0.004085 0.530712
vn -0.847169 0.000905 0.531324
vn -0.588527 0.695438 0.412312
vn -0.479510 -0.088924 0.873019
vn -0.452526 -0.207465 0.867282
vn -0.368971 -0.726616 0.579560
vn -0.586032 -0.095391 0.804653
vn -0.207055 0.762242 0.613283
vn 0.008415 0.999951 -0.005272
vn 0.004472 0.999937 0.010285
vn 0.081710 0.994771 0.061268
vn 0.086646 0.994414 0.060280
vn 0.000681 0.999901 -0.014039
vn 0.000136 1.000000 0.001018
vn 0.009993 0.999933 -0.005785
vn 0.090033 0.993078 0.075438
vn 0.395034 0.868020 0.300815
vn 0.371302 0.855491 0.360930
vn 0.383143 0.888282 0.253292
vn -0.001193 0.999844 0.017649
vn 0.001401 0.999770 0.021381
vn 0.067959 0.996056 0.057037
vn 0.344899 0.916746 0.201550
vn 0.847967 0.262887 0.460263
vn 0.834364 0.196358 0.515053
vn 0.793140 0.111395 0.598765
vn 0.879463 0.002913 0.475958
vn 0.857265 -0.006207 0.514838
vn 0.797160 -0.014805 0.603587
vn 0.858068 0.001565 0.513534
vn 0.796629 0.001029 0.604468
vn 0.879749 0.006154 0.475398
vn -0.000062 0.999929 0.011922
vn 0.004561 0.999943 0.009680
vn 0.050219 0.998389 0.026411
vn 0.299101 0.943160 0.144873
vn 0.838152 0.367371 0.403163
vn 0.904322 0.003255 0.426839
vn 0.903885 0.008150 0.427697
vn 0.901814 -0.021873 0.431571
vn 0.880187 -0.000455 0.474627
vn 0.856259 0.018111 0.516230
vn 0.589225 -0.737759 0.329434
vn 0.585023 -0.720267 0.372778
vn 0.644143 -0.698475 0.311788
vn 0.133289 -0.987179 0.087815
vn 0.128012 -0.987254 0.094564
vn 0.154423 -0.985099 0.075719
vn 0.034237 0.999300 0.015058
vn 0.234733 0.965471 0.112986
vn 0.002640 0.999997 0.000308
vn 0.749357 0.557529 0.357248
vn 0.907723 0.004249 0.419549
vn 0.908007 0.001581 0.418952
vn 0.907596 -0.042532 0.417685
vn 0.681624 -0.662132 0.311399
vn 0.168223 -0.983036 0.073084
vn 0.020419 -0.999380 0.028686
vn -0.001285 -0.999853 0.017102
vn -0.000784 -0.999882 0.015319
vn 0.000000 1.000000 0.000000
vn 0.026964 0.999539 0.013984
vn 0.186931 0.978070 0.091848
vn 0.700335 0.623856 0.346893
vn 0.893494 0.006205 0.449033
vn 0.893862 0.000702 0.448341
vn 0.894118 -0.032621 0.446642
vn 0.654997 -0.681628 0.326132
vn 0.161341 -0.983871 0.077245
vn 0.000000 1.000000 -0.000000
vn 0.021467 0.999695 0.012176
vn 0.167365 0.981156 0.096549
vn 0.671700 0.634891 0.381750
vn 0.870178 0.004956 0.492712
vn 0.870766 -0.002569 0.491691
vn 0.871321 -0.025953 0.490026
vn 0.576999 -0.747010 0.330223
vn 0.131057 0.987738 0.084840
vn 0.590005 0.716019 0.373109
vn 0.016484 0.999805 0.010861
vn 0.849877 0.001742 0.526979
vn 0.850044 -0.003615 0.526699
vn 0.851290 -0.014311 0.524501
vn 0.526404 -0.784933 0.326771
vn 0.122316 0.989974 0.070648
vn 0.519284 0.791607 0.322027
vn 0.011729 0.999924 0.003751
vn 0.848975 0.000099 0.528432
vn 0.848958 -0.000046 0.528460
vn 0.848948 -0.000038 0.528477
vn 0.505655 -0.803949 0.313016
vn 0.003335 0.999992 0.002183
vn 0.094980 0.993351 0.065059
vn 0.451303 0.843584 0.291017
vn 0.849537 -0.000521 0.527529
vn 0.849547 0.000875 0.527512
vn 0.849622 -0.000169 0.527393
vn 0.376368 0.888299 0.263196
vn 0.840497 0.035320 0.540663
vn 0.062352 0.996209 0.060658
vn 0.835357 -0.065037 0.545847
vn 0.813096 -0.084547 0.575957
vn 0.245981 0.902711 0.352995
vn 0.571092 -0.068663 0.818009
vn -0.058102 0.990502 0.124619
vn 0.533905 -0.230441 0.813537
vn -0.000249 0.999866 -0.016399
vn -0.000000 0.999874 -0.015874
vn -0.000102 0.999883 -0.015331
vn -0.000000 0.999874 -0.015874
vn -0.793664 -0.009275 0.608285
vn -0.796538 0.020750 0.604233
vn -0.722356 -0.030446 0.690851
vn -0.726937 0.013389 0.686574
vn -0.791753 -0.014301 0.610674
vn -0.720352 0.005196 0.693589
vn -0.857492 -0.014284 0.514299
vn -0.878734 -0.000180 0.477312
vn -0.796424 -0.030909 0.603948
vn -0.634186 -0.685056 0.358477
vn -0.150766 -0.983043 0.104384
vn -0.156603 -0.984863 0.074301
vn -0.642796 -0.701239 0.308344
vn -0.674212 -0.605845 0.422362
vn -0.173694 -0.976907 0.124429
vn -0.901101 -0.001093 0.433608
vn -0.162848 -0.983730 0.075861
vn -0.664581 -0.682593 0.303971
vn -0.029589 -0.999407 0.017623
vn -0.031450 -0.999395 0.014832
vn -0.022774 -0.999203 0.032787
vn -0.001574 -0.999999 0.000745
vn -0.000049 -1.000000 0.000294
vn 0.000000 -1.000000 -0.000000
vn -0.000911 -1.000000 -0.000077
vn -0.001776 -0.999963 0.008380
vn 0.000293 -0.999943 0.010685
vn -0.033667 -0.999316 0.015286
vn -0.162390 -0.983627 0.078154
vn -0.658433 -0.678971 0.324753
vn 0.000000 -1.000000 -0.000000
vn 0.000000 -1.000000 -0.000000
vn 0.000000 -1.000000 -0.000000
vn 0.000033 -1.000000 0.000376
vn -0.032201 -0.999299 0.019099
vn -0.142394 -0.986760 0.077642
vn -0.610834 -0.719890 0.329606
vn 0.000000 -1.000000 -0.000000
vn -0.030149 -0.999374 0.018529
vn -0.117203 -0.990467 0.072375
vn -0.542136 -0.774923 0.324936
vn -0.025818 -0.999522 0.016983
vn -0.121748 -0.988984 0.084195
vn -0.131512 -0.988217 0.078310
vn 0.000102 0.999912 -0.013295
vn 0.000009 0.999879 -0.015586
vn -0.000173 0.999913 -0.013199
vn -0.000452 0.999996 -0.002964
vn 0.000019 0.999880 -0.015481
vn 0.000012 0.999905 -0.013774
vn -0.000169 0.999990 -0.004415
vn 0.000204 0.999893 -0.014661
vn -0.000650 0.999933 0.011544
vn 0.000010 0.999876 -0.015724
vn -0.000047 0.999880 -0.015479
vn 0.000854 0.999981 -0.006192
vn -0.000110 0.999898 -0.014266
vn 0.000551 0.999945 0.010530
vn -0.001246 0.999943 -0.010624
vn 0.000215 0.999981 0.006109
vn 0.001252 0.999828 0.018490
vn -0.000545 0.999923 -0.012377
vn -0.002137 0.999998 -0.000202
vn -0.001198 0.999851 0.017238
vn -0.014287 0.999897 0.001170
vn -0.016903 0.999846 0.004801
vn -0.011420 0.999851 0.012954
vn -0.078024 0.994565 0.068945
vn -0.068998 0.996345 0.050366
vn -0.051296 0.997895 0.039673
vn -0.255197 0.000037 0.966889
vn -0.255190 -0.000009 0.966891
vn -0.255303 -0.000351 0.966861
vn -0.255221 -0.000044 0.966883
vn -0.231859 -0.377213 0.896634
vn -0.201049 -0.513447 0.834237
vn -0.238126 -0.090535 0.967005
vn -0.248776 -0.001181 0.968560
vn -0.250010 -0.001163 0.968243
vn -0.140111 -0.675568 0.723863
vn -0.205991 -0.231844 0.950692
vn -0.219777 -0.001306 0.975549
vn -0.120292 -0.800514 0.587118
vn -0.195092 -0.288228 0.937477
vn -0.195876 -0.000636 0.980628
vn -0.116914 -0.863194 0.491150
vn -0.198595 -0.222941 0.954388
vn -0.193538 -0.005008 0.981080
vn 0.021296 -0.998950 -0.040563
vn -0.002264 -0.997711 -0.067577
vn 0.117420 -0.954758 -0.273221
vn 0.147491 -0.958702 -0.243181
vn -0.001322 -0.999968 -0.007890
vn 0.160878 0.044263 -0.985981
vn 0.430440 -0.332259 -0.839241
vn 0.489362 -0.416599 -0.766140
vn 0.493002 -0.287752 -0.821065
vn 0.457112 -0.029462 -0.888921
vn 0.546521 -0.003379 -0.837438
vn 0.131378 -0.009010 -0.991291
vn 0.515894 -0.013012 -0.856553
vn 0.548232 -0.001506 -0.836325
vn 0.509858 0.011683 -0.860179
vn 0.471024 -0.035563 -0.881403
vn 0.508683 -0.004233 -0.860943
vn 0.250025 0.004214 -0.968230
vn 0.548832 0.000574 -0.835933
vn 0.224309 0.243642 -0.943570
vn 0.458507 0.403237 -0.791942
vn 0.110872 0.884831 -0.452528
vn 0.005565 0.996455 -0.083949
vn -0.000500 0.999841 0.017843
vn 0.000221 0.999962 0.008710
vn 0.000890 0.999964 -0.008441
vn -0.000200 0.999846 0.017553
vn -0.000055 0.999938 0.011112
vn 0.000059 0.999994 0.003371
vn -0.000129 0.999915 0.013008
vn -0.000171 0.999862 0.016607
vn 0.000103 0.999923 0.012389
vn -0.000096 0.999995 0.003250
vn -0.000000 1.000000 0.000205
vn 0.000090 1.000000 0.000492
vn 0.000494 0.999983 0.005888
vn 0.000000 1.000000 0.000000
vn -0.000182 0.999841 0.017834
vn -0.000532 0.999983 0.005792
vn -0.000103 1.000000 0.000452
vn 0.000000 1.000000 0.000000
vn 0.000000 1.000000 0.000000
vn 0.000000 1.000000 -0.000000
vn 0.000000 1.000000 -0.000000
vn 0.000000 1.000000 -0.000000
vn -0.002149 0.999794 0.020179
vn -0.000648 0.999915 0.013044
vn -0.002351 0.999993 0.002989
vn -0.001052 0.999999 0.000224
vn 0.000000 1.000000 -0.000000
vn 0.000000 1.000000 -0.000000
vn 0.000000 1.000000 -0.000000
vn -0.031084 0.998879 0.035705
vn -0.023290 0.999456 0.023357
vn -0.017384 0.999804 0.009505
vn -0.010741 0.999929 0.005118
vn -0.007216 0.999965 0.004130
vn -0.004947 0.999985 0.002207
vn -0.002161 0.999998 0.000250
vn 0.000000 1.000000 -0.000000
vn 0.000000 1.000000 0.000000
vn 0.000000 1.000000 -0.000000
vn -0.327959 0.891507 0.312502
vn -0.307387 0.919344 0.245602
vn -0.251072 0.952445 0.172661
vn -0.207370 0.968764 0.135992
vn -0.153019 0.984052 0.090699
vn -0.104353 0.993313 0.049394
vn -0.058491 0.997988 0.024461
vn -0.033548 0.999294 0.016894
vn -0.027644 0.999483 0.016420
vn -0.031580 0.999285 0.020785
vn -0.028045 0.999427 0.018970
vn -0.020218 0.999694 0.014243
vn -0.423969 0.884758 0.193529
vn -0.352628 0.922197 0.158763
vn -0.572793 0.763416 0.298503
vn -0.274456 0.949407 0.152643
vn -0.255076 0.954747 0.152950
vn -0.237243 0.959412 0.152463
vn -0.193281 0.973072 0.125596
vn -0.164587 0.981196 0.100824
vn 0.255201 -0.000004 0.966888
vn 0.255198 -0.000003 0.966889
vn 0.255202 -0.000001 0.966888
vn 0.001287 0.999988 0.004822
vn 0.043119 0.987272 0.153087
vn 0.049037 0.982698 0.178607
vn 0.009086 0.999908 0.010107
vn 0.008526 0.999964 0.000160
vn 0.067599 0.991448 0.111630
vn -0.000445 0.999804 -0.019780
vn 0.009405 0.999495 0.030347
vn 0.000316 0.999703 -0.024369
vn 0.046380 0.977988 0.203440
vn 0.064526 0.967623 0.244011
vn 0.021758 0.998508 0.050081
vn 0.143103 0.720814 0.678195
vn 0.173078 0.654243 0.736214
vn 0.142258 0.738920 0.658604
vn 0.006002 0.999275 -0.037603
vn 0.224688 0.001578 0.974430
vn 0.251617 0.001930 0.967825
vn 0.212612 0.528412 0.821935
vn 0.197155 0.001105 0.980372
vn 0.250785 -0.002049 0.968041
vn 0.255201 -0.000007 0.966888
vn 0.255203 0.000012 0.966888
vn 0.255123 0.000098 0.966909
vn 0.300847 0.802519 0.515222
vn 0.524409 0.029173 0.850967
vn 0.269937 -0.012700 0.962794
vn 0.182951 0.751990 0.633277
vn 0.726257 0.097088 0.680532
vn 0.272994 0.040331 0.961170
vn 0.281780 0.020740 0.959255
vn 0.193334 -0.004123 0.981124
vn 0.194203 -0.000078 0.980962
vn 0.554386 0.085295 0.827877
vn 0.535630 0.071895 0.841386
vn 0.267990 -0.007093 0.963396
vn 0.551443 -0.038980 0.833301
vn 0.193390 0.004003 0.981114
vn 0.192521 0.000004 0.981293
vn 0.071958 -0.957140 0.280543
vn 0.166528 -0.606452 0.777486
vn 0.242848 -0.545609 0.802082
vn 0.081094 -0.960406 0.266540
vn 0.072442 -0.950993 0.300606
vn 0.167518 -0.665469 0.727385
vn 0.020693 -0.997983 0.060021
vn 0.022130 -0.995425 0.092952
vn 0.012347 -0.998997 0.043040
vn 0.202706 -0.041906 0.978343
vn 0.196189 0.001035 0.980566
vn 0.196595 0.000805 0.980484
vn 0.013934 -0.995453 0.094231
vn 0.055721 -0.934717 0.350997
vn 0.157345 -0.620095 0.768587
vn 0.220953 -0.094559 0.970690
vn 0.222113 0.001598 0.975020
vn 0.223068 -0.000048 0.974803
vn 0.191512 -0.461437 0.866256
vn 0.240948 -0.054836 0.968988
vn 0.086348 -0.907949 0.410089
vn 0.250343 0.001206 0.968156
vn 0.255200 0.000004 0.966888
vn 0.243765 -0.354966 0.902540
vn 0.255196 0.000021 0.966889
vn 0.020348 -0.999766 0.007357
vn 0.019464 -0.999521 0.024071
vn 0.120539 -0.971607 0.203595
vn 0.140627 -0.980096 0.140128
vn 0.001624 -0.999892 -0.014624
vn 0.003409 -0.999954 -0.009023
vn 0.016564 -0.999855 0.003954
vn 0.000410 -0.999901 -0.014085
vn 0.135740 -0.985078 0.105811
vn 0.434449 -0.573686 0.694362
vn 0.553261 -0.627773 0.547543
vn 0.582546 -0.677377 0.449222
vn 0.718549 0.064008 0.692525
vn 0.797912 0.041303 0.601357
vn 0.727703 0.042106 0.684599
vn 0.731553 -0.030381 0.681107
vn -0.000914 -0.999952 -0.009754
vn 0.001654 -0.999910 -0.013335
vn 0.000821 -0.999959 -0.008991
vn 0.226377 -0.258758 0.939041
vn 0.254946 0.000258 0.966955
vn 0.255161 0.000047 0.966899
vn 0.191115 -0.684841 0.703185
vn 0.307133 -0.550285 0.776438
vn 0.126098 -0.860453 0.493679
vn 0.045950 -0.983875 0.172853
vn 0.141458 -0.955333 0.259477
vn 0.351419 -0.872959 0.338301
vn 0.014348 -0.999816 0.012733
vn 0.095848 -0.995329 0.011559
vn 0.259478 -0.965719 -0.007641
vn 0.003968 -0.993756 -0.111507
vn 0.073462 -0.985384 -0.153693
vn 0.222712 -0.932913 -0.282973
vn -0.010072 -0.916919 -0.398946
vn 0.026880 -0.867536 -0.496647
vn 0.106593 -0.754934 -0.647080
vn -0.010030 -0.484392 -0.874793
vn -0.012353 -0.325478 -0.945469
vn -0.003854 -0.103695 -0.994602
vn 0.020407 -0.994939 0.098391
vn 0.002410 -0.999967 0.007774
vn -0.000193 -0.996615 -0.082207
vn 0.000205 -0.950504 -0.310712
vn 0.002273 -0.999996 -0.001532
vn -0.003150 -0.998008 -0.063012
vn -0.002966 -0.964562 -0.263841
vn -0.005204 -0.998163 -0.060364
vn 0.566198 -0.224008 0.793247
vn 0.254979 0.000565 0.966946
vn 0.426950 -0.255755 0.867354
vn 0.689041 -0.587246 0.424694
vn 0.738975 -0.660854 -0.131104
vn 0.486277 -0.553256 -0.676345
vn 0.000344 -0.999613 -0.027805
vn 0.000136 -0.999220 -0.039477
vn 0.001271 -0.999781 -0.020875
vn -0.002646 -0.998704 -0.050823
vn -0.003064 -0.998306 -0.058095
vn 0.000130 -0.992749 -0.120203
vn -0.008084 -0.992206 -0.124347
vn -0.003534 -0.990572 -0.136946
vn -0.002147 -0.982580 -0.185829
vn -0.004880 -0.839939 -0.542658
vn 0.006880 -0.755042 -0.655640
vn -0.000287 -0.662501 -0.749061
vn 0.000742 -0.037442 -0.999299
vn -0.003357 -0.022219 -0.999748
vn -0.001405 -0.582639 -0.812730
vn 0.000005 -0.000017 -1.000000
vn -0.000002 0.000000 -1.000000
vn 0.000112 -0.999878 -0.015611
vn 0.000157 -0.999883 -0.015284
vn -0.063550 -0.983249 0.170833
vn -0.133027 -0.841364 0.523842
vn -0.050176 -0.966955 0.249960
vn -0.030500 -0.982889 0.181658
vn -0.028507 -0.992942 0.115122
vn -0.138822 -0.895786 0.422250
vn -0.290304 -0.165118 0.942581
vn -0.029052 -0.997077 0.070670
vn -0.083719 -0.940820 0.328403
vn -0.029060 -0.999161 0.028875
vn -0.207056 -0.924492 0.320067
vn -0.022222 -0.999698 0.010495
vn 0.000285 0.999850 -0.017315
vn 0.003597 0.998972 -0.045189
vn 0.000742 0.999882 -0.015319
vn -0.005219 0.999985 -0.001375
vn -0.007620 0.999968 -0.002398
vn -0.005778 0.999968 0.005631
vn -0.001930 0.999719 -0.023630
vn -0.001786 0.999982 0.005712
vn -0.004918 0.997874 -0.064992
vn -0.025779 0.993771 0.108422
vn -0.049252 0.992301 0.113639
vn -0.021372 0.993811 0.109006
vn -0.006665 0.978166 -0.207719
vn -0.002735 0.962211 -0.272291
vn 0.001967 0.994994 -0.099916
vn 0.001170 0.999430 -0.033752
vn -0.013642 0.999744 0.018037
vn -0.043229 0.990771 0.128468
vn 0.010342 0.989104 -0.146858
vn 0.000491 0.999225 -0.039372
vn 0.018253 0.919621 -0.392382
vn -0.016334 0.998324 0.055522
vn -0.047497 0.984450 0.169124
vn -0.095624 0.918330 0.384091
vn -0.077541 0.924912 0.372190
vn -0.128054 0.882551 0.452445
vn 0.001722 0.537766 -0.843092
vn 0.025050 0.296233 -0.954787
vn 0.015844 0.758713 -0.651232
vn 0.002093 0.972564 -0.232625
vn -0.012740 0.998019 -0.061616
vn -0.031548 0.996663 0.075281
vn -0.065578 0.956086 0.285657
vn -0.140098 0.835985 0.530568
vn -0.001252 0.538075 -0.842896
vn -0.063532 0.871068 -0.487036
vn 0.000019 -0.000044 -1.000000
vn -0.113019 0.990559 -0.077592
vn -0.162148 0.975704 0.147343
vn -0.166786 0.843484 0.510605
vn -0.201615 0.494805 0.845293
vn -0.246621 0.165660 0.954848
vn -0.262434 0.174905 0.948966
vn -0.234494 0.276366 0.932006
vn 0.000002 -0.000001 -1.000000
vn 0.000017 -0.000011 -1.000000
vn 0.000022 -0.000094 -1.000000
vn -0.000002 0.000000 -1.000000
vn -0.069623 0.146598 -0.986743
vn -0.343434 0.741889 -0.575894
vn -0.361654 0.929408 -0.073541
vn -0.404780 0.873736 0.269701
vn 0.000046 0.000060 -1.000000
vn 0.000120 0.000128 -1.000000
vn -0.131581 -0.250154 -0.959223
vn -0.144301 0.070922 -0.986989
vn 0.000002 -0.000007 -1.000000
vn -0.509551 -0.394425 -0.764713
vn -0.674847 0.222501 -0.703616
vn -0.955229 0.295838 -0.004260
vn -0.000020 -0.999902 -0.013971
vn -0.000102 -0.999980 -0.006284
vn -0.000307 -0.999908 0.013591
vn 0.000056 -0.999906 0.013694
vn 0.000084 -0.999976 -0.006964
vn -0.000406 -0.999994 -0.003484
vn -0.000318 -1.000000 -0.000010
vn -0.001186 -0.999925 -0.012161
vn 0.108259 -0.254288 -0.961050
vn -0.000227 0.000803 -1.000000
vn 0.007222 0.994466 -0.104808
vn -0.000201 0.999949 -0.010129
vn -0.000217 0.999958 -0.009139
vn -0.000139 0.999989 -0.004765
vn -0.000410 0.999994 -0.003420
vn -0.000117 1.000000 -0.000912
vn -0.000119 0.999918 -0.012779
vn 0.000033 0.999888 -0.014941
vn 0.000007 -0.000061 -1.000000
vn 0.016967 -0.999695 0.017932
vn -0.255206 -0.000010 0.966887
vn -0.255199 -0.000023 0.966889
vn -0.250492 -0.001649 0.968117
vn -0.250087 0.001655 0.968222
vn -0.222419 -0.001836 0.974949
vn -0.206415 0.382644 0.900542
vn -0.221451 0.005955 0.975153
vn -0.196993 -0.000304 0.980405
vn -0.183624 0.415070 0.891066
vn -0.196087 0.003815 0.980579
vn -0.220540 -0.003144 0.975373
vn -0.195697 -0.001537 0.980663
vn -0.194475 0.000071 0.980907
vn -0.193480 0.005006 0.981091
vn -0.192522 -0.000002 0.981293
vn -0.288386 0.002064 0.957512
vn -0.286189 0.000757 0.958173
vn -0.277844 0.011616 0.960556
vn -0.548088 -0.028344 0.835940
vn -0.547603 0.019696 0.836506
vn -0.572475 0.000529 0.819922
vn -0.289988 0.023142 0.956750
vn -0.549202 0.073063 0.832489
vn -0.065118 0.993450 0.093897
vn -0.000247 -0.999898 0.014313
vn -0.000208 -0.999894 -0.014550
vn -0.000135 -0.999882 -0.015340
vn 0.000296 -0.999991 -0.004370
vn 0.000767 -0.999999 0.000901
vn -0.001672 -0.999936 -0.011183
vn -0.001124 -0.999968 0.007887
vn 0.001315 -0.999846 0.017488
vn -0.000794 -0.999804 0.019783
vn 0.000830 -0.999883 0.015299
vn 0.000491 -0.999914 0.013111
vn -0.720837 0.025069 0.692651
vn -0.528421 -0.202108 0.824575
vn -0.661997 -0.336988 0.669476
vn -0.217362 -0.950463 0.222201
vn 0.121324 -0.071558 -0.990030
vn 0.120594 -0.064854 -0.990581
vn 0.480616 -0.016364 -0.876779
vn 0.018796 0.635024 -0.772264
vn 0.345911 0.660788 -0.666112
vn 0.457369 0.539363 -0.707037
vn 0.038593 0.963636 -0.264416
vn 0.113657 0.963085 -0.244029
vn 0.172643 0.942176 -0.287226
vn 0.202802 0.912710 -0.354728
vn 0.017878 0.995791 -0.089896
vn 0.033480 0.996553 -0.075899
vn 0.045111 0.995877 -0.078698
vn 0.054203 0.992770 -0.107093
vn 0.024455 0.992949 -0.115990
vn 0.002486 0.999956 -0.009085
vn 0.007939 0.999891 -0.012463
vn 0.007936 0.999810 -0.017808
vn 0.008400 0.999703 -0.022865
vn 0.002891 0.999702 -0.024243
vn -0.000533 0.999836 -0.018128
vn -0.000142 0.999974 -0.007247
vn 0.000118 0.999937 -0.011245
vn 0.000098 0.999899 -0.014193
vn 0.000057 0.999879 -0.015552
vn 0.000000 0.999874 -0.015874
vn -0.694744 -0.480190 0.535488
vn -0.203696 -0.967303 0.151105
vn -0.018223 -0.999827 0.003810
vn -0.016163 -0.999554 0.025104
vn 0.000128 0.999883 -0.015318
vn 0.000473 0.999917 -0.012872
vn 0.000103 0.999974 -0.007260
vn 0.000417 0.999998 0.001927
vn -0.000636 0.999930 0.011844
vn -0.000244 0.999865 0.016432
vn 0.000556 0.999999 0.001661
vn -0.698995 0.248239 0.670659
vn -0.520528 0.282178 0.805870
vn -0.739043 0.337937 0.582764
vn -0.074805 0.922922 0.377649
vn -0.141556 0.896426 0.419978
vn -0.268386 0.870543 0.412462
vn -0.175946 0.390417 0.903669
vn -0.258645 0.359022 0.896775
vn -0.738418 0.473029 0.480606
vn -0.675518 0.626495 0.388818
vn 0.000480 -0.999760 -0.021885
vn -0.000410 -0.999781 -0.020930
vn -0.001549 -0.996282 -0.086133
vn -0.000446 -0.995709 -0.092537
vn -0.001213 -0.999904 -0.013782
vn -0.004648 -0.999947 -0.009160
vn -0.000450 -0.999533 -0.030552
vn 0.000017 -0.999877 -0.015694
vn -0.003546 -0.991367 -0.131066
vn -0.006304 -0.998955 -0.045266
vn -0.000151 -0.999882 -0.015370
vn -0.026859 -0.983265 -0.180193
vn -0.002218 -0.930573 -0.366101
vn -0.008031 -0.894324 -0.447348
vn -0.011416 -0.804087 -0.594402
vn -0.089447 -0.660878 -0.745144
vn -0.301969 -0.667092 -0.681030
vn -0.071575 -0.982188 -0.173738
vn -0.017547 -0.998796 -0.045814
vn -0.087822 -0.984260 -0.153359
vn -0.024167 -0.998865 -0.041040
vn -0.318245 -0.809692 -0.493071
vn -0.003159 -0.443965 -0.896038
vn -0.006532 -0.296282 -0.955078
vn -0.005855 -0.147474 -0.989049
vn -0.097162 0.004570 -0.995258
vn -0.365503 0.063995 -0.928608
vn -0.548378 -0.021698 -0.835949
vn -0.536788 -0.003138 -0.843711
vn -0.268286 -0.850370 -0.452651
vn -0.082161 -0.983229 -0.162820
vn -0.318052 -0.665943 -0.674805
vn -0.027112 -0.917750 -0.396232
vn -0.340775 0.149768 -0.928139
vn -0.000001 0.000000 -1.000000
vn -0.000000 0.000000 -1.000000
vn -0.000001 0.000000 -1.000000
vn -0.084373 0.015475 -0.996314
vn -0.352334 0.015560 -0.935745
vn -0.545999 0.011764 -0.837703
vn -0.538908 0.007441 -0.842332
vn -0.338204 0.000414 -0.941073
vn 0.000001 0.000000 -1.000000
vn -0.000000 0.000000 -1.000000
vn -0.000000 0.000000 -1.000000
vn -0.078032 0.030207 -0.996493
vn -0.327037 0.036404 -0.944310
vn -0.542469 -0.016753 -0.839909
vn -0.539602 -0.001576 -0.841918
vn 0.000001 0.000000 -1.000000
vn -0.000001 0.000000 -1.000000
vn 0.000001 0.000000 -1.000000
vn -0.066548 0.026449 -0.997433
vn -0.338885 0.041912 -0.939894
vn -0.544177 0.023672 -0.838636
vn -0.009128 0.198603 -0.980038
vn -0.000921 0.145194 -0.989403
vn 0.006906 0.154371 -0.987989
vn -0.066934 0.108041 -0.991891
vn -0.308574 0.017101 -0.951047
vn -0.013921 0.879919 -0.474921
vn -0.010661 0.864456 -0.502596
vn 0.013523 0.873552 -0.486544
vn -0.037827 0.830164 -0.556234
vn -0.192278 0.768677 -0.610053
vn -0.008223 0.995266 -0.096843
vn -0.004875 0.996533 -0.083051
vn 0.007889 0.995883 -0.090309
vn -0.014429 0.989734 -0.142191
vn -0.003057 0.999590 -0.028483
vn -0.000409 0.999773 -0.021286
vn 0.001366 0.999576 -0.029088
vn -0.002665 -0.999499 -0.031533
vn -0.009475 -0.995792 -0.091156
vn -0.007003 -0.999953 0.006635
vn -0.002994 -0.993846 -0.110730
vn -0.006456 -0.960057 -0.279731
vn -0.012829 -0.948380 -0.316877
vn 0.007955 -0.992701 -0.120340
vn 0.009027 -0.956653 -0.291092
vn -0.000078 -0.998910 -0.046673
vn 0.003219 -0.998826 -0.048329
vn -0.002739 -0.946694 -0.322121
vn 0.008990 -0.925896 -0.377672
vn 0.000809 -0.531922 -0.846793
vn -0.000909 -0.593152 -0.805090
vn 0.000336 -0.990807 -0.135286
vn 0.007049 -0.986693 -0.162443
vn 0.006036 -0.620250 -0.784381
vn -0.006654 -0.602610 -0.798008
vn -0.002644 -0.539163 -0.842198
vn 0.022244 -0.361741 -0.932013
vn 0.003653 -0.072183 -0.997385
vn 0.000003 0.000000 -1.000000
vn 0.000001 0.000000 -1.000000
vn 0.024893 -0.819899 -0.571967
vn -0.011360 -0.622664 -0.782407
vn 0.000001 0.000000 -1.000000
vn 0.000001 0.000000 -1.000000
vn 0.000002 0.000000 -1.000000
vn -0.000001 0.000000 -1.000000
vn -0.000002 0.000000 -1.000000
vn -0.000004 0.000000 -1.000000
vn 0.000002 0.000000 -1.000000
vn 0.000009 0.000000 -1.000000
vn 0.000001 0.000000 -1.000000
vn 0.000098 0.001257 -0.999999
vn 0.000002 0.000000 -1.000000
vn 0.000000 0.000000 -1.000000
vn -0.000002 0.000000 -1.000000
vn -0.000003 0.000000 -1.000000
vn -0.000000 0.000000 -1.000000
vn -0.000003 0.000000 -1.000000
vn -0.000001 0.000000 -1.000000
vn 0.000000 0.000000 -1.000000
vn -0.000001 0.000000 -1.000000
vn -0.000002 0.000000 -1.000000
vn -0.000001 0.000000 -1.000000
vn 0.000002 0.000000 -1.000000
vn -0.000003 0.000000 -1.000000
vn -0.000003 0.000000 -1.000000
vn -0.000002 0.000000 -1.000000
vn 0.009218 0.070085 -0.997498
vn 0.012047 0.194949 -0.980739
vn -0.002521 0.668898 -0.743350
vn -0.006852 0.743257 -0.668971
vn 0.000022 0.808950 -0.587877
vn 0.014677 0.870882 -0.491273
vn 0.004889 0.994180 -0.107625
vn 0.000053 0.988324 -0.152369
vn 0.002113 0.999261 -0.038381
vn -0.400379 -0.749868 0.526682
vn -0.598044 -0.288005 0.747928
vn -0.885779 -0.464105 0.001415
vn -0.398004 -0.916086 0.048773
vn -0.265940 -0.084355 0.960292
vn -0.281528 0.009718 0.959504
vn -0.188932 -0.908485 0.372772
vn -0.206501 -0.605256 0.768780
vn -0.151987 -0.988328 0.010388
vn -0.254040 -0.093592 0.962655
vn -0.255117 -0.000031 0.966910
vn -0.255021 -0.000073 0.966936
vn -0.255155 0.000535 0.966900
vn -0.375340 0.146044 0.915309
vn -0.645987 0.330689 0.688001
vn -0.255210 -0.000029 0.966886
vn -0.255202 0.000017 0.966888
vn -0.255240 -0.000279 0.966878
vn -0.255196 -0.000073 0.966889
vn -0.258869 0.041479 0.965022
vn -0.345344 0.557498 0.754939
vn 0.001284 -0.998754 -0.049884
vn -0.002974 -0.999759 0.021733
vn -0.007678 -0.999531 0.029630
vn 0.003278 -0.998031 -0.062631
vn -0.023340 -0.996919 0.074885
vn -0.005143 -0.999825 0.017963
vn -0.110324 -0.918604 -0.379467
vn -0.367517 -0.851261 -0.374549
vn -0.131789 -0.315366 -0.939774
vn 0.004345 -0.975962 -0.217898
vn -0.024576 -0.998852 -0.041130
vn 0.024109 -0.996564 -0.079246
vn 0.001597 -0.999866 -0.016325
vn 0.001852 -0.999944 -0.010389
vn 0.029528 -0.998202 -0.052166
vn 0.009425 -0.994686 -0.102524
vn 0.000044 -0.999821 -0.018920
vn 0.155516 -0.862748 -0.481125
vn 0.039464 -0.849661 -0.525851
vn 0.186237 -0.927479 -0.324188
vn 0.036686 0.015310 -0.999210
vn 0.045258 -0.242739 -0.969036
vn 0.277990 -0.198754 -0.939797
vn 0.270135 0.013936 -0.962722
vn 0.000001 0.000000 -1.000000
vn -0.000155 -0.294251 -0.955728
vn 0.031692 0.017062 -0.999352
vn 0.000001 0.000000 -1.000000
vn 0.261974 0.025636 -0.964734
vn 0.002521 -0.876032 -0.482246
vn 0.003491 -0.994353 -0.106063
vn -0.000380 0.441207 -0.897405
vn 0.003654 0.955502 -0.294961
vn -0.000115 0.964481 -0.264152
vn 0.001143 0.491831 -0.870690
vn 0.035203 0.341069 -0.939379
vn 0.027178 0.923795 -0.381922
vn -0.000000 0.000000 -1.000000
vn 0.027264 0.004742 -0.999617
vn 0.000001 0.000000 -1.000000
vn -0.000000 0.000000 -1.000000
vn 0.000000 0.000000 -1.000000
vn -0.008867 -0.233298 -0.972365
vn -0.006498 -0.888077 -0.459649
vn 0.000854 -0.993986 -0.109504
vn -0.000142 0.998752 -0.049946
vn -0.001459 0.998650 -0.051921
vn -0.002399 0.968256 -0.249950
vn 0.000601 0.999888 -0.014963
vn 0.001485 0.999919 -0.012641
vn 0.001857 0.998219 -0.059622
vn -0.000011 0.999888 -0.014989
vn 0.001107 0.546528 -0.837440
vn 0.000001 0.000000 -1.000000
vn -0.000001 0.000000 -1.000000
vn -0.000002 0.000000 -1.000000
vn -0.007636 -0.103780 -0.994571
vn -0.001288 -0.882089 -0.471081
vn 0.002180 0.999743 -0.022552
vn -0.000275 0.996720 -0.080928
vn -0.003794 0.948963 -0.315365
vn -0.005169 0.463888 -0.885879
vn 0.000000 0.000000 -1.000000
vn -0.000000 0.000000 -1.000000
vn -0.000000 0.000000 -1.000000
vn 0.000783 -0.046033 -0.998940
vn -0.001183 -0.805371 -0.592771
vn -0.002648 0.943828 -0.330425
vn -0.006372 0.463867 -0.885882
vn 0.000000 0.000000 -1.000000
vn -0.000000 0.000000 -1.000000
vn 0.000001 0.000000 -1.000000
vn 0.000003 0.000000 -1.000000
vn 0.000000 0.000000 -1.000000
vn -0.006288 0.113151 -0.993558
vn 0.000039 0.000223 -1.000000
vn 0.000001 0.000000 -1.000000
vn -0.000001 0.000000 -1.000000
vn -0.371336 -0.023580 -0.928199
vn -0.541019 -0.003494 -0.841003
vn -0.406726 -0.059189 -0.911631
vn -0.542740 0.057430 -0.837935
vn -0.523121 0.181450 -0.832719
vn -0.354334 0.469745 -0.808571
vn -0.310791 0.814509 -0.489882
vn -0.263828 0.872800 -0.410627
vn -0.136339 0.923376 -0.358870
vn -0.065301 0.980221 -0.186824
vn -0.089462 0.984237 -0.152561
vn -0.067965 0.992529 -0.101327
vn -0.030802 0.994912 -0.095920
vn -0.005379 0.999028 -0.043762
vn -0.017271 0.998522 -0.051531
vn -0.023981 0.998540 -0.048404
vn -0.024361 0.998890 -0.040314
vn -0.014772 0.999599 -0.024156
vn 0.000030 0.999882 -0.015340
vn 0.000088 0.999897 -0.014369
vn -0.000130 0.999882 -0.015339
vn -0.000139 0.999945 -0.010539
vn -0.000314 0.999988 -0.004898
vn -0.000062 0.999999 -0.001206
vn -0.000015 1.000000 0.000011
vn 0.087340 0.988003 0.127365
vn 0.145145 0.870564 0.470162
vn 0.256332 0.818951 0.513432
vn 0.248989 0.956564 0.151621
vn 0.014200 0.998864 0.045494
vn 0.057009 0.973394 0.221933
vn 0.047688 0.992504 -0.112521
vn -0.000263 0.999501 -0.031604
vn 0.175953 0.955378 -0.237262
vn 0.013282 0.911477 -0.411136
vn -0.002572 0.993932 -0.109964
vn 0.093709 0.760090 -0.643026
vn 0.447424 0.595891 0.666877
vn 0.662254 0.725436 0.187514
vn 0.253505 0.043419 0.966359
vn 0.254958 -0.001063 0.966952
vn 0.228076 0.320205 0.919483
vn 0.541169 0.733391 -0.411429
vn 0.230565 0.447262 -0.864174
vn 0.008298 -0.009438 -0.999921
vn 0.005331 0.203266 -0.979109
vn -0.006141 0.676644 -0.736285
vn 0.255072 0.000089 0.966922
vn 0.519954 0.018726 0.853989
vn 0.255197 -0.000006 0.966889
vn 0.255147 0.000134 0.966902
vn 0.255197 -0.000008 0.966889
vn 0.833796 -0.023722 0.551563
vn 0.913886 -0.111609 -0.390329
vn 0.366901 0.007489 -0.930230
vn 0.050188 -0.007310 -0.998713
vn -0.000099 -0.000309 -1.000000
vn -0.000153 0.000053 -1.000000
vn -0.000003 0.000006 -1.000000
vn 0.000000 -1.000000 -0.000000
vn 0.000013 -1.000000 0.000872
vn 0.000329 -1.000000 0.000459
vn 0.000000 -1.000000 0.000000
vn 0.000000 -1.000000 0.000000
vn -0.000252 -1.000000 0.000654
vn 0.000000 -1.000000 0.000000
vn 0.000000 -1.000000 0.000000
vn 0.000000 -1.000000 0.000000
vn 0.000000 -1.000000 -0.000000
vn 0.000000 -1.000000 0.000000
vn 0.000000 -1.000000 0.000000
vn -0.000021 -0.999927 0.012078
vn -0.000392 -0.999958 0.009209
vn 0.000000 -1.000000 -0.000000
vn -0.000218 -0.999902 0.013971
vn 0.000000 -1.000000 -0.000000
vn 0.000000 -1.000000 -0.000000
vn 0.000000 -1.000000 -0.000000
vn 0.000000 -1.000000 -0.000000
vn 0.000000 -1.000000 -0.000000
vn 0.000000 -1.000000 0.000000
vn 0.025246 -0.999538 0.016929
vn 0.022201 -0.999719 0.008286
vn 0.015719 -0.999860 0.005808
vn 0.011575 -0.999899 0.008243
vn 0.014535 -0.999829 0.011435
vn 0.016064 -0.999832 0.008855
vn 0.010387 -0.999939 0.003758
vn 0.000000 -1.000000 -0.000000
vn 0.000000 -1.000000 -0.000000
vn 0.140568 -0.986572 0.083161
vn 0.128027 -0.988242 0.083591
vn 0.120147 -0.990106 0.072498
vn 0.108196 -0.992145 0.062781
vn 0.082003 -0.993866 0.074203
vn -0.007236 -0.999959 0.005474
vn -0.020784 -0.999725 0.010836
vn 0.383158 -0.871639 0.305673
vn 0.165241 -0.882630 0.440068
vn -0.043397 -0.988304 0.146191
vn 0.473287 -0.830950 0.292441
vn -0.119512 -0.990225 0.071912
vn -0.878126 -0.003238 0.478419
vn -0.878484 0.002619 0.477765
vn -0.899909 0.000404 0.436077
vn -0.899175 -0.003507 0.437574
vn -0.855428 -0.000327 0.517922
vn -0.855754 0.008535 0.517313
vn -0.877071 0.060476 0.476538
vn -0.850058 0.031612 0.525740
vn -0.888939 0.113077 0.443848
vn -0.909869 -0.000039 0.414895
vn -0.904330 0.129451 0.406730
vn -0.909822 0.000148 0.414998
vn -0.899155 0.000629 0.437630
vn -0.873786 0.211778 0.437776
vn -0.898955 0.001309 0.438039
vn -0.897602 -0.020722 0.440319
vn -0.877178 -0.043504 0.478191
vn -0.878328 0.001700 0.478055
vn -0.909742 -0.000498 0.415174
vn -0.878465 0.001564 0.477804
vn -0.824446 0.333517 0.457225
vn -0.858911 -0.022228 0.511643
vn -0.857683 0.001354 0.514176
vn -0.857947 0.001567 0.513736
vn -0.792245 0.389393 0.469809
vn -0.848727 -0.000028 0.528831
vn -0.848733 0.000042 0.528822
vn -0.848719 -0.000081 0.528844
vn -0.781707 0.387205 0.488882
vn -0.849179 -0.000031 0.528104
vn -0.849203 0.000084 0.528067
vn -0.848267 -0.008521 0.529500
vn -0.748229 0.466384 0.471848
vn -0.509397 -0.798870 0.319878
vn -0.515543 -0.797294 0.313905
vn -0.849122 -0.022432 0.527720
vn -0.511664 -0.792594 0.331654
vn -0.850105 -0.001233 0.526612
vn -0.850278 0.001232 0.526332
vn -0.701910 0.563057 0.436221
vn -0.482497 -0.801797 0.352589
vn -0.851169 -0.007865 0.524833
vn -0.847542 -0.004093 0.530713
vn -0.847169 0.000905 0.531323
vn -0.588527 0.695438 0.412313
vn -0.479509 -0.088928 0.873019
vn -0.452529 -0.207471 0.867279
vn -0.368972 -0.726613 0.579563
vn -0.586033 -0.095394 0.804653
vn -0.207055 0.762241 0.613283
vn 0.008415 0.999951 -0.005272
vn 0.004472 0.999937 0.010285
vn 0.081710 0.994771 0.061268
vn 0.086646 0.994414 0.060280
vn 0.000681 0.999901 -0.014039
vn 0.000136 1.000000 0.001018
vn 0.009993 0.999933 -0.005785
vn 0.090033 0.993078 0.075438
vn 0.395035 0.868020 0.300815
vn 0.371303 0.855490 0.360931
vn 0.383143 0.888282 0.253292
vn -0.001193 0.999844 0.017649
vn 0.001401 0.999770 0.021381
vn 0.067959 0.996056 0.057037
vn 0.344899 0.916745 0.201551
vn 0.847967 0.262887 0.460263
vn 0.834365 0.196358 0.515053
vn 0.793140 0.111395 0.598766
vn 0.879463 0.002914 0.475959
vn 0.857265 -0.006207 0.514838
vn 0.797159 -0.014805 0.603588
vn 0.858068 0.001565 0.513534
vn 0.796629 0.001029 0.604468
vn 0.879749 0.006154 0.475399
vn -0.000062 0.999929 0.011922
vn 0.004561 0.999943 0.009681
vn 0.050219 0.998389 0.026411
vn 0.299101 0.943160 0.144873
vn 0.838152 0.367371 0.403163
vn 0.904322 0.003255 0.426839
vn 0.903885 0.008150 0.427698
vn 0.901814 -0.021873 0.431571
vn 0.880187 -0.000455 0.474626
vn 0.856259 0.018111 0.516229
vn 0.589224 -0.737759 0.329434
vn 0.585023 -0.720267 0.372778
vn 0.644143 -0.698476 0.311788
vn 0.133289 -0.987179 0.087815
vn 0.128012 -0.987254 0.094564
vn 0.154423 -0.985099 0.075719
vn 0.034237 0.999300 0.015058
vn 0.234733 0.965471 0.112986
vn 0.002640 0.999996 0.000308
vn 0.749357 0.557529 0.357248
vn 0.907723 0.004249 0.419549
vn 0.908007 0.001581 0.418952
vn 0.907596 -0.042532 0.417685
vn 0.681625 -0.662132 0.311398
vn 0.168223 -0.983036 0.073085
vn 0.020419 -0.999380 0.028686
vn -0.001285 -0.999853 0.017102
vn -0.000784 -0.999882 0.015318
vn 0.000000 1.000000 -0.000000
vn 0.026964 0.999539 0.013984
vn 0.186931 0.978070 0.091848
vn 0.700335 0.623856 0.346893
vn 0.893494 0.006205 0.449033
vn 0.893862 0.000702 0.448341
vn 0.894118 -0.032621 0.446642
vn 0.654997 -0.681628 0.326132
vn 0.161342 -0.983871 0.077246
vn 0.000000 1.000000 0.000000
vn 0.021467 0.999695 0.012176
vn 0.167365 0.981156 0.096549
vn 0.671700 0.634891 0.381750
vn 0.870178 0.004956 0.492713
vn 0.870766 -0.002569 0.491692
vn 0.871321 -0.025953 0.490026
vn 0.576999 -0.747011 0.330223
vn 0.131058 0.987738 0.084841
vn 0.590005 0.716019 0.373109
vn 0.016484 0.999805 0.010861
vn 0.849876 0.001742 0.526979
vn 0.850043 -0.003615 0.526700
vn 0.851289 -0.014303 0.524502
vn 0.526405 -0.784932 0.326772
vn 0.122315 0.989974 0.070648
vn 0.519285 0.791607 0.322028
vn 0.011729 0.999924 0.003751
vn 0.848975 0.000095 0.528433
vn 0.848958 -0.000042 0.528460
vn 0.848949 -0.000023 0.528475
vn 0.505656 -0.803948 0.313016
vn 0.003336 0.999992 0.002183
vn 0.094979 0.993351 0.065059
vn 0.451304 0.843584 0.291018
vn 0.849538 -0.000528 0.527527
vn 0.849548 0.000889 0.527511
vn 0.849622 -0.000151 0.527392
vn 0.376367 0.888300 0.263195
vn 0.840499 0.035319 0.540661
vn 0.062352 0.996209 0.060658
vn 0.835359 -0.065032 0.545845
vn 0.813098 -0.084533 0.575957
vn 0.245981 0.902712 0.352995
vn 0.571090 -0.068663 0.818011
vn -0.058102 0.990502 0.124619
vn 0.533909 -0.230446 0.813533
vn -0.000249 0.999866 -0.016399
vn -0.000000 0.999874 -0.015874
vn -0.000102 0.999883 -0.015331
vn 0.000000 0.999874 -0.015874
vn -0.793665 -0.009282 0.608285
vn -0.796538 0.020756 0.604232
vn -0.722355 -0.030453 0.690851
vn -0.726937 0.013390 0.686574
vn -0.791752 -0.014301 0.610675
vn -0.720352 0.005196 0.693589
vn -0.857491 -0.014289 0.514300
vn -0.878734 -0.000180 0.477313
vn -0.796424 -0.030909 0.603948
vn -0.634186 -0.685057 0.358478
vn -0.150767 -0.983043 0.104384
vn -0.156604 -0.984863 0.074300
vn -0.642797 -0.701239 0.308344
vn -0.674210 -0.605849 0.422361
vn -0.173695 -0.976907 0.124429
vn -0.901101 -0.001093 0.433609
vn -0.162848 -0.983730 0.075861
vn -0.664581 -0.682593 0.303971
vn -0.029589 -0.999407 0.017623
vn -0.031450 -0.999395 0.014832
vn -0.022774 -0.999203 0.032787
vn -0.001574 -0.999999 0.000746
vn -0.000049 -1.000000 0.000294
vn 0.000000 -1.000000 -0.000000
vn -0.000911 -1.000000 -0.000077
vn -0.001776 -0.999963 0.008380
vn 0.000293 -0.999943 0.010685
vn -0.033667 -0.999316 0.015286
vn -0.162389 -0.983627 0.078154
vn -0.658433 -0.678971 0.324753
vn 0.000000 -1.000000 0.000000
vn 0.000000 -1.000000 0.000000
vn 0.000000 -1.000000 -0.000000
vn 0.000033 -1.000000 0.000376
vn -0.032201 -0.999299 0.019099
vn -0.142395 -0.986760 0.077642
vn -0.610837 -0.719887 0.329609
vn 0.000000 -1.000000 0.000000
vn -0.030149 -0.999374 0.018529
vn -0.117204 -0.990467 0.072376
vn -0.542135 -0.774923 0.324936
vn -0.025818 -0.999522 0.016983
vn -0.121749 -0.988984 0.084195
vn -0.131512 -0.988217 0.078310
vn 0.000102 0.999912 -0.013296
vn 0.000009 0.999879 -0.015586
vn -0.000173 0.999913 -0.013199
vn -0.000452 0.999996 -0.002964
vn 0.000019 0.999880 -0.015481
vn 0.000012 0.999905 -0.013774
vn -0.000169 0.999990 -0.004415
vn 0.000204 0.999893 -0.014661
vn -0.000650 0.999933 0.011544
vn 0.000010 0.999876 -0.015724
vn -0.000047 0.999880 -0.015479
vn 0.000854 0.999981 -0.006192
vn -0.000110 0.999898 -0.014266
vn 0.000551 0.999944 0.010530
vn -0.001246 0.999943 -0.010624
vn 0.000215 0.999981 0.006109
vn 0.001252 0.999828 0.018490
vn -0.000545 0.999923 -0.012377
vn -0.002137 0.999998 -0.000202
vn -0.001198 0.999851 0.017238
vn -0.014287 0.999897 0.001170
vn -0.016903 0.999846 0.004801
vn -0.011420 0.999851 0.012954
vn -0.078025 0.994565 0.068946
vn -0.068998 0.996345 0.050366
vn -0.051297 0.997895 0.039674
vn -0.255198 0.000037 0.966889
vn -0.255190 -0.000009 0.966891
vn -0.255302 -0.000351 0.966861
vn -0.255216 -0.000044 0.966884
vn -0.231857 -0.377214 0.896634
vn -0.201048 -0.513447 0.834237
vn -0.238127 -0.090535 0.967005
vn -0.248776 -0.001181 0.968560
vn -0.250010 -0.001163 0.968242
vn -0.140113 -0.675568 0.723863
vn -0.205993 -0.231844 0.950692
vn -0.219777 -0.001309 0.975549
vn -0.120292 -0.800514 0.587118
vn -0.195092 -0.288231 0.937477
vn -0.195876 -0.000644 0.980628
vn -0.116914 -0.863194 0.491150
vn -0.198594 -0.222943 0.954388
vn -0.193537 -0.005013 0.981080
vn 0.021296 -0.998950 -0.040563
vn -0.002264 -0.997712 -0.067577
vn 0.117420 -0.954758 -0.273222
vn 0.147491 -0.958702 -0.243181
vn -0.001322 -0.999968 -0.007890
vn 0.160878 0.044263 -0.985981
vn 0.430438 -0.332259 -0.839242
vn 0.489363 -0.416599 -0.766140
vn 0.493002 -0.287752 -0.821065
vn 0.457112 -0.029462 -0.888921
vn 0.546521 -0.003379 -0.837439
vn 0.131378 -0.009010 -0.991291
vn 0.515895 -0.013012 -0.856553
vn 0.548232 -0.001506 -0.836325
vn 0.509858 0.011683 -0.860179
vn 0.471024 -0.035563 -0.881403
vn 0.508682 -0.004233 -0.860944
vn 0.250024 0.004214 -0.968231
vn 0.548833 0.000574 -0.835932
vn 0.224310 0.243642 -0.943570
vn 0.458506 0.403236 -0.791942
vn 0.110873 0.884831 -0.452528
vn 0.005565 0.996455 -0.083949
vn -0.000500 0.999841 0.017843
vn 0.000221 0.999962 0.008710
vn 0.000890 0.999964 -0.008441
vn -0.000200 0.999846 0.017553
vn -0.000055 0.999938 0.011112
vn 0.000059 0.999994 0.003371
vn -0.000129 0.999915 0.013008
vn -0.000171 0.999862 0.016607
vn 0.000103 0.999923 0.012389
vn -0.000096 0.999995 0.003249
vn -0.000000 1.000000 0.000205
vn 0.000090 1.000000 0.000492
vn 0.000494 0.999983 0.005888
vn -0.000000 1.000000 -0.000000
vn -0.000182 0.999841 0.017834
vn -0.000532 0.999983 0.005792
vn -0.000103 1.000000 0.000452
vn 0.000000 1.000000 0.000000
vn 0.000000 1.000000 0.000000
vn 0.000000 1.000000 -0.000000
vn 0.000000 1.000000 -0.000000
vn 0.000000 1.000000 -0.000000
vn -0.002149 0.999794 0.020179
vn -0.000648 0.999915 0.013044
vn -0.002351 0.999993 0.002989
vn -0.001052 0.999999 0.000224
vn 0.000000 1.000000 0.000000
vn 0.000000 1.000000 0.000000
vn 0.000000 1.000000 -0.000000
vn -0.031085 0.998879 0.035705
vn -0.023290 0.999456 0.023358
vn -0.017384 0.999804 0.009505
vn -0.010741 0.999929 0.005118
vn -0.007216 0.999965 0.004130
vn -0.004948 0.999985 0.002208
vn -0.002162 0.999998 0.000250
vn -0.000000 1.000000 -0.000000
vn 0.000000 1.000000 -0.000000
vn 0.000000 1.000000 -0.000000
vn -0.327959 0.891508 0.312502
vn -0.307388 0.919343 0.245603
vn -0.251074 0.952444 0.172662
vn -0.207369 0.968764 0.135992
vn -0.153018 0.984052 0.090698
vn -0.104353 0.993313 0.049395
vn -0.058491 0.997988 0.024463
vn -0.033555 0.999294 0.016906
vn -0.027661 0.999482 0.016430
vn -0.031588 0.999285 0.020786
vn -0.028044 0.999427 0.018969
vn -0.020217 0.999694 0.014243
vn -0.423968 0.884758 0.193529
vn -0.352655 0.922183 0.158788
vn -0.572788 0.763421 0.298500
vn -0.274387 0.949436 0.152589
vn -0.255152 0.954719 0.152999
vn -0.237182 0.959428 0.152458
vn -0.193276 0.973073 0.125593
vn -0.164587 0.981196 0.100824
vn 0.255201 -0.000004 0.966888
vn 0.255199 -0.000003 0.966889
vn 0.255202 -0.000001 0.966888
vn 0.009538 0.999713 0.021986
vn 0.008526 0.999964 0.000160
vn 0.067599 0.991448 0.111630
vn 0.051398 0.980355 0.190426
vn 0.175765 0.688483 0.703631
vn 0.236181 0.002719 0.971705
vn 0.217227 0.007949 0.976089
vn 0.163567 0.688844 0.706215
vn 0.216497 0.011456 0.976216
vn 0.255201 -0.000007 0.966888
vn 0.255203 0.000012 0.966888
vn 0.255123 0.000098 0.966909
vn 0.300847 0.802519 0.515222
vn 0.524408 0.029172 0.850967
vn 0.726257 0.097088 0.680533
vn 0.238161 0.020515 0.971009
vn 0.554386 0.085295 0.827877
vn 0.535630 0.071895 0.841387
vn 0.241962 0.004162 0.970277
vn 0.235873 0.007230 0.971757
vn 0.551443 -0.038980 0.833301
vn 0.214051 -0.451083 0.866433
vn 0.192570 -0.435519 0.879341
vn 0.215076 -0.006777 0.976574
vn 0.073218 -0.950083 0.303284
vn 0.073819 -0.942639 0.325549
vn 0.216061 0.005117 0.976367
vn 0.255200 0.000004 0.966888
vn 0.243765 -0.354966 0.902540
vn 0.255196 0.000021 0.966889
vn 0.020348 -0.999766 0.007357
vn 0.019464 -0.999521 0.024071
vn 0.120539 -0.971607 0.203595
vn 0.140627 -0.980096 0.140128
vn 0.001624 -0.999892 -0.014624
vn 0.003409 -0.999954 -0.009023
vn 0.016564 -0.999855 0.003954
vn 0.000410 -0.999901 -0.014085
vn 0.135740 -0.985078 0.105811
vn 0.434449 -0.573686 0.694362
vn 0.553260 -0.627773 0.547544
vn 0.582546 -0.677377 0.449223
vn 0.718549 0.064008 0.692525
vn 0.797912 0.041303 0.601357
vn 0.727703 0.042106 0.684599
vn 0.731552 -0.030381 0.681108
vn 0.012313 -0.998847 0.046395
vn 0.001808 -0.999996 -0.002116
vn 0.226378 -0.258758 0.939041
vn 0.254946 0.000249 0.966955
vn 0.255161 0.000047 0.966899
vn 0.191113 -0.684844 0.703182
vn 0.307134 -0.550281 0.776440
vn 0.126098 -0.860454 0.493679
vn 0.045950 -0.983875 0.172852
vn 0.141459 -0.955332 0.259479
vn 0.351418 -0.872959 0.338301
vn 0.014348 -0.999816 0.012733
vn 0.095848 -0.995329 0.011559
vn 0.259478 -0.965719 -0.007641
vn 0.003968 -0.993756 -0.111507
vn 0.073462 -0.985384 -0.153693
vn 0.222714 -0.932912 -0.282972
vn -0.010072 -0.916919 -0.398946
vn 0.026880 -0.867536 -0.496647
vn 0.106593 -0.754934 -0.647080
vn -0.010030 -0.484393 -0.874793
vn -0.012353 -0.325478 -0.945469
vn -0.003854 -0.103695 -0.994602
vn 0.015174 -0.998146 0.058941
vn 0.002172 -0.999997 0.000844
vn -0.003898 -0.997208 -0.074569
vn -0.004847 -0.974459 -0.224512
vn -0.003074 -0.997891 -0.064845
vn -0.003602 -0.982622 -0.185584
vn 0.566198 -0.224007 0.793247
vn 0.254979 0.000565 0.966946
vn 0.426950 -0.255755 0.867354
vn 0.689038 -0.587247 0.424696
vn 0.738976 -0.660852 -0.131104
vn 0.486279 -0.553254 -0.676345
vn 0.000344 -0.999613 -0.027805
vn 0.000136 -0.999221 -0.039477
vn 0.001271 -0.999781 -0.020875
vn 0.000130 -0.992749 -0.120204
vn -0.001194 -0.044470 -0.999010
vn -0.002367 -0.774131 -0.633021
vn 0.000005 -0.000017 -1.000000
vn -0.000002 0.000000 -1.000000
vn 0.000112 -0.999878 -0.015611
vn 0.000157 -0.999883 -0.015284
vn -0.063550 -0.983248 0.170833
vn -0.133027 -0.841365 0.523841
vn -0.050176 -0.966955 0.249960
vn -0.030500 -0.982889 0.181658
vn -0.028507 -0.992942 0.115122
vn -0.138822 -0.895787 0.422250
vn -0.290305 -0.165117 0.942581
vn -0.029052 -0.997077 0.070670
vn -0.083719 -0.940821 0.328402
vn -0.029060 -0.999161 0.028875
vn -0.207056 -0.924491 0.320068
vn -0.022222 -0.999698 0.010495
vn 0.000285 0.999850 -0.017315
vn 0.003597 0.998972 -0.045189
vn 0.000742 0.999882 -0.015319
vn -0.005219 0.999986 -0.001375
vn -0.007620 0.999968 -0.002398
vn -0.005778 0.999968 0.005630
vn -0.001930 0.999719 -0.023630
vn -0.001786 0.999982 0.005711
vn -0.004918 0.997874 -0.064992
vn -0.025780 0.993771 0.108421
vn -0.049252 0.992301 0.113639
vn -0.021372 0.993811 0.109006
vn -0.006665 0.978166 -0.207719
vn -0.002737 0.962211 -0.272292
vn 0.001967 0.994994 -0.099916
vn 0.001170 0.999430 -0.033752
vn -0.013642 0.999744 0.018037
vn -0.043229 0.990771 0.128468
vn 0.010342 0.989103 -0.146859
vn 0.000491 0.999225 -0.039372
vn 0.018252 0.919621 -0.392382
vn -0.016334 0.998324 0.055522
vn -0.047497 0.984450 0.169124
vn -0.095624 0.918330 0.384091
vn -0.077541 0.924912 0.372189
vn -0.128054 0.882551 0.452445
vn 0.001721 0.537766 -0.843092
vn 0.025050 0.296232 -0.954787
vn 0.015844 0.758713 -0.651232
vn 0.002093 0.972564 -0.232625
vn -0.012741 0.998019 -0.061616
vn -0.031548 0.996663 0.075281
vn -0.065577 0.956086 0.285657
vn -0.140098 0.835985 0.530567
vn -0.001251 0.538075 -0.842896
vn -0.063530 0.871068 -0.487036
vn 0.000019 -0.000044 -1.000000
vn -0.113020 0.990558 -0.077592
vn -0.162148 0.975704 0.147342
vn -0.166786 0.843484 0.510606
vn -0.201615 0.494806 0.845292
vn -0.246623 0.165661 0.954848
vn -0.262434 0.174909 0.948965
vn -0.234494 0.276376 0.932003
vn 0.000002 -0.000001 -1.000000
vn 0.000017 -0.000011 -1.000000
vn 0.000022 -0.000094 -1.000000
vn -0.000002 0.000000 -1.000000
vn -0.069616 0.146598 -0.986744
vn -0.343431 0.741890 -0.575895
vn -0.361656 0.929406 -0.073542
vn -0.404780 0.873736 0.269700
vn 0.000046 0.000060 -1.000000
vn 0.000120 0.000128 -1.000000
vn -0.131581 -0.250154 -0.959223
vn -0.144293 0.070922 -0.986990
vn 0.000002 -0.000007 -1.000000
vn -0.509553 -0.394425 -0.764712
vn -0.674849 0.222502 -0.703613
vn -0.955229 0.295838 -0.004256
vn -0.000020 -0.999902 -0.013971
vn -0.000102 -0.999980 -0.006284
vn -0.000307 -0.999908 0.013591
vn 0.000056 -0.999906 0.013694
vn 0.000084 -0.999976 -0.006964
vn -0.000406 -0.999994 -0.003484
vn -0.000318 -1.000000 -0.000009
vn -0.001186 -0.999925 -0.012161
vn 0.108259 -0.254288 -0.961050
vn -0.000227 0.000803 -1.000000
vn -0.000201 0.999949 -0.010129
vn -0.000217 0.999958 -0.009139
vn -0.000139 0.999989 -0.004765
vn -0.000410 0.999994 -0.003421
vn -0.000117 1.000000 -0.000912
vn -0.000119 0.999918 -0.012779
vn 0.000033 0.999888 -0.014940
vn 0.000007 -0.000061 -1.000000
vn 0.016967 -0.999695 0.017932
vn -0.255206 -0.000008 0.966887
vn -0.255199 -0.000026 0.966889
vn -0.250492 -0.001646 0.968117
vn -0.250087 0.001644 0.968222
vn -0.222419 -0.001838 0.974949
vn -0.206413 0.382654 0.900539
vn -0.221452 0.005951 0.975153
vn -0.196991 -0.000305 0.980405
vn -0.183623 0.415071 0.891066
vn -0.196086 0.003822 0.980579
vn -0.220542 -0.003144 0.975373
vn -0.195697 -0.001535 0.980663
vn -0.194473 0.000073 0.980908
vn -0.193477 0.005011 0.981092
vn -0.192520 -0.000002 0.981293
vn -0.288388 0.002064 0.957511
vn -0.286189 0.000757 0.958173
vn -0.277844 0.011616 0.960556
vn -0.548087 -0.028344 0.835941
vn -0.547602 0.019696 0.836507
vn -0.572474 0.000521 0.819923
vn -0.289992 0.023142 0.956749
vn -0.549209 0.073064 0.832485
vn -0.065119 0.993450 0.093897
vn -0.000247 -0.999898 0.014313
vn -0.000208 -0.999894 -0.014550
vn -0.000135 -0.999882 -0.015340
vn 0.000296 -0.999991 -0.004370
vn 0.000767 -0.999999 0.000901
vn -0.001672 -0.999936 -0.011183
vn -0.001124 -0.999968 0.007887
vn 0.001315 -0.999846 0.017488
vn -0.000794 -0.999804 0.019783
vn 0.000830 -0.999883 0.015299
vn 0.000491 -0.999914 0.013111
vn -0.720837 0.025073 0.692651
vn -0.528422 -0.202102 0.824576
vn -0.661997 -0.336987 0.669478
vn -0.217361 -0.950463 0.222203
vn 0.121323 -0.071558 -0.990030
vn 0.120594 -0.064854 -0.990581
vn 0.480617 -0.016364 -0.876778
vn 0.018797 0.635024 -0.772264
vn 0.345911 0.660788 -0.666112
vn 0.457369 0.539362 -0.707037
vn 0.038593 0.963636 -0.264416
vn 0.113656 0.963085 -0.244029
vn 0.172642 0.942176 -0.287226
vn 0.202803 0.912710 -0.354728
vn 0.017877 0.995791 -0.089896
vn 0.033480 0.996553 -0.075899
vn 0.045111 0.995877 -0.078699
vn 0.054203 0.992771 -0.107093
vn 0.024455 0.992949 -0.115990
vn 0.002486 0.999956 -0.009085
vn 0.007939 0.999891 -0.012463
vn 0.007936 0.999810 -0.017808
vn 0.008400 0.999703 -0.022864
vn 0.002891 0.999702 -0.024244
vn -0.000533 0.999836 -0.018128
vn -0.000142 0.999974 -0.007247
vn 0.000118 0.999937 -0.011245
vn 0.000098 0.999899 -0.014193
vn 0.000057 0.999879 -0.015552
vn 0.000000 0.999874 -0.015874
vn -0.694739 -0.480199 0.535486
vn -0.203695 -0.967303 0.151105
vn -0.018223 -0.999827 0.003810
vn -0.016163 -0.999554 0.025104
vn 0.000128 0.999883 -0.015318
vn 0.000473 0.999917 -0.012872
vn 0.000103 0.999974 -0.007260
vn 0.000417 0.999998 0.001927
vn -0.000636 0.999930 0.011844
vn -0.000244 0.999865 0.016432
vn 0.000556 0.999998 0.001661
vn -0.698996 0.248238 0.670658
vn -0.520528 0.282177 0.805870
vn -0.739049 0.337917 0.582768
vn -0.074805 0.922922 0.377649
vn -0.141556 0.896426 0.419979
vn -0.268386 0.870542 0.412462
vn -0.175946 0.390417 0.903669
vn -0.258645 0.359022 0.896776
vn -0.738421 0.473022 0.480609
vn -0.675516 0.626499 0.388815
vn 0.044178 0.996119 0.076122
vn 0.033281 0.995428 0.089533
vn -0.031079 0.990124 -0.136707
vn -0.045815 0.991888 -0.118573
vn 0.009357 0.996650 0.081243
vn -0.033467 0.993305 -0.110569
vn 0.000942 0.996054 0.088746
vn 0.001510 0.995095 0.098918
vn -0.023948 0.988594 -0.148691
vn 0.022459 0.993911 -0.107876
vn -0.001682 0.997006 0.077307
vn -0.049389 0.989637 -0.134830
vn -0.048541 0.997167 0.057465
vn -0.036957 0.995718 0.084730
vn -0.064106 0.995789 0.065539
vn -0.191921 0.979065 -0.067816
vn -0.009986 0.994874 0.100631
vn -0.023849 0.994671 0.100305
vn -0.018337 0.997894 0.062218
vn -0.089274 0.991044 -0.099309
vn 0.000845 0.997906 0.064669
vn -0.000684 0.988120 -0.153683
vn -0.000903 0.995981 0.089563
vn -0.022678 0.993947 -0.107492
vn 0.037710 0.995554 -0.086319
vn 0.005136 0.995770 0.091737
vn 0.017100 0.997514 0.068360
vn 0.125107 0.987011 -0.100786
vn 0.064892 0.995084 0.074810
vn 0.040974 0.995243 0.088389
vn 0.017588 0.993841 0.109411
vn 0.007831 0.994448 0.104933
vn -0.022103 0.996704 0.078063
vn 0.048471 0.991366 -0.121838
vn 0.033946 0.992833 -0.114591
vn -0.012669 0.997484 0.069752
vn -0.000855 0.997909 0.064630
vn 0.000598 0.988124 -0.153659
vn -0.199627 0.978445 0.052871
vn 0.024181 0.996175 0.083969
vn -0.071461 0.993036 -0.093667
vn -0.238732 0.962541 -0.128539
vn 0.036581 0.988825 0.144524
vn 0.137974 0.985365 -0.100096
vn -0.217608 0.966634 0.135150
vn -0.541924 0.834294 -0.101349
vn -0.164502 0.958264 0.233813
vn -0.217141 0.971804 -0.091905
vn -0.336672 0.833292 -0.438494
vn -0.521296 0.798261 -0.301713
vn 0.130943 0.781057 -0.610576
vn 0.141688 0.959555 0.243267
vn 0.174931 0.970818 0.164051
vn 0.150711 0.389529 -0.908600
vn 0.565067 0.813478 -0.137669
vn 0.409826 0.677193 -0.611108
vn -0.796613 0.056717 -0.601823
vn -0.793696 0.103828 -0.599388
vn -0.870172 0.276847 -0.407624
vn -0.896047 0.188729 -0.401848
vn -0.743701 0.404889 -0.531952
vn -0.856756 0.307517 -0.414007
vn -0.791987 0.500434 -0.349746
vn -0.502327 0.173594 -0.847073
vn -0.753104 0.235365 -0.614359
vn -0.651749 0.628840 -0.424009
vn -0.703111 0.667569 -0.244921
vn -0.616328 0.686632 -0.385586
vn -0.709243 0.657675 -0.253846
vn -0.649639 0.677545 -0.344822
vn -0.571532 0.386309 -0.723958
vn -0.551341 0.833203 0.042381
vn 0.340703 0.785912 0.516008
vn -0.609407 0.787138 0.095063
vn 0.395919 0.650424 0.648225
vn 0.374078 0.697122 0.611626
vn 0.283257 0.842070 0.459003
vn 0.199814 0.836641 0.510006
vn 0.264599 0.693685 0.669917
vn 0.094793 0.695905 0.711850
vn 0.075267 0.868531 0.489887
vn -0.006111 0.885286 0.465007
vn 0.011573 0.871523 0.490218
vn 0.000488 0.693902 0.720069
vn -0.000000 0.693900 0.720072
vn 0.000000 0.693899 0.720072
vn 0.013592 0.899128 0.437475
vn 0.009531 0.916035 0.400986
vn -0.000000 0.693900 0.720071
vn -0.000003 0.693899 0.720072
vn 0.006630 0.923639 0.383206
vn 0.001745 0.927144 0.374702
vn -0.000001 0.693899 0.720072
vn 0.000000 0.693900 0.720071
vn 0.000000 0.927523 0.373765
vn 0.000000 0.927523 0.373766
vn -0.001914 0.927166 0.374645
vn -0.000000 0.693899 0.720072
vn 0.000001 0.693900 0.720071
vn 0.000001 0.693900 0.720071
vn -0.011522 0.905278 0.424663
vn -0.751615 0.528846 -0.394205
vn -0.658366 0.668621 -0.345689
vn -0.337484 0.754772 -0.562516
vn -0.379680 0.694317 -0.611365
vn -0.218673 0.748522 -0.626017
vn -0.237163 0.695342 -0.678420
vn -0.140837 0.735452 -0.662779
vn -0.149136 0.693814 -0.704543
vn -0.209634 0.738977 -0.640287
vn -0.226121 0.685391 -0.692177
vn 0.172545 0.696848 -0.696155
vn 0.153839 0.763149 -0.627644
vn -0.115598 0.755151 -0.645278
vn -0.124962 0.704443 -0.698673
vn -0.254047 0.738151 -0.624975
vn -0.270191 0.693092 -0.668297
vn -0.379032 0.756424 -0.533065
vn -0.416159 0.692259 -0.589567
vn -0.560896 0.764961 -0.316593
vn -0.649874 0.735083 -0.193175
vn -0.625006 0.596808 -0.503178
vn 0.006373 0.693824 0.720117
vn 0.005103 0.890735 0.454494
vn -0.000183 0.758526 -0.651643
vn 0.003068 0.703881 -0.710311
vn 0.280029 0.918692 0.278546
vn -0.273068 0.801539 0.531948
vn 0.310258 0.878924 0.362259
vn -0.339509 0.644901 0.684717
vn -0.110717 0.870041 0.480385
vn -0.151899 0.698375 0.699427
vn -0.000488 0.693904 0.720067
vn 0.006111 0.885285 0.465009
vn -0.010858 0.889464 0.456876
vn 0.000000 0.693899 0.720072
vn 0.594692 0.692186 -0.408924
vn 0.672877 0.575986 -0.464195
vn 0.237177 0.694830 -0.678940
vn 0.214789 0.739589 -0.637867
vn 0.202683 0.736762 -0.645059
vn 0.216701 0.686116 -0.694468
vn -0.154942 0.763063 -0.627477
vn 0.229681 0.772537 -0.591974
vn -0.172061 0.697447 -0.695674
vn 0.275066 0.673401 -0.686199
vn 0.421433 0.776326 -0.468735
vn 0.465947 0.674601 -0.572545
vn 0.629420 0.750940 -0.199799
vn 0.698662 0.661030 -0.273700
vn 0.521167 0.632065 -0.573480
vn 0.358769 0.348921 -0.865759
vn -0.005104 0.890734 0.454497
vn -0.006373 0.693827 0.720114
vn -0.003039 0.704947 -0.709253
vn 0.000111 0.757664 -0.652645
vn 0.505863 -0.009612 0.862560
vn 0.523648 -0.010579 0.851869
vn 0.523657 0.003057 0.851924
vn 0.505094 0.003753 0.863056
vn -0.987839 -0.013546 0.154889
vn -0.987746 0.005610 0.155969
vn 0.369964 -0.010342 0.928989
vn 0.130919 -0.010556 0.991337
vn 0.129163 0.003148 0.991618
vn 0.369407 0.001696 0.929266
vn 0.000001 -0.010638 0.999943
vn 0.000000 -0.010638 0.999943
vn 0.000001 0.004401 0.999990
vn 0.000002 0.004401 0.999990
vn 0.000682 -0.010638 0.999943
vn 0.000682 0.004401 0.999990
vn 0.000000 -0.010638 0.999943
vn 0.000001 -0.010638 0.999943
vn 0.000001 0.004401 0.999990
vn 0.000000 0.004401 0.999990
vn -0.000001 -0.010638 0.999943
vn -0.000002 0.004401 0.999990
vn -0.898722 0.002848 -0.438510
vn -0.528746 0.004412 -0.848769
vn -0.528663 -0.010652 -0.848765
vn -0.898077 -0.006867 -0.439784
vn -0.330664 0.004424 -0.943738
vn -0.330598 -0.010686 -0.943711
vn -0.207138 0.004403 -0.978302
vn -0.207119 -0.010638 -0.978258
vn -0.308622 0.004304 -0.951175
vn -0.308700 -0.010383 -0.951103
vn 0.238927 0.004408 -0.971028
vn -0.173924 0.005228 -0.984745
vn -0.173973 -0.010989 -0.984689
vn 0.238932 -0.010609 -0.970978
vn -0.375083 0.006612 -0.926968
vn -0.371823 -0.010782 -0.928241
vn 0.000000 -0.010638 0.999943
vn 0.000000 0.004401 0.999990
vn -0.540048 0.006351 -0.841611
vn -0.497128 0.004790 -0.867664
vn -0.823396 0.032465 -0.566537
vn -0.878115 -0.003767 -0.478434
vn -0.693891 -0.011867 -0.719982
vn 0.008853 -0.010632 0.999904
vn 0.008852 0.004348 0.999951
vn -0.001893 0.004532 -0.999988
vn -0.001677 -0.010933 -0.999939
vn 0.698830 -0.019534 0.715021
vn 0.700502 0.007413 0.713612
vn -0.437368 0.002276 0.899280
vn -0.437834 -0.009160 0.899009
vn -0.000681 -0.010638 0.999943
vn -0.000681 0.004401 0.999990
vn -0.000001 0.004401 0.999990
vn -0.000001 -0.010638 0.999943
vn 0.000000 -0.010638 0.999943
vn 0.000000 0.004401 0.999990
vn -0.000000 0.004401 0.999990
vn 0.000000 -0.010638 0.999943
vn -0.000000 0.004401 0.999990
vn 0.000000 -0.010638 0.999943
vn 0.839342 0.003215 -0.543595
vn 0.838548 -0.007767 -0.544772
vn 0.331266 -0.010680 -0.943477
vn 0.331375 0.004421 -0.943489
vn -0.238925 0.004408 -0.971028
vn -0.238932 -0.010609 -0.970978
vn 0.347983 -0.011242 -0.937433
vn 0.348709 0.013493 -0.937134
vn 0.609467 -0.014361 -0.792681
vn 0.627219 0.048868 -0.777309
vn -0.208639 0.002964 0.977988
vn -0.210911 -0.010599 0.977448
vn 0.296315 -0.010404 -0.955034
vn 0.296253 0.004314 -0.955100
vn -0.008853 -0.010632 0.999904
vn -0.008852 0.004348 0.999951
vn 0.001893 0.004532 -0.999988
vn 0.001678 -0.010932 -0.999939
vn 0.889819 -0.039690 -0.454584
vn 0.887417 0.163061 -0.431164
vn 0.707667 -0.043249 -0.705222
vn 0.562981 0.143086 -0.813989
vn -0.002766 0.012670 -0.999916
vn -0.015133 0.540791 -0.841021
vn 0.011786 0.609682 -0.792558
vn 0.015961 0.011538 -0.999806
vn -0.000160 -0.014799 -0.999891
vn -0.004293 -0.009805 -0.999943
vn -0.585488 -0.001345 -0.810680
vn -0.520700 0.064162 -0.851325
vn 0.725715 0.556914 -0.403962
vn 0.248534 0.087442 -0.964668
vn 0.209754 0.152729 -0.965752
vn -0.698553 0.703407 0.131307
vn 0.412006 0.583879 0.699525
vn -0.883406 0.446618 0.141871
vn 0.474150 0.349130 0.808263
vn 0.482454 0.385856 0.786355
vn 0.405350 0.632886 0.659657
vn -0.985290 0.070121 0.155843
vn 0.504454 0.054411 0.861723
vn 0.522038 0.059982 0.850811
vn 0.286335 0.629927 0.721945
vn 0.340713 0.382530 0.858828
vn 0.120135 0.385921 0.914676
vn 0.102121 0.633030 0.767362
vn 0.368009 0.057874 0.928020
vn 0.128766 0.060111 0.989851
vn 0.008167 0.382732 0.923823
vn 0.006872 0.628656 0.777653
vn 0.008842 0.060682 0.998118
vn 0.000528 0.628588 0.777738
vn 0.000000 0.628571 0.777752
vn 0.000627 0.382696 0.923874
vn -0.000001 0.382680 0.923881
vn 0.000000 0.382679 0.923881
vn -0.000000 0.628572 0.777752
vn 0.000679 0.060708 0.998155
vn 0.000000 0.060704 0.998156
vn 0.000000 0.060704 0.998156
vn -0.000000 0.628572 0.777751
vn -0.000000 0.382680 0.923881
vn -0.000000 0.382680 0.923881
vn -0.000001 0.628571 0.777752
vn 0.000000 0.060704 0.998156
vn 0.000000 0.060704 0.998156
vn 0.000000 0.628572 0.777752
vn 0.000000 0.382680 0.923881
vn 0.000000 0.382680 0.923881
vn 0.000000 0.628572 0.777751
vn 0.000000 0.060704 0.998156
vn 0.000000 0.060704 0.998156
vn 0.000000 0.628571 0.777752
vn -0.000000 0.628573 0.777751
vn 0.000000 0.382680 0.923881
vn -0.000000 0.382679 0.923882
vn -0.000000 0.382680 0.923881
vn 0.000000 0.628572 0.777751
vn 0.000000 0.060704 0.998156
vn 0.000000 0.060704 0.998156
vn 0.000000 0.060704 0.998156
vn -0.000000 0.382680 0.923881
vn -0.000000 0.628572 0.777752
vn -0.000001 0.060704 0.998156
vn -0.897663 0.037986 -0.439042
vn -0.867412 0.254328 -0.427684
vn -0.791816 0.458797 -0.403154
vn -0.527759 0.060147 -0.847262
vn -0.488719 0.381138 -0.784785
vn -0.305626 0.382174 -0.872087
vn -0.330076 0.060350 -0.942023
vn -0.411694 0.626600 -0.661725
vn -0.257849 0.627833 -0.734398
vn -0.206771 0.060430 -0.976521
vn -0.191494 0.381793 -0.904193
vn -0.286070 0.377035 -0.880914
vn -0.308123 0.059903 -0.949459
vn -0.161531 0.627486 -0.761688
vn -0.242453 0.621721 -0.744768
vn 0.186334 0.635017 -0.749689
vn 0.003762 0.630754 -0.775974
vn 0.220850 0.386409 -0.895496
vn -0.000552 0.384261 -0.923224
vn 0.238575 0.062021 -0.969141
vn -0.001610 0.060230 -0.998183
vn -0.173741 0.064106 -0.982703
vn -0.158889 0.389746 -0.907112
vn -0.344345 0.380154 -0.858435
vn -0.372470 0.063750 -0.925852
vn -0.135260 0.640755 -0.755736
vn -0.291433 0.628074 -0.721519
vn -0.539641 0.055955 -0.840034
vn -0.516607 0.384466 -0.765051
vn -0.444644 0.629321 -0.637375
vn 0.376982 0.813309 0.443185
vn 0.716292 0.503797 -0.482820
vn 0.561552 0.583762 0.586414
vn 0.802273 0.284893 -0.524590
vn 0.695135 0.100206 0.711861
vn 0.838028 0.042982 -0.543931
vn -0.411327 0.341908 0.844931
vn -0.436518 0.051773 0.898205
vn -0.358600 0.579202 0.732073
vn -0.207963 0.060725 0.976250
vn -0.193508 0.389209 0.900595
vn -0.164422 0.636715 0.753365
vn -0.000528 0.628594 0.777733
vn -0.006872 0.628665 0.777646
vn -0.000628 0.382694 0.923875
vn -0.008168 0.382731 0.923824
vn -0.000679 0.060708 0.998155
vn -0.008843 0.060683 0.998118
vn 0.306373 0.380435 -0.872585
vn 0.258400 0.625756 -0.735975
vn 0.330758 0.059878 -0.941814
vn 0.232699 0.622166 -0.747503
vn 0.274568 0.377389 -0.884415
vn 0.295776 0.059926 -0.953376
vn 0.000537 0.384250 -0.923229
vn -0.003745 0.631538 -0.775336
vn 0.001611 0.060223 -0.998184
vn -0.185316 0.635455 -0.749570
vn 0.292056 0.616391 -0.731276
vn -0.220855 0.386426 -0.895488
vn 0.323853 0.384333 -0.864527
vn -0.238577 0.062022 -0.969141
vn 0.346150 0.070179 -0.935551
vn 0.488757 0.620714 -0.613050
vn 0.558108 0.400921 -0.726483
vn 0.611672 0.111438 -0.783224
vn 0.657968 0.718092 -0.226763
vn 0.847709 0.247389 -0.469242
vn 0.840346 0.327701 -0.431777
vn -0.911117 0.089976 -0.402207
vn -0.918756 0.000000 -0.394826
vn 0.082864 -0.986491 0.141313
vn -0.071499 -0.979030 -0.190757
vn -0.047751 -0.975219 -0.216026
vn 0.060040 -0.985012 0.161699
vn -0.055079 -0.982629 -0.177217
vn 0.020412 -0.988352 0.150812
vn -0.001101 -0.986778 0.162072
vn 0.037627 -0.984525 -0.171157
vn -0.037746 -0.972731 -0.228843
vn 0.005297 -0.983502 0.180822
vn -0.079937 -0.974454 -0.209881
vn 0.002626 -0.989165 0.146782
vn -0.044465 -0.993587 0.103963
vn -0.269496 -0.955353 -0.121129
vn -0.064106 -0.995789 0.065539
vn -0.034472 -0.990746 0.131281
vn -0.023850 -0.994671 0.100305
vn -0.009418 -0.989179 0.146410
vn -0.129047 -0.978421 -0.161366
vn -0.014608 -0.992839 0.118565
vn 0.001560 -0.992069 0.125687
vn -0.001544 -0.969466 -0.245220
vn 0.001149 -0.986586 0.163238
vn 0.001478 -0.987167 0.159682
vn 0.058510 -0.987149 -0.148703
vn -0.038144 -0.984532 -0.171003
vn 0.013413 -0.992730 0.119611
vn 0.038214 -0.990134 0.134814
vn 0.064894 -0.995084 0.074811
vn 0.186351 -0.966772 -0.174999
vn 0.007381 -0.988532 0.150832
vn 0.017588 -0.993841 0.109411
vn -0.058338 -0.986924 0.150259
vn -0.027053 -0.990568 0.134328
vn 0.055388 -0.981403 -0.183796
vn 0.074382 -0.977398 -0.197892
vn -0.001568 -0.992078 0.125614
vn 0.001391 -0.969483 -0.245154
vn -0.330816 -0.941866 0.058739
vn -0.368228 -0.910200 -0.189589
vn -0.107338 -0.982469 -0.152424
vn 0.082194 -0.982887 0.164857
vn 0.099347 -0.975523 0.196176
vn 0.229193 -0.960309 -0.158986
vn -0.572021 -0.812487 -0.112500
vn -0.217610 -0.966634 0.135150
vn -0.531390 -0.827015 -0.183494
vn -0.359925 -0.894744 -0.264362
vn -0.215059 -0.975097 0.054174
vn -0.164501 -0.958265 0.233813
vn 0.141689 -0.959555 0.243267
vn 0.174932 -0.970817 0.164051
vn 0.161124 -0.985619 0.050930
vn 0.335957 -0.871804 -0.356497
vn 0.464274 -0.863226 -0.198218
vn 0.564174 -0.817209 -0.117802
vn -0.830054 -0.054332 -0.555030
vn -0.903550 -0.128689 -0.408702
vn -0.879553 -0.249308 -0.405256
vn -0.813999 -0.153056 -0.560339
vn -0.593868 -0.126285 -0.794590
vn -0.111920 -0.046632 -0.992623
vn -0.713778 -0.645004 -0.272931
vn -0.698286 -0.681649 -0.218520
vn -0.570685 -0.749208 -0.336164
vn 0.351014 -0.769168 0.534013
vn -0.505594 -0.860135 0.067400
vn 0.299379 -0.823163 0.482468
vn 0.208306 -0.817313 0.537222
vn 0.085243 -0.847990 0.523113
vn 0.018371 -0.853370 0.520982
vn -0.009929 -0.867406 0.497502
vn 0.021874 -0.881694 0.471315
vn 0.015484 -0.899744 0.436143
vn 0.010822 -0.908043 0.418738
vn 0.002857 -0.911919 0.410360
vn 0.000000 -0.912339 0.409435
vn 0.000000 -0.912339 0.409436
vn -0.003134 -0.911944 0.410303
vn -0.018604 -0.888213 0.459055
vn -0.345312 -0.742711 -0.573708
vn -0.226650 -0.737860 -0.635762
vn -0.662561 -0.664518 -0.345584
vn -0.144092 -0.725600 -0.672862
vn -0.213009 -0.726077 -0.653788
vn -0.120801 -0.742493 -0.658871
vn -0.259871 -0.726942 -0.635627
vn 0.159912 -0.746753 -0.645591
vn -0.382960 -0.740632 -0.552092
vn 0.006041 -0.872897 0.487867
vn 0.005441 -0.750297 -0.661078
vn 0.238740 -0.929251 0.281950
vn -0.286340 -0.780076 0.556320
vn -0.123269 -0.847687 0.515976
vn 0.009929 -0.867406 0.497503
vn -0.017386 -0.871678 0.489770
vn 0.595781 -0.688352 -0.413784
vn 0.220039 -0.730058 -0.646992
vn 0.206157 -0.724525 -0.657695
vn 0.247903 -0.746778 -0.617144
vn -0.159674 -0.747054 -0.645302
vn 0.426701 -0.754154 -0.499177
vn 0.698556 -0.673203 -0.242521
vn 0.694731 -0.646222 -0.315826
vn -0.006040 -0.872896 0.487869
vn -0.005628 -0.749482 -0.662001
vn -0.561334 -0.022195 -0.827291
vn 0.221347 -0.064208 -0.973079
vn 0.008786 -0.814594 -0.579966
vn -0.030075 -0.801348 -0.597442
vn 0.506215 -0.054869 0.860660
vn -0.986517 -0.057106 0.153372
vn 0.522296 -0.063158 0.850422
vn 0.368287 -0.062117 0.927635
vn 0.128726 -0.064245 0.989597
vn 0.008836 -0.062928 0.997979
vn 0.000000 -0.062860 0.998022
vn 0.000680 -0.062873 0.998021
vn 0.000000 -0.062860 0.998022
vn 0.000000 -0.062860 0.998022
vn 0.000000 -0.062860 0.998022
vn 0.000000 -0.062860 0.998022
vn 0.000000 -0.062860 0.998022
vn 0.000000 -0.062860 0.998022
vn 0.000000 -0.062860 0.998022
vn 0.000000 -0.062860 0.998022
vn 0.000000 -0.062860 0.998022
vn -0.896883 -0.036524 -0.440757
vn -0.527649 -0.060772 -0.847286
vn -0.329906 -0.061108 -0.942034
vn -0.206709 -0.061979 -0.976438
vn -0.308196 -0.063104 -0.949228
vn -0.001569 -0.058288 -0.998299
vn 0.238294 -0.067223 -0.968864
vn -0.173610 -0.067441 -0.982503
vn -0.373593 -0.070509 -0.924909
vn -0.528391 -0.083916 -0.844844
vn 0.837116 -0.041454 -0.545452
vn 0.695002 -0.082188 0.714295
vn -0.437393 -0.054720 0.897604
vn -0.207867 -0.065596 0.975955
vn -0.008836 -0.062930 0.997979
vn -0.000680 -0.062874 0.998021
vn 0.330564 -0.059859 -0.941883
vn 0.295812 -0.062961 -0.953169
vn 0.001570 -0.058385 -0.998293
vn 0.349786 -0.072845 -0.933993
vn -0.238213 -0.067008 -0.968898
vn 0.629498 -0.105573 -0.769797
vn 0.863478 -0.194994 -0.465171
vn -0.029870 -0.948782 0.314517
vn -0.008741 -0.990529 0.137023
vn 0.010446 -0.947267 0.320276
vn 0.003619 -0.990498 0.137476
vn -0.003322 -0.988635 0.150300
vn 0.001664 -0.988464 0.151449
vn 0.000000 -0.912340 0.409435
vn 0.000000 -0.912339 0.409435
vn 0.000000 -0.062860 0.998022
vn 0.000000 -0.062860 0.998022
vn 0.000000 -0.010638 0.999943
vn 0.000000 -0.010638 0.999943
vn 0.000000 0.004401 0.999990
vn 0.000000 0.004401 0.999990
vn -0.000000 0.060704 0.998156
vn -0.000001 0.382679 0.923881
vn 0.000000 0.060704 0.998156
vn 0.000001 0.382679 0.923881
vn -0.000001 0.628571 0.777752
vn -0.000000 0.693900 0.720071
vn 0.000001 0.628571 0.777752
vn 0.000000 0.693900 0.720072
vn -0.000000 0.927523 0.373765
vn -0.003516 0.994332 0.106262
vn 0.000000 0.927523 0.373765
vn 0.001761 0.994220 0.107346
vn -0.008741 0.990529 0.137023
vn 0.003619 0.990498 0.137476
vn -0.029870 0.948782 0.314517
vn 0.010447 0.947267 0.320276
vn -0.000057 0.795362 0.606135
vn 0.009946 0.999943 0.004002
vn -0.000000 0.999992 0.003947
vn -0.009946 0.999943 0.004002
vn -0.003517 0.999994 -0.000701
vn -0.003288 0.999994 0.001169
vn -0.000000 1.000000 0.000621
vn 0.000000 1.000000 -0.000783
vn 0.003288 0.999994 0.001169
vn 0.003517 0.999994 -0.000700
vn 0.002668 0.999981 -0.005509
vn -0.000000 0.999989 -0.004623
vn -0.002672 0.999981 -0.005511
vn 0.004398 0.999989 0.001382
vn -0.000000 1.000000 0.000255
vn 0.000000 0.999999 0.001400
vn 0.004726 0.999987 0.002142
vn -0.004398 0.999989 0.001382
vn -0.004726 0.999987 0.002142
vn 0.029980 -0.839857 0.541979
vn 0.010269 -0.999917 0.007780
vn 0.012671 -0.999845 0.012229
vn 0.029980 -0.839857 0.541979
vn 0.000006 -0.999920 -0.012659
vn 0.001739 -0.999919 -0.012630
vn 0.001744 -0.999919 -0.012627
vn 0.001666 -0.999994 -0.003122
vn 0.000030 -0.999995 -0.003203
vn 0.000098 -1.000000 0.000486
vn 0.002398 -0.999997 0.000358
vn 0.004471 -0.999987 0.002651
vn 0.002455 -0.999994 0.002522
vn 0.001833 -0.999998 0.000806
vn 0.000052 -1.000000 0.000724
vn 0.005875 0.999924 -0.010831
vn 0.622419 0.611614 -0.488388
vn -0.564400 0.806415 -0.176486
vn -0.564400 0.806415 -0.176486
vn -0.480661 -0.846847 -0.227629
vn -0.480661 -0.846847 -0.227629
vn -0.479052 -0.848266 -0.225732
vn -0.870261 -0.463413 0.167015
vn -0.585162 0.644830 -0.491710
vn -0.002357 0.999945 -0.010208
vn 0.593251 0.789642 -0.156583
vn 0.593251 0.789642 -0.156583
vn 0.465169 -0.852118 -0.239818
vn 0.465169 -0.852118 -0.239818
vn 0.870670 -0.451138 0.195982
vn 0.463025 -0.853705 -0.238318
vn -0.861364 -0.475955 0.177533
vn -0.011940 -0.999924 0.003233
vn -0.008373 -0.999961 0.002759
vn -0.832231 -0.499276 0.241073
vn 0.128962 -0.859207 -0.495108
vn 0.065128 -0.972538 -0.223448
vn 0.239948 -0.954377 -0.177737
vn 0.608133 -0.631733 -0.480716
vn -0.004404 -0.999989 0.001618
vn -0.003359 -0.999994 0.000659
vn 0.255070 -0.687356 0.680059
vn 0.004987 -0.999983 0.002887
vn 0.010248 -0.999933 0.005454
vn 0.738724 -0.471765 0.481378
vn 0.583810 -0.306583 0.751779
vn 0.191298 -0.680204 0.707621
vn 0.739280 -0.452562 0.498651
vn 0.745463 0.437447 0.502916
vn -0.546167 0.690789 -0.473827
vn 0.004654 0.999988 0.001401
vn -0.584908 -0.642270 -0.495350
vn -0.720478 -0.276409 -0.636011
vn -0.720478 -0.276409 -0.636011
vn -0.616375 -0.593204 -0.517871
vn -0.008340 -0.999960 0.003079
vn -0.809561 -0.497781 0.311167
vn -0.849740 -0.469570 0.239680
vn -0.854724 0.458480 0.243401
vn -0.882394 0.435071 0.179150
vn -0.875678 -0.448680 0.178535
vn -0.806132 0.452989 0.380726
vn -0.798524 -0.469004 0.377353
vn -0.770494 -0.458652 0.442693
vn -0.778798 0.439609 0.447458
vn 0.787061 -0.467998 0.401887
vn 0.794556 0.451980 0.405456
vn 0.765046 0.435360 0.474518
vn 0.757783 -0.453073 0.469563
vn -0.244160 0.959367 0.141428
vn -0.580961 0.727875 0.364256
vn -0.004402 0.999989 0.001630
vn -0.003224 0.999995 0.000620
vn 0.014727 0.999530 0.026903
vn 0.154528 0.982992 0.099236
vn 0.654349 -0.554779 -0.513856
vn 0.629062 -0.602502 -0.491194
vn 0.627135 -0.608330 -0.486452
vn 0.588876 0.659408 -0.467339
vn 0.643951 0.577015 -0.502376
vn 0.661659 0.544462 -0.515528
vn -0.051215 -0.998177 0.031946
vn -0.013983 -0.999878 0.007020
vn 0.003865 -0.999992 0.001205
vn 0.093363 -0.995528 0.014393
vn -0.757613 -0.480338 0.441926
vn -0.739655 -0.486282 0.465231
vn -0.734682 -0.471993 0.487304
vn -0.723714 0.495123 0.480721
vn 0.190955 0.689330 0.698828
vn -0.595308 0.633813 -0.493850
vn -0.587155 0.639797 -0.495892
vn 0.126927 0.860403 -0.493555
vn 0.192438 0.841177 -0.505361
vn 0.196217 -0.839476 -0.506734
vn -0.564962 -0.665811 -0.487354
vn -0.588220 -0.644592 -0.488363
vn -0.825177 -0.472657 0.309319
vn -0.784328 -0.490343 0.379992
vn 0.777290 0.478222 0.408808
vn 0.749012 0.466288 0.470698
vn 0.876638 0.425879 0.223903
vn 0.860124 0.455923 0.228740
vn 0.897376 0.391964 0.202684
vn 0.871822 0.448134 0.197743
vn -0.897041 -0.406408 0.173636
vn -0.899525 0.400664 0.174134
vn -0.866801 0.465937 0.177647
vn -0.872023 0.459249 0.169310
vn 0.745102 -0.475084 0.468102
vn -0.047548 -0.998865 0.002747
vn -0.004775 -0.999987 0.001700
vn 0.002562 -0.999996 0.001272
vn 0.002562 -0.999996 0.001272
vn 0.002562 -0.999996 0.001272
vn -0.004617 0.999988 0.001659
vn -0.004617 0.999988 0.001659
vn -0.004617 0.999988 0.001659
vn -0.004617 0.999988 0.001659
vn 0.001426 0.999999 0.000633
vn 0.001426 0.999999 0.000633
vn 0.001426 0.999999 0.000633
vn -0.789596 0.479736 0.382612
vn -0.831813 0.457887 0.313729
vn -0.814589 0.487104 0.314921
vn -0.838213 0.488607 0.242203
vn 0.772138 -0.488865 0.405973
vn 0.854926 -0.466126 0.227659
vn 0.869943 -0.440190 0.222333
vn 0.894791 -0.398459 0.201443
vn 0.697451 -0.689680 0.194689
vn -0.436328 -0.831468 -0.343917
vn -0.221533 -0.958642 -0.178687
vn 0.450880 -0.828390 -0.332381
vn -0.835136 -0.231193 0.499097
vn -0.017974 -0.384219 0.923067
vn -0.017974 -0.384219 0.923067
vn 0.303222 -0.472760 -0.827378
vn 0.030994 -0.497932 -0.866662
vn 0.610980 -0.694659 0.379674
vn -0.647861 -0.693640 0.314864
vn 0.638047 -0.692603 0.336447
vn -0.815285 -0.432078 -0.385511
vn -0.815285 -0.432078 -0.385511
vn -0.815285 -0.432078 -0.385511
vn -0.815285 -0.432078 -0.385511
vn 0.826602 -0.425433 -0.368424
vn 0.826602 -0.425433 -0.368424
vn 0.826602 -0.425433 -0.368424
vn 0.826602 -0.425433 -0.368424
vn 0.053039 0.997484 -0.047034
vn -0.156555 0.987123 -0.032849
vn -0.228462 0.972324 0.048896
vn -0.022397 0.999738 0.004806
vn -0.704755 0.694944 0.142735
vn -0.871915 0.459217 0.169955
vn -0.861567 0.475632 0.177417
vn -0.702185 0.695945 0.150321
vn -0.189482 0.907569 -0.374721
vn 0.615593 0.621962 -0.483951
vn -0.202059 0.901877 -0.381825
vn -0.202059 0.901877 -0.381825
vn 0.869682 0.465078 0.165395
vn 0.700379 0.700218 0.138436
vn 0.693619 0.700685 0.167131
vn 0.852339 0.484750 0.196306
vn 0.194035 0.980922 -0.011918
vn -0.050256 0.997448 -0.050713
vn 0.007093 0.999973 0.001712
vn 0.237724 0.969680 0.056639
vn -0.571176 0.659970 -0.488054
vn 0.254193 0.902937 -0.346541
vn 0.264437 0.896910 -0.354436
vn 0.264437 0.896910 -0.354436
vn -0.852959 -0.491436 0.175935
vn -0.082403 -0.996445 0.017559
vn -0.033658 -0.999385 0.009890
vn -0.828322 -0.522799 0.201404
vn -0.472315 -0.779349 -0.411745
vn 0.463335 -0.881446 0.091505
vn 0.471498 -0.874726 0.112001
vn 0.025976 -0.999643 0.006288
vn -0.737521 -0.490006 0.464711
vn -0.014413 -0.999855 0.009046
vn 0.014454 -0.999858 0.008702
vn 0.755251 -0.469086 0.457770
vn -0.731144 0.477749 0.487016
vn 0.293536 0.364562 0.883703
vn 0.758835 -0.427517 0.491324
vn 0.748787 0.453674 0.483217
vn 0.232003 -0.675931 0.699495
vn -0.736723 0.491725 0.464162
vn -0.512168 0.795393 0.324089
vn -0.467186 0.847299 0.252630
vn -0.769355 0.478468 0.423275
vn -0.003888 0.999990 0.002443
vn -0.002128 0.999997 0.001144
vn -0.022489 0.839890 -0.542290
vn 0.000915 0.999996 -0.002770
vn -0.002704 -0.996339 -0.085445
vn -0.571126 -0.662506 -0.484666
vn -0.571126 -0.662506 -0.484666
vn -0.715671 0.279661 -0.640004
vn 0.005226 0.784709 -0.619842
vn -0.609000 0.600038 -0.518723
vn -0.715671 0.279661 -0.640004
vn -0.813144 -0.516509 0.268357
vn -0.045286 -0.998820 0.017541
vn -0.802406 -0.511670 0.307146
vn -0.875769 -0.433254 0.212884
vn -0.888785 -0.421027 0.181100
vn -0.842954 0.482216 0.238529
vn -0.874826 0.450525 0.178064
vn 0.003623 0.999991 0.002190
vn -0.008044 -0.999958 0.004347
vn 0.495064 -0.773432 -0.395872
vn -0.783092 0.457836 0.420896
vn 0.756965 0.465424 0.458676
vn 0.653354 0.557210 -0.512489
vn 0.804137 0.454221 0.383468
vn 0.866815 0.459321 0.194053
vn 0.786807 0.473377 0.396043
vn -0.897042 0.406407 0.173635
vn 0.895310 0.412106 0.169083
vn 0.033092 -0.999321 0.016235
vn -0.013015 0.999908 0.003810
vn -0.012749 0.999907 0.004917
vn 0.009078 0.999949 0.004423
vn -0.823262 0.475915 0.309426
vn -0.809931 0.496885 0.311637
vn -0.833086 0.497693 0.241390
vn -0.475883 -0.874279 0.095766
vn 0.451896 -0.866315 0.212812
vn -0.763987 -0.489612 0.420244
vn -0.770426 -0.455230 0.446328
vn -0.795633 -0.429200 0.427499
vn -0.843052 0.225044 0.488486
vn 0.484644 0.824439 0.292269
vn 0.229495 0.967186 0.109010
vn 0.643718 0.696210 0.317677
vn 0.613496 -0.629075 -0.477375
vn 0.613496 -0.629075 -0.477375
vn 0.746370 0.255177 -0.614667
vn 0.746370 0.255177 -0.614667
vn -0.251353 0.965134 0.073061
vn -0.685464 0.699619 0.201674
vn -0.905610 -0.386133 0.175417
vn -0.878859 -0.445474 0.170763
vn -0.856355 -0.432227 0.282550
vn -0.838368 -0.446419 0.312807
vn -0.244833 0.965025 0.093726
vn -0.666669 0.699075 0.258547
vn 0.816842 -0.425878 0.389097
vn 0.796239 -0.452380 0.401690
vn 0.881127 -0.430002 0.196759
vn 0.864433 -0.461939 0.198415
vn 0.877008 -0.450773 0.166316
vn 0.904061 -0.391743 0.170914
vn -0.404015 0.533034 -0.743402
vn -0.404015 0.533034 -0.743402
vn -0.404015 0.533034 -0.743402
vn -0.404015 0.533034 -0.743402
vn 0.194001 -0.833689 -0.517036
vn 0.194001 -0.833689 -0.517036
vn 0.194001 -0.833689 -0.517036
vn 0.194001 -0.833689 -0.517036
vn -0.170524 -0.840290 -0.514622
vn -0.170524 -0.840289 -0.514622
vn -0.170524 -0.840289 -0.514622
vn -0.170524 -0.840289 -0.514622
vn 0.450198 0.526824 -0.720957
vn 0.450198 0.526824 -0.720957
vn 0.450198 0.526824 -0.720957
vn 0.450198 0.526824 -0.720957
vn -0.822610 -0.510260 0.250894
vn -0.855141 -0.455233 0.247984
vn 0.001628 -0.999998 0.001162
vn -0.642269 -0.709104 0.290967
vn -0.642145 -0.709107 0.291233
vn -0.695022 -0.695262 0.183181
vn -0.695038 -0.695296 0.182991
vn -0.597101 -0.681855 0.422544
vn -0.597237 -0.681792 0.422454
vn -0.641376 -0.659715 0.391680
vn -0.641376 -0.659715 0.391680
vn -0.848473 0.014525 0.529040
vn -0.446715 -0.383004 0.808550
vn -0.430308 -0.219755 0.875524
vn -0.501016 -0.051115 0.863927
vn -0.667519 0.695023 -0.267138
vn -0.700032 0.712401 0.049401
vn -0.661240 0.697528 -0.276074
vn -0.661240 0.697528 -0.276074
vn -0.963476 0.013102 0.267475
vn -0.951211 0.014385 -0.308207
vn -0.950891 0.014392 -0.309190
vn -0.963589 0.013102 0.267067
vn -0.690825 0.692823 0.206778
vn -0.688637 0.701640 0.182974
vn -0.688636 0.701594 0.183154
vn -0.648918 0.700101 0.297931
vn -0.648952 0.700113 0.297830
vn -0.620498 0.644944 0.446128
vn -0.646522 0.628593 0.432296
vn -0.695350 -0.688981 0.204433
vn -0.707528 -0.703971 0.061883
vn -0.683793 -0.681856 -0.259807
vn -0.677396 -0.684800 -0.268671
vn -0.677396 -0.684800 -0.268671
vn 0.963659 0.013107 0.266812
vn 0.950622 0.014287 -0.310023
vn 0.951085 0.014280 -0.308598
vn 0.963436 0.013106 0.267619
vn 0.688375 0.695518 0.205902
vn 0.701317 0.711357 0.046108
vn 0.687307 0.702980 0.182833
vn 0.687317 0.703019 0.182650
vn 0.675020 0.685643 -0.272475
vn 0.669366 0.687837 -0.280765
vn 0.669366 0.687837 -0.280765
vn -0.219283 0.431459 0.875076
vn -0.219283 0.431459 0.875076
vn -0.219283 0.431459 0.875076
vn -0.219283 0.431459 0.875076
vn 0.451135 -0.472153 -0.757330
vn 0.451135 -0.472153 -0.757330
vn 0.451136 -0.472153 -0.757330
vn 0.451135 -0.472153 -0.757330
vn -0.458929 -0.471461 -0.753066
vn -0.458929 -0.471461 -0.753066
vn -0.458929 -0.471461 -0.753066
vn -0.458929 -0.471461 -0.753066
vn 0.232175 0.435604 0.869681
vn 0.232175 0.435604 0.869681
vn 0.232175 0.435604 0.869681
vn 0.232175 0.435604 0.869681
vn 0.690610 0.598027 0.406719
vn 0.690610 0.598027 0.406719
vn 0.620502 0.644930 0.446142
vn 0.646529 0.628580 0.432304
vn -0.690607 0.598033 0.406717
vn -0.690607 0.598033 0.406717
vn 0.648953 0.700113 0.297831
vn 0.648918 0.700101 0.297934
vn -0.000332 0.011859 -0.999930
vn 0.004759 0.253835 -0.967236
vn 0.000203 0.253433 -0.967353
vn 0.000063 0.028493 -0.999594
vn -0.004264 0.253034 -0.967448
vn 0.000430 0.012260 -0.999925
vn 0.113443 -0.675014 -0.729031
vn 0.113443 -0.675014 -0.729031
vn 0.113443 -0.675014 -0.729031
vn 0.113443 -0.675014 -0.729031
vn -0.114214 -0.674523 -0.729366
vn -0.114214 -0.674523 -0.729366
vn -0.114214 -0.674523 -0.729366
vn -0.114214 -0.674523 -0.729366
vn -0.009702 0.999953 -0.000377
vn -0.010658 0.999938 0.003336
vn 0.009701 0.999953 -0.000373
vn 0.010658 0.999938 0.003336
vn 0.849094 0.018060 0.527934
vn 0.483744 0.012056 0.875127
vn 0.463685 0.011660 0.885924
vn 0.849228 0.018062 0.527718
vn -0.524196 0.011985 0.851513
vn -0.849251 0.018061 0.527681
vn -0.966915 0.015553 0.254624
vn -0.966999 0.015575 0.254303
vn 0.966939 0.015531 0.254534
vn 0.967024 0.015554 0.254211
vn -0.934335 0.014699 -0.356093
vn -0.934335 0.014699 -0.356093
vn 0.000748 -0.004106 -0.999991
vn 0.000043 -0.003996 -0.999992
vn -0.000662 -0.003886 -0.999992
vn -0.000662 -0.003886 -0.999992
vn 0.934234 0.014472 -0.356367
vn 0.934234 0.014472 -0.356367
vn 0.813921 0.017969 0.580697
vn 0.910913 0.018411 0.412187
vn 0.910779 0.018411 0.412485
vn 0.814143 0.017970 0.580386
vn 0.308463 0.008554 0.951198
vn 0.308463 0.008554 0.951198
vn -0.814185 0.017970 0.580328
vn -0.813993 0.017969 0.580597
vn -0.910799 0.018409 0.412439
vn -0.910933 0.018410 0.412144
vn 0.000748 -0.813912 0.580988
vn 0.000748 -0.813912 0.580988
vn -0.000174 -0.817020 0.576610
vn -0.000174 -0.817020 0.576609
vn -0.001082 -0.820056 0.572283
vn -0.001082 -0.820056 0.572283
vn -0.010172 0.999899 -0.009965
vn 0.010168 0.999899 -0.009962
vn 0.013631 0.999901 0.003508
vn 0.018291 0.999760 0.012048
vn -0.013631 0.999901 0.003508
vn -0.018293 0.999760 0.012049
vn -0.634407 0.693161 -0.342134
vn -0.634407 0.693161 -0.342134
vn -0.634407 0.693161 -0.342134
vn -0.634407 0.693161 -0.342134
vn 0.634369 0.693205 -0.342115
vn 0.634370 0.693205 -0.342115
vn 0.634370 0.693205 -0.342115
vn 0.634369 0.693205 -0.342115
vn -0.000202 0.829851 0.557985
vn -0.000202 0.829851 0.557985
vn -0.000202 0.829851 0.557985
vn -0.000202 0.829851 0.557985
vn 0.024932 0.824988 -0.564599
vn 0.024932 0.824988 -0.564599
vn 0.024932 0.824989 -0.564599
vn 0.024932 0.824988 -0.564599
vn -0.001828 -0.999998 0.000800
vn -0.001677 -0.999994 -0.003055
vn -0.001795 -0.999918 -0.012690
vn -0.002385 -0.999997 0.000325
vn -0.002385 -0.999997 0.001139
vn 0.006432 -0.999979 0.000180
vn -0.387751 0.006916 0.921738
vn -0.387751 0.006916 0.921738
s 1
g Sword1_Blade
usemtl initialShadingGroup
f 22/2574/1 56/2575/2 23/2576/3 24/2577/4
s 2
f 27/2593/5 28/2594/6 29/2595/7 58/2596/8
s 1
f 26/2580/9 23/2576/3 56/2575/2 57/2581/10
s 2
f 29/2595/7 28/2594/6 32/2597/11 31/2598/12
s 3
f 9/6020/13 3/6021/14 11/6022/15 10/6023/16
f 1/6028/17 8/6032/18 13/6033/19 12/6029/20
f 8/6032/18 2/6034/21 14/6035/22 13/6033/19
f 4/6026/23 9/6020/13 10/6023/16 15/6027/24
s off
f 10/2612/25 11/2613/26 17/2614/27 16/2615/28
f 12/2618/29 13/2619/30 19/2620/31 18/2621/32
f 13/2619/33 14/2622/34 20/2623/35 19/2620/36
f 15/2616/37 10/2612/38 16/2615/39 21/2617/40
s 5
f 5/2624/41 142/2625/42 37/2626/43 38/2627/44
s 6
f 41/6036/45 42/6037/46 16/6038/47 17/6039/48
f 18/6040/49 19/6041/50 42/6037/46 41/6036/45
s 7
f 38/2724/51 37/2725/52 7/2726/53 138/2727/54
s 5
f 37/2626/55 142/2625/42 109/2630/56 36/2631/57
s 7
f 7/2726/53 37/2725/58 36/2728/59 6/2729/60
s 6
f 42/6037/46 19/6041/50 20/6044/61 43/6042/62
f 16/6038/47 42/6037/46 43/6042/62 21/6043/63
s 3
f 3/6021/14 33/6024/64 39/6025/65 11/6022/15
f 33/6024/64 1/6028/17 12/6029/20 39/6025/65
f 2/6034/21 34/6030/66 40/6031/67 14/6035/22
f 34/6030/66 4/6026/23 15/6027/24 40/6031/67
s 10
f 11/1/68 39/2/69 41/3/70 17/4/71
f 39/2/69 12/5/72 18/6/73 41/3/70
s 11
f 14/7/74 40/8/75 43/9/76 20/10/77
f 40/8/75 15/11/78 21/12/79 43/9/76
s 7
f 33/13/80 80/16/81 1/19/82
s 5
f 3/25/83 94/26/84 93/22/85 33/13/86
f 34/2704/87 101/2703/88 100/2712/89 4/2713/90
f 109/2630/56 114/2638/91 113/2639/92 36/2631/93
s 7
f 36/2728/94 116/2733/95 119/2734/96 6/2729/60
f 38/2724/97 138/2727/54 141/2732/98
s 1
f 60/2583/99 61/2578/100 63/2579/101 62/2584/102
f 61/2578/100 60/2583/99 64/2585/103 65/2582/104
s 2
f 66/2602/105 67/2599/106 69/2600/107 68/2603/108
f 68/2603/108 69/2600/107 71/2601/109 70/2604/110
s 1
f 46/2589/111 25/2590/112 75/2587/113 47/2586/114
f 48/2591/115 49/2588/116 75/2587/113 25/2590/112 50/2592/117
s 2
f 51/2608/118 52/2606/119 76/2605/120 30/2609/121
f 53/2610/122 54/2611/123 30/2609/121 76/2605/120 55/2607/124
f 67/2599/106 58/2596/8 29/2595/7 69/2600/107
s 1
f 61/2578/100 56/2575/2 22/2574/1 63/2579/101
s 2
f 69/2600/107 29/2595/7 31/2598/12 71/2601/109
s 1
f 65/2582/104 57/2581/10 56/2575/2 61/2578/100
f 75/2587/113 49/2588/116 64/2585/103 60/2583/99
f 47/2586/114 75/2587/113 60/2583/99 62/2584/102
s 2
f 76/2605/120 52/2606/119 66/2602/105 68/2603/108
f 55/2607/124 76/2605/120 68/2603/108 70/2604/110
s 7
f 87/2799/125 86/2790/126 34/2789/127 2/2800/128
s 5
f 127/2632/129 129/2633/130 5/2624/41 38/2627/131
s 7
f 59/17/132 77/18/133 81/14/134 33/13/80
f 77/2786/133 150/2785/135 78/2795/136 81/2796/134
f 83/2802/137 82/2791/138 85/2801/139 84/2811/140
f 82/2791/138 148/2780/141 86/2790/126 85/2801/139
s 5
f 90/2685/142 89/2684/143 92/2695/144 91/2696/145
f 89/2684/143 149/2683/146 93/2694/85 92/2695/144
f 97/2692/147 96/2702/148 102/2711/149 101/2703/88
f 96/2702/148 147/2709/150 98/2718/151 102/2711/149
f 108/2668/152 107/2658/153 112/2647/154 111/2645/155
f 107/2658/153 106/2649/156 113/2639/92 112/2647/154
s 7
f 122/2762/157 121/2751/158 124/2761/159 123/2773/160
f 121/2751/158 120/2741/161 125/2750/162 124/2761/159
s 5
f 5/2624/41 126/2628/163 143/2629/164 142/2625/42
f 126/2628/163 130/2635/165 144/2636/166 143/2629/164
f 130/2635/165 128/2640/167 132/2650/168 131/2653/169
f 128/2640/167 127/2632/129 133/2642/170 132/2650/168
s 7
f 140/2737/171 139/2730/172 146/2731/173 145/2738/174
f 139/2730/172 138/2727/54 7/2726/53 146/2731/173
s 5
f 153/2671/175 152/2680/176 155/2691/177 154/2682/178
f 152/2680/176 151/2689/179 156/2700/180 155/2691/177
s 7
f 159/2782/181 158/2772/182 161/2781/183 160/2792/184
f 158/2772/182 157/2760/185 162/2771/186 161/2781/183
s 5
f 165/2664/187 164/2661/188 167/2673/189 166/2674/190
f 164/2661/188 163/2652/191 168/2663/192 167/2673/189
s 7
f 74/2758/193 170/2757/194 172/2768/195 171/2769/196
f 170/2757/194 169/2765/197 173/2776/198 172/2768/195
s 5
f 97/2692/147 101/2703/88 34/2704/87 35/2693/199
f 33/13/86 93/22/85 149/23/146 59/17/200
s 7
f 35/2779/201 34/2789/127 86/2790/126 148/2780/141
s 5
f 44/2659/202 45/2648/203 106/2649/156 103/2660/204
f 45/2648/203 36/2631/205 113/2639/92 106/2649/156
s 7
f 36/2728/206 45/2740/207 120/2741/161 116/2733/95
f 45/2740/207 44/2749/208 125/2750/162 120/2741/161
s 5
f 38/2627/209 134/2641/210 133/2642/170 127/2632/129
f 72/2681/211 73/2672/212 153/2671/175 154/2682/178
s 7
f 73/2759/213 72/2770/214 162/2771/186 157/2760/185
s 5
f 74/2651/215 171/2662/216 168/2663/192 163/2652/191
f 153/2671/175 73/2672/212 44/2659/202 103/2660/204
f 134/2641/210 74/2651/215 163/2652/191 133/2642/170
s 7
f 44/2749/208 73/2759/213 157/2760/185 125/2750/162
s 5
f 149/23/146 168/24/192 171/20/216 59/17/200
f 154/2682/178 97/2692/147 35/2693/199 72/2681/211
s 7
f 72/2770/214 35/2779/201 148/2780/141 162/2771/186
s 5
f 105/2678/217 104/2670/218 107/2658/153 108/2668/152
f 104/2670/218 103/2660/204 106/2649/156 107/2658/153
s 7
f 118/2744/219 117/2742/220 121/2751/158 122/2762/157
f 117/2742/220 116/2733/95 120/2741/161 121/2751/158
f 136/2753/221 135/2747/222 137/2739/223 140/2737/171
f 135/2747/222 134/2748/224 38/2724/225 137/2739/223
s 5
f 111/2645/155 110/2637/226 143/2629/164 144/2636/166
f 110/2637/226 109/2630/56 142/2625/42 143/2629/164
s 7
f 6/2729/60 115/2735/227 146/2731/173 7/2726/53
f 115/2735/227 118/2744/219 145/2738/174 146/2731/173
s 5
f 103/2660/204 104/2670/218 152/2680/176 153/2671/175
f 104/2670/218 105/2678/217 151/2689/179 152/2680/176
f 147/2709/150 96/2702/148 155/2691/177 156/2700/180
f 96/2702/148 97/2692/147 154/2682/178 155/2691/177
s 7
f 123/2773/160 124/2761/159 158/2772/182 159/2782/181
f 124/2761/159 125/2750/162 157/2760/185 158/2772/182
f 148/2780/141 82/2791/138 161/2781/183 162/2771/186
f 82/2791/138 83/2802/137 160/2792/184 161/2781/183
s 5
f 131/2653/169 132/2650/168 164/2661/188 165/2664/187
f 132/2650/168 133/2642/170 163/2652/191 164/2661/188
f 149/2683/146 89/2684/143 167/2673/189 168/2663/192
f 89/2684/143 90/2685/142 166/2674/190 167/2673/189
s 7
f 134/2748/224 135/2747/222 170/2757/194 74/2758/193
f 135/2747/222 136/2753/221 169/2765/197 170/2757/194
f 150/2785/135 77/2786/133 172/2768/195 173/2776/198
f 77/18/133 59/17/132 171/20/196 172/21/195
f 33/13/80 81/14/134 174/15/228 80/16/81
f 80/2814/229 174/2817/230 79/2807/231
s off
f 79/6045/232 174/6046/233 81/6047/234 78/6048/235
f 84/6049/236 85/6050/237 175/6051/238 88/6052/239
s 7
f 88/2810/240 175/2808/241 87/2799/242
f 87/2799/125 175/2808/243 85/2801/139 86/2790/126
s off
f 91/6053/244 92/6054/245 176/6055/246 95/6056/247
s 5
f 95/2705/248 176/2722/249 94/2716/250
f 94/26/84 176/27/251 92/28/144 93/22/85
f 101/2703/88 102/2711/149 177/2720/252 100/2712/89
f 100/2712/253 177/2720/254 99/2721/255
s off
f 99/6057/256 177/6058/257 102/6059/258 98/6060/259
s 5
f 114/2638/91 109/2630/56 110/2637/226 178/2646/260
f 110/2637/226 111/2645/155 112/2647/154 178/2646/260
f 112/2647/154 113/2639/92 114/2638/91 178/2646/260
s 7
f 117/2742/220 118/2744/219 115/2735/227 179/2743/261
f 115/2735/227 6/2729/60 119/2734/96 179/2743/261
f 119/2734/96 116/2733/95 117/2742/220 179/2743/261
s 5
f 128/2640/167 130/2635/165 126/2628/163 180/2634/262
f 126/2628/163 5/2624/41 129/2633/130 180/2634/262
f 129/2633/130 127/2632/129 128/2640/167 180/2634/262
s 7
f 141/2732/98 138/2727/54 139/2730/172 181/2736/263
f 139/2730/172 140/2737/171 137/2739/223 181/2736/263
f 137/2739/223 38/2724/264 141/2732/98 181/2736/263
s 35
f 182/6061/265 183/6062/266 187/6063/267 186/6064/268
f 183/6062/266 182/6061/265 184/6065/269 185/6066/270
s 7
f 185/2812/271 184/2816/272 189/2813/273 223/2803/274
f 186/2805/275 187/2798/276 188/2788/277 224/2797/278
s 37
f 190/6076/279 191/6077/280 193/6078/281 192/6079/282
s 5
f 191/2697/283 190/2707/284 220/2698/285 221/2686/286
s 37
f 192/6079/282 193/6078/281 195/6080/287 194/6081/288
s 5
f 194/2723/289 195/2719/290 196/2710/291 222/2717/292
s 7
f 197/2746/293 200/2754/294 198/2766/295 199/2756/296
f 199/2756/296 198/2766/295 235/2777/297 236/2767/298
f 200/2754/294 197/2746/293 217/2745/299 216/2755/300
f 201/2775/301 202/2763/302 206/2774/303 205/2784/304
f 202/2763/302 201/2775/301 204/2764/305 203/2752/306
f 203/2752/306 204/2764/305 216/2755/307 217/2745/299
f 205/2784/304 206/2774/303 232/2783/308 231/2794/309
s 5
f 207/2655/310 208/2643/311 210/2654/312 209/2666/313
f 208/2643/311 207/2655/310 218/2656/314 219/2644/315
f 209/2666/313 210/2654/312 225/2665/316 282/2676/317
f 211/2677/318 212/2669/319 215/2657/320 214/2667/321
f 212/2669/319 211/2677/318 264/2688/322 213/2679/323
f 213/2679/323 264/2688/322 228/2699/324 229/2690/325
f 214/2667/321 215/2657/320 219/2644/315 218/2656/326
f 221/2686/286 220/2698/285 226/2687/327 227/2675/328
f 222/2717/292 196/2710/291 230/2701/329 286/2708/330
s 7
f 223/2803/274 189/2813/273 233/2804/331 234/2793/332
f 224/2797/278 188/2788/277 238/2778/333 237/2787/334
s 5
f 282/2676/317 225/2665/316 227/2675/328 226/2687/327
f 229/2690/325 228/2699/324 286/2708/330 230/2701/329
s 7
f 231/2794/309 232/2783/308 234/2793/332 233/2804/331
f 236/2767/298 235/2777/297 237/2787/334 238/2778/333
s 5
f 3/2714/335 9/2715/336 193/2706/337 95/2705/248 94/2716/250
s 7
f 8/2809/338 183/2806/339 88/2810/240 87/2799/242 2/2800/340
f 183/2806/339 79/2807/231 78/2795/136 187/2798/276
s 5
f 193/2706/337 99/2721/255 98/2718/151 195/2719/290
s 7
f 80/2814/229 79/2807/231 183/2806/339 8/2809/338 1/2815/341
f 84/2811/140 88/2810/240 183/2806/339 185/2812/271
s 5
f 91/2696/145 95/2705/248 193/2706/337 191/2697/283
f 100/2712/253 99/2721/255 193/2706/337 9/2715/336 4/2713/342
s 7
f 78/2795/136 150/2785/135 188/2788/277 187/2798/276
f 83/2802/137 84/2811/140 185/2812/271 223/2803/274
s 5
f 90/2685/142 91/2696/145 191/2697/283 221/2686/286
f 98/2718/151 147/2709/150 196/2710/291 195/2719/290
s 7
f 140/2737/171 145/2738/174 217/2745/299 197/2746/293
f 145/2738/174 118/2744/219 203/2752/306 217/2745/299
s 5
f 144/2636/166 130/2635/165 208/2643/311 219/2644/315
f 111/2645/155 144/2636/166 219/2644/315 215/2657/320
s 7
f 136/2753/221 140/2737/171 197/2746/293 199/2756/296
f 118/2744/219 122/2762/157 202/2763/302 203/2752/306
f 122/2762/157 123/2773/160 206/2774/303 202/2763/302
s 5
f 130/2635/165 131/2653/169 210/2654/312 208/2643/311
f 105/2678/217 108/2668/152 212/2669/319 213/2679/323
f 108/2668/152 111/2645/155 215/2657/320 212/2669/319
f 165/2664/187 166/2674/190 227/2675/328 225/2665/316
f 156/2700/180 151/2689/179 229/2690/325 230/2701/329
s 7
f 159/2782/181 160/2792/184 234/2793/332 232/2783/308
f 173/2776/198 169/2765/197 236/2767/298 238/2778/333
f 169/2765/197 136/2753/221 199/2756/296 236/2767/298
f 123/2773/160 159/2782/181 232/2783/308 206/2774/303
s 5
f 131/2653/169 165/2664/187 225/2665/316 210/2654/312
f 151/2689/179 105/2678/217 213/2679/323 229/2690/325
s 7
f 150/2785/135 173/2776/198 238/2778/333 188/2788/277
f 160/2792/184 83/2802/137 223/2803/274 234/2793/332
s 5
f 166/2674/190 90/2685/142 221/2686/286 227/2675/328
f 147/2709/150 156/2700/180 230/2701/329 196/2710/291
s 35
f 239/6070/343 240/6067/344 244/6068/345 243/6071/346
f 240/6067/344 239/6070/343 241/6072/347 242/6069/348
s 7
f 242/29/349 241/30/350 246/31/351 271/32/352
f 243/61/353 244/62/354 245/63/355 270/64/356
s 37
f 247/6082/357 190/6076/279 192/6079/282 249/6083/358
s 5
f 190/93/284 247/90/359 248/89/360 220/94/285
s 37
f 249/6083/358 192/6079/282 194/6081/288 250/6084/361
s 5
f 250/110/362 194/114/289 222/115/292 272/111/363
s 7
f 251/77/364 252/76/365 253/80/366 254/81/367
f 252/76/365 251/77/364 273/73/368 274/72/369
f 254/81/367 253/80/366 268/84/370 267/85/371
f 255/52/372 256/53/373 258/49/374 257/48/375
f 256/53/373 255/52/372 267/56/376 268/57/377
f 257/48/375 258/49/374 260/45/378 259/44/379
f 259/44/379 260/45/378 278/41/380 277/40/381
s 5
f 207/106/310 261/104/382 269/107/383 218/109/314
f 261/104/382 207/106/310 209/103/313 262/101/384
f 262/101/384 209/103/313 282/100/317 281/99/385
f 263/122/386 264/124/322 211/127/318 265/125/387
f 264/124/322 263/122/386 284/120/388 228/121/324
f 265/125/387 211/127/318 214/130/321 266/128/389
f 266/128/389 214/130/321 218/133/326 269/131/390
s 7
f 270/64/356 245/63/355 276/67/391 275/68/392
f 271/32/352 246/31/351 279/35/393 280/36/394
s 5
f 220/94/285 248/89/360 283/95/395 226/97/327
f 272/111/363 222/115/292 286/118/330 285/116/396
s 7
f 274/72/369 273/73/368 275/68/392 276/67/391
f 277/40/381 278/41/380 280/36/394 279/35/393
s 5
f 281/99/385 282/100/317 226/97/327 283/95/395
f 228/121/324 284/120/388 285/116/396 286/118/330
s 35
f 239/6070/343 243/6071/346 24/6073/397 23/6074/398
s 7
f 243/61/353 270/64/356 22/69/399 24/70/400
s 35
f 241/6072/347 239/6070/343 23/6074/398 26/6075/401
s 7
f 246/31/351 241/30/350 26/33/402 57/34/403
s 37
f 247/6082/357 249/6083/358 28/6085/404 27/6086/405
s 5
f 248/89/360 247/90/359 27/91/406 58/92/407
s 37
f 249/6083/358 250/6084/361 32/6087/408 28/6085/404
s 5
f 250/110/362 272/111/363 31/112/409 32/113/410
s 7
f 254/81/367 267/85/371 25/88/411 46/86/412
f 267/56/376 255/52/372 50/55/413 25/59/414
s 5
f 269/107/383 261/104/382 51/105/415 30/108/416
f 266/128/389 269/131/390 30/132/417 54/129/418
s 7
f 251/77/364 254/81/367 46/86/412 47/82/419
f 255/52/372 257/48/375 48/51/420 50/55/413
f 257/48/375 259/44/379 49/47/421 48/51/420
s 5
f 261/104/382 262/101/384 52/102/422 51/105/415
f 263/122/386 265/125/387 53/126/423 55/123/424
f 265/125/387 266/128/389 54/129/418 53/126/423
s 7
f 62/78/425 63/74/426 275/68/392 273/73/368
f 65/39/427 64/43/428 277/40/381 279/35/393
s 5
f 67/96/429 66/98/430 281/99/385 283/95/395
f 70/119/431 71/117/432 285/116/396 284/120/388
s 7
f 273/73/368 251/77/364 47/82/419 62/78/425
f 259/44/379 277/40/381 64/43/428 49/47/421
s 5
f 262/101/384 281/99/385 66/98/430 52/102/422
f 284/120/388 263/122/386 55/123/424 70/119/431
s 7
f 270/64/356 275/68/392 63/74/426 22/69/399
f 279/35/393 246/31/351 57/34/403 65/39/427
s 5
f 283/95/395 248/89/360 58/92/407 67/96/429
f 272/111/363 285/116/396 71/117/432 31/112/409
s 35
f 182/6061/265 240/6067/344 242/6069/348 184/6065/269
f 240/6067/344 182/6061/265 186/6064/268 244/6068/345
s 7
f 244/62/354 186/65/275 224/66/278 245/63/355
f 271/32/352 189/37/273 184/38/272 242/29/349
f 198/79/295 200/83/294 253/80/366 252/76/365
f 204/58/305 201/54/301 258/49/374 256/53/373
f 201/54/301 205/50/304 260/45/378 258/49/374
f 253/80/366 200/83/294 216/87/300 268/84/370
f 268/57/377 216/60/307 204/58/305 256/53/373
f 237/71/334 235/75/297 274/72/369 276/67/391
f 231/46/309 233/42/331 280/36/394 278/41/380
f 274/72/369 235/75/297 198/79/295 252/76/365
f 260/45/378 205/50/304 231/46/309 278/41/380
f 245/63/355 224/66/278 237/71/334 276/67/391
f 280/36/394 233/42/331 189/37/273 271/32/352
s 47
usemtl layeredShader1SG
f 287/1444/433 910/1443/434 1450/1446/435 2015/1447/436
f 2015/6088/436 1450/6089/435 911/6090/437 1451/6091/438
f 1452/1441/439 2239/1437/440 800/1436/441 1453/1440/442
f 287/1444/433 1452/1441/439 1453/1440/442 910/1443/434
f 287/3118/433 1454/3117/443 1455/3111/444 1452/3115/439
f 1452/3115/439 1455/3111/444 2074/3104/445 2239/3116/440
f 287/3118/433 2015/3121/436 1457/3119/446 1454/3117/443
f 2015/6088/436 1451/6091/438 1456/6096/447 1457/6097/446
f 1456/6096/447 1458/6102/448 1459/6103/449 1457/6097/446
f 1457/3119/446 1459/3120/449 728/3112/450 1454/3117/443
f 1456/6096/447 1461/6101/451 1460/6106/452 1458/6102/448
f 1456/6096/447 1451/6091/438 912/6095/453 1461/6101/451
f 288/134/454 536/135/455 989/136/456 1462/137/457
f 1462/137/457 989/136/456 990/142/458 991/143/459
f 288/134/454 1463/138/460 2014/139/461 536/135/455
f 288/134/454 289/145/462 1465/146/463 1463/138/460
f 1462/2836/457 991/2837/459 992/2828/464 1464/2822/465
f 288/134/454 1462/137/457 1464/144/465 289/145/462
f 289/2818/462 1466/2819/466 1468/2820/467 1465/2821/463
f 1466/2819/466 290/2824/468 1467/2825/469 1468/2820/467
f 289/2818/462 1464/2822/465 2016/2823/470 1466/2819/466
f 1464/2822/465 992/2828/464 2198/2829/471 2016/2823/470
f 2016/2823/470 2198/2829/471 993/2838/472 1469/2830/473
f 1466/2819/466 2016/2823/470 1469/2830/473 290/2824/468
f 290/2824/468 1470/2831/474 1471/2832/475 1467/2825/469
f 290/2824/468 1469/2830/473 1472/2839/476 1470/2831/474
f 1469/2830/473 993/2838/472 994/2844/477 1472/2839/476
f 1470/169/474 1473/159/478 1475/162/479 1471/170/475
f 1473/159/478 291/160/480 1474/161/481 1475/162/479
f 1470/169/474 1472/171/476 2017/163/482 1473/159/478
f 1472/171/476 994/181/477 2199/172/483 2017/163/482
f 2017/163/482 2199/172/483 537/173/484 1476/164/485
f 1473/159/478 2017/163/482 1476/164/485 291/160/480
f 291/160/480 1477/165/486 1479/166/487 1474/161/481
f 1477/165/486 292/175/488 1478/176/489 1479/166/487
f 291/160/480 1476/164/485 2018/174/490 1477/165/486
f 1476/164/485 537/173/484 1480/184/491 2018/174/490
f 2018/174/490 1480/184/491 1491/194/492 1481/185/493
f 1477/165/486 2018/174/490 1481/185/493 292/175/488
f 292/175/488 1482/186/494 1484/187/495 1478/176/489
f 1482/186/494 293/196/496 1483/197/497 1484/187/495
f 292/175/488 1481/185/493 2019/195/498 1482/186/494
f 1481/185/493 1491/194/492 2021/202/499 2019/195/498
f 2019/195/498 2021/202/499 1493/209/500 1485/203/501
f 1482/186/494 2019/195/498 1485/203/501 293/196/496
f 293/196/496 1486/204/502 1488/205/503 1483/197/497
f 1486/204/502 640/211/504 1487/212/505 1488/205/503
f 293/196/496 1485/203/501 2020/210/506 1486/204/502
f 1485/203/501 1493/209/500 2022/218/507 2020/210/506
f 2020/210/506 2022/218/507 1495/223/508 1489/219/509
f 1486/204/502 2020/210/506 1489/219/509 640/211/504
f 1480/184/491 537/173/484 933/183/510 1490/193/511
f 1491/6122/492 1480/6123/491 1490/6124/511 935/6125/512
f 1491/6122/492 935/6125/512 1492/6128/513 2021/6129/499
f 2021/202/499 1492/216/513 936/217/514 1493/209/500
f 1493/6145/500 936/6134/514 1494/6138/515 2022/6146/507
f 2022/2860/507 1494/2861/515 937/2854/516 1495/2850/508
f 1495/2850/508 937/2854/516 938/2855/517 1496/2851/518
f 1495/2850/508 1496/2851/518 1497/2852/519 1489/2853/509
f 1489/2853/509 1497/2852/519 641/2858/520 640/2859/504
f 1496/2851/518 938/2855/517 1498/2862/521 2023/2856/522
f 2023/2856/522 1498/2862/521 538/2866/523 1499/2867/524
f 1496/2851/518 2023/2856/522 2024/2857/525 1497/2852/519
f 2023/243/522 1499/227/524 2025/236/526 2024/244/525
f 2024/244/525 2025/236/526 1503/242/527 1500/254/528
f 1497/2852/519 2024/2857/525 1500/2863/528 641/2858/520
f 1499/227/524 538/228/523 939/229/529 1501/230/530
f 1499/227/524 1501/230/530 1502/235/531 2025/236/526
f 2025/236/526 1502/235/531 642/241/532 1503/242/527
f 1501/230/530 939/229/529 1504/233/533 1505/234/534
f 1501/230/530 1505/234/534 1506/240/535 1502/235/531
f 1502/235/531 1506/240/535 643/251/536 642/241/532
f 1505/234/534 1504/233/533 1507/238/537 2026/239/538
f 2026/239/538 1507/238/537 539/248/539 1508/249/540
f 1505/234/534 2026/239/538 2027/250/541 1506/240/535
f 2026/239/538 1508/249/540 1509/257/542 2027/250/541
f 2027/250/541 1509/257/542 644/263/543 1510/258/544
f 1506/240/535 2027/250/541 1510/258/544 643/251/536
f 1508/2880/540 539/2881/539 1511/2882/545 2028/2883/546
f 2028/2883/546 1511/2882/545 294/2886/547 1512/2887/548
f 1508/2880/540 2028/2883/546 2029/2888/549 1509/2889/542
f 2028/2883/546 1512/2887/548 1513/2895/550 2029/2888/549
f 2029/2888/549 1513/2895/550 645/2905/551 1514/2896/552
f 1509/2889/542 2029/2888/549 1514/2896/552 644/2897/543
f 1512/2887/548 294/2886/547 2051/2893/553 2030/2894/554
f 2030/2894/554 2051/2893/553 1549/2902/555 1515/2903/556
f 1512/2887/548 2030/2894/554 2031/2904/557 1513/2895/550
f 2030/2894/554 1515/2903/556 1516/2910/558 2031/2904/557
f 2031/2904/557 1516/2910/558 646/2918/559 1517/2911/560
f 1513/2895/550 2031/2904/557 1517/2911/560 645/2905/551
f 1515/284/556 1549/286/555 2052/278/561 2032/274/562
f 2032/274/562 2052/278/561 1552/279/563 1518/275/564
f 1515/284/556 2032/274/562 2033/277/565 1516/285/558
f 2032/274/562 1518/275/564 1519/276/566 2033/277/565
f 2033/277/565 1519/276/566 647/282/567 1520/283/568
f 1516/285/558 2033/277/565 1520/283/568 646/295/559
f 1518/275/564 1552/279/563 2053/289/569 2034/280/570
f 2034/280/570 2053/289/569 1554/300/571 1521/290/572
f 1518/275/564 2034/280/570 2035/281/573 1519/276/566
f 2034/280/570 1521/290/572 1522/291/574 2035/281/573
f 2035/281/573 1522/291/574 648/303/575 1523/292/576
f 1519/276/566 2035/281/573 1523/292/576 647/282/567
f 1521/290/572 2037/301/577 2036/302/578 1522/291/574
f 2037/301/577 1526/311/579 1524/312/580 2036/302/578
f 2036/302/578 1524/312/580 649/323/581 1525/313/582
f 1522/291/574 2036/302/578 1525/313/582 648/303/575
f 1521/290/572 1554/300/571 2054/310/583 2037/301/577
f 2037/301/577 2054/310/583 1556/320/584 1526/311/579
f 1526/311/579 2039/321/585 2038/322/586 1524/312/580
f 2039/2926/585 1529/2929/587 1527/2934/588 2038/2935/586
f 2038/2935/586 1527/2934/588 650/2942/589 1528/2943/590
f 1524/312/580 2038/322/586 1528/330/590 649/323/581
f 1526/311/579 1556/320/584 2055/329/591 2039/321/585
f 2039/2926/585 2055/2927/591 1558/2928/592 1529/2929/587
f 1529/2929/587 2041/2933/593 2040/2941/594 1527/2934/588
f 2041/2933/593 1532/2940/595 1530/2950/596 2040/2941/594
f 2040/2941/594 1530/2950/596 651/2958/597 1531/2951/598
f 1527/2934/588 2040/2941/594 1531/2951/598 650/2942/589
f 1529/2929/587 1558/2928/592 2056/2932/599 2041/2933/593
f 2041/2933/593 2056/2932/599 1560/2939/600 1532/2940/595
f 1532/2940/595 2043/2949/601 2042/2957/602 1530/2950/596
f 2043/2949/601 1535/2966/603 1533/2967/604 2042/2957/602
f 2042/2957/602 1533/2967/604 652/2972/605 1534/2968/606
f 1530/2950/596 2042/2957/602 1534/2968/606 651/2958/597
f 1532/2940/595 1560/2939/600 2057/2948/607 2043/2949/601
f 2043/345/601 2057/346/607 1562/342/608 1535/341/603
f 1535/341/603 2045/344/609 2044/351/610 1533/352/604
f 2045/344/609 1538/350/611 1536/359/612 2044/351/610
f 2044/6209/610 1536/6210/612 653/6211/613 1537/6212/614
f 1533/6217/604 2044/6209/610 1537/6212/614 652/6218/605
f 1535/341/603 1562/342/608 2058/343/615 2045/344/609
f 2045/344/609 2058/343/615 1564/349/616 1538/350/611
f 1538/350/611 2047/358/617 2046/367/618 1536/359/612
f 2047/358/617 1540/366/619 2048/376/620 2046/367/618
f 2046/6213/618 2048/6219/620 1541/6220/621 1539/6214/622
f 1536/6210/612 2046/6213/618 1539/6214/622 653/6211/613
f 1538/350/611 1564/349/616 2059/357/623 2047/358/617
f 2047/358/617 2059/357/623 1566/365/624 1540/366/619
f 1540/6227/619 1542/6228/625 2049/6223/626 2048/6219/620
f 2048/6219/620 2049/6223/626 1543/6224/627 1541/6220/621
f 1540/366/619 1566/365/624 1567/374/628 1542/375/625
f 1542/6228/625 1544/6233/629 2050/6229/630 2049/6223/626
f 2049/6223/626 2050/6229/630 1546/6230/631 1543/6224/627
f 1542/2976/625 1567/2977/628 1568/2978/632 1544/2979/629
f 1544/6233/629 1547/6238/633 1545/6234/634 2050/6229/630
f 2050/6229/630 1545/6234/634 654/6235/635 1546/6230/631
f 1544/2979/629 1568/2978/632 1569/2982/636 1547/2983/633
f 294/2886/547 507/2892/637 1548/2901/638 2051/2893/553
f 2051/2893/553 1548/2901/638 508/2909/639 1549/2902/555
f 1511/2882/545 539/2881/539 506/2884/640 1550/2885/641
f 294/2886/547 1511/2882/545 1550/2885/641 507/2892/637
f 1549/286/555 508/296/639 1551/287/642 2052/278/561
f 2052/278/561 1551/287/642 509/288/643 1552/279/563
f 1552/279/563 509/288/643 1553/299/644 2053/289/569
f 2053/289/569 1553/299/644 510/309/645 1554/300/571
f 1554/300/571 510/309/645 1555/319/646 2054/310/583
f 2054/310/583 1555/319/646 511/328/647 1556/320/584
f 1556/320/584 511/328/647 1557/335/648 2055/329/591
f 2055/2927/591 1557/2930/648 717/2931/649 1558/2928/592
f 1558/2928/592 717/2931/649 1559/2938/650 2056/2932/599
f 2056/2932/599 1559/2938/650 718/2947/651 1560/2939/600
f 1560/2939/600 718/2947/651 1561/2956/652 2057/2948/607
f 2057/346/607 1561/353/652 719/347/653 1562/342/608
f 1562/342/608 719/347/653 1563/348/654 2058/343/615
f 2058/343/615 1563/348/654 720/356/655 1564/349/616
f 1564/349/616 720/356/655 1565/364/656 2059/357/623
f 2059/357/623 1565/364/656 721/373/657 1566/365/624
f 1566/365/624 721/373/657 722/383/658 1567/374/628
f 1567/2977/628 722/2980/658 723/2981/659 1568/2978/632
f 1568/404/632 723/405/659 724/401/660 1569/400/636
f 1569/400/636 724/401/660 1570/402/661 1571/403/662
f 1569/400/636 1571/403/662 1572/410/663 1547/411/633
f 1571/403/662 1570/402/661 1573/408/664 1574/409/665
f 1571/403/662 1574/409/665 1575/416/666 1572/410/663
f 1574/2999/665 1573/3000/664 1576/3001/667 2060/3002/668
f 2060/3002/668 1576/3001/667 725/3005/669 1577/3006/670
f 1574/6255/665 2060/6256/668 1579/6257/671 1575/6258/666
f 2060/6256/668 1577/6259/670 1578/6260/672 1579/6257/671
f 1577/3006/670 725/3005/669 1580/3010/673 2061/3011/674
f 2061/3011/674 1580/3010/673 726/3016/675 1581/3017/676
f 1577/6259/670 2061/6261/674 1582/6262/677 1578/6260/672
f 2061/6261/674 1581/6263/676 1583/6264/678 1582/6262/677
f 1581/736/676 726/734/675 727/733/679 1584/737/680
f 1581/6263/676 1584/6265/680 1585/6266/681 1583/6264/678
f 1584/737/680 727/733/679 1586/735/682 1587/738/683
f 1584/3052/680 1587/3047/683 1588/3048/684 1585/3053/681
f 1587/6267/683 1586/6268/682 1589/6269/685 2062/6270/686
f 2062/6270/686 1589/6269/685 522/6273/687 1590/6274/688
f 1587/3047/683 2062/3039/686 1592/3042/689 1588/3048/684
f 2062/3039/686 1590/3040/688 1591/3041/690 1592/3042/689
f 1590/3040/688 1595/3043/691 1593/3044/692 1591/3041/690
f 1590/6274/688 522/6273/687 1594/6276/693 1595/6277/691
f 1595/442/691 1598/432/694 1596/435/695 1593/443/692
f 1595/442/691 1594/444/693 1597/436/696 1598/432/694
f 1598/432/694 2063/433/697 1599/434/698 1596/435/695
f 2063/433/697 1602/438/699 1601/439/700 1599/434/698
f 1598/432/694 1597/436/696 1600/437/701 2063/433/697
f 2063/433/697 1600/437/701 523/445/702 1602/438/699
f 1602/438/699 2064/446/703 1603/447/704 1601/439/700
f 2064/3060/703 1605/3061/705 1607/3062/706 1603/3063/704
f 1602/3068/699 523/3069/702 1604/3064/707 2064/3060/703
f 2064/3060/703 1604/3064/707 524/3065/708 1605/3061/705
f 1605/3061/705 1608/3066/709 1606/3067/710 1607/3062/706
f 1605/3061/705 524/3065/708 525/3072/711 1608/3066/709
f 1608/3066/709 2065/3073/712 1610/3074/713 1606/3067/710
f 2065/3073/712 1612/3077/714 1609/3078/715 1610/3074/713
f 1608/462/709 525/463/711 1611/455/716 2065/454/712
f 2065/454/712 1611/455/716 526/451/717 1612/450/714
f 1612/450/714 2066/453/718 1614/460/719 1609/461/715
f 2066/453/718 1616/459/720 1613/470/721 1614/460/719
f 1612/450/714 526/451/717 1615/452/722 2066/453/718
f 2066/453/718 1615/452/722 527/458/723 1616/459/720
f 1616/459/720 2067/469/724 1618/479/725 1613/470/721
f 2067/469/724 1620/478/726 1617/486/727 1618/479/725
f 1616/459/720 527/458/723 1619/468/728 2067/469/724
f 2067/469/724 1619/468/728 528/477/729 1620/478/726
f 1620/478/726 2068/485/730 1622/491/731 1617/486/727
f 2068/6322/730 961/6323/732 1621/6324/733 1622/6325/731
f 1620/478/726 528/477/729 1623/484/734 2068/485/730
f 2068/485/730 1623/484/734 959/489/735 961/490/732
f 295/493/736 1626/496/737 1624/499/738 2069/500/739
f 2069/500/739 1624/499/738 296/504/740 1625/505/741
f 295/493/736 300/494/742 799/495/743 1626/496/737
f 295/493/736 2244/497/744 798/498/745 300/494/742
f 295/493/736 2069/500/739 1627/501/746 2244/497/744
f 2069/500/739 1625/505/741 2070/506/747 1627/501/746
f 1625/6120/741 296/6114/740 1628/6107/748 1630/6113/749
f 1625/3864/741 1630/3865/749 2072/3856/750 2070/3855/747
f 1458/6102/448 1628/6107/748 1629/6108/751 1459/6103/449
f 1459/6103/449 1629/6108/751 729/6116/752 728/6117/450
f 1458/6102/448 1460/6106/452 1630/6113/749 1628/6107/748
f 1628/6107/748 296/6114/740 1631/6115/753 1629/6108/751
f 1629/6108/751 1631/6115/753 801/6121/754 729/6116/752
f 296/6332/740 1624/6333/738 2071/6334/755 1631/6335/753
f 1624/6333/738 1626/6336/737 1632/6337/756 2071/6334/755
f 2071/3108/755 1632/3097/756 1645/3086/757 1633/3096/758
f 1631/6335/753 2071/6334/755 1633/6338/758 801/6339/754
f 1630/3865/749 1460/3858/452 1634/3851/759 2072/3856/750
f 297/3079/760 1637/3080/761 1635/3081/762 1636/3082/763
f 297/3079/760 552/3083/764 299/3084/765 1637/3080/761
f 297/3079/760 1638/3090/766 2238/3091/767 552/3083/764
f 297/3079/760 1636/3082/763 1639/3089/768 1638/3090/766
f 1636/3082/763 1635/3081/762 1640/3087/769 2073/3088/770
f 2073/3088/770 1640/3087/769 799/3098/743 300/3099/742
f 1636/3082/763 2073/3088/770 1641/3100/771 1639/3089/768
f 2073/502/770 300/494/742 798/498/745 1641/503/771
f 298/3092/772 2074/3104/445 1642/3094/773 299/3084/765
f 298/1435/772 1128/1434/774 2239/1437/440 2074/1438/445
f 298/1435/772 1643/1432/775 1125/1431/776 1128/1434/774
f 298/3092/772 299/3084/765 552/3083/764 1643/3093/775
f 299/3084/765 1642/3094/773 1644/3085/777 1637/3080/761
f 1637/3080/761 1644/3085/777 1645/3086/757 1635/3081/762
f 1635/3081/762 1645/3086/757 1632/3097/756 1640/3087/769
f 1640/3087/769 1632/3097/756 1626/3109/737 799/3098/743
f 301/6340/778 1646/6341/779 1647/6342/780 1648/6343/781
f 1648/586/781 1647/587/780 313/576/782 314/579/783
f 301/6340/778 1649/6344/784 1651/6345/785 1646/6341/779
f 1649/1151/784 532/1147/786 1650/1146/787 1651/1152/785
f 301/6340/778 1652/6347/788 1653/6348/789 1649/6344/784
f 1649/1151/784 1653/1155/789 533/1153/790 532/1147/786
f 301/6340/778 1648/6343/781 1655/6346/791 1652/6347/788
f 1648/586/781 314/579/783 1654/585/792 1655/595/791
f 1652/6347/788 1656/6352/793 1657/6353/794 1653/6348/789
f 1653/3138/789 1657/3132/794 534/3133/795 533/3139/790
f 1652/6347/788 1655/6346/791 1659/6351/796 1656/6352/793
f 1655/595/791 1654/585/792 1658/594/797 1659/598/796
f 1656/3134/793 1660/3126/798 2075/3122/799 1657/3132/794
f 1660/3126/798 302/3127/800 1661/3123/801 2075/3122/799
f 2075/3122/799 1661/3123/801 535/3124/802 1662/3125/803
f 1657/3132/794 2075/3122/799 1662/3125/803 534/3133/795
f 1656/6352/793 1659/6351/796 2076/6358/804 1660/6359/798
f 1659/6351/796 1658/6361/797 1663/6362/805 2076/6358/804
f 2076/6358/804 1663/6362/805 315/6369/806 1664/6363/807
f 1660/6359/798 2076/6358/804 1664/6363/807 302/6364/800
f 302/519/800 1665/509/808 2077/512/809 1661/520/801
f 1665/509/808 303/510/810 2079/511/811 2077/512/809
f 2077/512/809 2079/511/811 1670/517/812 1666/518/813
f 1661/3123/801 2077/3128/809 1666/3129/813 535/3124/802
f 302/6364/800 1664/6363/807 2078/6370/814 1665/6371/808
f 1664/6363/807 315/6369/806 1667/6375/815 2078/6370/814
f 2078/6370/814 1667/6375/815 316/6381/816 1668/6382/817
f 1665/509/808 2078/513/814 1668/514/817 303/510/810
f 303/510/810 304/515/818 1669/516/819 2079/511/811
f 2079/511/811 1669/516/819 706/522/820 1670/517/812
f 1668/514/817 316/525/816 317/526/821 1671/521/822
f 303/510/810 1668/514/817 1671/521/822 304/515/818
f 304/3155/818 1672/3156/823 1673/3157/824 1669/3158/819
f 1669/3158/819 1673/3157/824 707/3163/825 706/3164/820
f 304/3155/818 1671/3159/822 1675/3160/826 1672/3156/823
f 1671/3159/822 317/3165/821 1674/3166/827 1675/3160/826
f 1672/3156/823 1676/3161/828 1677/3162/829 1673/3157/824
f 1673/3157/824 1677/3162/829 708/3168/830 707/3163/825
f 1672/3156/823 1675/3160/826 1679/3167/831 1676/3161/828
f 1675/3160/826 1674/3166/827 1678/3171/832 1679/3167/831
f 305/3332/833 1680/3325/834 1681/3320/835 332/3324/836
f 305/6301/833 1682/6298/837 1684/6295/838 1680/6302/834
f 1682/6298/837 571/6296/839 1683/6293/840 1684/6295/838
f 305/6301/833 1685/6303/841 2080/6299/842 1682/6298/837
f 1685/6303/841 306/6306/843 1686/6304/844 2080/6299/842
f 2080/6299/842 1686/6304/844 572/6305/845 1687/6300/846
f 1682/6298/837 2080/6299/842 1687/6300/846 571/6296/839
f 305/3332/833 332/3324/836 1688/3331/847 1685/3339/841
f 1685/6303/841 1688/6307/847 333/6308/848 306/6306/843
f 306/6306/843 1689/6309/849 2081/6310/850 1686/6304/844
f 1689/6309/849 307/6311/851 1690/6312/852 2081/6310/850
f 2081/474/850 1690/481/852 573/475/853 1691/466/854
f 1686/473/844 2081/474/850 1691/466/854 572/465/845
f 306/785/843 333/775/848 1692/778/855 1689/786/849
f 1689/786/849 1692/778/855 334/784/856 307/793/851
f 307/6311/851 1693/6313/857 2082/6314/858 1690/6312/852
f 1693/6313/857 308/6317/859 1694/6318/860 2082/6314/858
f 2082/3209/858 1694/3202/860 574/3203/861 1695/3210/862
f 1690/6312/852 2082/6314/858 1695/6319/862 573/6320/853
f 307/6311/851 334/6315/856 1696/6316/863 1693/6313/857
f 1693/6313/857 1696/6316/863 335/6321/864 308/6317/859
f 308/3204/859 1697/3196/865 2083/3194/866 1694/3202/860
f 1697/3196/865 309/3190/867 2084/3186/868 2083/3194/866
f 2083/3194/866 2084/3186/868 1701/3189/869 1698/3195/870
f 1694/3202/860 2083/3194/866 1698/3195/870 574/3203/861
f 308/6391/859 335/6392/864 1699/6393/871 1697/6394/865
f 1697/6394/865 1699/6393/871 336/6395/872 309/6396/867
f 309/3190/867 310/3191/873 1700/3187/874 2084/3186/868
f 2084/3186/868 1700/3187/874 575/3188/875 1701/3189/869
f 309/6396/867 336/6395/872 337/6397/876 310/6398/873
f 310/555/873 1702/545/877 2085/548/878 1700/556/874
f 1702/545/877 1705/546/879 2086/547/880 2085/548/878
f 2085/548/878 2086/547/880 1706/553/881 1703/554/882
f 1700/556/874 2085/548/878 1703/554/882 575/564/875
f 310/555/873 337/557/876 1704/549/883 1702/545/877
f 1702/545/877 1704/549/883 338/550/884 1705/546/879
f 1705/546/879 338/550/884 339/558/885 1707/551/886
f 1705/546/879 1707/551/886 2087/552/887 2086/547/880
f 2086/547/880 2087/552/887 1708/561/888 1706/553/881
f 1707/551/886 339/558/885 340/565/889 1709/559/890
f 1707/551/886 1709/559/890 2088/560/891 2087/552/887
f 2087/552/887 2088/560/891 1711/566/892 1708/561/888
f 1709/3214/890 340/3215/889 341/3216/893 311/3217/894
f 1709/3214/890 311/3217/894 1710/3220/895 2088/3221/891
f 2088/560/891 1710/570/895 576/571/896 1711/566/892
f 311/3217/894 341/3216/893 1712/3218/897 1713/3219/898
f 1713/3219/898 1712/3218/897 342/3224/899 312/3225/900
f 311/3217/894 1713/3219/898 2089/3226/901 1710/3220/895
f 1713/3219/898 312/3225/900 1714/3227/902 2089/3226/901
f 2089/3226/901 1714/3227/902 577/3232/903 1715/3228/904
f 1710/3220/895 2089/3226/901 1715/3228/904 576/3229/896
f 312/588/900 342/589/899 1716/581/905 1717/580/906
f 1717/580/906 1716/581/905 343/577/907 313/576/782
f 312/3225/900 1717/3230/906 2090/3231/908 1714/3227/902
f 1717/580/906 313/576/782 1647/587/780 2090/591/908
f 2090/3231/908 1647/3237/780 1646/3238/779 1718/3235/909
f 1714/3227/902 2090/3231/908 1718/3235/909 577/3232/903
f 313/576/782 343/577/907 344/578/910 314/579/783
f 314/579/783 344/578/910 1719/584/911 1654/585/792
f 1654/585/792 1719/584/911 1720/593/912 1658/594/797
f 1658/3357/797 1720/3349/912 1721/3352/913 1663/3358/805
f 1663/3358/805 1721/3352/913 345/3356/914 315/3359/806
f 315/6369/806 345/6379/914 1722/6380/915 1667/6375/815
f 1667/6375/815 1722/6380/915 346/6384/916 316/6381/816
f 316/6381/816 346/6384/916 347/6387/917 317/6388/821
f 317/6388/821 347/6387/917 1723/6389/918 1674/6390/827
f 1674/3166/827 1723/3175/918 1724/3176/919 1678/3171/832
f 1678/609/832 1724/611/919 1725/603/920 1726/599/921
f 1726/599/921 1725/603/920 348/604/922 318/600/923
f 1678/609/832 1726/599/921 2091/602/924 1679/610/831
f 1726/599/921 318/600/923 1727/601/925 2091/602/924
f 2091/602/924 1727/601/925 740/607/926 1728/608/927
f 1679/610/831 2091/602/924 1728/608/927 1676/618/828
f 318/600/923 348/604/922 1729/612/928 1730/605/929
f 1730/605/929 1729/612/928 349/619/930 319/613/931
f 318/600/923 1730/605/929 2092/606/932 1727/601/925
f 1730/605/929 319/613/931 1731/614/933 2092/606/932
f 2092/606/932 1731/614/933 741/622/934 1732/615/935
f 1727/601/925 2092/606/932 1732/615/935 740/607/926
f 319/613/931 349/619/930 1733/627/936 1734/620/937
f 1734/620/937 1733/627/936 350/636/938 320/628/939
f 319/613/931 1734/620/937 2093/621/940 1731/614/933
f 1734/620/937 320/628/939 1735/629/941 2093/621/940
f 2093/621/940 1735/629/941 742/637/942 1736/630/943
f 1731/614/933 2093/621/940 1736/630/943 741/622/934
f 320/3239/939 350/3240/938 1737/3241/944 1738/3242/945
f 1738/3242/945 1737/3241/944 351/3245/946 321/3246/947
f 320/3239/939 1738/3242/945 2094/3247/948 1735/3248/941
f 1738/3242/945 321/3246/947 1739/3254/949 2094/3247/948
f 2094/3247/948 1739/3254/949 743/3259/950 1740/3255/951
f 1735/3248/941 2094/3247/948 1740/3255/951 742/3256/942
f 321/3246/947 1741/3253/952 2095/3258/953 1739/3254/949
f 1741/666/952 322/656/954 1742/659/955 2095/667/953
f 2095/667/953 1742/659/955 744/665/956 1743/677/957
f 1739/3254/949 2095/3258/953 1743/3262/957 743/3259/950
f 321/3246/947 351/3245/946 1744/3252/958 1741/3253/952
f 1741/666/952 1744/668/958 352/660/959 322/656/954
f 322/656/954 1745/657/960 2096/658/961 1742/659/955
f 1745/657/960 323/662/962 1746/663/963 2096/658/961
f 2096/658/961 1746/663/963 745/674/964 1747/664/965
f 1742/659/955 2096/658/961 1747/664/965 744/665/956
f 322/656/954 352/660/959 1748/661/966 1745/657/960
f 1745/657/960 1748/661/966 353/671/967 323/662/962
f 323/662/962 1749/672/968 2097/673/969 1746/663/963
f 1749/672/968 757/681/970 1750/682/971 2097/673/969
f 2097/673/969 1750/682/971 746/692/972 1751/683/973
f 1746/663/963 2097/673/969 1751/683/973 745/674/964
f 323/662/962 353/671/967 1752/680/974 1749/672/968
f 1749/672/968 1752/680/974 354/689/975 757/681/970
f 324/430/976 619/426/977 1753/429/978 1754/431/979
f 324/430/976 594/427/980 1167/423/981 619/426/977
f 1755/3024/982 325/3030/983 595/3025/984 1756/3019/985
f 324/3023/976 1755/3024/982 1756/3019/985 594/3018/980
f 324/3023/976 1754/3028/979 1757/3029/986 1755/3024/982
f 1755/3024/982 1757/3029/986 369/3033/987 325/3030/983
f 1758/3034/988 326/3037/989 1761/3035/990 1759/3031/991
f 325/3030/983 1758/3034/988 1759/3031/991 595/3025/984
f 325/3030/983 369/3033/987 1760/3036/992 1758/3034/988
f 1758/3034/988 1760/3036/992 370/3038/993 326/3037/989
f 326/707/989 327/710/994 596/715/995 1761/716/990
f 326/707/989 370/708/993 371/709/996 327/710/994
f 327/710/994 1762/714/997 597/720/998 596/715/995
f 327/710/994 371/709/996 1763/713/999 1762/714/997
f 1764/3284/1000 328/3285/1001 598/3286/1002 1765/3287/1003
f 1762/714/997 1764/719/1000 1765/723/1003 597/720/998
f 1762/714/997 1763/713/999 1766/718/1004 1764/719/1000
f 1764/3284/1000 1766/3288/1004 372/3289/1005 328/3285/1001
f 328/3285/1001 372/3289/1005 1767/3296/1006 329/3290/1007
f 328/3285/1001 329/3290/1007 599/3291/1008 598/3286/1002
f 329/743/1007 1767/744/1006 1768/740/1009 330/739/1010
f 329/743/1007 330/739/1010 600/750/1011 599/752/1008
f 330/739/1010 1768/740/1009 1769/741/1012 1770/742/1013
f 1770/742/1013 1769/741/1012 373/747/1014 331/748/1015
f 1770/742/1013 331/748/1015 601/758/1016 1771/749/1017
f 330/739/1010 1770/742/1013 1771/749/1017 600/750/1011
f 331/748/1015 373/747/1014 1772/756/1018 1773/757/1019
f 1773/3317/1019 1772/3318/1018 374/3319/1020 1681/3320/835
f 1773/3317/1019 1681/3320/835 1680/3325/834 1774/3326/1021
f 331/748/1015 1773/757/1019 1774/766/1021 601/758/1016
f 1681/3320/835 374/3319/1020 375/3323/1022 332/3324/836
f 332/3324/836 375/3323/1022 1775/3330/1023 1688/3331/847
f 1688/779/847 1775/780/1023 376/776/1024 333/775/848
f 333/775/848 376/776/1024 1776/777/1025 1692/778/855
f 1692/778/855 1776/777/1025 377/783/1026 334/784/856
f 334/784/856 377/783/1026 1777/791/1027 1696/792/863
f 1696/792/863 1777/791/1027 378/799/1028 335/800/864
f 335/800/864 378/799/1028 1778/807/1029 1699/808/871
f 1699/3479/871 1778/3471/1029 379/3474/1030 336/3480/872
f 336/3480/872 379/3474/1030 380/3478/1031 337/3486/876
f 337/3486/876 380/3478/1031 1779/3485/1032 1704/3491/883
f 1704/6399/883 1779/6400/1032 381/6401/1033 338/6402/884
f 338/6402/884 381/6401/1033 382/6403/1034 339/6404/885
f 339/6404/885 382/6403/1034 383/6405/1035 340/6406/889
f 340/6406/889 383/6405/1035 384/6407/1036 341/6408/893
f 341/3216/893 384/3222/1036 1780/3223/1037 1712/3218/897
f 1712/6409/897 1780/6410/1037 385/6411/1038 342/6412/899
f 342/589/899 385/596/1038 1781/590/1039 1716/581/905
f 1716/581/905 1781/590/1039 386/582/1040 343/577/907
f 343/577/907 386/582/1040 387/583/1041 344/578/910
f 344/578/910 387/583/1041 1782/592/1042 1719/584/911
f 1719/584/911 1782/592/1042 1783/597/1043 1720/593/912
f 1720/3349/912 1783/3350/1043 1784/3351/1044 1721/3352/913
f 1721/3352/913 1784/3351/1044 388/3355/1045 345/3356/914
f 345/1024/914 388/1016/1045 1785/1012/1046 1722/1020/915
f 1722/1020/915 1785/1012/1046 389/1015/1047 346/1021/916
f 346/1021/916 389/1015/1047 390/1019/1048 347/1025/917
f 347/1025/917 390/1019/1048 1786/1026/1049 1723/1027/918
f 1723/3516/918 1786/3506/1049 1787/3510/1050 1724/3517/919
f 1724/6413/919 1787/6414/1050 1788/6415/1051 1725/6416/920
f 1725/6416/920 1788/6415/1051 391/6417/1052 348/6418/922
f 348/6418/922 391/6417/1052 1789/6419/1053 1729/6420/928
f 1729/6420/928 1789/6419/1053 392/6421/1054 349/6422/930
f 349/6422/930 392/6421/1054 1790/6423/1055 1733/6424/936
f 1733/3249/936 1790/3250/1055 393/3243/1056 350/3240/938
f 350/3240/938 393/3243/1056 1791/3244/1057 1737/3241/944
f 1737/3241/944 1791/3244/1057 394/3251/1058 351/3245/946
f 351/3245/946 394/3251/1058 1792/3257/1059 1744/3252/958
f 1744/668/958 1792/678/1059 395/669/1060 352/660/959
f 352/660/959 395/669/1060 1793/670/1061 1748/661/966
f 1748/661/966 1793/670/1061 396/679/1062 353/671/967
f 353/671/967 396/679/1062 1794/688/1063 1752/680/974
f 1752/680/974 1794/688/1063 397/698/1064 354/689/975
f 354/3360/975 397/3361/1064 1795/3362/1065 1796/3363/1066
f 1796/3363/1066 1795/3362/1065 398/3366/1067 355/3367/1068
f 1796/3363/1066 355/3367/1068 758/3371/1069 1797/3372/1070
f 354/689/975 1796/699/1066 1797/690/1070 757/681/970
f 355/3367/1068 398/3366/1067 1798/3369/1071 1799/3370/1072
f 1799/3370/1072 1798/3369/1071 399/3374/1073 356/3375/1074
f 1799/3370/1072 356/3375/1074 759/3379/1075 1800/3376/1076
f 355/3367/1068 1799/3370/1072 1800/3376/1076 758/3371/1069
f 356/830/1074 399/831/1073 1801/827/1077 1802/826/1078
f 1802/826/1078 1801/827/1077 400/828/1079 357/829/1080
f 1802/826/1078 357/829/1080 760/836/1081 1803/837/1082
f 356/830/1074 1802/826/1078 1803/837/1082 759/838/1075
f 357/829/1080 400/828/1079 1804/834/1083 1805/835/1084
f 1805/835/1084 1804/834/1083 401/840/1085 358/841/1086
f 1805/835/1084 358/841/1086 761/849/1087 1806/842/1088
f 357/829/1080 1805/835/1084 1806/842/1088 760/836/1081
f 1807/848/1089 359/856/1090 762/864/1091 1808/857/1092
f 358/841/1086 1807/848/1089 1808/857/1092 761/849/1087
f 358/841/1086 401/840/1085 1809/847/1093 1807/848/1089
f 1807/848/1089 1809/847/1093 402/855/1094 359/856/1090
f 1810/3405/1095 360/3406/1096 763/3407/1097 1811/3408/1098
f 359/3415/1090 1810/3405/1095 1811/3408/1098 762/3416/1091
f 359/3415/1090 402/3417/1094 1812/3409/1099 1810/3405/1095
f 1810/3405/1095 1812/3409/1099 403/3410/1100 360/3406/1096
f 1813/896/1101 361/886/1102 764/887/1103 1814/897/1104
f 360/3406/1096 1813/3411/1101 1814/3412/1104 763/3407/1097
f 360/3406/1096 403/3410/1100 1815/3420/1105 1813/3411/1101
f 1813/896/1101 1815/898/1105 404/888/1106 361/886/1102
f 1816/876/1107 770/877/1108 765/878/1109 1817/879/1110
f 361/886/1102 1816/876/1107 1817/879/1110 764/887/1103
f 361/886/1102 404/888/1106 1818/880/1111 1816/876/1107
f 1816/876/1107 1818/880/1111 405/881/1112 770/877/1108
f 362/925/1113 2098/926/1114 1820/927/1115 419/928/1116
f 2098/926/1114 1822/931/1117 1819/932/1118 1820/927/1115
f 362/925/1113 612/929/1119 1821/930/1120 2098/926/1114
f 2098/926/1114 1821/930/1120 611/936/1121 1822/931/1117
f 1823/934/1122 363/940/1123 613/941/1124 1824/935/1125
f 362/925/1113 1823/934/1122 1824/935/1125 612/929/1119
f 362/925/1113 419/928/1116 1825/933/1126 1823/934/1122
f 1823/934/1122 1825/933/1126 420/939/1127 363/940/1123
f 1826/946/1128 364/949/1129 614/950/1130 1827/947/1131
f 363/940/1123 1826/946/1128 1827/947/1131 613/941/1124
f 363/940/1123 420/939/1127 1828/945/1132 1826/946/1128
f 1826/3445/1128 1828/3446/1132 421/3447/1133 364/3448/1129
f 1829/3452/1134 365/3459/1135 615/3468/1136 1830/3460/1137
f 364/3448/1129 1829/3452/1134 1830/3460/1137 614/3461/1130
f 364/3448/1129 421/3447/1133 1831/3451/1138 1829/3452/1134
f 1829/3452/1134 1831/3451/1138 422/3458/1139 365/3459/1135
f 1832/6425/1140 366/6426/1141 616/6427/1142 1833/6428/1143
f 365/3459/1135 1832/3467/1140 1833/3470/1143 615/3468/1136
f 365/3459/1135 422/3458/1139 1834/3466/1144 1832/3467/1140
f 1832/961/1140 1834/962/1144 423/956/1145 366/955/1141
f 1835/6429/1146 367/6433/1147 617/6434/1148 1836/6430/1149
f 366/6426/1141 1835/6429/1146 1836/6430/1149 616/6427/1142
f 366/955/1141 423/956/1145 1837/952/1150 1835/951/1146
f 1835/951/1146 1837/952/1150 424/953/1151 367/954/1147
f 1838/6437/1152 1841/6441/1153 1842/6442/1154 1839/6438/1155
f 367/6433/1147 1838/6437/1152 1839/6438/1155 617/6434/1148
f 367/954/1147 424/953/1151 1840/959/1156 1838/960/1152
f 1838/960/1152 1840/959/1156 425/967/1157 1841/968/1153
f 1841/968/1153 425/967/1157 426/973/1158 1843/974/1159
f 1841/6441/1153 1843/6445/1159 1844/6446/1160 1842/6442/1154
f 1843/3589/1159 426/3585/1158 427/3586/1161 1845/3590/1162
f 1843/6445/1159 1845/6449/1162 1846/6450/1163 1844/6446/1160
f 1845/3590/1162 427/3586/1161 428/3588/1164 368/3591/1165
f 1845/6449/1162 368/6453/1165 618/6454/1166 1846/6450/1163
f 368/6479/1165 428/6480/1164 1847/6481/1167 1753/6482/978
f 368/428/1165 1753/429/978 619/426/977 618/425/1166
f 1753/6482/978 1847/6481/1167 1848/6483/1168 1754/6484/979
f 1754/6484/979 1848/6483/1168 1849/6485/1169 1757/6486/986
f 1757/6486/986 1849/6485/1169 429/6487/1170 369/6488/987
f 369/6488/987 429/6487/1170 1850/6489/1171 1760/6490/992
f 1760/6490/992 1850/6489/1171 430/6491/1172 370/6492/993
f 370/708/993 430/711/1172 431/712/1173 371/709/996
f 371/709/996 431/712/1173 1851/717/1174 1763/713/999
f 1763/3300/999 1851/3301/1174 1852/3294/1175 1766/3288/1004
f 1766/3288/1004 1852/3294/1175 432/3295/1176 372/3289/1005
f 372/3289/1005 432/3295/1176 1853/3304/1177 1767/3296/1006
f 1767/744/1006 1853/751/1177 1854/745/1178 1768/740/1009
f 1768/740/1009 1854/745/1178 1855/746/1179 1769/741/1012
f 1769/741/1012 1855/746/1179 433/755/1180 373/747/1014
f 373/747/1014 433/755/1180 1856/765/1181 1772/756/1018
f 1772/3318/1018 1856/3321/1181 434/3322/1182 374/3319/1020
f 374/3319/1020 434/3322/1182 435/3329/1183 375/3323/1022
f 375/3323/1022 435/3329/1183 1857/3338/1184 1775/3330/1023
f 1775/780/1023 1857/787/1184 436/781/1185 376/776/1024
f 376/776/1024 436/781/1185 1858/782/1186 1776/777/1025
f 1776/777/1025 1858/782/1186 437/790/1187 377/783/1026
f 377/783/1026 437/790/1187 1859/798/1188 1777/791/1027
f 1777/791/1027 1859/798/1188 438/806/1189 378/799/1028
f 378/799/1028 438/806/1189 1860/815/1190 1778/807/1029
f 1778/3471/1029 1860/3472/1190 439/3473/1191 379/3474/1030
f 379/3474/1030 439/3473/1191 440/3477/1192 380/3478/1031
f 380/3478/1031 440/3477/1192 1861/3484/1193 1779/3485/1032
f 1779/985/1032 1861/986/1193 441/982/1194 381/981/1033
f 381/981/1033 441/982/1194 442/983/1195 382/984/1034
f 382/984/1034 442/983/1195 443/989/1196 383/990/1035
f 383/3638/1035 443/3630/1196 444/3631/1197 384/3639/1036
f 384/3639/1036 444/3631/1197 1862/3637/1198 1780/3645/1037
f 1780/3645/1037 1862/3637/1198 445/3644/1199 385/3652/1038
f 385/3652/1038 445/3644/1199 1863/3651/1200 1781/3655/1039
f 1781/6493/1039 1863/6494/1200 446/6495/1201 386/6496/1040
f 386/6496/1040 446/6495/1201 447/6497/1202 387/6498/1041
f 387/6498/1041 447/6497/1202 1864/6499/1203 1782/6500/1042
f 1782/6500/1042 1864/6499/1203 1865/6501/1204 1783/6502/1043
f 1783/3350/1043 1865/3353/1204 1866/3354/1205 1784/3351/1044
f 1784/1022/1044 1866/1023/1205 448/1017/1206 388/1016/1045
f 388/1016/1045 448/1017/1206 1867/1013/1207 1785/1012/1046
f 1785/1012/1046 1867/1013/1207 449/1014/1208 389/1015/1047
f 389/1015/1047 449/1014/1208 450/1018/1209 390/1019/1048
f 390/3503/1048 450/3504/1209 1868/3505/1210 1786/3506/1049
f 1786/3506/1049 1868/3505/1210 1869/3509/1211 1787/3510/1050
f 1787/1032/1050 1869/1033/1211 1870/1029/1212 1788/1028/1051
f 1788/1028/1051 1870/1029/1212 451/1030/1213 391/1031/1052
f 391/1031/1052 451/1030/1213 1871/1036/1214 1789/1037/1053
f 1789/1037/1053 1871/1036/1214 452/1042/1215 392/1043/1054
f 392/1043/1054 452/1042/1215 1872/1047/1216 1790/1048/1055
f 1790/1048/1055 1872/1047/1216 453/1053/1217 393/1054/1056
f 393/6518/1056 453/6519/1217 1873/6520/1218 1791/6521/1057
f 1791/6521/1057 1873/6520/1218 454/6522/1219 394/6523/1058
f 394/6523/1058 454/6522/1219 1874/6524/1220 1792/6525/1059
f 1792/6525/1059 1874/6524/1220 455/6526/1221 395/6527/1060
f 395/6527/1060 455/6526/1221 1875/6528/1222 1793/6529/1061
f 1793/6529/1061 1875/6528/1222 456/6530/1223 396/6531/1062
f 396/6531/1062 456/6530/1223 1876/6534/1224 1794/6535/1063
f 1794/6535/1063 1876/6534/1224 457/6537/1225 397/6538/1064
f 397/3361/1064 457/3364/1225 1877/3365/1226 1795/3362/1065
f 1795/3362/1065 1877/3365/1226 458/3368/1227 398/3366/1067
f 398/3366/1067 458/3368/1227 1878/3373/1228 1798/3369/1071
f 1798/6554/1071 1878/6547/1228 459/6549/1229 399/6555/1073
f 399/6555/1073 459/6549/1229 1879/6553/1230 1801/6559/1077
f 1801/827/1077 1879/832/1230 460/833/1231 400/828/1079
f 400/828/1079 460/833/1231 1880/839/1232 1804/834/1083
f 1804/834/1083 1880/839/1232 461/846/1233 401/840/1085
f 401/840/1085 461/846/1233 1881/854/1234 1809/847/1093
f 1809/847/1093 1881/854/1234 462/863/1235 402/855/1094
f 402/3417/1094 462/3425/1235 1882/3418/1236 1812/3409/1099
f 1812/3409/1099 1882/3418/1236 463/3419/1237 403/3410/1100
f 403/3410/1100 463/3419/1237 1883/3428/1238 1815/3420/1105
f 1815/898/1105 1883/906/1238 464/899/1239 404/888/1106
f 404/888/1106 464/899/1239 1884/889/1240 1818/880/1111
f 1818/880/1111 1884/889/1240 465/890/1241 405/881/1112
f 405/881/1112 465/890/1241 1885/902/1242 1886/891/1243
f 1886/891/1243 1885/902/1242 466/911/1244 406/903/1245
f 1886/891/1243 406/903/1245 771/892/1246 1887/882/1247
f 405/881/1112 1886/891/1243 1887/882/1247 770/877/1108
f 406/903/1245 466/911/1244 1888/920/1248 1889/912/1249
f 1889/3519/1249 1888/3520/1248 467/3521/1250 407/3522/1251
f 1889/3519/1249 407/3522/1251 772/3527/1252 1890/3528/1253
f 406/903/1245 1889/912/1249 1890/913/1253 771/892/1246
f 407/3522/1251 467/3521/1250 1891/3525/1254 1892/3526/1255
f 1892/3526/1255 1891/3525/1254 468/3532/1256 1894/3533/1257
f 1892/3526/1255 1894/3533/1257 1895/3541/1258 1893/3534/1259
f 407/3522/1251 1892/3526/1255 1893/3534/1259 772/3527/1252
f 1894/1059/1257 468/1060/1256 469/1061/1260 408/1062/1261
f 1894/1059/1257 408/1062/1261 773/1067/1262 1895/1068/1258
f 408/1062/1261 1896/1066/1263 774/1074/1264 773/1067/1262
f 408/1062/1261 469/1061/1260 1897/1065/1265 1896/1066/1263
f 1896/1066/1263 1898/1073/1266 775/1079/1267 774/1074/1264
f 1896/1066/1263 1897/1065/1265 1899/1072/1268 1898/1073/1266
f 1898/3558/1266 1900/3561/1269 1902/3564/1270 775/3565/1267
f 1898/3558/1266 1899/3559/1268 1901/3560/1271 1900/3561/1269
f 1900/6576/1269 2001/6577/1272 776/6578/1273 1902/6579/1270
f 1900/1206/1269 1901/1200/1271 2000/1197/1274 2001/1204/1272
f 409/178/1275 2100/179/1276 2099/168/1277 1904/167/1278
f 2100/179/1276 634/192/1279 1903/180/1280 2099/168/1277
f 2099/168/1277 1903/180/1280 1471/170/475 1475/162/479
f 1904/167/1278 2099/168/1277 1475/162/479 1474/161/481
f 409/178/1275 622/190/1281 1905/191/1282 2100/179/1276
f 2100/179/1276 1905/191/1282 891/201/1283 634/192/1279
f 1906/189/1284 410/199/1285 623/208/1286 1907/200/1287
f 409/178/1275 1906/189/1284 1907/200/1287 622/190/1281
f 409/178/1275 1904/167/1278 2101/177/1288 1906/189/1284
f 1904/167/1278 1474/161/481 1479/166/487 2101/177/1288
f 2101/177/1288 1479/166/487 1478/176/489 1908/188/1289
f 1906/189/1284 2101/177/1288 1908/188/1289 410/199/1285
f 1909/207/1290 411/214/1291 624/222/1292 1910/215/1293
f 410/199/1285 1909/207/1290 1910/215/1293 623/208/1286
f 410/199/1285 1908/188/1289 2102/198/1294 1909/207/1290
f 1908/188/1289 1478/176/489 1484/187/495 2102/198/1294
f 2102/198/1294 1484/187/495 1483/197/497 1911/206/1295
f 1909/207/1290 2102/198/1294 1911/206/1295 411/214/1291
f 1912/221/1296 412/224/1297 625/226/1298 1913/225/1299
f 411/214/1291 1912/221/1296 1913/225/1299 624/222/1292
f 411/214/1291 1911/206/1295 2103/213/1300 1912/221/1296
f 1911/206/1295 1483/197/497 1488/205/503 2103/213/1300
f 2103/213/1300 1488/205/503 1487/212/505 1914/220/1301
f 1912/221/1296 2103/213/1300 1914/220/1301 412/224/1297
f 412/2872/1297 1915/2873/1302 626/2875/1303 625/2876/1298
f 412/2872/1297 1914/2869/1301 1916/2870/1304 1915/2873/1302
f 1914/2869/1301 1487/2864/505 808/2865/1305 1916/2870/1304
f 1917/6615/1306 413/6616/1307 1920/6617/1308 1918/6618/1309
f 1915/2873/1302 1917/2874/1306 1918/2879/1309 626/2875/1303
f 1915/2873/1302 1916/2870/1304 2104/2871/1310 1917/2874/1306
f 1916/2870/1304 808/2865/1305 2151/2868/1311 2104/2871/1310
f 2104/266/1310 2151/260/1311 809/252/1312 1919/261/1313
f 1917/2874/1306 2104/2871/1310 1919/2877/1313 413/2878/1307
f 413/6616/1307 414/6619/1314 627/6620/1315 1920/6617/1308
f 1919/261/1313 809/252/1312 810/253/1316 1921/262/1317
f 413/267/1307 1919/261/1313 1921/262/1317 414/268/1314
f 414/268/1314 1921/262/1317 1922/265/1318 415/271/1319
f 1921/262/1317 810/253/1316 811/259/1320 1922/265/1318
f 414/6619/1314 415/6621/1319 628/6622/1321 627/6620/1315
f 415/271/1319 1922/265/1318 2105/270/1322 1924/273/1323
f 1922/265/1318 811/259/1320 2152/264/1324 2105/270/1322
f 2105/270/1322 2152/264/1324 812/269/1325 1923/272/1326
f 1924/6623/1323 2105/6627/1322 1923/6628/1326 416/6625/1327
f 1924/6623/1323 416/6625/1327 629/6626/1328 1925/6624/1329
f 415/6621/1319 1924/6623/1323 1925/6624/1329 628/6622/1321
f 416/6625/1327 1923/6628/1326 2106/6631/1330 1927/6629/1331
f 1923/2913/1326 812/2906/1325 2153/2907/1332 2106/2914/1330
f 2106/2914/1330 2153/2907/1332 813/2912/1333 1926/2920/1334
f 1927/6629/1331 2106/6631/1330 1926/6634/1334 417/6632/1335
f 1927/6629/1331 417/6632/1335 630/6633/1336 1928/6630/1337
f 416/6625/1327 1927/6629/1331 1928/6630/1337 629/6626/1328
f 417/6632/1335 1926/6634/1334 2107/6635/1338 1930/6636/1339
f 1926/2920/1334 813/2912/1333 2154/2919/1340 2107/2922/1338
f 2107/2922/1338 2154/2919/1340 814/2921/1341 1929/2925/1342
f 1930/6636/1339 2107/6635/1338 1929/6637/1342 418/6638/1343
f 1930/3880/1339 418/3884/1343 631/3881/1344 1931/3876/1345
f 417/3879/1335 1930/3880/1339 1931/3876/1345 630/3871/1336
f 418/6638/1343 1929/6637/1342 2108/6639/1346 1933/6640/1347
f 1929/6637/1342 814/6641/1341 2155/6642/1348 2108/6639/1346
f 2108/6639/1346 2155/6642/1348 815/6645/1349 1932/6643/1350
f 1933/6640/1347 2108/6639/1346 1932/6643/1350 1819/6644/1118
f 1933/937/1347 1819/932/1118 1822/931/1117 1934/938/1351
f 418/943/1343 1933/937/1347 1934/938/1351 631/944/1344
f 1819/6644/1118 1932/6643/1350 2109/6646/1352 1820/6647/1115
f 1932/6643/1350 815/6645/1349 2156/6648/1353 2109/6646/1352
f 2109/6646/1352 2156/6648/1353 816/6651/1354 1935/6649/1355
f 1820/6647/1115 2109/6646/1352 1935/6649/1355 419/6650/1116
f 419/6253/1116 1935/6251/1355 2110/6249/1356 1825/6254/1126
f 1935/6251/1355 816/6252/1354 2269/6250/1357 2110/6249/1356
f 2110/6249/1356 2269/6250/1357 1201/6245/1358 1936/6247/1359
f 1825/3462/1126 2110/3463/1356 1936/3454/1359 420/3453/1127
f 420/3453/1127 1936/3454/1359 2111/3449/1360 1828/3446/1132
f 1936/6247/1359 1201/6245/1358 2270/6243/1361 2111/6248/1360
f 2111/3449/1360 2270/3455/1361 1202/3456/1362 1937/3450/1363
f 1828/3446/1132 2111/3449/1360 1937/3450/1363 421/3447/1133
f 421/3447/1133 1937/3450/1363 2112/3457/1364 1831/3451/1138
f 1937/3450/1363 1202/3456/1362 2271/3464/1365 2112/3457/1364
f 2112/3457/1364 2271/3464/1365 1203/3469/1366 1938/3465/1367
f 1831/3451/1138 2112/3457/1364 1938/3465/1367 422/3458/1139
f 422/975/1139 1938/976/1367 2113/969/1368 1834/962/1144
f 1938/976/1367 1203/980/1366 2272/977/1369 2113/969/1368
f 2113/969/1368 2272/977/1369 1204/970/1370 1939/963/1371
f 1834/962/1144 2113/969/1368 1939/963/1371 423/956/1145
f 423/956/1145 1939/963/1371 2114/957/1372 1837/952/1150
f 1939/963/1371 1204/970/1370 2273/964/1373 2114/957/1372
f 2114/957/1372 2273/964/1373 1205/965/1374 1940/958/1375
f 1837/952/1150 2114/957/1372 1940/958/1375 424/953/1151
f 424/953/1151 1940/958/1375 2115/966/1376 1840/959/1156
f 1940/958/1375 1205/965/1374 2274/971/1377 2115/966/1376
f 2115/966/1376 2274/971/1377 1206/978/1378 1941/972/1379
f 1840/959/1156 2115/966/1376 1941/972/1379 425/967/1157
f 1941/3574/1379 1206/3575/1378 1207/3576/1380 1942/3577/1381
f 425/967/1157 1941/972/1379 1942/979/1381 426/973/1158
f 1942/3577/1381 1207/3576/1380 1208/3580/1382 1943/3581/1383
f 426/3585/1158 1942/3577/1381 1943/3581/1383 427/3586/1161
f 1943/1093/1383 1208/1094/1382 1209/1090/1384 1944/1089/1385
f 427/3586/1161 1943/3581/1383 1944/3587/1385 428/3588/1164
f 428/1099/1164 1944/1089/1385 1945/1092/1386 1847/1100/1167
f 1944/1089/1385 1209/1090/1384 1211/1091/1387 1945/1092/1386
f 1847/1100/1167 1945/1092/1386 1946/1098/1388 1848/1107/1168
f 1945/1092/1386 1211/1091/1387 1213/1097/1389 1946/1098/1388
f 1848/1107/1168 1946/1098/1388 2116/1106/1390 1849/1109/1169
f 1946/1098/1388 1213/1097/1389 2275/1105/1391 2116/1106/1390
f 2116/3592/1390 2275/3593/1391 1215/3594/1392 1947/3595/1393
f 1849/3600/1169 2116/3592/1390 1947/3595/1393 429/3601/1170
f 429/3601/1170 1947/3595/1393 2117/3599/1394 1850/3609/1171
f 1947/3595/1393 1215/3594/1392 2276/3598/1395 2117/3599/1394
f 2117/3599/1394 2276/3598/1395 1217/3607/1396 1948/3608/1397
f 1850/3609/1171 2117/3599/1394 1948/3608/1397 430/3617/1172
f 1948/3608/1397 1217/3607/1396 1218/3615/1398 1949/3616/1399
f 430/6652/1172 1948/6653/1397 1949/6654/1399 431/6655/1173
f 431/6655/1173 1949/6654/1399 1950/6656/1400 1851/6657/1174
f 1949/6654/1399 1218/6658/1398 1220/6659/1401 1950/6656/1400
f 1851/3301/1174 1950/3308/1400 2118/3302/1402 1852/3294/1175
f 1950/6656/1400 1220/6659/1401 2277/6660/1403 2118/6661/1402
f 2118/6661/1402 2277/6660/1403 1222/6662/1404 1951/6663/1405
f 1852/3294/1175 2118/3302/1402 1951/3303/1405 432/3295/1176
f 432/3295/1176 1951/3303/1405 1952/3309/1406 1853/3304/1177
f 1951/6663/1405 1222/6662/1404 1224/6666/1407 1952/6667/1406
f 1853/3304/1177 1952/3309/1406 1953/3315/1408 1854/3316/1178
f 1952/6667/1406 1224/6666/1407 1226/6669/1409 1953/6670/1408
f 1854/745/1178 1953/753/1408 2119/754/1410 1855/746/1179
f 1953/753/1408 1226/762/1409 2278/763/1411 2119/754/1410
f 2119/754/1410 2278/763/1411 1228/770/1412 1954/764/1413
f 1855/746/1179 2119/754/1410 1954/764/1413 433/755/1180
f 433/755/1180 1954/764/1413 2120/771/1414 1856/765/1181
f 1954/764/1413 1228/770/1412 2279/774/1415 2120/771/1414
f 2120/3327/1414 2279/3335/1415 1230/3336/1416 1955/3328/1417
f 1856/3321/1181 2120/3327/1414 1955/3328/1417 434/3322/1182
f 1955/3328/1417 1230/3336/1416 1231/3342/1418 1956/3337/1419
f 434/3322/1182 1955/3328/1417 1956/3337/1419 435/3329/1183
f 435/3329/1183 1956/3337/1419 2121/3343/1420 1857/3338/1184
f 1956/3337/1419 1231/3342/1418 2280/3347/1421 2121/3343/1420
f 2121/794/1420 2280/801/1421 1233/795/1422 1957/788/1423
f 1857/787/1184 2121/794/1420 1957/788/1423 436/781/1185
f 436/781/1185 1957/788/1423 2122/789/1424 1858/782/1186
f 1957/788/1423 1233/795/1422 2281/796/1425 2122/789/1424
f 2122/789/1424 2281/796/1425 1235/804/1426 1958/797/1427
f 1858/782/1186 2122/789/1424 1958/797/1427 437/790/1187
f 437/790/1187 1958/797/1427 2123/805/1428 1859/798/1188
f 1958/797/1427 1235/804/1426 2282/813/1429 2123/805/1428
f 2123/805/1428 2282/813/1429 1237/818/1430 1959/814/1431
f 1859/798/1188 2123/805/1428 1959/814/1431 438/806/1189
f 438/806/1189 1959/814/1431 2124/819/1432 1860/815/1190
f 1959/814/1431 1237/818/1430 2283/822/1433 2124/819/1432
f 2124/3475/1432 2283/3481/1433 1239/3482/1434 1960/3476/1435
f 1860/3472/1190 2124/3475/1432 1960/3476/1435 439/3473/1191
f 1960/3476/1435 1239/3482/1434 1240/3489/1436 1961/3483/1437
f 439/3473/1191 1960/3476/1435 1961/3483/1437 440/3477/1192
f 440/3477/1192 1961/3483/1437 2125/3490/1438 1861/3484/1193
f 1961/3483/1437 1240/3489/1436 2284/3495/1439 2125/3490/1438
f 2125/991/1438 2284/995/1439 1242/992/1440 1962/987/1441
f 1861/986/1193 2125/991/1438 1962/987/1441 441/982/1194
f 1962/987/1441 1242/992/1440 1243/993/1442 1963/988/1443
f 441/982/1194 1962/987/1441 1963/988/1443 442/983/1195
f 1963/988/1443 1243/993/1442 1244/998/1444 1964/994/1445
f 442/983/1195 1963/988/1443 1964/994/1445 443/989/1196
f 1964/3622/1445 1244/3623/1444 1245/3624/1446 1965/3625/1447
f 443/3630/1196 1964/3622/1445 1965/3625/1447 444/3631/1197
f 444/3631/1197 1965/3625/1447 2126/3629/1448 1862/3637/1198
f 1965/3625/1447 1245/3624/1446 2285/3628/1449 2126/3629/1448
f 2126/3629/1448 2285/3628/1449 1247/3635/1450 1966/3636/1451
f 1862/3637/1198 2126/3629/1448 1966/3636/1451 445/3644/1199
f 445/3644/1199 1966/3636/1451 2127/3650/1452 1863/3651/1200
f 1966/1122/1451 1247/1123/1450 2286/1115/1453 2127/1114/1452
f 2127/1114/1452 2286/1115/1453 1249/1111/1454 1967/1110/1455
f 1863/1125/1200 2127/1114/1452 1967/1110/1455 446/1120/1201
f 1967/1110/1455 1249/1111/1454 1250/1112/1456 1968/1113/1457
f 446/1120/1201 1967/1110/1455 1968/1113/1457 447/1121/1202
f 447/1121/1202 1968/1113/1457 1969/1119/1458 1864/1131/1203
f 1968/1113/1457 1250/1112/1456 1252/1118/1459 1969/1119/1458
f 1864/6499/1203 1969/6503/1458 1970/6504/1460 1865/6501/1204
f 1969/1119/1458 1252/1118/1459 1254/1129/1461 1970/1130/1460
f 1865/6501/1204 1970/6504/1460 2128/6505/1462 1866/6506/1205
f 1970/3154/1460 1254/3149/1461 2287/3147/1463 2128/3152/1462
f 2128/3152/1462 2287/3147/1463 1256/3148/1464 1971/3153/1465
f 1866/6506/1205 2128/6505/1462 1971/6507/1465 448/6508/1206
f 448/6508/1206 1971/6507/1465 2129/6509/1466 1867/6510/1207
f 1971/6507/1465 1256/6511/1464 2288/6512/1467 2129/6509/1466
f 2129/6509/1466 2288/6512/1467 1258/6515/1468 1972/6513/1469
f 1867/6510/1207 2129/6509/1466 1972/6513/1469 449/6514/1208
f 1972/6513/1469 1258/6515/1468 1259/6516/1470 1973/6517/1471
f 449/3511/1208 1972/3512/1469 1973/3507/1471 450/3504/1209
f 450/3504/1209 1973/3507/1471 1974/3508/1472 1868/3505/1210
f 1973/3507/1471 1259/3513/1470 1261/3514/1473 1974/3508/1472
f 1868/3505/1210 1974/3508/1472 1975/3515/1474 1869/3509/1211
f 1974/3508/1472 1261/3514/1473 1263/3518/1475 1975/3515/1474
f 1869/1033/1211 1975/1038/1474 2130/1034/1476 1870/1029/1212
f 1975/1038/1474 1263/1044/1475 2289/1039/1477 2130/1034/1476
f 2130/1034/1476 2289/1039/1477 1265/1040/1478 1976/1035/1479
f 1870/1029/1212 2130/1034/1476 1976/1035/1479 451/1030/1213
f 451/1030/1213 1976/1035/1479 2131/1041/1480 1871/1036/1214
f 1976/1035/1479 1265/1040/1478 2290/1045/1481 2131/1041/1480
f 2131/1041/1480 2290/1045/1481 1267/1051/1482 1977/1046/1483
f 1871/1036/1214 2131/1041/1480 1977/1046/1483 452/1042/1215
f 452/1042/1215 1977/1046/1483 2132/1052/1484 1872/1047/1216
f 1977/1046/1483 1267/1051/1482 2291/1056/1485 2132/1052/1484
f 2132/1052/1484 2291/1056/1485 1269/1058/1486 1978/1057/1487
f 1872/1047/1216 2132/1052/1484 1978/1057/1487 453/1053/1217
f 453/3659/1217 1978/3660/1487 2133/3661/1488 1873/3662/1218
f 1978/3660/1487 1269/3663/1486 2292/3664/1489 2133/3661/1488
f 2133/3661/1488 2292/3664/1489 1271/3669/1490 1979/3665/1491
f 1873/3662/1218 2133/3661/1488 1979/3665/1491 454/3666/1219
f 454/3666/1219 1979/3665/1491 2134/3670/1492 1874/3671/1220
f 1979/3665/1491 1271/3669/1490 2293/3675/1493 2134/3670/1492
f 2134/1167/1492 2293/1168/1493 1273/1162/1494 1980/1161/1495
f 1874/3671/1220 2134/3670/1492 1980/3676/1495 455/3677/1221
f 455/3677/1221 1980/3676/1495 2135/3680/1496 1875/3681/1222
f 1980/1161/1495 1273/1162/1494 2294/1158/1497 2135/1157/1496
f 2135/1157/1496 2294/1158/1497 1275/1159/1498 1981/1160/1499
f 1875/6528/1222 2135/6532/1496 1981/6533/1499 456/6530/1223
f 456/6530/1223 1981/6533/1499 2136/6536/1500 1876/6534/1224
f 1981/1160/1499 1275/1159/1498 2295/1165/1501 2136/1166/1500
f 2136/1166/1500 2295/1165/1501 1277/1173/1502 1982/1174/1503
f 1876/6534/1224 2136/6536/1500 1982/6539/1503 457/6537/1225
f 457/6537/1225 1982/6539/1503 2137/6540/1504 1877/6541/1226
f 1982/1174/1503 1277/1173/1502 2296/1181/1505 2137/1182/1504
f 2137/6540/1504 2296/6544/1505 1279/6545/1506 1983/6542/1507
f 1877/6541/1226 2137/6540/1504 1983/6542/1507 458/6543/1227
f 458/6543/1227 1983/6542/1507 2138/6546/1508 1878/6547/1228
f 1983/3908/1507 1279/3896/1506 2297/3900/1509 2138/3909/1508
f 2138/6546/1508 2297/6550/1509 1281/6551/1510 1984/6548/1511
f 1878/6547/1228 2138/6546/1508 1984/6548/1511 459/6549/1229
f 459/6549/1229 1984/6548/1511 2139/6552/1512 1879/6553/1230
f 1984/6548/1511 1281/6551/1510 2298/6556/1513 2139/6552/1512
f 2139/6552/1512 2298/6556/1513 1283/6560/1514 1985/6557/1515
f 1879/6553/1230 2139/6552/1512 1985/6557/1515 460/6558/1231
f 460/6558/1231 1985/6557/1515 2140/6561/1516 1880/6562/1232
f 1985/6557/1515 1283/6560/1514 2299/6563/1517 2140/6561/1516
f 2140/6561/1516 2299/6563/1517 1285/6566/1518 1986/6564/1519
f 1880/6562/1232 2140/6561/1516 1986/6564/1519 461/6565/1233
f 461/6565/1233 1986/6564/1519 2141/6567/1520 1881/6568/1234
f 1986/6564/1519 1285/6566/1518 2300/6569/1521 2141/6567/1520
f 2141/6567/1520 2300/6569/1521 1287/6570/1522 1987/6571/1523
f 1881/3441/1234 2141/3442/1520 1987/3435/1523 462/3425/1235
f 462/3425/1235 1987/3435/1523 2142/3426/1524 1882/3418/1236
f 1987/6571/1523 1287/6570/1522 2301/6574/1525 2142/6575/1524
f 2142/3426/1524 2301/3436/1525 1288/3437/1526 1988/3427/1527
f 1882/3418/1236 2142/3426/1524 1988/3427/1527 463/3419/1237
f 463/3419/1237 1988/3427/1527 2143/3438/1528 1883/3428/1238
f 1988/3427/1527 1288/3437/1526 2302/3443/1529 2143/3438/1528
f 2143/6691/1528 2302/6692/1529 1289/6693/1530 1989/6694/1531
f 1883/906/1238 2143/914/1528 1989/907/1531 464/899/1239
f 464/899/1239 1989/907/1531 2144/900/1532 1884/889/1240
f 1989/907/1531 1289/915/1530 2303/908/1533 2144/900/1532
f 2144/900/1532 2303/908/1533 1290/909/1534 1990/901/1535
f 1884/889/1240 2144/900/1532 1990/901/1535 465/890/1241
f 465/890/1241 1990/901/1535 2145/910/1536 1885/902/1242
f 1990/901/1535 1290/909/1534 2304/918/1537 2145/910/1536
f 2145/910/1536 2304/918/1537 1291/922/1538 1991/919/1539
f 1885/902/1242 2145/910/1536 1991/919/1539 466/911/1244
f 466/911/1244 1991/919/1539 2146/923/1540 1888/920/1248
f 1991/919/1539 1291/922/1538 2305/924/1541 2146/923/1540
f 2146/3523/1540 2305/3529/1541 1292/3530/1542 1992/3524/1543
f 1888/3520/1248 2146/3523/1540 1992/3524/1543 467/3521/1250
f 467/3521/1250 1992/3524/1543 2147/3531/1544 1891/3525/1254
f 1992/3524/1543 1292/3530/1542 2306/3539/1545 2147/3531/1544
f 2147/3531/1544 2306/3539/1545 1293/3552/1546 1993/3540/1547
f 1891/3525/1254 2147/3531/1544 1993/3540/1547 468/3532/1256
f 1993/1063/1547 1293/1069/1546 1294/1070/1548 1994/1064/1549
f 468/1060/1256 1993/1063/1547 1994/1064/1549 469/1061/1260
f 469/1061/1260 1994/1064/1549 1995/1071/1550 1897/1065/1265
f 1994/1064/1549 1294/1070/1548 1295/1077/1551 1995/1071/1550
f 1897/1065/1265 1995/1071/1550 1996/1078/1552 1899/1072/1268
f 1995/1071/1550 1295/1077/1551 1296/1085/1553 1996/1078/1552
f 1899/3559/1268 1996/3562/1552 1998/3563/1554 1901/3560/1271
f 1996/3562/1552 1296/3566/1553 1997/3567/1555 1998/3563/1554
f 1998/1193/1554 1997/1194/1555 638/1190/1556 1999/1189/1557
f 1901/1200/1271 1998/1193/1554 1999/1189/1557 2000/1197/1274
f 1999/1189/1557 638/1190/1556 1005/1191/1558 2002/1192/1559
f 2000/1197/1274 1999/1189/1557 2002/1192/1559 470/1198/1560
f 2000/1197/1274 470/1198/1560 778/1203/1561 2001/1204/1272
f 470/3682/1560 2002/3683/1559 2003/3684/1562 471/3685/1563
f 2002/3683/1559 1005/3686/1558 1008/3687/1564 2003/3684/1562
f 470/3682/1560 471/3685/1563 779/3688/1565 778/3689/1561
f 471/1216/1563 2003/1217/1562 2004/1213/1566 472/1212/1567
f 2003/1217/1562 1008/1224/1564 1011/1218/1568 2004/1213/1566
f 471/3685/1563 472/3692/1567 780/3693/1569 779/3688/1565
f 472/1212/1567 2005/1215/1570 2008/1222/1571 780/1223/1569
f 472/1212/1567 2004/1213/1566 2007/1214/1572 2005/1215/1570
f 2004/1213/1566 1011/1218/1568 2006/1219/1573 2007/1214/1572
f 2005/1215/1570 473/1221/1574 2010/1228/1575 2008/1222/1571
f 2007/1214/1572 2006/1219/1573 639/1227/1576 2009/1220/1577
f 2005/1215/1570 2007/1214/1572 2009/1220/1577 473/1221/1574
f 473/3709/1574 474/3710/1578 2012/3715/1579 2010/3716/1575
f 2009/3703/1577 639/3704/1576 1019/3705/1580 2011/3706/1581
f 473/3709/1574 2009/3703/1577 2011/3706/1581 474/3710/1578
f 474/6736/1578 997/6737/1582 1433/6738/1583 2012/6739/1579
f 2011/1352/1581 1019/1343/1580 995/1338/1584 2013/1342/1585
f 474/3710/1578 2011/3706/1581 2013/3713/1585 997/3714/1582
f 2014/139/461 1463/138/460 2149/147/1586 2148/148/1587
f 2148/148/1587 2149/147/1586 804/152/1588 803/153/1589
f 1463/138/460 1465/146/463 805/151/1590 2149/147/1586
f 2149/147/1586 805/151/1590 632/155/1591 804/152/1588
f 1465/2821/463 1468/2820/467 2150/2826/1592 805/2827/1590
f 1468/2820/467 1467/2825/469 806/2833/1593 2150/2826/1592
f 2150/2826/1592 806/2833/1593 633/2841/1594 807/2834/1595
f 805/2827/1590 2150/2826/1592 807/2834/1595 632/2835/1591
f 1467/2825/469 1471/2832/475 1903/2840/1280 806/2833/1593
f 806/2833/1593 1903/2840/1280 634/2845/1279 633/2841/1594
f 1487/2864/505 640/2859/504 641/2858/520 808/2865/1305
f 808/2865/1305 641/2858/520 1500/2863/528 2151/2868/1311
f 2151/260/1311 1500/254/528 1503/242/527 809/252/1312
f 809/252/1312 1503/242/527 642/241/532 810/253/1316
f 810/253/1316 642/241/532 643/251/536 811/259/1320
f 811/259/1320 643/251/536 1510/258/544 2152/264/1324
f 2152/264/1324 1510/258/544 644/263/543 812/269/1325
f 812/2906/1325 644/2897/543 1514/2896/552 2153/2907/1332
f 2153/2907/1332 1514/2896/552 645/2905/551 813/2912/1333
f 813/2912/1333 645/2905/551 1517/2911/560 2154/2919/1340
f 2154/2919/1340 1517/2911/560 646/2918/559 814/2921/1341
f 814/2921/1341 646/2918/559 1520/2923/568 2155/2924/1348
f 2155/293/1348 1520/283/568 647/282/567 815/294/1349
f 815/294/1349 647/282/567 1523/292/576 2156/304/1353
f 2156/304/1353 1523/292/576 648/303/575 816/314/1354
f 1642/3094/773 2074/3104/445 1455/3111/444 2157/3105/1596
f 2157/3105/1596 1455/3111/444 1454/3117/443 728/3112/450
f 1642/3094/773 2157/3105/1596 817/3095/1597 1644/3085/777
f 2157/3105/1596 728/3112/450 729/3106/752 817/3095/1597
f 1644/3085/777 817/3095/1597 1633/3096/758 1645/3086/757
f 817/3095/1597 729/3106/752 801/3107/754 1633/3096/758
f 475/1243/1598 476/1244/1599 2159/1245/1600 2158/1246/1601
f 2158/1246/1601 2159/1245/1600 821/1251/1602 819/1252/1603
f 818/1247/1604 487/1254/1605 488/1255/1606 820/1248/1607
f 475/1243/1598 818/1247/1604 820/1248/1607 476/1244/1599
f 476/1244/1599 477/1249/1608 823/1250/1609 2159/1245/1600
f 2159/1245/1600 823/1250/1609 512/1257/1610 821/1251/1602
f 820/1248/1607 488/1255/1606 489/1264/1611 822/1256/1612
f 476/1244/1599 820/1248/1607 822/1256/1612 477/1249/1608
f 477/3727/1608 824/3728/1613 2160/3729/1614 823/3730/1609
f 824/3728/1613 478/3733/1615 825/3734/1616 2160/3729/1614
f 2160/3729/1614 825/3734/1616 513/3742/1617 826/3735/1618
f 823/3730/1609 2160/3729/1614 826/3735/1618 512/3736/1610
f 477/3727/1608 822/3731/1612 2161/3732/1619 824/3728/1613
f 822/3731/1612 489/3737/1611 827/3738/1620 2161/3732/1619
f 2161/3732/1619 827/3738/1620 490/3747/1621 828/3739/1622
f 824/3728/1613 2161/3732/1619 828/3739/1622 478/3733/1615
f 478/3733/1615 829/3740/1623 830/3741/1624 825/3734/1616
f 825/3734/1616 830/3741/1624 514/3749/1625 513/3742/1617
f 478/3733/1615 828/3739/1622 832/3748/1626 829/3740/1623
f 828/3739/1622 490/3747/1621 831/3752/1627 832/3748/1626
f 829/1281/1623 833/1278/1628 2162/1287/1629 830/1288/1624
f 833/1278/1628 479/1279/1630 834/1286/1631 2162/1287/1629
f 2162/1287/1629 834/1286/1631 515/1294/1632 835/1295/1633
f 830/1288/1624 2162/1287/1629 835/1295/1633 514/1296/1625
f 829/1281/1623 832/1272/1626 2163/1268/1634 833/1278/1628
f 832/1272/1626 831/1273/1627 836/1269/1635 2163/1268/1634
f 2163/1268/1634 836/1269/1635 491/1270/1636 837/1271/1637
f 833/1278/1628 2163/1268/1634 837/1271/1637 479/1279/1630
f 479/1279/1630 838/1285/1638 2164/1293/1639 834/1286/1631
f 838/1285/1638 480/1292/1640 839/1301/1641 2164/1293/1639
f 2164/1293/1639 839/1301/1641 516/1308/1642 840/1302/1643
f 834/1286/1631 2164/1293/1639 840/1302/1643 515/1294/1632
f 479/1279/1630 837/1271/1637 2165/1277/1644 838/1285/1638
f 837/1271/1637 491/1270/1636 841/1276/1645 2165/1277/1644
f 2165/1277/1644 841/1276/1645 492/1283/1646 842/1284/1647
f 838/1285/1638 2165/1277/1644 842/1284/1647 480/1292/1640
f 480/1292/1640 842/1284/1647 2166/1291/1648 845/1300/1649
f 842/1284/1647 492/1283/1646 843/1290/1650 2166/1291/1648
f 2166/1291/1648 843/1290/1650 493/1298/1651 844/1299/1652
f 845/1300/1649 2166/1291/1648 844/1299/1652 481/1306/1653
f 480/1292/1640 845/1300/1649 2167/1307/1654 839/1301/1641
f 845/1300/1649 481/1306/1653 846/1313/1655 2167/1307/1654
f 2167/1307/1654 846/1313/1655 517/1317/1656 847/1314/1657
f 839/1301/1641 2167/1307/1654 847/1314/1657 516/1308/1642
f 481/1306/1653 844/1299/1652 2168/1305/1658 850/1312/1659
f 844/1299/1652 493/1298/1651 848/1304/1660 2168/1305/1658
f 2168/1305/1658 848/1304/1660 494/1310/1661 849/1311/1662
f 850/1312/1659 2168/1305/1658 849/1311/1662 482/1315/1663
f 481/1306/1653 850/1312/1659 2169/1316/1664 846/1313/1655
f 850/1312/1659 482/1315/1663 851/1318/1665 2169/1316/1664
f 2169/6142/1664 851/6149/1665 518/6143/1666 852/6137/1667
f 846/6141/1655 2169/6142/1664 852/6137/1667 517/6133/1656
f 482/3755/1663 849/3756/1662 854/3757/1668 483/3758/1669
f 849/3756/1662 494/3759/1661 853/3760/1670 854/3757/1668
f 482/3755/1663 483/3758/1669 855/3763/1671 851/3764/1665
f 851/6149/1665 855/6154/1671 519/6150/1672 518/6143/1666
f 483/3758/1669 854/3757/1668 2170/3761/1673 858/3762/1674
f 854/3757/1668 853/3760/1670 856/3767/1675 2170/3761/1673
f 2170/3761/1673 856/3767/1675 578/3775/1676 857/3768/1677
f 858/3762/1674 2170/3761/1673 857/3768/1677 861/3769/1678
f 483/6164/1669 858/6165/1674 2171/6159/1679 855/6154/1671
f 858/6165/1674 861/6169/1678 2172/6166/1680 2171/6159/1679
f 2171/6159/1679 2172/6166/1680 863/6160/1681 859/6155/1682
f 855/6154/1671 2171/6159/1679 859/6155/1682 519/6150/1672
f 857/1463/1677 578/1452/1676 579/1448/1683 860/1458/1684
f 861/3769/1678 857/3768/1677 860/3776/1684 484/3777/1685
f 861/6169/1678 484/6174/1685 862/6170/1686 2172/6166/1680
f 2172/6166/1680 862/6170/1686 520/6171/1687 863/6160/1681
f 484/1468/1685 860/1458/1684 865/1459/1688 485/1469/1689
f 860/1458/1684 579/1448/1683 864/1451/1690 865/1459/1688
f 484/6174/1685 485/6177/1689 866/6178/1691 862/6170/1686
f 862/245/1686 866/246/1691 521/237/1692 520/232/1687
f 485/6767/1689 865/6768/1688 2173/6769/1693 869/6770/1694
f 865/1459/1688 864/1451/1690 867/1457/1695 2173/1467/1693
f 2173/1467/1693 867/1457/1695 580/1466/1696 868/1474/1697
f 869/6770/1694 2173/6769/1693 868/6771/1697 486/6772/1698
f 485/6177/1689 869/6183/1694 2174/6184/1699 866/6178/1691
f 869/6183/1694 486/6187/1698 870/6188/1700 2174/6184/1699
f 2174/2899/1699 870/2890/1700 506/2884/640 871/2900/1701
f 866/246/1691 2174/255/1699 871/247/1701 521/237/1692
f 486/6187/1698 868/6195/1697 2175/6196/1702 874/6191/1703
f 868/1474/1697 580/1466/1696 872/1473/1704 2175/1475/1702
f 2175/6477/1702 872/6478/1704 581/6476/1705 873/6475/1706
f 874/6191/1703 2175/6196/1702 873/6199/1706 555/6197/1707
f 486/6187/1698 874/6191/1703 2176/6192/1708 870/6188/1700
f 874/6191/1703 555/6197/1707 875/6198/1709 2176/6192/1708
f 2176/2891/1708 875/2898/1709 507/2892/637 1550/2885/641
f 870/2890/1700 2176/2891/1708 1550/2885/641 506/2884/640
f 487/1254/1605 876/1261/1710 878/1266/1711 495/1262/1712
f 876/3779/1710 505/3780/1713 877/3781/1714 878/3782/1711
f 487/1254/1605 818/1247/1604 2177/1253/1715 876/1261/1710
f 818/1247/1604 475/1243/1598 2158/1246/1601 2177/1253/1715
f 2177/1253/1715 2158/1246/1601 819/1252/1603 879/1260/1716
f 876/3779/1710 2177/3783/1715 879/3784/1716 505/3780/1713
f 487/1254/1605 495/1262/1712 496/1263/1717 488/1255/1606
f 488/1255/1606 496/1263/1717 497/1267/1718 489/1264/1611
f 489/3737/1611 497/3745/1718 880/3746/1719 827/3738/1620
f 827/3738/1620 880/3746/1719 498/3751/1720 490/3747/1621
f 490/3747/1621 498/3751/1720 881/3754/1721 831/3752/1627
f 831/1273/1627 881/1280/1721 882/1274/1722 836/1269/1635
f 836/1269/1635 882/1274/1722 602/1275/1723 491/1270/1636
f 491/1270/1636 602/1275/1723 883/1282/1724 841/1276/1645
f 841/1276/1645 883/1282/1724 603/1289/1725 492/1283/1646
f 492/1283/1646 603/1289/1725 884/1297/1726 843/1290/1650
f 843/1290/1650 884/1297/1726 604/1303/1727 493/1298/1651
f 493/1298/1651 604/1303/1727 885/1309/1728 848/1304/1660
f 848/3770/1660 885/3771/1728 605/3765/1729 494/3759/1661
f 494/3759/1661 605/3765/1729 886/3766/1730 853/3760/1670
f 853/3760/1670 886/3766/1730 887/3774/1731 856/3767/1675
f 856/1460/1675 887/1461/1731 606/1453/1732 578/1452/1676
f 495/6773/1712 878/6774/1711 889/6775/1733 499/6776/1734
f 878/3782/1711 877/3781/1714 888/3787/1735 889/3788/1733
f 495/6773/1712 499/6776/1734 500/6779/1736 496/6780/1717
f 496/6780/1717 500/6779/1736 620/6783/1737 497/6784/1718
f 497/6784/1718 620/6783/1737 890/6787/1738 880/6788/1719
f 880/6788/1719 890/6787/1738 621/6791/1739 498/6792/1720
f 498/6792/1720 621/6791/1739 891/6793/1283 881/6794/1721
f 881/6794/1721 891/6793/1283 1905/6795/1282 882/6796/1722
f 882/6796/1722 1905/6795/1282 622/6797/1281 602/6798/1723
f 499/6776/1734 889/6775/1733 893/6777/1740 803/6778/1589
f 889/6775/1733 888/6781/1735 892/6782/1741 893/6777/1740
f 499/156/1734 803/153/1589 804/152/1588 500/157/1736
f 500/2847/1736 804/2848/1588 632/2835/1591 620/2842/1737
f 803/153/1589 893/158/1740 2178/154/1742 2148/148/1587
f 893/3798/1740 892/3799/1741 894/3795/1743 2178/3794/1742
f 2178/3794/1742 894/3795/1743 899/3796/1744 895/3797/1745
f 2148/148/1587 2178/154/1742 895/149/1745 2014/139/461
f 501/6193/1746 896/6194/1747 897/6189/1748 898/6185/1749
f 898/6185/1749 897/6189/1748 503/6190/1750 906/6182/1751
f 501/3802/1746 899/3796/1744 900/3801/1752 896/3804/1747
f 501/3802/1746 901/3803/1753 895/3797/1745 899/3796/1744
f 901/140/1753 536/135/455 2014/139/461 895/149/1745
f 501/3802/1746 898/3805/1749 2179/3806/1754 901/3803/1753
f 898/6185/1749 906/6182/1751 902/6176/1755 2179/6186/1754
f 2179/141/1754 902/150/1755 990/142/458 989/136/456
f 901/140/1753 2179/141/1754 989/136/456 536/135/455
f 888/6781/1735 903/6785/1756 907/6786/1757 892/6782/1741
f 888/3787/1735 877/3781/1714 905/3786/1758 903/3792/1756
f 892/6782/1741 907/6786/1757 904/6789/1759 894/6790/1743
f 894/3795/1743 904/3800/1759 900/3801/1752 899/3796/1744
f 502/3785/1760 505/3780/1713 879/3784/1716 2180/3789/1761
f 2180/6175/1761 879/6179/1716 819/6180/1603 927/6173/1762
f 502/3785/1760 905/3786/1758 877/3781/1714 505/3780/1713
f 502/3785/1760 906/3790/1751 503/3791/1750 905/3786/1758
f 502/6181/1760 2180/6175/1761 902/6176/1755 906/6182/1751
f 2180/6175/1761 927/6173/1762 990/6172/458 902/6176/1755
f 503/3791/1750 907/3793/1757 903/3792/1756 905/3786/1758
f 503/1323/1750 897/1319/1748 904/1322/1759 907/1324/1757
f 897/1319/1748 896/1320/1747 900/1321/1752 904/1322/1759
f 504/1442/1763 910/1443/434 1453/1440/442 909/1439/1764
f 909/1439/1764 1453/1440/442 800/1436/441 802/1433/1765
f 504/1442/1763 908/1445/1766 1450/1446/435 910/1443/434
f 908/6092/1766 1195/6093/1767 911/6090/437 1450/6089/435
f 911/6090/437 913/6094/1768 912/6095/453 1451/6091/438
f 911/6090/437 1195/6093/1767 1197/6100/1769 913/6094/1768
f 913/1325/1768 2181/1326/1770 914/1327/1771 912/1328/453
f 913/1325/1768 1197/1329/1769 1199/1330/1772 2181/1326/1770
f 912/1328/453 914/1327/1771 915/1333/1773 1461/1334/451
f 2181/1326/1770 2182/1331/1774 916/1332/1775 914/1327/1771
f 2181/1326/1770 1199/1330/1772 1200/1335/1776 2182/1331/1774
f 506/256/640 539/248/539 1507/238/537 871/247/1701
f 871/247/1701 1507/238/537 1504/233/533 521/237/1692
f 507/2892/637 875/2898/1709 2183/2908/1777 1548/2901/638
f 875/2898/1709 555/2915/1707 917/2916/1778 2183/2908/1777
f 2183/6206/1777 917/6201/1778 556/6203/1779 918/6207/1780
f 1548/2901/638 2183/2908/1777 918/2917/1780 508/2909/639
f 508/296/639 918/305/1780 2184/297/1781 1551/287/642
f 918/6207/1780 556/6203/1779 919/6205/1782 2184/6208/1781
f 2184/297/1781 919/306/1782 557/307/1783 920/298/1784
f 1551/287/642 2184/297/1781 920/298/1784 509/288/643
f 509/288/643 920/298/1784 2185/308/1785 1553/299/644
f 920/298/1784 557/307/1783 921/317/1786 2185/308/1785
f 2185/308/1785 921/317/1786 558/326/1787 922/318/1788
f 1553/299/644 2185/308/1785 922/318/1788 510/309/645
f 510/309/645 922/318/1788 2186/327/1789 1555/319/646
f 922/318/1788 558/326/1787 923/333/1790 2186/327/1789
f 2186/327/1789 923/333/1790 559/337/1791 924/334/1792
f 1555/319/646 2186/327/1789 924/334/1792 511/328/647
f 511/328/647 924/334/1792 2187/338/1793 1557/335/648
f 924/334/1792 559/337/1791 925/340/1794 2187/338/1793
f 2187/2936/1793 925/2944/1794 560/2945/1795 926/2937/1796
f 1557/2930/648 2187/2936/1793 926/2937/1796 717/2931/649
f 819/1252/1603 821/1251/1602 928/1258/1797 927/1259/1762
f 821/1251/1602 512/1257/1610 929/1265/1798 928/1258/1797
f 512/3736/1610 826/3735/1618 931/3743/1799 929/3744/1798
f 826/3735/1618 513/3742/1617 930/3750/1800 931/3743/1799
f 513/3742/1617 514/3749/1625 932/3753/1801 930/3750/1800
f 514/6139/1625 835/6135/1633 934/6136/1802 932/6140/1801
f 835/6135/1633 515/6131/1632 933/6132/510 934/6136/1802
f 515/6131/1632 840/6126/1643 1490/6124/511 933/6132/510
f 840/6126/1643 516/6127/1642 935/6125/512 1490/6124/511
f 516/6127/1642 847/6130/1657 1492/6128/513 935/6125/512
f 847/6130/1657 517/6133/1656 936/6134/514 1492/6128/513
f 517/6133/1656 852/6137/1667 1494/6138/515 936/6134/514
f 852/6137/1667 518/6143/1666 937/6144/516 1494/6138/515
f 518/6143/1666 519/6150/1672 938/6151/517 937/6144/516
f 519/6150/1672 859/6155/1682 1498/6156/521 938/6151/517
f 859/6155/1682 863/6160/1681 538/6161/523 1498/6156/521
f 863/231/1681 520/232/1687 939/229/529 538/228/523
f 520/232/1687 521/237/1692 1504/233/533 939/229/529
f 727/733/679 942/729/1803 941/732/1804 1586/735/682
f 942/729/1803 568/726/1805 940/728/1806 941/732/1804
f 1586/6268/682 941/6271/1804 2188/6272/1807 1589/6269/685
f 941/3313/1804 940/3314/1806 943/3298/1808 2188/3306/1807
f 2188/3306/1807 943/3298/1808 569/3299/1809 944/3307/1810
f 1589/6269/685 2188/6272/1807 944/6275/1810 522/6273/687
f 522/6273/687 944/6275/1810 946/6278/1811 1594/6276/693
f 944/3307/1810 569/3299/1809 945/3305/1812 946/3312/1811
f 1594/6276/693 946/6278/1811 948/6279/1813 1597/6280/696
f 946/6278/1811 945/6281/1812 947/6282/1814 948/6279/1813
f 1597/6280/696 948/6279/1813 2189/6283/1815 1600/6284/701
f 948/6279/1813 947/6282/1814 949/6285/1816 2189/6283/1815
f 2189/6283/1815 949/6285/1816 570/6288/1817 950/6286/1818
f 1600/6284/701 2189/6283/1815 950/6286/1818 523/6287/702
f 523/3069/702 950/3075/1818 2190/3070/1819 1604/3064/707
f 950/6286/1818 570/6288/1817 951/6289/1820 2190/6290/1819
f 2190/6290/1819 951/6289/1820 1683/6293/840 952/6294/1821
f 1604/3064/707 2190/3070/1819 952/3071/1821 524/3065/708
f 952/6294/1821 1683/6293/840 571/6296/839 953/6297/1822
f 524/3065/708 952/3071/1821 953/3076/1822 525/3072/711
f 525/463/711 953/471/1822 2191/464/1823 1611/455/716
f 953/471/1822 571/480/839 1687/472/846 2191/464/1823
f 2191/464/1823 1687/472/846 572/465/845 954/456/1824
f 1611/455/716 2191/464/1823 954/456/1824 526/451/717
f 526/451/717 954/456/1824 2192/457/1825 1615/452/722
f 954/456/1824 572/465/845 1691/466/854 2192/457/1825
f 2192/457/1825 1691/466/854 573/475/853 955/467/1826
f 1615/452/722 2192/457/1825 955/467/1826 527/458/723
f 527/458/723 955/467/1826 2193/476/1827 1619/468/728
f 955/467/1826 573/475/853 1695/482/862 2193/476/1827
f 2193/476/1827 1695/482/862 574/487/861 956/483/1828
f 1619/468/728 2193/476/1827 956/483/1828 528/477/729
f 528/477/729 956/483/1828 2194/488/1829 1623/484/734
f 956/483/1828 574/487/861 1698/492/870 2194/488/1829
f 2194/3197/1829 1698/3195/870 1701/3189/869 957/3192/1830
f 1623/3205/734 2194/3197/1829 957/3192/1830 959/3200/735
f 957/3192/1830 1701/3189/869 575/3188/875 958/3193/1831
f 959/3200/735 957/3192/1830 958/3193/1831 529/3201/1832
f 959/3200/735 529/3201/1832 960/3207/1833 961/3208/732
f 529/3201/1832 958/3193/1831 2195/3199/1834 963/3206/1835
f 958/3193/1831 575/3188/875 1703/3198/882 2195/3199/1834
f 2195/562/1834 1703/554/882 1706/553/881 962/563/1836
f 963/568/1835 2195/562/1834 962/563/1836 966/569/1837
f 529/3201/1832 963/3206/1835 964/3211/1838 960/3207/1833
f 963/3206/1835 966/3212/1837 967/3213/1839 964/3211/1838
f 962/563/1836 1706/553/881 1708/561/888 965/567/1840
f 966/569/1837 962/563/1836 965/567/1840 969/573/1841
f 966/6811/1837 969/6812/1841 970/6813/1842 967/6814/1839
f 965/567/1840 1708/561/888 1711/566/892 968/572/1843
f 969/573/1841 965/567/1840 968/572/1843 972/575/1844
f 969/6385/1841 972/6376/1844 974/6383/1845 970/6386/1842
f 968/572/1843 1711/566/892 576/571/896 971/574/1846
f 972/6376/1844 968/6377/1843 971/6373/1846 530/6372/1847
f 972/6376/1844 530/6372/1847 973/6378/1848 974/6383/1845
f 530/6372/1847 971/6373/1846 2196/6366/1849 976/6365/1850
f 971/3233/1846 576/3229/896 1715/3228/904 2196/3234/1849
f 2196/3234/1849 1715/3228/904 577/3232/903 975/3236/1851
f 976/6365/1850 2196/6366/1849 975/6354/1851 531/6360/1852
f 530/6372/1847 976/6365/1850 978/6374/1853 973/6378/1848
f 976/6365/1850 531/6360/1852 977/6368/1854 978/6374/1853
f 531/6360/1852 975/6354/1851 2197/6349/1855 979/6356/1856
f 975/6354/1851 577/6355/903 1718/6350/909 2197/6349/1855
f 2197/6349/1855 1718/6350/909 1646/6341/779 1651/6345/785
f 979/6356/1856 2197/6349/1855 1651/6345/785 1650/6357/787
f 531/6360/1852 979/6356/1856 980/6367/1857 977/6368/1854
f 979/1150/1856 1650/1146/787 982/1140/1858 980/1145/1857
f 1650/1146/787 532/1147/786 981/1141/1859 982/1140/1858
f 532/1147/786 533/1153/790 983/1148/1860 981/1141/1859
f 533/1153/790 534/1156/795 984/1154/1861 983/1148/1860
f 534/3133/795 1662/3125/803 986/3131/1862 984/3137/1861
f 1662/3125/803 535/3124/802 985/3130/1863 986/3131/1862
f 535/530/802 1666/518/813 987/524/1864 985/531/1863
f 1666/518/813 1670/517/812 988/523/1865 987/524/1864
f 990/6172/458 927/6173/1762 928/6168/1797 991/6167/459
f 991/6167/459 928/6168/1797 929/6163/1798 992/6162/464
f 992/6162/464 929/6163/1798 931/6158/1799 2198/6157/471
f 2198/6157/471 931/6158/1799 930/6153/1800 993/6152/472
f 993/6152/472 930/6153/1800 932/6140/1801 994/6147/477
f 994/6147/477 932/6140/1801 934/6136/1802 2199/6148/483
f 2199/172/483 934/182/1802 933/183/510 537/173/484
f 996/1337/1866 995/1338/1584 732/1339/1867 733/1340/1868
f 996/1337/1866 2200/1341/1869 2013/1342/1585 995/1338/1584
f 2200/1341/1869 999/1350/1870 997/1351/1582 2013/1342/1585
f 996/1337/1866 1000/1348/1871 998/1349/1872 2200/1341/1869
f 2200/6744/1869 998/6745/1872 790/6742/1873 999/6740/1870
f 996/1337/1866 733/1340/1868 701/1347/1874 1000/1348/1871
f 1000/3923/1871 701/3917/1874 781/3920/1875 730/3924/1876
f 1000/3923/1871 730/3924/1876 1001/3927/1877 998/3928/1872
f 998/6745/1872 1001/6748/1877 1200/6746/1776 790/6742/1873
f 540/1195/1878 541/1196/1879 1005/1191/1558 638/1190/1556
f 1002/1201/1880 1047/1207/1881 1048/1208/1882 1006/1202/1883
f 540/1195/1878 1002/1201/1880 1006/1202/1883 541/1196/1879
f 540/1195/1878 1003/1199/1884 1004/1205/1885 1002/1201/1880
f 1002/1201/1880 1004/1205/1885 1046/1211/1886 1047/1207/1881
f 540/1195/1878 638/1190/1556 1997/1194/1555 1003/1199/1884
f 541/3690/1879 1007/3691/1887 1008/3687/1564 1005/3686/1558
f 541/3690/1879 1006/3694/1883 1009/3695/1888 1007/3691/1887
f 1006/3694/1883 1048/3696/1882 1049/3697/1889 1009/3695/1888
f 1007/1229/1887 1010/1225/1890 1011/1218/1568 1008/1224/1564
f 1007/1229/1887 1009/1233/1888 1012/1230/1891 1010/1225/1890
f 1009/3695/1888 1049/3697/1889 1398/3700/1892 1012/3701/1891
f 1010/1225/1890 1012/1230/1891 1014/1231/1893 1016/1226/1894
f 1012/1230/1891 1398/1234/1892 1013/1235/1895 1014/1231/1893
f 1010/1225/1890 1016/1226/1894 2006/1219/1573 1011/1218/1568
f 1014/1231/1893 1013/1235/1895 734/1239/1896 1015/1236/1897
f 1016/1226/1894 1014/1231/1893 1015/1236/1897 1018/1232/1898
f 1016/1226/1894 1018/1232/1898 639/1227/1576 2006/1219/1573
f 1015/3711/1897 734/3717/1896 1369/3718/1899 1017/3712/1900
f 1018/3707/1898 1015/3711/1897 1017/3712/1900 731/3708/1901
f 1018/3707/1898 731/3708/1901 1019/3705/1580 639/3704/1576
f 1020/3807/1902 699/3808/1903 1082/3809/1904 2221/3810/1905
f 1021/3815/1906 1020/3807/1902 2221/3810/1905 1085/3816/1907
f 1021/3815/1906 1022/3817/1908 2201/3811/1909 1020/3807/1902
f 1022/3817/1908 689/3824/1910 1023/3818/1911 2201/3811/1909
f 2201/3811/1909 1023/3818/1911 688/3819/1912 1024/3812/1913
f 1020/3807/1902 2201/3811/1909 1024/3812/1913 699/3808/1903
f 1021/3815/1906 2203/3822/1914 2202/3823/1915 1022/3817/1908
f 2203/3822/1914 1027/3825/1916 1025/3826/1917 2202/3823/1915
f 2202/6699/1915 1025/6700/1917 690/6696/1918 1026/6695/1919
f 1022/3817/1908 2202/3823/1915 1026/3827/1919 689/3824/1910
f 1021/1384/1906 1085/1385/1907 2222/1377/1920 2203/1376/1914
f 2203/1376/1914 2222/1377/1920 1087/1373/1921 1027/1372/1916
f 1027/1372/1916 2205/1375/1922 2204/1382/1923 1025/1383/1917
f 2205/1375/1922 1030/1381/1924 1028/1390/1925 2204/1382/1923
f 2204/6705/1923 1028/6708/1925 691/6709/1926 1029/6701/1927
f 1025/6700/1917 2204/6705/1923 1029/6701/1927 690/6696/1918
f 1027/1372/1916 1087/1373/1921 2223/1374/1928 2205/1375/1922
f 2205/1375/1922 2223/1374/1928 1089/1380/1929 1030/1381/1924
f 1030/6712/1924 2207/6713/1930 2206/6710/1931 1028/6708/1925
f 2207/6713/1930 1033/6716/1932 1031/6714/1933 2206/6710/1931
f 2206/6710/1931 1031/6714/1933 692/6715/1934 1032/6711/1935
f 1028/6708/1925 2206/6710/1931 1032/6711/1935 691/6709/1926
f 1030/1381/1924 1089/1380/1929 2224/1388/1936 2207/1389/1930
f 2207/1389/1930 2224/1388/1936 1091/1392/1937 1033/1393/1932
f 1033/6716/1932 2209/6721/1938 2208/6717/1939 1031/6714/1933
f 2209/6721/1938 1036/6722/1940 1034/6723/1941 2208/6717/1939
f 2208/3549/1939 1034/3550/1941 693/3538/1942 1035/3537/1943
f 1031/6714/1933 2208/6717/1939 1035/6718/1943 692/6715/1934
f 1033/1393/1932 1091/1392/1937 2225/1395/1944 2209/1396/1938
f 2209/3828/1938 2225/3829/1944 1093/3830/1945 1036/3831/1940
f 1036/3831/1940 1093/3830/1945 2226/3834/1946 2210/3835/1947
f 2210/3835/1947 2226/3834/1946 1095/3841/1948 1037/3842/1949
f 1036/6722/1940 2210/6724/1947 2211/6725/1950 1034/6723/1941
f 2210/6724/1947 1037/6726/1949 2212/6727/1951 2211/6725/1950
f 2211/3555/1950 2212/3557/1951 1041/3556/1952 1038/3551/1953
f 1034/3550/1941 2211/3555/1950 1038/3551/1953 693/3538/1942
f 1037/3842/1949 1095/3841/1948 1096/3845/1954 1039/3846/1955
f 1037/6726/1949 1039/6728/1955 1040/6729/1956 2212/6727/1951
f 2212/1082/1951 1040/1083/1956 694/1076/1957 1041/1075/1952
f 1039/1413/1955 1096/1400/1954 1098/1406/1958 1042/1414/1959
f 1039/6728/1955 1042/6730/1959 1043/6731/1960 1040/6729/1956
f 1040/1083/1956 1043/1086/1960 695/1084/1961 694/1076/1957
f 1042/6730/1959 1098/6734/1958 1100/6735/1962 1044/6732/1963
f 1042/6730/1959 1044/6732/1963 1045/6733/1964 1043/6731/1960
f 1043/1086/1960 1045/1088/1964 696/1087/1965 695/1084/1961
f 1044/6815/1963 1100/6816/1962 1400/6817/1966 1046/6818/1886
f 1044/3572/1963 1046/3573/1886 1004/3571/1885 1045/3570/1964
f 1045/3570/1964 1004/3571/1885 1003/3569/1884 696/3568/1965
f 1046/6818/1886 1400/6817/1966 1401/6819/1967 1047/6820/1881
f 1047/6820/1881 1401/6819/1967 1379/6821/1968 1048/6822/1882
f 1048/3696/1882 1379/3698/1968 1378/3699/1969 1049/3697/1889
f 542/3274/1970 2213/3278/1971 1051/3281/1972 698/3279/1973
f 2213/3278/1971 1053/3282/1974 1050/3283/1975 1051/3281/1972
f 542/3274/1970 712/3269/1976 1052/3273/1977 2213/3278/1971
f 2213/703/1971 1052/695/1977 713/686/1978 1053/696/1974
f 1054/3271/1979 700/3272/1980 711/3266/1981 1055/3267/1982
f 542/3274/1970 1054/3271/1979 1055/3267/1982 712/3269/1976
f 542/3274/1970 698/3279/1973 1056/3276/1983 1054/3271/1979
f 1054/3271/1979 1056/3276/1983 697/3277/1984 700/3272/1980
f 1053/6836/1974 2214/6837/1985 1058/6838/1986 1050/6839/1975
f 2214/6837/1985 1060/6840/1987 1057/6841/1988 1058/6838/1986
f 1053/696/1974 713/686/1978 1059/687/1989 2214/697/1985
f 2214/697/1985 1059/687/1989 714/694/1990 1060/702/1987
f 1060/6840/1987 2215/6844/1991 1062/6845/1992 1057/6841/1988
f 2215/6844/1991 1064/6848/1993 1061/6849/1994 1062/6845/1992
f 1060/702/1987 714/694/1990 1063/701/1995 2215/705/1991
f 2215/705/1991 1063/701/1995 715/704/1996 1064/706/1993
f 1064/6848/1993 2216/6854/1997 1066/6855/1998 1061/6849/1994
f 2216/6854/1997 1068/6858/1999 1065/6859/2000 1066/6855/1998
f 1064/3401/1993 715/3396/1996 1067/3393/2001 2216/3397/1997
f 2216/3397/1997 1067/3393/2001 543/3392/2002 1068/3398/1999
f 1068/3398/1999 543/3392/2002 1069/3395/2003 2217/3400/2004
f 2217/3400/2004 1069/3395/2003 544/3399/2005 1070/3404/2006
f 1068/6858/1999 2217/6864/2004 1072/6865/2007 1065/6859/2000
f 2217/6864/2004 1070/6869/2006 1071/6870/2008 1072/6865/2007
f 1070/6884/2006 544/6885/2005 1073/6886/2009 2218/6887/2010
f 2218/6887/2010 1073/6886/2009 545/6888/2011 1074/6889/2012
f 1070/1509/2006 2218/1501/2010 1076/1496/2013 1071/1500/2008
f 2218/1501/2010 1074/1502/2012 1075/1497/2014 1076/1496/2013
f 1074/6889/2012 545/6888/2011 1077/6890/2015 2219/6891/2016
f 2219/6891/2016 1077/6890/2015 546/6892/2017 1078/6893/2018
f 1074/1502/2012 2219/1511/2016 1080/1503/2019 1075/1497/2014
f 2219/1511/2016 1078/1517/2018 1079/1512/2020 1080/1503/2019
f 1078/6893/2018 546/6892/2017 1081/6894/2021 2220/6895/2022
f 2220/6895/2022 1081/6894/2021 547/6896/2023 1082/6897/1904
f 1078/3820/2018 2220/3813/2022 1083/3814/2024 1079/3821/2020
f 2220/3813/2022 1082/3809/1904 699/3808/1903 1083/3814/2024
f 1082/6897/1904 547/6896/2023 1084/6900/2025 2221/6901/1905
f 2221/6901/1905 1084/6900/2025 548/6903/2026 1085/6904/1907
f 1085/6904/1907 548/6903/2026 1086/6906/2027 2222/6907/1920
f 2222/1377/1920 1086/1386/2027 549/1378/2028 1087/1373/1921
f 1087/1373/1921 549/1378/2028 1088/1379/2029 2223/1374/1928
f 2223/1374/1928 1088/1379/2029 550/1387/2030 1089/1380/1929
f 1089/1380/1929 550/1387/2030 1090/1391/2031 2224/1388/1936
f 2224/1388/1936 1090/1391/2031 551/1394/2032 1091/1392/1937
f 1091/3836/1937 551/3837/2032 1092/3832/2033 2225/3829/1944
f 2225/3829/1944 1092/3832/2033 735/3833/2034 1093/3830/1945
f 1093/3830/1945 735/3833/2034 1094/3840/2035 2226/3834/1946
f 2226/1401/1946 1094/1402/2035 736/1398/2036 1095/1397/1948
f 1095/1397/1948 736/1398/2036 737/1399/2037 1096/1400/1954
f 1096/1400/1954 737/1399/2037 1097/1405/2038 1098/1406/1958
f 1098/1406/1958 1097/1405/2038 1099/1411/2039 1100/1412/1962
f 543/3392/2002 1067/3393/2001 2227/3388/2040 1103/3387/2041
f 1067/3393/2001 715/3396/1996 1101/3391/2042 2227/3388/2040
f 2227/3388/2040 1101/3391/2042 746/3385/972 1102/3381/2043
f 1103/3387/2041 2227/3388/2040 1102/3381/2043 747/3382/2044
f 543/3392/2002 1103/3387/2041 2228/3390/2045 1069/3395/2003
f 1103/3387/2041 747/3382/2044 1104/3384/2046 2228/3390/2045
f 2228/3390/2045 1104/3384/2046 748/3389/2047 1105/3394/2048
f 1069/3395/2003 2228/3390/2045 1105/3394/2048 544/3399/2005
f 544/3399/2005 1105/3394/2048 2229/3402/2049 1073/3403/2009
f 1105/862/2048 748/853/2047 1106/851/2050 2229/860/2049
f 2229/860/2049 1106/851/2050 749/852/2051 1107/861/2052
f 1073/868/2009 2229/860/2049 1107/861/2052 545/869/2011
f 545/869/2011 1107/861/2052 2230/867/2053 1077/872/2015
f 1107/861/2052 749/852/2051 1108/859/2054 2230/867/2053
f 2230/867/2053 1108/859/2054 750/866/2055 1109/871/2056
f 1077/872/2015 2230/867/2053 1109/871/2056 546/874/2017
f 546/874/2017 1109/871/2056 2231/873/2057 1081/875/2021
f 1109/871/2056 750/866/2055 1110/870/2058 2231/873/2057
f 2231/3444/2057 1110/3439/2058 751/3432/2059 1111/3440/2060
f 1081/6894/2021 2231/6898/2057 1111/6899/2060 547/6896/2023
f 547/6896/2023 1111/6899/2060 2232/6902/2061 1084/6900/2025
f 1111/3440/2060 751/3432/2059 1112/3423/2062 2232/3433/2061
f 2232/3433/2061 1112/3423/2062 752/3424/2063 1113/3434/2064
f 1084/6900/2025 2232/6902/2061 1113/6905/2064 548/6903/2026
f 548/6903/2026 1113/6905/2064 2233/6908/2065 1086/6906/2027
f 1113/6905/2064 752/6909/2063 1114/6910/2066 2233/6908/2065
f 2233/6908/2065 1114/6910/2066 753/6913/2067 1115/6911/2068
f 1086/6906/2027 2233/6908/2065 1115/6911/2068 549/6912/2028
f 549/6912/2028 1115/6911/2068 2234/6914/2069 1088/6915/2029
f 1115/6911/2068 753/6913/2067 1116/6918/2070 2234/6914/2069
f 2234/6914/2069 1116/6918/2070 754/6922/2071 1117/6919/2072
f 1088/6915/2029 2234/6914/2069 1117/6919/2072 550/6920/2030
f 550/6920/2030 1117/6919/2072 2235/6923/2073 1090/6924/2031
f 1117/6919/2072 754/6922/2071 1118/6926/2074 2235/6923/2073
f 2235/6923/2073 1118/6926/2074 755/6928/2075 1119/6929/2076
f 1090/3847/2031 2235/3848/2073 1119/3843/2076 551/3837/2032
f 551/3837/2032 1119/3843/2076 2236/3838/2077 1092/3832/2033
f 1119/6614/2076 755/6609/2075 1120/6605/2078 2236/6611/2077
f 2236/6611/2077 1120/6605/2078 756/6603/2079 1121/6607/2080
f 1092/3832/2033 2236/3838/2077 1121/3839/2080 735/3833/2034
f 1122/1418/2081 636/1419/2082 781/1420/1875 1365/1421/2083
f 1123/1426/2084 1122/1418/2081 1365/1421/2083 1395/1427/2085
f 1123/1426/2084 2237/1428/2086 1124/1422/2087 1122/1418/2081
f 1122/1418/2081 1124/1422/2087 637/1423/2088 636/1419/2082
f 1123/1426/2084 1125/1431/776 1643/1432/775 2237/1428/2086
f 1123/1426/2084 1395/1427/2085 1397/1430/2089 1125/1431/776
f 2237/3103/2086 2238/3091/767 1126/3102/2090 1124/3110/2087
f 1124/3110/2087 1126/3102/2090 553/3113/2091 637/3114/2088
f 2237/3103/2086 1643/3093/775 552/3083/764 2238/3091/767
f 2238/3091/767 1638/3090/766 1127/3101/2092 1126/3102/2090
f 1126/6762/2090 1127/6763/2092 554/6760/2093 553/6759/2091
f 1638/3090/766 1639/3089/768 1641/3100/771 1127/3101/2092
f 1127/6763/2092 1641/6766/771 798/6764/745 554/6760/2093
f 1125/1431/776 1397/1430/2089 802/1433/1765 1128/1434/774
f 1128/1434/774 802/1433/1765 800/1436/441 2239/1437/440
f 1130/3849/2094 1129/3850/2095 1634/3851/759 915/3852/1773
f 1130/3849/2094 2240/3853/2096 1131/3854/2097 1129/3850/2095
f 2240/3853/2096 2242/3861/2098 2243/3862/2099 1131/3854/2097
f 1130/3849/2094 916/3859/1775 1132/3860/2100 2240/3853/2096
f 2240/6756/2096 1132/6751/2100 2241/6755/2101 2242/6757/2098
f 1130/1336/2094 915/1333/1773 914/1327/1771 916/1332/1775
f 1129/3850/2095 1131/3854/2097 1627/3863/746 2070/3855/747
f 1131/507/2097 2243/508/2099 2244/497/744 1627/501/746
f 1129/3850/2095 2070/3855/747 2072/3856/750 1634/3851/759
f 1133/1424/2102 730/1425/1876 781/1420/1875 636/1419/2082
f 1134/6749/2103 2182/6750/1774 1200/6746/1776 1001/6748/1877
f 1133/6753/2102 1134/6749/2103 1001/6748/1877 730/6754/1876
f 1133/6753/2102 2241/6755/2101 1132/6751/2100 1134/6749/2103
f 1134/6749/2103 1132/6751/2100 916/6752/1775 2182/6750/1774
f 1133/1424/2102 636/1419/2082 637/1423/2088 2241/1429/2101
f 2241/6755/2101 637/6758/2088 553/6759/2091 2242/6757/2098
f 2242/6757/2098 553/6759/2091 554/6760/2093 2243/6761/2099
f 2243/6761/2099 554/6760/2093 798/6764/745 2244/6765/744
f 555/6197/1707 873/6199/1706 2245/6200/2104 917/6201/1778
f 873/6475/1706 581/6476/1705 1135/6474/2105 2245/6473/2104
f 2245/6473/2104 1135/6474/2105 582/6472/2106 1136/6471/2107
f 917/6201/1778 2245/6200/2104 1136/6202/2107 556/6203/1779
f 556/6203/1779 1136/6202/2107 2246/6204/2108 919/6205/1782
f 1136/6471/2107 582/6472/2106 1137/6470/2109 2246/6469/2108
f 2246/6469/2108 1137/6470/2109 583/6465/2110 1138/6468/2111
f 919/306/1782 2246/315/2108 1138/316/2111 557/307/1783
f 557/307/1783 1138/316/2111 2247/325/2112 921/317/1786
f 1138/6468/2111 583/6465/2110 1139/6462/2113 2247/6467/2112
f 2247/6467/2112 1139/6462/2113 584/6459/2114 1140/6464/2115
f 921/317/1786 2247/325/2112 1140/332/2115 558/326/1787
f 558/326/1787 1140/332/2115 2248/336/2116 923/333/1790
f 1140/6464/2115 584/6459/2114 1141/6455/2117 2248/6461/2116
f 2248/6461/2116 1141/6455/2117 585/6451/2118 1142/6457/2119
f 923/333/1790 2248/336/2116 1142/339/2119 559/337/1791
f 559/2959/1791 1142/2960/2119 2249/2952/2120 925/2944/1794
f 1142/6457/2119 585/6451/2118 1143/6447/2121 2249/6458/2120
f 2249/2952/2120 1143/2961/2121 586/2962/2122 1144/2953/2123
f 925/2944/1794 2249/2952/2120 1144/2953/2123 560/2945/1795
f 560/2945/1795 1144/2953/2123 2250/2963/2124 1147/2954/2125
f 1144/2953/2123 586/2962/2122 1145/2969/2126 2250/2963/2124
f 2250/2963/2124 1145/2969/2126 587/2973/2127 1146/2970/2128
f 1147/2954/2125 2250/2963/2124 1146/2970/2128 561/2964/2129
f 560/2945/1795 1147/2954/2125 2251/2946/2130 926/2937/1796
f 1147/2954/2125 561/2964/2129 1148/2955/2131 2251/2946/2130
f 2251/2946/2130 1148/2955/2131 718/2947/651 1559/2938/650
f 926/2937/1796 2251/2946/2130 1559/2938/650 717/2931/649
f 561/2964/2129 1146/2970/2128 2252/2974/2132 1151/2971/2133
f 1146/2970/2128 587/2973/2127 1149/2975/2134 2252/2974/2132
f 2252/377/2132 1149/384/2134 588/378/2135 1150/369/2136
f 1151/368/2133 2252/377/2132 1150/369/2136 562/361/2137
f 561/2964/2129 1151/2971/2133 2253/2965/2138 1148/2955/2131
f 1151/368/2133 562/361/2137 1152/354/2139 2253/360/2138
f 2253/360/2138 1152/354/2139 719/347/653 1561/353/652
f 1148/2955/2131 2253/2965/2138 1561/2956/652 718/2947/651
f 562/361/2137 1150/369/2136 2254/370/2140 1155/362/2141
f 1150/369/2136 588/378/2135 1153/379/2142 2254/370/2140
f 2254/370/2140 1153/379/2142 589/387/2143 1154/380/2144
f 1155/362/2141 2254/370/2140 1154/380/2144 563/371/2145
f 562/361/2137 1155/362/2141 2255/355/2146 1152/354/2139
f 1155/362/2141 563/371/2145 1156/363/2147 2255/355/2146
f 2255/355/2146 1156/363/2147 720/356/655 1563/348/654
f 1152/354/2139 2255/355/2146 1563/348/654 719/347/653
f 563/371/2145 1154/380/2144 2256/388/2148 1159/381/2149
f 1154/380/2144 589/387/2143 1157/392/2150 2256/388/2148
f 2256/388/2148 1157/392/2150 590/396/2151 1158/393/2152
f 1159/381/2149 2256/388/2148 1158/393/2152 1161/389/2153
f 563/371/2145 1159/381/2149 2257/372/2154 1156/363/2147
f 1159/381/2149 1161/389/2153 2258/382/2155 2257/372/2154
f 2257/372/2154 2258/382/2155 721/373/657 1565/364/656
f 1156/363/2147 2257/372/2154 1565/364/656 720/356/655
f 1158/393/2152 590/396/2151 591/399/2156 1160/397/2157
f 1161/389/2153 1158/393/2152 1160/397/2157 1163/394/2158
f 1161/389/2153 1163/394/2158 2259/390/2159 2258/382/2155
f 2258/382/2155 2259/390/2159 722/383/658 721/373/657
f 1160/2988/2157 591/2990/2156 592/2991/2160 1162/2989/2161
f 1163/2986/2158 1160/2988/2157 1162/2989/2161 1165/2987/2162
f 1163/2986/2158 1165/2987/2162 2260/2985/2163 2259/2984/2159
f 2259/2984/2159 2260/2985/2163 723/2981/659 722/2980/658
f 1162/2989/2161 592/2991/2160 593/2994/2164 1164/2995/2165
f 1165/417/2162 1162/421/2161 1164/418/2165 564/413/2166
f 1165/417/2162 564/413/2166 1166/406/2167 2260/412/2163
f 2260/412/2163 1166/406/2167 724/401/660 723/405/659
f 564/413/2166 1164/418/2165 1168/419/2168 565/414/2169
f 1164/418/2165 593/422/2164 1167/423/981 1168/419/2168
f 564/413/2166 565/414/2169 1169/407/2170 1166/406/2167
f 1166/406/2167 1169/407/2170 1570/402/661 724/401/660
f 565/414/2169 1168/419/2168 1170/424/2171 566/420/2172
f 1168/419/2168 1167/423/981 594/427/980 1170/424/2171
f 565/414/2169 566/420/2172 1171/415/2173 1169/407/2170
f 1169/407/2170 1171/415/2173 1573/408/664 1570/402/661
f 566/3007/2172 1170/3012/2171 2261/3013/2174 1173/3008/2175
f 1170/3012/2171 594/3018/980 1756/3019/985 2261/3013/2174
f 2261/3013/2174 1756/3019/985 595/3025/984 1172/3020/2176
f 1173/3008/2175 2261/3013/2174 1172/3020/2176 567/3014/2177
f 566/3007/2172 1173/3008/2175 2262/3004/2178 1171/3003/2173
f 1173/3008/2175 567/3014/2177 1174/3009/2179 2262/3004/2178
f 2262/3004/2178 1174/3009/2179 725/3005/669 1576/3001/667
f 1171/3003/2173 2262/3004/2178 1576/3001/667 1573/3000/664
f 567/3014/2177 1172/3020/2176 2263/3026/2180 1176/3021/2181
f 1172/3020/2176 595/3025/984 1759/3031/991 2263/3026/2180
f 2263/3026/2180 1759/3031/991 1761/3035/990 1175/3032/2182
f 1176/3021/2181 2263/3026/2180 1175/3032/2182 1177/3027/2183
f 567/3014/2177 1176/3021/2181 2264/3015/2184 1174/3009/2179
f 1176/3021/2181 1177/3027/2183 2265/3022/2185 2264/3015/2184
f 2264/3015/2184 2265/3022/2185 726/3016/675 1580/3010/673
f 1174/3009/2179 2264/3015/2184 1580/3010/673 725/3005/669
f 1175/721/2182 1761/716/990 596/715/995 1178/722/2186
f 1177/725/2183 1175/721/2182 1178/722/2186 568/726/1805
f 1177/725/2183 568/726/1805 942/729/1803 2265/730/2185
f 2265/730/2185 942/729/1803 727/733/679 726/734/675
f 568/726/1805 1178/722/2186 1179/724/2187 940/728/1806
f 1178/722/2186 596/715/995 597/720/998 1179/724/2187
f 940/728/1806 1179/724/2187 2266/727/2188 943/731/1808
f 1179/724/2187 597/720/998 1765/723/1003 2266/727/2188
f 2266/3292/2188 1765/3287/1003 598/3286/1002 1180/3293/2189
f 943/3298/1808 2266/3292/2188 1180/3293/2189 569/3299/1809
f 569/3299/1809 1180/3293/2189 1181/3297/2190 945/3305/1812
f 1180/3293/2189 598/3286/1002 599/3291/1008 1181/3297/2190
f 945/3305/1812 1181/3297/2190 1182/3310/2191 947/3311/1814
f 1181/761/2190 599/752/1008 600/750/1011 1182/759/2191
f 947/768/1814 1182/759/2191 2267/760/2192 949/769/1816
f 1182/759/2191 600/750/1011 1771/749/1017 2267/760/2192
f 2267/760/2192 1771/749/1017 601/758/1016 1183/767/2193
f 949/769/1816 2267/760/2192 1183/767/2193 570/773/1817
f 570/6288/1817 1183/6291/2193 2268/6292/2194 951/6289/1820
f 1183/767/2193 601/758/1016 1774/766/1021 2268/772/2194
f 2268/3333/2194 1774/3326/1021 1680/3325/834 1684/3334/838
f 951/6289/1820 2268/6292/2194 1684/6295/838 1683/6293/840
f 578/1452/1676 606/1453/1732 607/1449/2195 579/1448/1683
f 579/1448/1683 607/1449/2195 1184/1450/2196 864/1451/1690
f 864/1451/1690 1184/1450/2196 1185/1456/2197 867/1457/1695
f 867/1457/1695 1185/1456/2197 608/1465/2198 580/1466/1696
f 580/1466/1696 608/1465/2198 1186/1472/2199 872/1473/1704
f 872/3866/1704 1186/3867/2199 609/3868/2200 581/3869/1705
f 581/3869/1705 609/3868/2200 1187/3872/2201 1135/3873/2105
f 1135/3873/2105 1187/3872/2201 610/3877/2202 582/3878/2106
f 582/3878/2106 610/3877/2202 1188/3882/2203 1137/3883/2109
f 1137/3883/2109 1188/3882/2203 611/3885/1121 583/3886/2110
f 583/6465/2110 611/6466/1121 1821/6463/1120 1139/6462/2113
f 1139/6462/2113 1821/6463/1120 612/6460/1119 584/6459/2114
f 584/6459/2114 612/6460/1119 1824/6456/1125 1141/6455/2117
f 1141/6455/2117 1824/6456/1125 613/6452/1124 585/6451/2118
f 585/6451/2118 613/6452/1124 1827/6448/1131 1143/6447/2121
f 1143/6447/2121 1827/6448/1131 614/6444/1130 586/6443/2122
f 586/6443/2122 614/6444/1130 1830/6440/1137 1145/6439/2126
f 1145/6439/2126 1830/6440/1137 615/6436/1136 587/6435/2127
f 587/6435/2127 615/6436/1136 1833/6428/1143 1149/6431/2134
f 1149/6431/2134 1833/6428/1143 616/6427/1142 588/6432/2135
f 588/378/2135 616/385/1142 1836/386/1149 1153/379/2142
f 1153/379/2142 1836/386/1149 617/391/1148 589/387/2143
f 589/387/2143 617/391/1148 1839/395/1155 1157/392/2150
f 1157/392/2150 1839/395/1155 1842/398/1154 590/396/2151
f 590/2996/2151 1842/2997/1154 1844/2992/1160 591/2990/2156
f 591/2990/2156 1844/2992/1160 1846/2993/1163 592/2991/2160
f 592/2991/2160 1846/2993/1163 618/2998/1166 593/2994/2164
f 593/422/2164 618/425/1166 619/426/977 1167/423/981
f 602/6798/1723 622/6797/1281 1907/6799/1287 883/6800/1724
f 883/6800/1724 1907/6799/1287 623/6801/1286 603/6802/1725
f 603/6802/1725 623/6801/1286 1910/6803/1293 884/6804/1726
f 884/6804/1726 1910/6803/1293 624/6805/1292 604/6806/1727
f 604/6806/1727 624/6805/1292 1913/6807/1299 885/6808/1728
f 885/6808/1728 1913/6807/1299 625/6809/1298 605/6810/1729
f 605/3765/1729 625/3772/1298 626/3773/1303 886/3766/1730
f 886/3766/1730 626/3773/1303 1918/3778/1309 887/3774/1731
f 887/1461/1731 1918/1470/1309 1920/1462/1308 606/1453/1732
f 606/1453/1732 1920/1462/1308 627/1454/1315 607/1449/2195
f 607/1449/2195 627/1454/1315 628/1455/1321 1184/1450/2196
f 1184/1450/2196 628/1455/1321 1925/1464/1329 1185/1456/2197
f 1185/1456/2197 1925/1464/1329 629/1471/1328 608/1465/2198
f 608/3874/2198 629/3875/1328 1928/3870/1337 1186/3867/2199
f 1186/3867/2199 1928/3870/1337 630/3871/1336 609/3868/2200
f 609/3868/2200 630/3871/1336 1931/3876/1345 1187/3872/2201
f 1187/3872/2201 1931/3876/1345 631/3881/1344 610/3877/2202
f 610/948/2202 631/944/1344 1934/938/1351 1188/942/2203
f 1188/942/2203 1934/938/1351 1822/931/1117 611/936/1121
f 620/2842/1737 632/2835/1591 807/2834/1595 890/2843/1738
f 890/2843/1738 807/2834/1595 633/2841/1594 621/2846/1739
f 621/2846/1739 633/2841/1594 634/2845/1279 891/2849/1283
f 635/6109/2204 1189/6110/2205 1190/6104/2206 1191/6098/2207
f 1191/6098/2207 1190/6104/2206 796/6105/2208 797/6099/2209
f 635/6109/2204 1192/6118/2210 1194/6119/2211 1189/6110/2205
f 1192/3931/2210 791/3929/2212 1193/3935/2213 1194/3936/2211
f 635/3933/2204 504/3934/1763 909/3932/1764 1192/3931/2210
f 1192/3931/2210 909/3932/1764 802/3930/1765 791/3929/2212
f 635/3933/2204 1191/3937/2207 908/3938/1766 504/3934/1763
f 1191/6098/2207 797/6099/2209 1195/6093/1767 908/6092/1766
f 1195/3891/1767 797/3892/2209 1196/3888/2214 1197/3887/1769
f 1197/3887/1769 1196/3888/2214 1198/3889/2215 1199/3890/1772
f 816/314/1354 648/303/575 1525/313/582 2269/324/1357
f 2269/324/1357 1525/313/582 649/323/581 1201/331/1358
f 1201/6245/1358 649/6246/581 1528/6244/590 2270/6243/1361
f 2270/6243/1361 1528/6244/590 650/6240/589 1202/6239/1362
f 1202/6239/1362 650/6240/589 1531/6237/598 2271/6236/1365
f 2271/6236/1365 1531/6237/598 651/6232/597 1203/6231/1366
f 1203/6231/1366 651/6232/597 1534/6226/606 2272/6225/1369
f 2272/6225/1369 1534/6226/606 652/6218/605 1204/6222/1370
f 1204/6222/1370 652/6218/605 1537/6212/614 2273/6215/1373
f 2273/6215/1373 1537/6212/614 653/6211/613 1205/6216/1374
f 1205/6216/1374 653/6211/613 1539/6214/622 2274/6221/1377
f 2274/3582/1377 1539/3583/622 1541/3578/621 1206/3575/1378
f 1206/3575/1378 1541/3578/621 1543/3579/627 1207/3576/1380
f 1207/3576/1380 1543/3579/627 1546/3584/631 1208/3580/1382
f 1208/1094/1382 1546/1101/631 654/1095/635 1209/1090/1384
f 1209/1090/1384 654/1095/635 1210/1096/2216 1211/1091/1387
f 1211/1091/1387 1210/1096/2216 1212/1104/2217 1213/1097/1389
f 1213/3602/1389 1212/3603/2217 1214/3596/2218 2275/3593/1391
f 2275/3593/1391 1214/3596/2218 655/3597/2219 1215/3594/1392
f 1215/3594/1392 655/3597/2219 1216/3606/2220 2276/3598/1395
f 2276/3598/1395 1216/3606/2220 656/3614/2221 1217/3607/1396
f 1217/1490/1396 656/1484/2221 657/1485/2222 1218/1491/1398
f 1218/1491/1398 657/1485/2222 1219/1489/2223 1220/1493/1401
f 1220/1493/1401 1219/1489/2223 1221/1492/2224 2277/1494/1403
f 2277/6660/1403 1221/6664/2224 658/6665/2225 1222/6662/1404
f 1222/6662/1404 658/6665/2225 1223/6668/2226 1224/6666/1407
f 1224/6666/1407 1223/6668/2226 1225/6671/2227 1226/6669/1409
f 1226/6669/1409 1225/6671/2227 1227/6672/2228 2278/6673/1411
f 2278/6673/1411 1227/6672/2228 659/6674/2229 1228/6675/1412
f 1228/3344/1412 659/3345/2229 1229/3340/2230 2279/3335/1415
f 2279/3335/1415 1229/3340/2230 660/3341/2231 1230/3336/1416
f 1230/3336/1416 660/3341/2231 661/3346/2232 1231/3342/1418
f 1231/3342/1418 661/3346/2232 1232/3348/2233 2280/3347/1421
f 2280/801/1421 1232/809/2233 662/802/2234 1233/795/1422
f 1233/795/1422 662/802/2234 1234/803/2235 2281/796/1425
f 2281/796/1425 1234/803/2235 663/812/2236 1235/804/1426
f 1235/804/1426 663/812/2236 1236/817/2237 2282/813/1429
f 2282/813/1429 1236/817/2237 664/821/2238 1237/818/1430
f 1237/818/1430 664/821/2238 1238/824/2239 2283/822/1433
f 2283/3481/1433 1238/3487/2239 665/3488/2240 1239/3482/1434
f 1239/3482/1434 665/3488/2240 666/3494/2241 1240/3489/1436
f 1240/3489/1436 666/3494/2241 1241/3499/2242 2284/3495/1439
f 2284/995/1439 1241/999/2242 667/996/2243 1242/992/1440
f 1242/992/1440 667/996/2243 668/997/2244 1243/993/1442
f 1243/993/1442 668/997/2244 669/1002/2245 1244/998/1444
f 1244/3623/1444 669/3626/2245 670/3627/2246 1245/3624/1446
f 1245/3624/1446 670/3627/2246 1246/3634/2247 2285/3628/1449
f 2285/3628/1449 1246/3634/2247 671/3643/2248 1247/3635/1450
f 1247/1123/1450 671/1132/2248 1248/1124/2249 2286/1115/1453
f 2286/1115/1453 1248/1124/2249 672/1116/2250 1249/1111/1454
f 1249/1111/1454 672/1116/2250 673/1117/2251 1250/1112/1456
f 1250/1112/1456 673/1117/2251 1251/1128/2252 1252/1118/1459
f 1252/1118/1459 1251/1128/2252 1253/1137/2253 1254/1129/1461
f 1254/3149/1461 1253/3146/2253 1255/3144/2254 2287/3147/1463
f 2287/3147/1463 1255/3144/2254 674/3145/2255 1256/3148/1464
f 1256/3148/1464 674/3145/2255 1257/3150/2256 2288/3151/1467
f 2288/542/1467 1257/538/2256 675/539/2257 1258/543/1468
f 1258/543/1468 675/539/2257 676/540/2258 1259/544/1470
f 1259/6931/1470 676/6932/2258 1260/6933/2259 1261/6934/1473
f 1261/6934/1473 1260/6933/2259 1262/6935/2260 1263/6936/1475
f 1263/6936/1475 1262/6935/2260 1264/6937/2261 2289/6938/1477
f 2289/6882/1477 1264/6878/2261 677/6876/2262 1265/6883/1478
f 1265/1040/1478 677/1049/2262 1266/1050/2263 2290/1045/1481
f 2290/1045/1481 1266/1050/2263 678/1055/2264 1267/1051/1482
f 1267/3678/1482 678/3679/2264 1268/3673/2265 2291/3672/1485
f 2291/3672/1485 1268/3673/2265 679/3667/2266 1269/3663/1486
f 1269/3663/1486 679/3667/2266 1270/3668/2267 2292/3664/1489
f 2292/3664/1489 1270/3668/2267 680/3674/2268 1271/3669/1490
f 1271/1183/1490 680/1184/2268 1272/1175/2269 2293/1168/1493
f 2293/1168/1493 1272/1175/2269 681/1169/2270 1273/1162/1494
f 1273/1162/1494 681/1169/2270 1274/1163/2271 2294/1158/1497
f 2294/1158/1497 1274/1163/2271 682/1164/2272 1275/1159/1498
f 1275/1159/1498 682/1164/2272 1276/1172/2273 2295/1165/1501
f 2295/1165/1501 1276/1172/2273 683/1180/2274 1277/1173/1502
f 1277/1173/1502 683/1180/2274 1278/1187/2275 2296/1181/1505
f 2296/3893/1505 1278/3894/2275 684/3895/2276 1279/3896/1506
f 1279/3896/1506 684/3895/2276 1280/3899/2277 2297/3900/1509
f 2297/3900/1509 1280/3899/2277 685/3906/2278 1281/3907/1510
f 1281/3907/1510 685/3906/2278 1282/3913/2279 2298/3914/1513
f 2298/1515/1513 1282/1505/2279 686/1506/2280 1283/1516/1514
f 1283/1516/1514 686/1506/2280 1284/1514/2281 2299/1521/1517
f 2299/1521/1517 1284/1514/2281 687/1520/2282 1285/1525/1518
f 1285/1525/1518 687/1520/2282 1286/1524/2283 2300/1527/1521
f 2300/6569/1521 1286/6572/2283 688/6573/1912 1287/6570/1522
f 1287/6706/1522 688/6707/1912 1023/6704/1911 2301/6703/1525
f 2301/6703/1525 1023/6704/1911 689/6698/1910 1288/6697/1526
f 1288/6697/1526 689/6698/1910 1026/6695/1919 2302/6692/1529
f 2302/6692/1529 1026/6695/1919 690/6696/1918 1289/6693/1530
f 1289/6693/1530 690/6696/1918 1029/6701/1927 2303/6702/1533
f 2303/908/1533 1029/916/1927 691/917/1926 1290/909/1534
f 1290/909/1534 691/917/1926 1032/921/1935 2304/918/1537
f 2304/6719/1537 1032/6711/1935 692/6715/1934 1291/6720/1538
f 1291/3547/1538 692/3548/1934 1035/3537/1943 2305/3529/1541
f 2305/3529/1541 1035/3537/1943 693/3538/1942 1292/3530/1542
f 1292/3530/1542 693/3538/1942 1038/3551/1953 2306/3539/1545
f 2306/3539/1545 1038/3551/1953 1041/3556/1952 1293/3552/1546
f 1293/1069/1546 1041/1075/1952 694/1076/1957 1294/1070/1548
f 1294/1070/1548 694/1076/1957 695/1084/1961 1295/1077/1551
f 1295/1077/1551 695/1084/1961 696/1087/1965 1296/1085/1553
f 1296/3566/1553 696/3568/1965 1003/3569/1884 1997/3567/1555
f 1019/1343/1580 731/1344/1901 732/1339/1867 995/1338/1584
f 654/1095/635 1545/1102/634 1297/1103/2284 1210/1096/2216
f 1545/6234/634 1547/6238/633 1572/6241/663 1297/6242/2284
f 1210/1096/2216 1297/1103/2284 1298/1108/2285 1212/1104/2217
f 1297/3620/2284 1572/3621/663 1575/3618/666 1298/3610/2285
f 1212/3603/2217 1298/3610/2285 2307/3604/2286 1214/3596/2218
f 1298/3610/2285 1575/3618/666 1579/3611/671 2307/3604/2286
f 2307/3604/2286 1579/3611/671 1578/3612/672 1299/3605/2287
f 1214/3596/2218 2307/3604/2286 1299/3605/2287 655/3597/2219
f 655/3597/2219 1299/3605/2287 2308/3613/2288 1216/3606/2220
f 1299/3605/2287 1578/3612/672 1582/3619/677 2308/3613/2288
f 2308/1480/2288 1582/1481/677 1583/1477/678 1300/1476/2289
f 1216/1486/2220 2308/1480/2288 1300/1476/2289 656/1484/2221
f 1300/1476/2289 1583/1477/678 1585/1478/681 1301/1479/2290
f 656/1484/2221 1300/1476/2289 1301/1479/2290 657/1485/2222
f 657/1485/2222 1301/1479/2290 1302/1483/2291 1219/1489/2223
f 1301/1479/2290 1585/1478/681 1588/1482/684 1302/1483/2291
f 1219/1489/2223 1302/1483/2291 2309/1488/2292 1221/1492/2224
f 1302/1483/2291 1588/1482/684 1592/1487/689 2309/1488/2292
f 2309/3045/2292 1592/3042/689 1591/3041/690 1303/3046/2293
f 1221/3050/2224 2309/3045/2292 1303/3046/2293 658/3051/2225
f 658/3051/2225 1303/3046/2293 1304/3049/2294 1223/3056/2226
f 1303/3046/2293 1591/3041/690 1593/3044/692 1304/3049/2294
f 1223/3056/2226 1304/3049/2294 1305/3055/2295 1225/3057/2227
f 1304/3049/2294 1593/3044/692 1596/3054/695 1305/3055/2295
f 1225/3057/2227 1305/3055/2295 2310/3058/2296 1227/3059/2228
f 1305/440/2295 1596/435/695 1599/434/698 2310/441/2296
f 2310/441/2296 1599/434/698 1601/439/700 1306/448/2297
f 1227/6672/2228 2310/6676/2296 1306/6677/2297 659/6674/2229
f 659/6674/2229 1306/6677/2297 2311/6678/2298 1229/6679/2230
f 1306/448/2297 1601/439/700 1603/447/704 2311/449/2298
f 2311/6678/2298 1603/6682/704 1607/6683/706 1307/6680/2299
f 1229/6679/2230 2311/6678/2298 1307/6680/2299 660/6681/2231
f 1307/6680/2299 1607/6683/706 1606/6686/710 1308/6684/2300
f 660/6681/2231 1307/6680/2299 1308/6684/2300 661/6685/2232
f 661/6685/2232 1308/6684/2300 2312/6687/2301 1232/6688/2233
f 1308/6939/2300 1606/6940/710 1610/6941/713 2312/6942/2301
f 2312/6942/2301 1610/6941/713 1609/6943/715 1309/6944/2302
f 1232/6688/2233 2312/6687/2301 1309/6689/2302 662/6690/2234
f 662/802/2234 1309/810/2302 2313/811/2303 1234/803/2235
f 1309/6944/2302 1609/6943/715 1614/6945/719 2313/6946/2303
f 2313/6946/2303 1614/6945/719 1613/6947/721 1310/6948/2304
f 1234/803/2235 2313/811/2303 1310/816/2304 663/812/2236
f 663/812/2236 1310/816/2304 2314/820/2305 1236/817/2237
f 1310/6948/2304 1613/6947/721 1618/6949/725 2314/6950/2305
f 2314/6950/2305 1618/6949/725 1617/6951/727 1311/6952/2306
f 1236/817/2237 2314/820/2305 1311/823/2306 664/821/2238
f 664/821/2238 1311/823/2306 2315/825/2307 1238/824/2239
f 1311/6952/2306 1617/6951/727 1622/6953/731 2315/6954/2307
f 2315/3492/2307 1622/3496/731 1621/3497/733 1312/3493/2308
f 1238/3487/2239 2315/3492/2307 1312/3493/2308 665/3488/2240
f 1312/3493/2308 1621/3497/733 1339/3500/2309 1313/3498/2310
f 665/3488/2240 1312/3493/2308 1313/3498/2310 666/3494/2241
f 666/3494/2241 1313/3498/2310 2316/3501/2311 1241/3499/2242
f 1313/3498/2310 1339/3500/2309 2333/3502/2312 2316/3501/2311
f 2316/1003/2311 2333/1007/2312 1340/1004/2313 1314/1000/2314
f 1241/999/2242 2316/1003/2311 1314/1000/2314 667/996/2243
f 1314/1000/2314 1340/1004/2313 1341/1005/2315 1315/1001/2316
f 667/996/2243 1314/1000/2314 1315/1001/2316 668/997/2244
f 1315/1001/2316 1341/1005/2315 1342/1010/2317 1316/1006/2318
f 668/997/2244 1315/1001/2316 1316/1006/2318 669/1002/2245
f 1316/3632/2318 1342/3640/2317 1343/3641/2319 1317/3633/2320
f 669/3626/2245 1316/3632/2318 1317/3633/2320 670/3627/2246
f 670/3627/2246 1317/3633/2320 2317/3642/2321 1246/3634/2247
f 1317/3633/2320 1343/3641/2319 2334/3648/2322 2317/3642/2321
f 2317/3642/2321 2334/3648/2322 1344/3654/2323 1318/3649/2324
f 1246/3634/2247 2317/3642/2321 1318/3649/2324 671/3643/2248
f 671/1132/2248 1318/1138/2324 2318/1133/2325 1248/1124/2249
f 1318/1138/2324 1344/1144/2323 2335/1139/2326 2318/1133/2325
f 2318/1133/2325 2335/1139/2326 1345/1134/2327 1319/1126/2328
f 1248/1124/2249 2318/1133/2325 1319/1126/2328 672/1116/2250
f 1319/1126/2328 1345/1134/2327 1346/1135/2329 1320/1127/2330
f 672/1116/2250 1319/1126/2328 1320/1127/2330 673/1117/2251
f 673/1117/2251 1320/1127/2330 1321/1136/2331 1251/1128/2252
f 1320/1127/2330 1346/1135/2329 1347/1142/2332 1321/1136/2331
f 1251/1128/2252 1321/1136/2331 1322/1143/2333 1253/1137/2253
f 1321/1136/2331 1347/1142/2332 1348/1149/2334 1322/1143/2333
f 1253/3146/2253 1322/3143/2333 2319/3141/2335 1255/3144/2254
f 1322/3143/2333 1348/3140/2334 2336/3135/2336 2319/3141/2335
f 2319/3141/2335 2336/3135/2336 1349/3136/2337 1323/3142/2338
f 1255/3144/2254 2319/3141/2335 1323/3142/2338 674/3145/2255
f 674/541/2255 1323/537/2338 2320/534/2339 1257/538/2256
f 1323/537/2338 1349/533/2337 2337/528/2340 2320/534/2339
f 2320/534/2339 2337/528/2340 1350/529/2341 1324/535/2342
f 1257/538/2256 2320/534/2339 1324/535/2342 675/539/2257
f 1324/535/2342 1350/529/2341 1351/532/2343 1325/536/2344
f 675/539/2257 1324/535/2342 1325/536/2344 676/540/2258
f 676/3181/2258 1325/3178/2344 1326/3179/2345 1260/3182/2259
f 1325/3178/2344 1351/3173/2343 1352/3174/2346 1326/3179/2345
f 1260/3182/2259 1326/3179/2345 1327/3180/2347 1262/3185/2260
f 1326/3179/2345 1352/3174/2346 1353/3177/2348 1327/3180/2347
f 1262/6880/2260 1327/6881/2347 2321/6879/2349 1264/6878/2261
f 1327/3180/2347 1353/3177/2348 2338/3183/2350 2321/3184/2349
f 2321/648/2349 2338/642/2350 1354/643/2351 1328/649/2352
f 1264/6878/2261 2321/6879/2349 1328/6877/2352 677/6876/2262
f 677/6876/2262 1328/6877/2352 2322/6875/2353 1266/6874/2263
f 1328/649/2352 1354/643/2351 2339/646/2354 2322/652/2353
f 2322/652/2353 2339/646/2354 1355/651/2355 1329/654/2356
f 1266/6874/2263 2322/6875/2353 1329/6873/2356 678/6872/2264
f 678/6872/2264 1329/6873/2356 2323/6866/2357 1268/6871/2265
f 1329/654/2356 1355/651/2355 2340/653/2358 2323/655/2357
f 2323/6866/2357 2340/6867/2358 697/6861/1984 1330/6860/2359
f 1268/6871/2265 2323/6866/2357 1330/6860/2359 679/6868/2266
f 679/6868/2266 1330/6860/2359 2324/6856/2360 1270/6862/2267
f 1330/6860/2359 697/6861/1984 1056/6857/1983 2324/6856/2360
f 2324/6856/2360 1056/6857/1983 698/6853/1973 1331/6852/2361
f 1270/6862/2267 2324/6856/2360 1331/6852/2361 680/6863/2268
f 680/1184/2268 1331/1188/2361 2325/1185/2362 1272/1175/2269
f 1331/6852/2361 698/6853/1973 1051/6847/1972 2325/6846/2362
f 2325/6846/2362 1051/6847/1972 1050/6839/1975 1332/6842/2363
f 1272/1175/2269 2325/1185/2362 1332/1176/2363 681/1169/2270
f 681/1169/2270 1332/1176/2363 2326/1170/2364 1274/1163/2271
f 1332/6842/2363 1050/6839/1975 1058/6838/1986 2326/6843/2364
f 2326/1170/2364 1058/1177/1986 1057/1178/1988 1333/1171/2365
f 1274/1163/2271 2326/1170/2364 1333/1171/2365 682/1164/2272
f 682/1164/2272 1333/1171/2365 2327/1179/2366 1276/1172/2273
f 1333/6850/2365 1057/6841/1988 1062/6845/1992 2327/6851/2366
f 2327/3915/2366 1062/3916/1992 1061/3910/1994 1334/3902/2367
f 1276/1172/2273 2327/1179/2366 1334/1186/2367 683/1180/2274
f 683/3901/2274 1334/3902/2367 2328/3897/2368 1278/3894/2275
f 1334/3902/2367 1061/3910/1994 1066/3903/1998 2328/3897/2368
f 2328/3897/2368 1066/3903/1998 1065/3904/2000 1335/3898/2369
f 1278/3894/2275 2328/3897/2368 1335/3898/2369 684/3895/2276
f 684/3895/2276 1335/3898/2369 2329/3905/2370 1280/3899/2277
f 1335/3898/2369 1065/3904/2000 1072/3911/2007 2329/3905/2370
f 2329/1507/2370 1072/1508/2007 1071/1500/2008 1336/1499/2371
f 1280/3899/2277 2329/3905/2370 1336/3912/2371 685/3906/2278
f 685/1510/2278 1336/1499/2371 2330/1495/2372 1282/1505/2279
f 1336/1499/2371 1071/1500/2008 1076/1496/2013 2330/1495/2372
f 2330/1495/2372 1076/1496/2013 1075/1497/2014 1337/1498/2373
f 1282/1505/2279 2330/1495/2372 1337/1498/2373 686/1506/2280
f 686/1506/2280 1337/1498/2373 2331/1504/2374 1284/1514/2281
f 1337/1498/2373 1075/1497/2014 1080/1503/2019 2331/1504/2374
f 2331/1504/2374 1080/1503/2019 1079/1512/2020 1338/1513/2375
f 1284/1514/2281 2331/1504/2374 1338/1513/2375 687/1520/2282
f 687/1520/2282 1338/1513/2375 2332/1519/2376 1286/1524/2283
f 1338/1513/2375 1079/1512/2020 1083/1518/2024 2332/1519/2376
f 2332/1519/2376 1083/1518/2024 699/1522/1903 1024/1523/1913
f 1286/1524/2283 2332/1519/2376 1024/1523/1913 688/1526/1912
f 1621/6324/733 961/6323/732 960/6326/1833 1339/6327/2309
f 1339/6327/2309 960/6326/1833 964/6328/1838 2333/6329/2312
f 2333/6329/2312 964/6328/1838 967/6330/1839 1340/6331/2313
f 1340/1004/2313 967/1008/1839 970/1009/1842 1341/1005/2315
f 1341/1005/2315 970/1009/1842 974/1011/1845 1342/1010/2317
f 1342/3640/2317 974/3646/1845 973/3647/1848 1343/3641/2319
f 1343/3641/2319 973/3647/1848 978/3653/1853 2334/3648/2322
f 2334/3648/2322 978/3653/1853 977/3656/1854 1344/3654/2323
f 1344/3654/2323 977/3656/1854 980/3657/1857 2335/3658/2326
f 2335/1139/2326 980/1145/1857 982/1140/1858 1345/1134/2327
f 1345/1134/2327 982/1140/1858 981/1141/1859 1346/1135/2329
f 1346/1135/2329 981/1141/1859 983/1148/1860 1347/1142/2332
f 1347/1142/2332 983/1148/1860 984/1154/1861 1348/1149/2334
f 1348/3140/2334 984/3137/1861 986/3131/1862 2336/3135/2336
f 2336/3135/2336 986/3131/1862 985/3130/1863 1349/3136/2337
f 1349/533/2337 985/531/1863 987/524/1864 2337/528/2340
f 2337/528/2340 987/524/1864 988/523/1865 1350/529/2341
f 1350/529/2341 988/523/1865 1356/527/2377 1351/532/2343
f 1351/3173/2343 1356/3169/2377 1357/3170/2378 1352/3174/2346
f 1352/3174/2346 1357/3170/2378 1358/3172/2379 1353/3177/2348
f 1353/647/2348 1358/641/2379 2341/634/2380 2338/642/2350
f 2338/642/2350 2341/634/2380 1360/635/2381 1354/643/2351
f 1354/643/2351 1360/635/2381 2342/640/2382 2339/646/2354
f 2339/646/2354 2342/640/2382 1362/645/2383 1355/651/2355
f 1355/651/2355 1362/645/2383 2343/650/2384 2340/653/2358
f 2340/3280/2358 2343/3275/2384 700/3272/1980 697/3277/1984
f 988/523/1865 1670/517/812 706/522/820 1356/527/2377
f 1356/3169/2377 706/3164/820 707/3163/825 1357/3170/2378
f 1357/3170/2378 707/3163/825 708/3168/830 1358/3172/2379
f 1358/641/2379 708/633/830 1359/625/2385 2341/634/2380
f 2341/634/2380 1359/625/2385 709/626/2386 1360/635/2381
f 1360/635/2381 709/626/2386 1361/632/2387 2342/640/2382
f 2342/640/2382 1361/632/2387 710/639/2388 1362/645/2383
f 1362/645/2383 710/639/2388 1363/644/2389 2343/650/2384
f 2343/3275/2384 1363/3270/2389 711/3266/1981 700/3272/1980
f 701/3917/1874 1364/3918/2390 1365/3919/2083 781/3920/1875
f 1364/3918/2390 1370/3921/2391 1395/3922/2085 1365/3919/2083
f 701/1347/1874 733/1340/1868 1366/1346/2392 1364/1356/2390
f 1364/1356/2390 1366/1346/2392 1367/1355/2393 1370/1360/2391
f 1368/1354/2394 1374/1358/2395 1375/1359/2396 1367/1355/2393
f 1368/1354/2394 1369/1357/1899 1371/1361/2397 1374/1358/2395
f 1368/1354/2394 2344/1345/2398 1017/1353/1900 1369/1357/1899
f 2344/1345/2398 732/1339/1867 731/1344/1901 1017/1353/1900
f 1368/1354/2394 1367/1355/2393 1366/1346/2392 2344/1345/2398
f 2344/1345/2398 1366/1346/2392 733/1340/1868 732/1339/1867
f 1367/1355/2393 1375/1359/2396 1396/1364/2399 1370/1360/2391
f 1372/3719/2400 704/3721/2401 705/3722/2402 1371/3720/2397
f 1372/3719/2400 1373/3723/2403 703/3724/2404 704/3721/2401
f 1372/1242/2400 734/1239/1896 1013/1235/1895 1373/1238/2403
f 1372/3719/2400 1371/3720/2397 1369/3718/1899 734/3717/1896
f 1371/1361/2397 705/1365/2402 716/1362/2405 1374/1358/2395
f 1374/1358/2395 716/1362/2405 1193/1363/2213 1375/1359/2396
f 702/6825/2406 739/6824/2407 1376/6829/2408 2345/6830/2409
f 2345/3939/2409 1376/3940/2408 785/3941/2410 1377/3942/2411
f 702/6825/2406 1378/6826/1969 1379/6821/1968 739/6824/2407
f 702/6825/2406 1380/6827/2412 1381/6828/2413 1378/6826/1969
f 702/6825/2406 2345/6830/2409 1383/6831/2414 1380/6827/2412
f 2345/3939/2409 1377/3942/2411 1382/3945/2415 1383/3946/2414
f 1380/6827/2412 1383/6831/2414 1385/6832/2416 703/6833/2404
f 1383/6831/2414 1382/6834/2415 1384/6835/2417 1385/6832/2416
f 1380/1240/2412 703/1241/2404 1373/1238/2403 1381/1237/2413
f 1385/6955/2416 1384/6956/2417 792/6957/2418 1386/6958/2419
f 703/6963/2404 1385/6955/2416 1386/6958/2419 704/6964/2401
f 1386/6958/2419 792/6957/2418 793/6961/2420 1387/6962/2421
f 704/3721/2401 1386/3725/2419 1387/3726/2421 705/3722/2402
f 1387/6962/2421 793/6961/2420 795/6966/2422 1388/6967/2423
f 705/1365/2402 1387/1369/2421 1388/1366/2423 716/1362/2405
f 708/633/830 1677/624/829 2346/616/2424 1359/625/2385
f 1677/624/829 1676/618/828 1728/608/927 2346/616/2424
f 2346/616/2424 1728/608/927 740/607/926 1389/617/2425
f 1359/625/2385 2346/616/2424 1389/617/2425 709/626/2386
f 709/626/2386 1389/617/2425 2347/623/2426 1361/632/2387
f 1389/617/2425 740/607/926 1732/615/935 2347/623/2426
f 2347/623/2426 1732/615/935 741/622/934 1390/631/2427
f 1361/632/2387 2347/623/2426 1390/631/2427 710/639/2388
f 710/639/2388 1390/631/2427 2348/638/2428 1363/644/2389
f 1390/631/2427 741/622/934 1736/630/943 2348/638/2428
f 2348/3264/2428 1736/3265/943 742/3256/942 1391/3260/2429
f 1363/3270/2389 2348/3264/2428 1391/3260/2429 711/3266/1981
f 711/3266/1981 1391/3260/2429 2349/3261/2430 1055/3267/1982
f 1391/3260/2429 742/3256/942 1740/3255/951 2349/3261/2430
f 2349/3261/2430 1740/3255/951 743/3259/950 1392/3263/2431
f 1055/3267/1982 2349/3261/2430 1392/3263/2431 712/3269/1976
f 712/3269/1976 1392/3263/2431 2350/3268/2432 1052/3273/1977
f 1392/3263/2431 743/3259/950 1743/3262/957 2350/3268/2432
f 2350/685/2432 1743/677/957 744/665/956 1393/675/2433
f 1052/695/1977 2350/685/2432 1393/675/2433 713/686/1978
f 713/686/1978 1393/675/2433 2351/676/2434 1059/687/1989
f 1393/675/2433 744/665/956 1747/664/965 2351/676/2434
f 2351/676/2434 1747/664/965 745/674/964 1394/684/2435
f 1059/687/1989 2351/676/2434 1394/684/2435 714/694/1990
f 714/694/1990 1394/684/2435 2352/693/2436 1063/701/1995
f 1394/684/2435 745/674/964 1751/683/973 2352/693/2436
f 2352/693/2436 1751/683/973 746/692/972 1101/700/2042
f 1063/701/1995 2352/693/2436 1101/700/2042 715/704/1996
f 1370/3921/2391 1396/3925/2399 1397/3926/2089 1395/3922/2085
f 1375/1359/2396 1193/1363/2213 791/1368/2212 1396/1364/2399
f 1396/3925/2399 791/3929/2212 802/3930/1765 1397/3926/2089
f 1388/1366/2423 795/1370/2422 1189/1371/2205 1194/1367/2211
f 716/1362/2405 1388/1366/2423 1194/1367/2211 1193/1363/2213
f 1461/3857/451 915/3852/1773 1634/3851/759 1460/3858/452
f 1049/3697/1889 1378/3699/1969 1381/3702/2413 1398/3700/1892
f 1398/1234/1892 1381/1237/2413 1373/1238/2403 1013/1235/1895
f 1100/3963/1962 1099/3961/2039 1399/3962/2437 1400/3964/1966
f 1400/3964/1966 1399/3962/2437 738/3965/2438 1401/3966/1967
f 1401/6819/1967 738/6823/2438 739/6824/2407 1379/6821/1968
f 735/3833/2034 1121/3839/2080 2353/3844/2439 1094/3840/2035
f 1121/6607/2080 756/6603/2079 1402/6602/2440 2353/6608/2439
f 2353/1407/2439 1402/1415/2440 782/1408/2441 1403/1403/2442
f 1094/1402/2035 2353/1407/2439 1403/1403/2442 736/1398/2036
f 1403/1403/2442 782/1408/2441 783/1409/2443 1404/1404/2444
f 736/1398/2036 1403/1403/2442 1404/1404/2444 737/1399/2037
f 737/1399/2037 1404/1404/2444 1406/1410/2445 1097/1405/2038
f 1404/1404/2444 783/1409/2443 1405/1416/2446 1406/1410/2445
f 1097/1405/2038 1406/1410/2445 1408/1417/2447 1099/1411/2039
f 1406/3952/2445 1405/3953/2446 1407/3954/2448 1408/3955/2447
f 1099/3961/2039 1408/3955/2447 1410/3959/2449 1399/3962/2437
f 1408/3955/2447 1407/3954/2448 1409/3958/2450 1410/3959/2449
f 1410/1532/2449 1409/1533/2450 784/1529/2451 1411/1528/2452
f 1399/1539/2437 1410/1532/2449 1411/1528/2452 738/1536/2438
f 1411/1528/2452 784/1529/2451 785/1530/2410 1376/1531/2408
f 738/1536/2438 1411/1528/2452 1376/1531/2408 739/1537/2407
f 746/3385/972 1750/3386/971 2354/3377/2453 1102/3381/2043
f 1750/682/971 757/681/970 1797/690/1070 2354/691/2453
f 2354/3377/2453 1797/3372/1070 758/3371/1069 1412/3378/2454
f 1102/3381/2043 2354/3377/2453 1412/3378/2454 747/3382/2044
f 747/3382/2044 1412/3378/2454 2355/3380/2455 1104/3384/2046
f 1412/3378/2454 758/3371/1069 1800/3376/1076 2355/3380/2455
f 2355/3380/2455 1800/3376/1076 759/3379/1075 1413/3383/2456
f 1104/3384/2046 2355/3380/2455 1413/3383/2456 748/3389/2047
f 748/853/2047 1413/845/2456 2356/843/2457 1106/851/2050
f 1413/845/2456 759/838/1075 1803/837/1082 2356/843/2457
f 2356/843/2457 1803/837/1082 760/836/1081 1414/844/2458
f 1106/851/2050 2356/843/2457 1414/844/2458 749/852/2051
f 749/852/2051 1414/844/2458 2357/850/2459 1108/859/2054
f 1414/844/2458 760/836/1081 1806/842/1088 2357/850/2459
f 2357/850/2459 1806/842/1088 761/849/1087 1415/858/2460
f 1108/859/2054 2357/850/2459 1415/858/2460 750/866/2055
f 750/866/2055 1415/858/2460 2358/865/2461 1110/870/2058
f 1415/858/2460 761/849/1087 1808/857/1092 2358/865/2461
f 2358/3430/2461 1808/3431/1092 762/3416/1091 1416/3422/2462
f 1110/3439/2058 2358/3430/2461 1416/3422/2462 751/3432/2059
f 751/3432/2059 1416/3422/2462 2359/3413/2463 1112/3423/2062
f 1416/3422/2462 762/3416/1091 1811/3408/1098 2359/3413/2463
f 2359/3413/2463 1811/3408/1098 763/3407/1097 1417/3414/2464
f 1112/3423/2062 2359/3413/2463 1417/3414/2464 752/3424/2063
f 752/3424/2063 1417/3414/2464 2360/3421/2465 1114/3429/2066
f 1417/3414/2464 763/3407/1097 1814/3412/1104 2360/3421/2465
f 2360/905/2465 1814/897/1104 764/887/1103 1418/895/2466
f 1114/6910/2066 2360/6916/2465 1418/6917/2466 753/6913/2067
f 753/6913/2067 1418/6917/2466 2361/6921/2467 1116/6918/2070
f 1418/895/2466 764/887/1103 1817/879/1110 2361/884/2467
f 2361/884/2467 1817/879/1110 765/878/1109 1419/885/2468
f 1116/6918/2070 2361/6921/2467 1419/6925/2468 754/6922/2071
f 754/6922/2071 1419/6925/2468 2362/6927/2469 1118/6926/2074
f 1419/885/2468 765/878/1109 1420/883/2470 2362/894/2469
f 2362/894/2469 1420/883/2470 766/893/2471 1421/904/2472
f 1118/6926/2074 2362/6927/2469 1421/6930/2472 755/6928/2075
f 755/6609/2075 1421/6610/2472 2363/6606/2473 1120/6605/2078
f 1421/6610/2472 766/6612/2471 1422/6613/2474 2363/6606/2473
f 2363/3545/2473 1422/3535/2474 767/3536/2475 1423/3546/2476
f 1120/6605/2078 2363/6606/2473 1423/6604/2476 756/6603/2079
f 756/6603/2079 1423/6604/2476 2364/6600/2477 1402/6602/2440
f 1423/3546/2476 767/3536/2475 1424/3542/2478 2364/3554/2477
f 2364/6600/2477 1424/6601/2478 1425/6595/2479 2365/6596/2480
f 1402/6602/2440 2364/6600/2477 2365/6596/2480 782/6597/2441
f 765/878/1109 770/877/1108 1887/882/1247 1420/883/2470
f 1420/883/2470 1887/882/1247 771/892/1246 766/893/2471
f 766/3543/2471 771/3544/1246 1890/3528/1253 1422/3535/2474
f 1422/3535/2474 1890/3528/1253 772/3527/1252 767/3536/2475
f 767/3536/2475 772/3527/1252 1893/3534/1259 1424/3542/2478
f 1424/3542/2478 1893/3534/1259 1895/3541/1258 1425/3553/2479
f 1425/6595/2479 1895/6598/1258 773/6599/1262 768/6591/2481
f 1425/6595/2479 768/6591/2481 1426/6592/2482 2365/6596/2480
f 2365/6596/2480 1426/6592/2482 783/6594/2443 782/6597/2441
f 768/1080/2481 773/1067/1262 774/1074/1264 769/1081/2483
f 768/6591/2481 769/6588/2483 1427/6590/2484 1426/6592/2482
f 1426/6592/2482 1427/6590/2484 1405/6593/2446 783/6594/2443
f 769/6588/2483 1428/6585/2485 1429/6586/2486 1427/6590/2484
f 1427/3956/2484 1429/3957/2486 1407/3954/2448 1405/3953/2446
f 769/6588/2483 774/6589/1264 775/6584/1267 1428/6585/2485
f 775/6584/1267 1902/6579/1270 1430/6581/2487 1428/6585/2485
f 1902/6579/1270 776/6578/1273 1431/6580/2488 1430/6581/2487
f 776/6578/1273 777/6582/2489 786/6583/2490 1431/6580/2488
f 776/1209/1273 2001/1204/1272 778/1203/1561 777/1210/2489
f 778/6971/1561 779/6972/1565 788/6973/2491 777/6974/2489
f 779/6972/1565 780/6975/1569 789/6976/2492 788/6973/2491
f 780/6975/1569 2008/6977/1571 1432/6978/2493 789/6976/2492
f 2008/3975/1571 2010/3971/1575 1443/3967/2494 1432/3976/2493
f 997/6737/1582 999/6740/1870 1434/6741/2495 1433/6738/1583
f 999/6740/1870 790/6742/1873 1198/6743/2215 1434/6741/2495
f 1407/3954/2448 1429/3957/2486 1435/3960/2496 1409/3958/2450
f 1429/6586/2486 1428/6585/2485 1430/6581/2487 1435/6587/2496
f 1435/1538/2496 1430/1542/2487 1431/1540/2488 1436/1534/2497
f 1409/1533/2450 1435/1538/2496 1436/1534/2497 784/1529/2451
f 1436/1534/2497 1431/1540/2488 786/1541/2490 1437/1535/2498
f 784/1529/2451 1436/1534/2497 1437/1535/2498 785/1530/2410
f 785/3941/2410 1437/3943/2498 1439/3944/2499 1377/3942/2411
f 1437/3943/2498 786/3947/2490 1438/3948/2500 1439/3944/2499
f 1377/3942/2411 1439/3944/2499 1441/3949/2501 1382/3945/2415
f 1439/1553/2499 1438/1547/2500 1440/1543/2502 1441/1552/2501
f 786/3947/2490 777/3950/2489 788/3951/2491 1438/3948/2500
f 1438/1547/2500 788/1548/2491 789/1544/2492 1440/1543/2502
f 1440/1543/2502 789/1544/2492 1432/1545/2493 787/1546/2503
f 1440/1543/2502 787/1546/2503 2366/1551/2504 1441/1552/2501
f 1441/1552/2501 2366/1551/2504 1384/1555/2417 1382/1556/2415
f 787/1546/2503 1444/1550/2505 1442/1554/2506 2366/1551/2504
f 2366/6959/2504 1442/6960/2506 792/6957/2418 1384/6956/2417
f 787/1546/2503 1432/1545/2493 1443/1549/2494 1444/1550/2505
f 1443/3967/2494 2010/3971/1575 2012/3972/1579 1445/3968/2507
f 1443/3967/2494 1445/3968/2507 794/3969/2508 1444/3970/2505
f 2012/1557/1579 1433/1558/1583 1446/1559/2509 1445/1560/2507
f 1433/1558/1583 1434/1561/2495 1449/1562/2510 1446/1559/2509
f 790/6742/1873 1200/6746/1776 1199/6747/1772 1198/6743/2215
f 1442/3973/2506 1444/3970/2505 794/3969/2508 1447/3974/2511
f 792/6957/2418 1442/6960/2506 1447/6965/2511 793/6961/2420
f 1447/3974/2511 794/3969/2508 1448/3977/2512 2367/3978/2513
f 793/6961/2420 1447/6965/2511 2367/6968/2513 795/6966/2422
f 794/1563/2508 1445/1560/2507 1446/1559/2509 1448/1564/2512
f 1448/1564/2512 1446/1559/2509 1449/1562/2510 796/1567/2208
f 1448/6111/2512 796/6105/2208 1190/6104/2206 2367/6112/2513
f 2367/6968/2513 1190/6969/2206 1189/6970/2205 795/6966/2422
f 1449/1562/2510 1434/1561/2495 1198/1565/2215 1196/1566/2214
f 1449/1562/2510 1196/1566/2214 797/1568/2209 796/1567/2208
s 86
usemtl initialShadingGroup
f 2369/6979/2514 2368/6980/2515 2400/6981/2516
f 2370/6983/2517 2369/6979/2514 2400/6981/2516
f 2371/6985/2518 2370/6983/2517 2400/6981/2516
f 2372/6987/2519 2371/6985/2518 2400/6981/2516
f 2373/6989/2520 2372/6987/2519 2400/6981/2516
f 2374/6991/2521 2373/6989/2520 2400/6981/2516
f 2375/6993/2522 2374/6991/2521 2400/6981/2516
f 2376/6995/2523 2375/6993/2522 2400/6981/2516
f 2377/6994/2524 2376/6995/2523 2400/6981/2516
f 2378/6992/2525 2377/6994/2524 2400/6981/2516
f 2379/6990/2526 2378/6992/2525 2400/6981/2516
f 2380/6988/2527 2379/6990/2526 2400/6981/2516
f 2381/6986/2528 2380/6988/2527 2400/6981/2516
f 2382/6984/2529 2381/6986/2528 2400/6981/2516
f 2383/6982/2530 2382/6984/2529 2400/6981/2516
f 2368/6980/2515 2383/6982/2530 2400/6981/2516
s 87
f 2384/6996/2531 2385/6997/2532 2399/6998/2533
f 2385/6997/2532 2386/7001/2534 2399/6998/2533
f 2386/7001/2534 2387/7003/2535 2399/6998/2533
f 2387/7003/2535 2388/7004/2536 2399/6998/2533
f 2388/7004/2536 2389/7007/2537 2399/6998/2533
f 2389/7007/2537 2390/7009/2538 2399/6998/2533
f 2390/7009/2538 2391/7010/2539 2399/6998/2533
f 2391/7010/2539 2392/7011/2540 2399/6998/2533
f 2392/7011/2540 2393/7014/2541 2399/6998/2533
f 2393/7014/2541 2394/7016/2542 2399/6998/2533
f 2394/7016/2542 2395/7018/2543 2399/6998/2533
f 2395/7018/2543 2396/7019/2544 2399/6998/2533
f 2396/7019/2544 2397/7020/2545 2399/6998/2533
f 2397/7020/2545 2398/7023/2546 2399/6998/2533
s 88
f 2403/1569/2547 2402/1570/2548 2405/1571/2549 2404/1572/2550
s 89
f 2402/1570/2551 2401/1575/2552 2406/1576/2553 2405/1571/2554
s 88
f 2368/1580/2555 2369/1581/2556 2448/1573/2557 2403/1569/2547
f 2369/4019/2556 2370/4015/2558 2443/4009/2559 2448/4014/2557
f 2370/4015/2558 2371/4010/2560 2442/4005/2561 2443/4009/2559
f 2371/4010/2560 2372/4011/2562 2437/4002/2563 2442/4005/2561
f 2372/1618/2562 2373/1615/2564 2436/1608/2565 2437/1614/2563
f 2373/1615/2564 2374/1609/2566 2431/1601/2567 2436/1608/2565
f 2374/1609/2566 2375/1602/2568 2428/1595/2569 2431/1601/2567
f 2375/1602/2568 2376/1603/2570 2425/1592/2571 2428/1595/2569
f 2376/1603/2570 2377/1605/2572 2422/1596/2573 2425/1592/2571
f 2377/4001/2572 2378/3998/2574 2419/3991/2575 2422/3997/2573
f 2378/3998/2574 2379/3992/2576 2416/3986/2577 2419/3991/2575
f 2379/3992/2576 2380/3987/2578 2413/3982/2579 2416/3986/2577
f 2380/3987/2578 2381/3988/2580 2410/3979/2581 2413/3982/2579
f 2381/1591/2580 2382/1588/2582 2409/1578/2583 2410/1587/2581
f 2382/1588/2582 2383/1579/2584 2404/1572/2550 2409/1578/2583
f 2383/1579/2584 2368/1580/2555 2403/1569/2547 2404/1572/2550
s 89
f 2406/1576/2553 2401/1575/2552 2384/1583/2585 2399/1584/2586
f 2408/1585/2587 2406/1576/2553 2399/1584/2586 2398/1589/2588
f 2412/7022/2589 2408/7024/2587 2398/7023/2588 2397/7020/2590
f 2415/7021/2591 2412/7022/2589 2397/7020/2590 2396/7019/2592
f 2418/3989/2593 2415/3984/2591 2396/3993/2592 2395/3994/2594
f 2421/3995/2595 2418/3989/2593 2395/3994/2594 2394/3999/2596
f 2424/7015/2597 2421/7017/2595 2394/7016/2596 2393/7014/2598
f 2427/7013/2599 2424/7015/2597 2393/7014/2598 2392/7011/2600
f 2430/7012/2601 2427/7013/2599 2392/7011/2600 2391/7010/2602
f 2433/1606/2603 2430/1599/2601 2391/1610/2602 2390/1611/2604
f 2435/1612/2605 2433/1606/2603 2390/1611/2604 2389/1616/2606
f 2439/7006/2607 2435/7008/2605 2389/7007/2606 2388/7004/2608
f 2441/7005/2609 2439/7006/2607 2388/7004/2608 2387/7003/2610
f 2445/4012/2611 2441/4007/2609 2387/4016/2610 2386/4017/2612
f 2447/7000/2613 2445/7002/2611 2386/7001/2612 2385/6997/2614
f 2401/6999/2552 2447/7000/2613 2385/6997/2614 2384/6996/2585
s 88
f 2404/1572/2550 2405/1571/2549 2407/1577/2615 2409/1578/2583
s 89
f 2405/1571/2554 2406/1576/2553 2408/1585/2587 2407/1577/2616
s 88
f 2409/1578/2583 2407/1577/2615 2411/1586/2617 2410/1587/2581
s 89
f 2407/1577/2616 2408/1585/2587 2412/1590/2589 2411/1586/2618
s 88
f 2410/3979/2581 2411/3980/2617 2414/3981/2619 2413/3982/2579
s 89
f 2411/3980/2618 2412/3983/2589 2415/3984/2591 2414/3981/2620
s 88
f 2413/3982/2579 2414/3981/2619 2417/3985/2621 2416/3986/2577
s 89
f 2414/3981/2620 2415/3984/2591 2418/3989/2593 2417/3985/2622
s 88
f 2416/3986/2577 2417/3985/2621 2420/3990/2623 2419/3991/2575
s 89
f 2417/3985/2622 2418/3989/2593 2421/3995/2595 2420/3990/2624
s 88
f 2419/3991/2575 2420/3990/2623 2423/3996/2625 2422/3997/2573
s 89
f 2420/3990/2624 2421/3995/2595 2424/4000/2597 2423/3996/2626
s 88
f 2422/1596/2573 2423/1597/2625 2426/1593/2627 2425/1592/2571
s 89
f 2423/1597/2626 2424/1604/2597 2427/1598/2599 2426/1593/2628
s 88
f 2425/1592/2571 2426/1593/2627 2429/1594/2629 2428/1595/2569
s 89
f 2426/1593/2628 2427/1598/2599 2430/1599/2601 2429/1594/2630
s 88
f 2428/1595/2569 2429/1594/2629 2432/1600/2631 2431/1601/2567
s 89
f 2429/1594/2630 2430/1599/2601 2433/1606/2603 2432/1600/2632
s 88
f 2431/1601/2567 2432/1600/2631 2434/1607/2633 2436/1608/2565
s 89
f 2432/1600/2632 2433/1606/2603 2435/1612/2605 2434/1607/2634
s 88
f 2436/1608/2565 2434/1607/2633 2438/1613/2635 2437/1614/2563
s 89
f 2434/1607/2634 2435/1612/2605 2439/1617/2607 2438/1613/2636
s 88
f 2437/4002/2563 2438/4003/2635 2440/4004/2637 2442/4005/2561
s 89
f 2438/4003/2636 2439/4006/2607 2441/4007/2609 2440/4004/2638
s 88
f 2442/4005/2561 2440/4004/2637 2444/4008/2639 2443/4009/2559
s 89
f 2440/4004/2638 2441/4007/2609 2445/4012/2611 2444/4008/2640
s 88
f 2443/4009/2559 2444/4008/2639 2446/4013/2641 2448/4014/2557
s 89
f 2444/4008/2640 2445/4012/2611 2447/4018/2613 2446/4013/2642
f 2401/1575/2552 2402/1570/2551 2446/1574/2642 2447/1582/2613
s 88
f 2402/1570/2548 2403/1569/2547 2448/1573/2557 2446/1574/2641
s 91
f 2449/1619/2643 2450/1620/2644 2469/1621/2645 2466/1622/2646
f 2450/1620/2644 2451/1623/2647 2472/1624/2648 2469/1621/2645
f 2451/4020/2647 2452/4021/2649 2475/4022/2650 2472/4023/2648
f 2452/4021/2649 2453/4024/2651 2478/4025/2652 2475/4022/2650
f 2453/4024/2651 2454/4028/2653 2481/4029/2654 2478/4025/2652
f 2454/1645/2653 2455/1637/2655 2484/1640/2656 2481/1646/2654
f 2455/1637/2655 2456/1638/2657 2487/1639/2658 2484/1640/2656
f 2456/1638/2657 2457/1641/2659 2490/1642/2660 2487/1639/2658
f 2457/1641/2659 2458/1647/2661 2493/1648/2662 2490/1642/2660
f 2458/1647/2661 2459/1651/2663 2496/1652/2664 2493/1648/2662
f 2459/4032/2663 2460/4033/2665 2499/4034/2666 2496/4035/2664
f 2460/4033/2665 2461/4036/2667 2502/4037/2668 2499/4034/2666
f 2461/4036/2667 2462/4040/2669 2505/4041/2670 2502/4037/2668
f 2462/1634/2669 2463/1631/2671 2508/1632/2672 2505/1635/2670
f 2463/1631/2671 2464/1627/2673 2511/1628/2674 2508/1632/2672
f 2464/1627/2673 2449/1619/2643 2466/1622/2646 2511/1628/2674
s 92
f 2468/7025/2675 2471/7026/2676 2465/7027/2677
f 2471/7026/2676 2474/7030/2678 2465/7027/2677
f 2474/7030/2678 2477/7034/2679 2465/7027/2677
f 2477/7034/2679 2480/7038/2680 2465/7027/2677
f 2480/7038/2680 2483/7042/2681 2465/7027/2677
f 2483/7042/2681 2486/7046/2682 2465/7027/2677
f 2486/7046/2682 2489/7050/2683 2465/7027/2677
f 2489/7050/2683 2492/7054/2684 2465/7027/2677
f 2492/7054/2684 2495/7055/2685 2465/7027/2677
f 2495/7055/2685 2498/7051/2686 2465/7027/2677
f 2498/7051/2686 2501/7047/2687 2465/7027/2677
f 2501/7047/2687 2504/7043/2688 2465/7027/2677
f 2504/7043/2688 2507/7039/2689 2465/7027/2677
f 2507/7039/2689 2510/7035/2690 2465/7027/2677
f 2510/7035/2690 2513/7031/2691 2465/7027/2677
f 2513/7031/2691 2468/7025/2675 2465/7027/2677
s 91
f 2466/1622/2646 2467/1625/2692 2512/1630/2693 2511/1628/2674
s 92
f 2467/7028/2694 2468/7025/2675 2513/7031/2691 2512/7032/2695
f 2468/7025/2675 2467/7028/2694 2470/7029/2696 2471/7026/2676
s 91
f 2467/1625/2692 2466/1622/2646 2469/1621/2645 2470/1626/2697
s 92
f 2471/7026/2676 2470/7029/2696 2473/7033/2698 2474/7030/2678
s 91
f 2470/1626/2697 2469/1621/2645 2472/1624/2648 2473/1629/2699
s 92
f 2474/7030/2678 2473/7033/2698 2476/7037/2700 2477/7034/2679
s 91
f 2473/4026/2699 2472/4023/2648 2475/4022/2650 2476/4027/2701
s 92
f 2477/7034/2679 2476/7037/2700 2479/7041/2702 2480/7038/2680
s 91
f 2476/4027/2701 2475/4022/2650 2478/4025/2652 2479/4030/2703
s 92
f 2480/7038/2680 2479/7041/2702 2482/7045/2704 2483/7042/2681
s 91
f 2479/4030/2703 2478/4025/2652 2481/4029/2654 2482/4031/2705
s 92
f 2483/7042/2681 2482/7045/2704 2485/7049/2706 2486/7046/2682
s 91
f 2482/1650/2705 2481/1646/2654 2484/1640/2656 2485/1643/2707
s 92
f 2486/7046/2682 2485/7049/2706 2488/7053/2708 2489/7050/2683
s 91
f 2485/1643/2707 2484/1640/2656 2487/1639/2658 2488/1644/2709
s 92
f 2489/7050/2683 2488/7053/2708 2491/7057/2710 2492/7054/2684
s 91
f 2488/1644/2709 2487/1639/2658 2490/1642/2660 2491/1649/2711
s 92
f 2492/7054/2684 2491/7057/2710 2494/7056/2712 2495/7055/2685
s 91
f 2491/1649/2711 2490/1642/2660 2493/1648/2662 2494/1653/2713
s 92
f 2495/7055/2685 2494/7056/2712 2497/7052/2714 2498/7051/2686
s 91
f 2494/1653/2713 2493/1648/2662 2496/1652/2664 2497/1654/2715
s 92
f 2498/7051/2686 2497/7052/2714 2500/7048/2716 2501/7047/2687
s 91
f 2497/4038/2715 2496/4035/2664 2499/4034/2666 2500/4039/2717
s 92
f 2501/7047/2687 2500/7048/2716 2503/7044/2718 2504/7043/2688
s 91
f 2500/4039/2717 2499/4034/2666 2502/4037/2668 2503/4042/2719
s 92
f 2504/7043/2688 2503/7044/2718 2506/7040/2720 2507/7039/2689
s 91
f 2503/4042/2719 2502/4037/2668 2505/4041/2670 2506/4043/2721
s 92
f 2507/7039/2689 2506/7040/2720 2509/7036/2722 2510/7035/2690
s 91
f 2506/1636/2721 2505/1635/2670 2508/1632/2672 2509/1633/2723
s 92
f 2510/7035/2690 2509/7036/2722 2512/7032/2695 2513/7031/2691
s 91
f 2509/1633/2723 2508/1632/2672 2511/1628/2674 2512/1630/2693
s 93
f 2515/7058/2724 2514/7059/2725 2539/7060/2726
f 2516/7061/2727 2515/7058/2724 2539/7060/2726
f 2517/7062/2728 2516/7061/2727 2539/7060/2726
f 2518/7063/2729 2517/7062/2728 2539/7060/2726
f 2519/7064/2730 2518/7063/2729 2539/7060/2726
f 2520/7065/2731 2519/7064/2730 2539/7060/2726
f 2521/7066/2732 2520/7065/2731 2539/7060/2726
f 2522/7067/2733 2521/7066/2732 2539/7060/2726
f 2523/7068/2734 2522/7067/2733 2539/7060/2726
f 2524/7069/2735 2523/7068/2734 2539/7060/2726
f 2525/7070/2736 2524/7069/2735 2539/7060/2726
s 94
f 2526/7071/2737 2527/7072/2738 2540/7073/2739
f 2527/7072/2738 2528/7076/2740 2540/7073/2739
f 2528/7076/2740 2529/7078/2741 2540/7073/2739
f 2529/7078/2741 2530/7080/2742 2540/7073/2739
f 2530/7080/2742 2531/7082/2743 2540/7073/2739
f 2531/7082/2743 2532/7086/2744 2540/7073/2739
f 2532/7086/2744 2533/7088/2745 2540/7073/2739
f 2533/7088/2745 2534/7087/2746 2540/7073/2739
f 2534/7087/2746 2535/7083/2747 2540/7073/2739
f 2535/7083/2747 2536/7081/2748 2540/7073/2739
f 2536/7081/2748 2537/7079/2749 2540/7073/2739
f 2537/7079/2749 2538/7077/2750 2540/7073/2739
f 2538/7077/2750 2526/7071/2737 2540/7073/2739
s 95
f 2539/1655/2751 2541/1656/2752 2542/1657/2753 2525/1658/2754
s 96
f 2541/1656/2755 2566/1661/2756 2543/1662/2757 2542/1657/2758
f 2543/1662/2757 2566/1661/2756 2526/1666/2759 2538/1667/2760
f 2545/1668/2761 2543/1662/2757 2538/1667/2760 2537/1669/2762
f 2547/4049/2763 2545/4048/2761 2537/4052/2762 2536/4053/2764
f 2549/4054/2765 2547/4049/2763 2536/4053/2764 2535/4057/2766
f 2551/4058/2767 2549/4054/2765 2535/4057/2766 2534/4059/2768
f 2553/7089/2769 2551/7090/2767 2534/7087/2768 2533/7088/2770
f 2555/1677/2771 2553/1676/2769 2533/1681/2770 2532/1682/2772
f 2557/1683/2773 2555/1677/2771 2532/1682/2772 2531/1686/2774
f 2559/7084/2775 2557/7085/2773 2531/7082/2774 2530/7080/2776
f 2561/4065/2777 2559/4064/2775 2530/4068/2776 2529/4069/2778
f 2563/4070/2779 2561/4065/2777 2529/4069/2778 2528/4073/2780
f 2565/4074/2781 2563/4070/2779 2528/4073/2780 2527/4075/2782
f 2566/7074/2756 2565/7075/2781 2527/7072/2782 2526/7071/2759
s 95
f 2525/1658/2754 2542/1657/2753 2544/1663/2783 2524/1664/2784
s 96
f 2542/1657/2758 2543/1662/2757 2545/1668/2761 2544/1663/2785
s 95
f 2524/4044/2784 2544/4045/2783 2546/4046/2786 2523/4047/2787
s 96
f 2544/4045/2785 2545/4048/2761 2547/4049/2763 2546/4046/2788
s 95
f 2523/4047/2787 2546/4046/2786 2548/4050/2789 2522/4051/2790
s 96
f 2546/4046/2788 2547/4049/2763 2549/4054/2765 2548/4050/2791
s 95
f 2522/4051/2790 2548/4050/2789 2550/4055/2792 2521/4056/2793
s 96
f 2548/4050/2791 2549/4054/2765 2551/4058/2767 2550/4055/2794
s 95
f 2521/1674/2793 2550/1675/2792 2552/1671/2795 2520/1670/2796
s 96
f 2550/1675/2794 2551/1680/2767 2553/1676/2769 2552/1671/2797
s 95
f 2520/1670/2796 2552/1671/2795 2554/1672/2798 2519/1673/2799
s 96
f 2552/1671/2797 2553/1676/2769 2555/1677/2771 2554/1672/2800
s 95
f 2519/1673/2799 2554/1672/2798 2556/1678/2801 2518/1679/2802
s 96
f 2554/1672/2800 2555/1677/2771 2557/1683/2773 2556/1678/2803
s 95
f 2518/1679/2802 2556/1678/2801 2558/1684/2804 2517/1685/2805
s 96
f 2556/1678/2803 2557/1683/2773 2559/1687/2775 2558/1684/2806
s 95
f 2517/4060/2805 2558/4061/2804 2560/4062/2807 2516/4063/2808
s 96
f 2558/4061/2806 2559/4064/2775 2561/4065/2777 2560/4062/2809
s 95
f 2516/4063/2808 2560/4062/2807 2562/4066/2810 2515/4067/2811
s 96
f 2560/4062/2809 2561/4065/2777 2563/4070/2779 2562/4066/2812
s 95
f 2515/4067/2811 2562/4066/2810 2564/4071/2813 2514/4072/2814
s 96
f 2562/4066/2812 2563/4070/2779 2565/4074/2781 2564/4071/2815
s 95
f 2514/1659/2814 2564/1660/2813 2541/1656/2752 2539/1655/2751
s 96
f 2564/1660/2815 2565/1665/2781 2566/1661/2756 2541/1656/2755
s 97
f 2577/1704/2816 2567/1710/2817 2578/1711/2818 2589/1705/2819
f 2567/4076/2817 2568/4077/2820 2579/4078/2821 2578/4079/2818
f 2568/4077/2820 2569/4080/2822 2580/4081/2823 2579/4078/2821
f 2569/1696/2822 2570/1688/2824 2581/1691/2825 2580/1697/2823
f 2570/1688/2824 2602/1689/2826 2582/1690/2827 2581/1691/2825
f 2602/1689/2826 2571/1692/2828 2583/1693/2829 2582/1690/2827
f 2571/4085/2828 2572/4086/2830 2584/4087/2831 2583/4088/2829
f 2572/4086/2830 2573/4089/2832 2585/4090/2833 2584/4087/2831
f 2573/4089/2832 2574/4093/2834 2586/4094/2835 2585/4090/2833
f 2574/1708/2834 2575/1700/2836 2587/1703/2837 2586/1709/2835
f 2575/1700/2836 2576/1701/2838 2588/1702/2839 2587/1703/2837
f 2576/1701/2838 2577/1704/2816 2589/1705/2819 2588/1702/2839
f 2589/1705/2819 2578/1711/2818 2590/1714/2840 2601/1712/2841
f 2578/4079/2818 2579/4078/2821 2591/4082/2842 2590/4083/2840
f 2579/4078/2821 2580/4081/2823 2592/4084/2843 2591/4082/2842
f 2580/1697/2823 2581/1691/2825 2593/1695/2844 2592/1699/2843
f 2581/1691/2825 2582/1690/2827 2594/1694/2845 2593/1695/2844
f 2582/1690/2827 2583/1693/2829 2595/1698/2846 2594/1694/2845
f 2583/4088/2829 2584/4087/2831 2596/4091/2847 2595/4092/2846
f 2584/4087/2831 2585/4090/2833 2597/4095/2848 2596/4091/2847
f 2585/4090/2833 2586/4094/2835 2598/4096/2849 2597/4095/2848
f 2586/1709/2835 2587/1703/2837 2599/1707/2850 2598/1713/2849
f 2587/1703/2837 2588/1702/2839 2600/1706/2851 2599/1707/2850
f 2588/1702/2839 2589/1705/2819 2601/1712/2841 2600/1706/2851
s 98
f 2567/7091/2852 2577/7092/2853 2602/7093/2854
f 2568/7095/2855 2567/7091/2852 2602/7093/2854
f 2569/7097/2856 2568/7095/2855 2602/7093/2854
f 2570/7099/2857 2569/7097/2856 2602/7093/2854
f 2572/7101/2858 2571/7102/2859 2602/7093/2854
f 2573/7100/2860 2572/7101/2858 2602/7093/2854
f 2574/7098/2861 2573/7100/2860 2602/7093/2854
f 2575/7096/2862 2574/7098/2861 2602/7093/2854
f 2576/7094/2863 2575/7096/2862 2602/7093/2854
f 2577/7092/2853 2576/7094/2863 2602/7093/2854
s 100
f 2601/7103/2864 2590/7104/2865 2603/7105/2866
f 2590/7104/2865 2591/7106/2867 2603/7105/2866
f 2591/7106/2867 2592/7108/2868 2603/7105/2866
f 2592/7108/2868 2593/7110/2869 2603/7105/2866
f 2593/7110/2869 2594/7112/2870 2603/7105/2866
f 2594/7112/2870 2595/7114/2871 2603/7105/2866
f 2595/7114/2871 2596/7115/2872 2603/7105/2866
f 2596/7115/2872 2597/7113/2873 2603/7105/2866
f 2597/7113/2873 2598/7111/2874 2603/7105/2866
f 2598/7111/2874 2599/7109/2875 2603/7105/2866
f 2599/7109/2875 2600/7107/2876 2603/7105/2866
f 2600/7107/2876 2601/7103/2864 2603/7105/2866
s 101
f 2627/4107/2877 2626/4108/2878 2638/4102/2879 2637/4101/2880
f 2628/1728/2881 2627/1729/2877 2631/1720/2882 2630/1719/2883
f 2629/1715/2884 2632/1716/2885 2650/1717/2886 2649/1718/2887
f 2630/1719/2883 2629/1715/2884 2634/1726/2888 2633/1727/2889
f 2632/1716/2885 2631/1720/2882 2637/1730/2880 2636/1721/2890
f 2633/1727/2889 2634/1726/2888 2724/1735/2891 2727/1736/2892
f 2636/4097/2890 2639/4098/2893 2648/4099/2894 2647/4100/2895
f 2639/4098/2893 2638/4102/2879 2644/4109/2896 2643/4103/2897
f 2641/1763/2898 2640/1764/2899 2653/1755/2900 2652/1754/2901
f 2642/4117/2902 2641/4124/2898 2645/4118/2903 2644/4109/2896
f 2643/4103/2897 2646/4110/2904 2661/4111/2905 2660/4104/2906
f 2646/1760/2904 2645/1762/2903 2652/1754/2901 2651/1750/2907
f 2647/4100/2895 2648/4099/2894 2818/4105/2908 2819/4106/2909
f 2649/1718/2910 2650/1717/2911 2812/1723/2912 2813/1724/2913
f 2651/1750/2907 2654/1751/2914 2659/1752/2915 2658/1753/2916
f 2654/1751/2914 2653/1755/2900 2656/1765/2917 2657/1756/2918
f 2657/1756/2918 2656/1765/2917 2708/1770/2919 2711/1766/2920
f 2658/1753/2921 2659/1752/2922 2830/1758/2923 2831/1759/2924
f 2660/4104/2906 2661/4111/2905 2820/4119/2925 2821/4112/2926
f 2662/1785/2927 2667/1786/2928 2663/1787/2929 2684/1788/2930
f 2664/4151/2931 2666/4154/2932 2665/4158/2933 2685/4155/2934
f 2666/4154/2932 2664/4151/2931 2668/4146/2935 2678/4150/2936
f 2667/1786/2928 2662/1785/2927 2669/1789/2937 2679/1790/2938
f 2670/4148/2939 2675/4147/2940 2671/4152/2941 2682/4153/2942
f 2672/1826/2943 2674/1827/2944 2673/1828/2945 2683/1829/2946
f 2674/1827/2944 2672/1826/2943 2676/1830/2947 2680/1831/2948
f 2675/4147/2940 2670/4148/2939 2677/4142/2949 2681/4141/2950
f 2678/4150/2936 2668/4146/2935 2771/4140/2951 2770/4145/2952
f 2679/1790/2938 2669/1789/2937 2766/1798/2953 2767/1799/2954
f 2680/1831/2948 2676/1830/2947 2783/1839/2955 2782/1840/2956
f 2681/4141/2950 2677/4142/2949 2778/4136/2957 2779/4135/2958
f 2682/4153/2942 2671/4152/2941 2687/4156/2959 2686/4157/2960
f 2683/1829/2946 2673/1828/2945 2688/1834/2961 2689/1835/2962
f 2684/1788/2930 2663/1787/2929 2691/1793/2963 2690/1794/2964
f 2685/4155/2934 2665/4158/2933 2693/4162/2965 2692/4159/2966
f 2686/4157/2960 2687/4156/2967 2695/4160/2968 2694/4161/2969
f 2689/7116/2962 2688/7117/2961 2694/7118/2969 2697/7119/2970
f 2690/7120/2964 2691/7121/2963 2697/7122/2971 2696/7123/2972
f 2692/4159/2973 2693/4162/2965 2696/4163/2972 2695/4160/2968
f 2698/4231/2974 2701/4232/2975 2762/4229/2976 2763/4228/2977
f 2699/4233/2978 2698/4231/2974 2761/4227/2979 2760/4230/2980
f 2700/7124/2981 2699/7125/2978 2705/7126/2982 2704/7127/2983
f 2701/7128/2975 2700/7129/2984 2703/7130/2985 2702/7131/2986
f 2702/1818/2986 2703/1808/2985 2759/1801/2987 2741/1810/2988
f 2704/1849/2983 2705/1858/2982 2756/1853/2989 2745/1844/2990
f 2706/1767/2991 2707/1771/2992 2832/1778/2993 2833/1773/2994
f 2707/1771/2995 2706/1767/2996 2711/1766/2920 2710/1772/2997
f 2709/1777/2998 2708/1770/2919 2732/1776/2999 2731/1782/3000
f 2710/1772/2997 2709/1777/2998 2714/1783/3001 2713/1780/3002
f 2712/4167/3003 2715/4168/3004 2720/4169/3005 2723/4170/3006
f 2713/4171/3002 2712/4167/3003 2717/4178/3007 2716/4179/3008
f 2715/4168/3004 2714/4172/3001 2731/4180/3000 2730/4173/3009
f 2716/4179/3008 2717/4178/3007 2842/4183/3010 2843/4185/3011
f 2718/4177/3012 2719/4182/3013 2836/4186/3014 2837/4184/3015
f 2719/4182/3013 2718/4177/3012 2723/4170/3006 2722/4176/3016
f 2721/4175/3017 2720/4169/3005 2735/4174/3018 2734/4181/3019
f 2722/1747/3016 2721/1748/3017 2726/1742/3020 2725/1740/3021
f 2725/1740/3021 2724/1735/2891 2729/1734/3022 2728/1741/3023
f 2727/1736/2892 2726/1742/3020 2734/1749/3019 2733/1743/3024
f 2728/1741/3025 2729/1734/3026 2824/1739/3027 2825/1745/3028
f 2736/1802/3029 2737/1809/3030 2741/1810/2988 2759/1801/2987
f 2737/1809/3030 2736/1802/3029 2742/1807/3031 2752/1816/3032
f 2738/4221/3033 2739/4220/3034 2740/4224/3035 2758/4225/3036
f 2739/4220/3034 2738/4221/3033 2743/4215/3037 2753/4213/3038
f 2744/1852/3039 2749/1845/3040 2745/1844/2990 2756/1853/2989
f 2746/4219/3041 2748/4222/3042 2747/4226/3043 2757/4223/3044
f 2748/4222/3042 2746/4219/3041 2750/4214/3045 2754/4218/3046
f 2749/1845/3040 2744/1852/3039 2751/1855/3047 2755/1846/3048
f 2752/1816/3032 2742/1807/3031 2807/1815/3049 2806/1822/3050
f 2753/4213/3038 2743/4215/3037 2802/4209/3051 2803/4208/3052
f 2754/4218/3046 2750/4214/3045 2795/4207/3053 2794/4212/3054
f 2755/1846/3048 2751/1855/3047 2790/1862/3055 2791/1854/3056
f 2757/4223/3044 2747/4226/3043 2760/4230/2980 2761/4227/3057
f 2758/4225/3036 2740/4224/3035 2763/4228/3058 2762/4229/2976
f 2764/7132/3059 2765/7133/3060 2767/7134/2954 2766/7135/2953
f 2765/7133/3060 2764/7132/3059 2775/7136/3061 2774/7137/3062
f 2768/4139/3063 2769/4134/3064 2773/4128/3065 2772/4133/3066
f 2769/4134/3064 2768/4139/3063 2770/4145/2952 2771/4140/2951
f 2772/4133/3066 2773/4128/3065 2822/4120/3067 2823/4127/3068
f 2774/7137/3062 2775/7136/3061 2828/7138/3069 2829/7139/3070
f 2776/4130/3071 2777/4129/3072 2779/4135/2958 2778/4136/2957
f 2777/4129/3072 2776/4130/3071 2787/4122/3073 2786/4121/3074
f 2780/7153/3075 2781/7154/3076 2785/7155/3077 2784/7156/3078
f 2781/7154/3076 2780/7153/3075 2782/7157/2956 2783/7158/2955
f 2784/7156/3078 2785/7155/3077 2814/7161/3079 2815/7162/3080
f 2786/4121/3074 2787/4122/3073 2816/4114/3081 2817/4113/3082
f 2788/7166/3083 2789/7163/3084 2791/7169/3056 2790/7170/3055
f 2789/7163/3084 2788/7166/3083 2799/7167/3085 2798/7164/3086
f 2792/4206/3087 2793/4202/3088 2797/4195/3089 2796/4200/3090
f 2793/4202/3088 2792/4206/3087 2794/4212/3054 2795/4207/3053
f 2796/4200/3090 2797/4195/3089 2838/4188/3091 2839/4194/3092
f 2798/7164/3086 2799/7167/3085 2826/7171/3093 2827/7168/3094
f 2800/4203/3095 2801/4201/3096 2803/4208/3052 2802/4209/3051
f 2801/4201/3096 2800/4203/3095 2811/4197/3097 2810/4196/3098
f 2804/7148/3099 2805/7146/3100 2809/7145/3101 2808/7149/3102
f 2805/7146/3100 2804/7148/3099 2806/7151/3050 2807/7152/3049
f 2808/7149/3102 2809/7145/3101 2834/7147/3103 2835/7150/3104
f 2810/4196/3098 2811/4197/3097 2840/4189/3105 2841/4187/3106
f 2813/1724/2913 2812/1723/2912 2815/1731/3080 2814/1732/3079
f 2817/4113/3082 2816/4114/3081 2819/4106/2909 2818/4105/2908
f 2821/4112/2926 2820/4119/2925 2823/4127/3068 2822/4120/3067
f 2825/7172/3028 2824/7173/3027 2827/7168/3094 2826/7171/3093
f 2829/7139/3070 2828/7138/3069 2831/7142/2924 2830/7143/2923
f 2833/1773/2994 2832/1778/2993 2835/1784/3104 2834/1781/3103
f 2837/4184/3015 2836/4186/3014 2839/4194/3092 2838/4188/3091
f 2841/4187/3106 2840/4189/3105 2843/4185/3011 2842/4183/3010
f 2628/1728/2881 2630/1719/2883 2633/1727/2889 2635/1737/3107
f 2638/4102/2879 2626/4108/2878 2642/4117/2902 2644/4109/2896
f 2632/1716/2885 2636/1721/2890 2647/1722/2895 2650/1717/2886
f 2653/1755/2900 2640/1764/2899 2655/1769/3108 2656/1765/2917
f 2646/1760/2904 2651/1750/2907 2658/1753/2916 2661/1761/2905
f 2666/1795/2932 2662/1785/2927 2684/1788/2930 2665/1796/2933
f 2662/1785/2927 2666/1795/2932 2678/1797/2936 2669/1789/2937
f 2674/1827/2944 2670/1832/2939 2682/1833/2942 2673/1828/2945
f 2670/1832/2939 2674/1827/2944 2680/1831/2948 2677/1841/2949
f 2673/1828/2945 2682/1833/2942 2686/1842/2960 2688/1834/2961
f 2665/1796/2933 2684/1788/2930 2690/1794/2964 2693/1804/2965
f 2689/1835/2962 2697/1850/2970 2619/1851/3109 2620/1843/3110
f 2695/4160/2968 2687/4156/2967 2692/4159/2973
f 2697/1811/2971 2691/1793/2963 2617/1803/3111 2618/1812/3112
f 2618/1812/3112 2617/1803/3111 2703/1808/2985 2700/1817/2984
f 2620/1843/3110 2619/1851/3109 2700/1859/2981 2704/1849/2983
f 2716/1779/3008 2707/1771/2995 2710/1772/2997 2713/1780/3002
f 2728/1741/3023 2719/1746/3013 2722/1747/3016 2725/1740/3021
f 2715/4168/3004 2730/4173/3009 2735/4174/3018 2720/4169/3005
f 2732/1776/2999 2708/1770/2919 2656/1765/2917 2655/1769/3108
f 2727/1736/2892 2733/1743/3024 2635/1737/3107 2633/1727/2889
f 2737/1809/3030 2738/1819/3033 2758/1820/3036 2741/1810/2988
f 2738/1819/3033 2737/1809/3030 2752/1816/3032 2743/1823/3037
f 2748/1860/3042 2744/1852/3039 2756/1853/2989 2747/1861/3043
f 2744/1852/3039 2748/1860/3042 2754/1864/3046 2751/1855/3047
f 2747/1861/3043 2756/1853/2989 2705/1858/2982 2760/1865/2980
f 2741/1810/2988 2758/1820/3036 2762/1824/2976 2702/1818/2986
f 2761/4227/2979 2698/4231/2974 2763/4228/2977
f 2768/4139/3063 2764/4144/3059 2766/4149/2953 2770/4145/2952
f 2764/4144/3059 2768/4139/3063 2772/4133/3066 2775/4138/3061
f 2780/4137/3075 2776/4130/3071 2778/4136/2957 2782/4143/2956
f 2776/4130/3071 2780/4137/3075 2784/4131/3078 2787/4122/3073
f 2792/4206/3087 2788/4211/3083 2790/4217/3055 2794/4212/3054
f 2788/4211/3083 2792/4206/3087 2796/4200/3090 2799/4205/3085
f 2804/4210/3099 2800/4203/3095 2802/4209/3051 2806/4216/3050
f 2800/4203/3095 2804/4210/3099 2808/4204/3102 2811/4197/3097
f 2669/1789/2937 2678/1797/2936 2770/1805/2952 2766/1798/2953
f 2677/1841/2949 2680/1831/2948 2782/1840/2956 2778/1848/2957
f 2751/1855/3047 2754/1864/3046 2794/1866/3054 2790/1862/3055
f 2743/1823/3037 2752/1816/3032 2806/1822/3050 2802/1825/3051
s 117
f 2697/7174/3113 2618/7175/3114 2619/7176/3115
s 101
f 2718/4177/3012 2717/4178/3007 2712/4167/3003 2723/4170/3006
f 2639/4098/2893 2643/4103/2897 2660/4104/2906 2648/4099/2894
f 2657/1756/2918 2621/1757/3116 2659/1752/2915 2654/1751/2914
f 2629/1715/2884 2649/1718/2887 2616/1725/3117 2634/1726/2888
f 2681/4141/2950 2668/4146/2935 2664/4151/2931 2675/4147/2940
f 2604/1837/3118 2605/1838/3119 2676/1830/2947 2672/1826/2943
f 2746/4219/3041 2739/4220/3034 2753/4213/3038 2750/4214/3045
f 2614/1800/3120 2606/1791/3121 2667/1786/2928 2679/1790/2938
f 2675/4147/2940 2664/4151/2931 2685/4155/2934 2671/4152/2941
f 2667/1786/2928 2606/1791/3121 2607/1792/3122 2663/1787/2929
f 2739/4220/3034 2746/4219/3041 2757/4223/3044 2740/4224/3035
f 2608/1836/3123 2604/1837/3118 2672/1826/2943 2683/1829/2946
f 2671/4152/2941 2685/4155/2934 2692/4159/2966 2687/4156/2959
f 2663/1787/2929 2607/1792/3122 2617/1803/3124 2691/1793/2963
f 2740/4224/3035 2757/4223/3044 2761/4227/3057 2763/4228/3058
f 2620/1843/3125 2608/1836/3123 2683/1829/2946 2689/1835/2962
f 2657/1756/2918 2711/1766/2920 2706/1767/2996 2621/1757/3116
f 2614/1800/3120 2742/1807/3031 2736/1802/3029 2606/1791/3121
f 2745/1844/2990 2749/1845/3040 2604/1837/3118 2608/1836/3123
f 2704/1849/2983 2745/1844/2990 2608/1836/3123 2620/1843/3125
s 117
f 2700/7177/3126 2619/7176/3115 2618/7175/3114
s 101
f 2755/1846/3048 2605/1838/3119 2604/1837/3118 2749/1845/3040
f 2634/1726/2888 2616/1725/3117 2729/1734/3022 2724/1735/2891
f 2759/1801/2987 2607/1792/3122 2606/1791/3121 2736/1802/3029
f 2703/1808/2985 2617/1803/3124 2607/1792/3122 2759/1801/2987
f 2765/7133/3060 2774/7137/3062 2611/7140/3127 2612/7141/3128
f 2773/4128/3065 2769/4134/3064 2777/4129/3072 2786/4121/3074
f 2785/7155/3077 2781/7154/3076 2609/7159/3129 2610/7160/3130
f 2610/7160/3130 2609/7159/3129 2789/7163/3084 2798/7164/3086
f 2801/4201/3096 2810/4196/3098 2797/4195/3089 2793/4202/3088
f 2809/7145/3101 2805/7146/3100 2612/7141/3128 2611/7140/3127
f 2679/1790/2938 2767/1799/2954 2615/1806/3131 2614/1800/3120
f 2771/4140/2951 2668/4146/2935 2681/4141/2950 2779/4135/2958
f 2783/1839/2955 2676/1830/2947 2605/1838/3119 2613/1847/3132
f 2613/1847/3132 2605/1838/3119 2755/1846/3048 2791/1854/3056
f 2753/4213/3038 2803/4208/3052 2795/4207/3053 2750/4214/3045
f 2807/1815/3049 2742/1807/3031 2614/1800/3120 2615/1806/3131
f 2777/4129/3072 2769/4134/3064 2771/4140/2951 2779/4135/2958
f 2613/1847/3132 2609/1856/3129 2781/1857/3076 2783/1839/2955
f 2795/4207/3053 2803/4208/3052 2801/4201/3096 2793/4202/3088
f 2612/1813/3128 2615/1806/3131 2767/1799/2954 2765/1814/3060
f 2612/1813/3128 2805/1821/3100 2807/1815/3049 2615/1806/3131
f 2789/1863/3084 2609/1856/3129 2613/1847/3132 2791/1854/3056
f 2627/1729/2877 2637/1730/2880 2631/1720/2882
f 2652/1754/2901 2645/1762/2903 2641/1763/2898
f 2688/4165/2961 2686/4157/2960 2694/4161/2969
f 2696/4163/2972 2693/4162/2965 2690/4166/2964
f 2714/1783/3001 2709/1777/2998 2731/1782/3000
f 2721/1748/3017 2734/1749/3019 2726/1742/3020
f 2699/4233/2978 2760/4230/2980 2705/4236/2982
f 2702/4235/2986 2762/4229/2976 2701/4232/2975
f 2813/1724/2913 2814/1732/3079 2623/1738/3133 2622/1733/3134
f 2815/4123/3135 2812/4115/2912 2819/4106/2909 2816/4114/3081
f 2817/4113/3082 2818/4105/2908 2821/4112/2926 2822/4120/3067
f 2622/1733/3134 2623/1738/3133 2827/1744/3094 2824/1739/3027
f 2823/4127/3068 2820/4119/2925 2831/4126/2924 2828/4132/3069
f 2829/1774/3070 2830/1758/2923 2624/1768/3136 2625/1775/3137
f 2625/1775/3137 2624/1768/3136 2833/1773/2994 2834/1781/3103
f 2825/4193/3028 2826/4199/3093 2839/4194/3092 2836/4186/3014
f 2835/4198/3138 2832/4190/2993 2843/4185/3011 2840/4189/3105
f 2841/4187/3106 2842/4183/3010 2837/4184/3015 2838/4188/3091
f 2815/4123/3135 2816/4114/3081 2787/4122/3073 2784/4131/3078
f 2649/1718/2910 2813/1724/2913 2622/1733/3134 2616/1725/3139
f 2818/4105/2908 2648/4099/2894 2660/4104/2906 2821/4112/2926
f 2823/4127/3068 2828/4132/3069 2775/4138/3061 2772/4133/3066
f 2830/1758/2923 2659/1752/2922 2621/1757/3140 2624/1768/3136
f 2616/1725/3139 2622/1733/3134 2824/1739/3027 2729/1734/3026
f 2835/4198/3138 2840/4189/3105 2811/4197/3097 2808/4204/3102
f 2706/1767/2991 2833/1773/2994 2624/1768/3136 2621/1757/3140
f 2842/4183/3010 2717/4178/3007 2718/4177/3012 2837/4184/3015
f 2839/4194/3092 2826/4199/3093 2799/4205/3085 2796/4200/3090
f 2817/4113/3082 2822/4120/3067 2773/4128/3065 2786/4121/3074
f 2610/7160/3130 2623/7165/3133 2814/7161/3079 2785/7155/3077
f 2797/4195/3089 2810/4196/3098 2841/4187/3106 2838/4188/3091
f 2625/7144/3137 2611/7140/3127 2774/7137/3062 2829/7139/3070
f 2625/7144/3137 2834/7147/3103 2809/7145/3101 2611/7140/3127
f 2827/7168/3094 2623/7165/3133 2610/7160/3130 2798/7164/3086
f 2812/4115/2912 2650/4116/2911 2647/4100/3141 2819/4106/2909
f 2820/4119/2925 2661/4111/2905 2658/4125/2921 2831/4126/2924
f 2832/4190/2993 2707/4191/2992 2716/4179/3142 2843/4185/3011
f 2836/4186/3014 2719/4182/3013 2728/4192/3025 2825/4193/3028
f 2629/1715/2884 2630/1719/2883 2631/1720/2882 2632/1716/2885
f 2636/4097/2890 2637/4101/2880 2638/4102/2879 2639/4098/2893
f 2643/4103/2897 2644/4109/2896 2645/4118/2903 2646/4110/2904
f 2651/1750/2907 2652/1754/2901 2653/1755/2900 2654/1751/2914
f 2694/4161/2969 2695/4160/2968 2696/4163/2972 2697/4164/3143
f 2698/4231/2974 2699/4233/2978 2700/4234/3144 2701/4232/2975
f 2708/1770/2919 2709/1777/2998 2710/1772/2997 2711/1766/2920
f 2712/4167/3003 2713/4171/3002 2714/4172/3001 2715/4168/3004
f 2720/4169/3005 2721/4175/3017 2722/4176/3016 2723/4170/3006
f 2724/1735/2891 2725/1740/3021 2726/1742/3020 2727/1736/2892
s 118
f 2844/4237/3145 2880/4238/3146 2883/4239/3147 2846/4240/3148
f 2844/4237/3145 3826/4241/3149 3422/4242/3150 2880/4238/3146
f 2844/4237/3145 2845/4248/3151 3586/4249/3152 3826/4241/3149
f 2844/4237/3145 2846/4240/3148 2847/4247/3153 2845/4248/3151
f 2845/4248/3151 3785/4260/3154 3587/4261/3155 3586/4249/3152
f 2845/4248/3151 2847/4247/3153 2848/4259/3156 3785/4260/3154
f 2846/4240/3148 2883/4239/3147 2888/4245/3157 2850/4246/3158
f 2846/4240/3148 2850/4246/3158 2851/4258/3159 2847/4247/3153
f 2847/4247/3153 2851/4258/3159 2852/4273/3160 2848/4259/3156
f 2848/4259/3156 2852/4273/3160 2853/4289/3161 2849/4274/3162
f 2848/4259/3156 2849/4274/3162 3588/4275/3163 3785/4260/3154
f 2849/4274/3162 3786/4290/3164 3590/4291/3165 3588/4275/3163
f 2849/4274/3162 2853/4289/3161 2854/4306/3166 3786/4290/3164
f 2850/4246/3158 2888/4245/3157 2895/4256/3167 2856/4257/3168
f 2850/7178/3158 2856/7179/3168 2857/7180/3169 2851/7181/3159
f 2851/7181/3159 2857/7180/3169 2858/7184/3170 2852/7185/3160
f 2852/7185/3160 2858/7184/3170 2859/7191/3171 2853/7192/3161
f 2853/7192/3161 2859/7191/3171 2860/7200/3172 2854/7201/3166
f 2854/7201/3166 2860/7200/3172 2861/7211/3173 2855/7212/3174
f 2854/4306/3166 2855/4324/3174 3591/4308/3175 3786/4290/3164
f 2855/4324/3174 3820/4349/3176 3186/4325/3177 3591/4308/3175
f 2855/7212/3174 2861/7211/3173 3807/7224/3178 3820/7225/3176
f 2856/7179/3168 2895/7186/3167 2903/7187/3179 2862/7182/3180
f 2856/7179/3168 2862/7182/3180 2863/7183/3181 2857/7180/3169
f 2857/7180/3169 2863/7183/3181 2864/7190/3182 2858/7184/3170
f 2858/7184/3170 2864/7190/3182 2865/7199/3183 2859/7191/3171
f 2859/7191/3171 2865/7199/3183 2866/7210/3184 2860/7200/3172
f 2860/7200/3172 2866/7210/3184 2983/7223/3185 2861/7211/3173
f 2861/7211/3173 2983/7223/3185 3808/7236/3186 3807/7224/3178
f 2862/7182/3180 2903/7187/3179 2910/7195/3187 2867/7188/3188
f 2862/7182/3180 2867/7188/3188 2868/7189/3189 2863/7183/3181
f 2863/7183/3181 2868/7189/3189 2869/7198/3190 2864/7190/3182
f 2864/7190/3182 2869/7198/3190 2870/7209/3191 2865/7199/3183
f 2865/7199/3183 2870/7209/3191 2984/7222/3192 2866/7210/3184
f 2866/7210/3184 2984/7222/3192 2985/7235/3193 2983/7223/3185
f 2867/7188/3188 2910/7195/3187 2915/7205/3194 2871/7196/3195
f 2867/7188/3188 2871/7196/3195 2872/7197/3196 2868/7189/3189
f 2868/7189/3189 2872/7197/3196 2873/7208/3197 2869/7198/3190
f 2869/7198/3190 2873/7208/3197 2986/7221/3198 2870/7209/3191
f 2870/7209/3191 2986/7221/3198 2987/7234/3199 2984/7222/3192
f 2871/7196/3195 2915/7205/3194 2919/7217/3200 2874/7206/3201
f 2871/7196/3195 2874/7206/3201 2875/7207/3202 2872/7197/3196
f 2872/7197/3196 2875/7207/3202 2876/7220/3203 2873/7208/3197
f 2873/7208/3197 2876/7220/3203 2989/7233/3204 2986/7221/3198
f 2874/7206/3201 2919/7217/3200 2921/7231/3205 2877/7218/3206
f 2874/7206/3201 2877/7218/3206 2878/7219/3207 2875/7207/3202
f 2875/7207/3202 2878/7219/3207 2992/7232/3208 2876/7220/3203
f 2876/7220/3203 2992/7232/3208 2993/7245/3209 2989/7233/3204
f 2877/4543/3206 2921/4544/3205 2922/4545/3210 2879/4546/3211
f 2877/4543/3206 2879/4546/3211 2996/4551/3212 2878/4552/3207
f 2878/4552/3207 2996/4551/3212 2997/4559/3213 2992/4560/3208
f 2879/4546/3211 2922/4545/3210 3525/4549/3214 3123/4550/3215
f 2879/4546/3211 3123/4550/3215 3001/4558/3216 2996/4551/3212
f 2880/4238/3146 2931/4243/3217 2882/4244/3218 2883/4239/3147
f 2880/4238/3146 3422/4242/3150 3421/4252/3219 2931/4243/3217
f 2881/4253/3220 2886/4269/3221 2887/4255/3222 2882/4244/3218
f 2881/4253/3220 2936/4271/3223 2885/4285/3224 2886/4269/3221
f 2881/4253/3220 2930/4254/3225 2929/4270/3226 2936/4271/3223
f 2881/4253/3220 2882/4244/3218 2931/4243/3217 2930/4254/3225
f 2882/4244/3218 2887/4255/3222 2888/4245/3157 2883/4239/3147
f 2884/4302/3227 2939/4321/3228 2890/4345/3229 2891/4320/3230
f 2884/4302/3227 2935/4288/3231 2934/4305/3232 2939/4321/3228
f 2884/4302/3227 2885/4285/3224 2936/4271/3223 2935/4288/3231
f 2884/4302/3227 2891/4320/3230 2892/4303/3233 2885/4285/3224
f 2885/4285/3224 2892/4303/3233 2893/4286/3234 2886/4269/3221
f 2886/4269/3221 2893/4286/3234 2894/4272/3235 2887/4255/3222
f 2887/4255/3222 2894/4272/3235 2895/4256/3167 2888/4245/3157
f 2889/7252/3236 2940/7263/3237 2896/7264/3238 2897/7253/3239
f 2889/7252/3236 2938/7275/3240 2937/7276/3241 2940/7263/3237
f 2889/4369/3236 2890/4345/3229 2939/4321/3228 2938/4346/3240
f 2889/7252/3236 2897/7253/3239 2898/7240/3242 2890/7239/3229
f 2890/7239/3229 2898/7240/3242 2899/7227/3243 2891/7226/3230
f 2891/7226/3230 2899/7227/3243 2900/7214/3244 2892/7213/3233
f 2892/7213/3233 2900/7214/3244 2901/7203/3245 2893/7202/3234
f 2893/7202/3234 2901/7203/3245 2902/7194/3246 2894/7193/3235
f 2894/7193/3235 2902/7194/3246 2903/7187/3179 2895/7186/3167
f 2896/7264/3238 3610/7279/3247 2904/7265/3248 2897/7253/3239
f 2896/7264/3238 3817/7278/3249 3792/7291/3250 3610/7279/3247
f 2896/7264/3238 2940/7263/3237 3577/7277/3251 3817/7278/3249
f 2897/7253/3239 2904/7265/3248 2905/7254/3252 2898/7240/3242
f 2898/7240/3242 2905/7254/3252 2906/7241/3253 2899/7227/3243
f 2899/7227/3243 2906/7241/3253 2907/7228/3254 2900/7214/3244
f 2900/7214/3244 2907/7228/3254 2908/7215/3255 2901/7203/3245
f 2901/7203/3245 2908/7215/3255 2909/7204/3256 2902/7194/3246
f 2902/7194/3246 2909/7204/3256 2910/7195/3187 2903/7187/3179
f 2904/7265/3248 3610/7279/3247 3611/7292/3257 3608/7280/3258
f 2904/7265/3248 3608/7280/3258 3606/7266/3259 2905/7254/3252
f 2905/7254/3252 3606/7266/3259 2911/7255/3260 2906/7241/3253
f 2906/7241/3253 2911/7255/3260 2912/7242/3261 2907/7228/3254
f 2907/7228/3254 2912/7242/3261 2913/7229/3262 2908/7215/3255
f 2908/7215/3255 2913/7229/3262 2914/7216/3263 2909/7204/3256
f 2909/7204/3256 2914/7216/3263 2915/7205/3194 2910/7195/3187
f 2911/7255/3260 3604/7267/3264 2916/7256/3265 2912/7242/3261
f 2911/7255/3260 3606/7266/3259 3607/7281/3266 3604/7267/3264
f 2912/7242/3261 2916/7256/3265 2917/7243/3267 2913/7229/3262
f 2913/7229/3262 2917/7243/3267 2918/7230/3268 2914/7216/3263
f 2914/7216/3263 2918/7230/3268 2919/7217/3200 2915/7205/3194
f 2916/7256/3265 3604/7267/3264 3605/7282/3269 3603/7268/3270
f 2916/7256/3265 3603/7268/3270 3602/7257/3271 2917/7243/3267
f 2917/7243/3267 3602/7257/3271 2920/7244/3272 2918/7230/3268
f 2918/7230/3268 2920/7244/3272 2921/7231/3205 2919/7217/3200
f 2920/4547/3272 3601/4548/3273 2922/4545/3210 2921/4544/3205
f 2920/4547/3272 3602/4553/3271 3527/4554/3274 3601/4548/3273
f 2922/4545/3210 3601/4548/3273 3526/4555/3275 3525/4549/3214
f 2923/2063/3276 3466/2059/3277 3463/2054/3278 3462/2058/3279
f 2923/7410/3276 2924/7411/3280 2925/7412/3281 3466/7413/3277
f 2923/7410/3276 3401/7414/3282 3402/7415/3283 2924/7411/3280
f 2923/4390/3276 3462/4371/3279 3400/4348/3284 3401/4368/3282
f 2924/7411/3280 3402/7415/3283 3403/7420/3285 3404/7416/3286
f 2924/7411/3280 3404/7416/3286 2926/7417/3287 2925/7412/3281
f 2925/7412/3281 2926/7417/3287 2927/7423/3288 3469/7418/3289
f 2925/7412/3281 3469/7418/3289 3467/7419/3290 3466/7413/3277
f 2926/7417/3287 3544/7422/3291 3545/7431/3292 2927/7423/3288
f 2926/7417/3287 3404/7416/3286 3178/7421/3293 3544/7422/3291
f 2927/7423/3288 3545/7431/3292 3546/7437/3294 3471/7432/3295
f 2927/7423/3288 3471/7432/3295 3470/7424/3296 3469/7418/3289
f 2928/4287/3297 2929/4270/3226 3419/4284/3298 3418/4301/3299
f 2928/4287/3297 2935/4288/3231 2936/4271/3223 2929/4270/3226
f 2928/4287/3297 3424/4304/3300 2934/4305/3232 2935/4288/3231
f 2928/4287/3297 3418/4301/3299 3417/4319/3301 3424/4304/3300
f 2929/4270/3226 2930/4254/3225 3420/4268/3302 3419/4284/3298
f 2930/4254/3225 2931/4243/3217 3421/4252/3219 3420/4268/3302
f 2932/7300/3303 3458/7301/3304 3579/7289/3305 2937/7276/3241
f 2932/4347/3303 3400/4348/3284 3462/4371/3279 3458/4372/3304
f 2932/4347/3303 2933/4322/3306 3423/4323/3307 3400/4348/3284
f 2932/4347/3303 2937/4370/3241 2938/4346/3240 2933/4322/3306
f 2933/4322/3306 2938/4346/3240 2939/4321/3228 2934/4305/3232
f 2933/4322/3306 2934/4305/3232 3424/4304/3300 3423/4323/3307
f 2937/7276/3241 3579/7289/3305 3577/7277/3251 2940/7263/3237
f 2941/4352/3308 3472/4327/3309 3476/4309/3310 3185/4329/3311
f 2941/4352/3308 3387/4375/3312 3384/4350/3313 3472/4327/3309
f 2941/4352/3308 3190/4376/3314 2944/4394/3315 3387/4375/3312
f 2941/4352/3308 3185/4329/3311 3189/4353/3316 3190/4376/3314
f 2942/7310/3317 2943/7311/3318 3194/7299/3319 3197/7298/3320
f 2942/7310/3317 2948/7322/3321 2949/7323/3322 2943/7311/3318
f 2942/7310/3317 3200/7321/3323 2947/7331/3324 2948/7322/3321
f 2942/7310/3317 3197/7298/3320 3199/7309/3325 3200/7321/3323
f 2943/4425/3318 2949/4426/3322 2950/4407/3326 2944/4394/3315
f 2943/7311/3318 2944/7324/3315 3190/7313/3314 3194/7299/3319
f 2944/4394/3315 2950/4407/3326 3388/4391/3327 3387/4375/3312
f 2945/4772/3328 3204/4757/3329 2952/4775/3330 2953/4789/3331
f 2945/4772/3328 3203/4773/3332 3778/4743/3333 3204/4757/3329
f 2945/7343/3328 2946/7336/3334 3202/7330/3335 3203/7335/3332
f 2945/7343/3328 2953/7350/3331 2954/7344/3336 2946/7336/3334
f 2946/7336/3334 2954/7344/3336 2955/7337/3337 2947/7331/3324
f 2946/7336/3334 2947/7331/3324 3200/7321/3323 3202/7330/3335
f 2947/7331/3324 2955/7337/3337 2956/7332/3338 2948/7322/3321
f 2948/7322/3321 2956/7332/3338 2957/7333/3339 2949/7323/3322
f 2949/4426/3322 2957/4446/3339 3391/4427/3340 2950/4407/3326
f 2950/4407/3326 3391/4427/3340 3389/4408/3341 3388/4391/3327
f 2951/4774/3342 2958/4790/3343 2959/4791/3344 2952/4775/3330
f 2951/4774/3342 3828/4788/3345 3485/4804/3346 2958/4790/3343
f 2951/4774/3342 3779/4758/3347 3640/4771/3348 3828/4788/3345
f 2951/4774/3342 2952/4775/3330 3204/4757/3329 3779/4758/3347
f 2952/4775/3330 2959/4791/3344 2960/4805/3349 2953/4789/3331
f 2953/7350/3331 2960/7356/3349 2961/7351/3350 2954/7344/3336
f 2954/7344/3336 2961/7351/3350 2962/7345/3351 2955/7337/3337
f 2955/7337/3337 2962/7345/3351 2963/7338/3352 2956/7332/3338
f 2956/7332/3338 2963/7338/3352 2964/7339/3353 2957/7333/3339
f 2957/7333/3339 2964/7339/3353 3392/7348/3354 3391/7349/3340
f 2958/4790/3343 3485/4804/3346 3486/4817/3355 3789/4806/3356
f 2958/4790/3343 3789/4806/3356 2965/4807/3357 2959/4791/3344
f 2959/4791/3344 2965/4807/3357 2966/4818/3358 2960/4805/3349
f 2960/7356/3349 2966/7362/3358 2967/7357/3359 2961/7351/3350
f 2961/7351/3350 2967/7357/3359 2968/7352/3360 2962/7345/3351
f 2962/7345/3351 2968/7352/3360 2969/7346/3361 2963/7338/3352
f 2963/7338/3352 2969/7346/3361 3394/7347/3362 2964/7339/3353
f 2964/7339/3353 3394/7347/3362 3393/7355/3363 3392/7348/3354
f 2965/4807/3357 2970/4820/3364 2971/4830/3365 2966/4818/3358
f 2965/4807/3357 3789/4806/3356 3488/4819/3366 2970/4820/3364
f 2966/7362/3358 2971/7368/3365 2972/7363/3367 2967/7357/3359
f 2967/7357/3359 2972/7363/3367 2973/7358/3368 2968/7352/3360
f 2968/7352/3360 2973/7358/3368 2974/7353/3369 2969/7346/3361
f 2969/7346/3361 2974/7353/3369 3395/7354/3370 3394/7347/3362
f 2970/4820/3364 3488/4819/3366 3490/4831/3371 3790/4832/3372
f 2970/4820/3364 3790/4832/3372 2975/4841/3373 2971/4830/3365
f 2971/7368/3365 2975/7374/3373 2976/7369/3374 2972/7363/3367
f 2972/7363/3367 2976/7369/3374 2977/7364/3375 2973/7358/3368
f 2973/7358/3368 2977/7364/3375 3397/7359/3376 2974/7353/3369
f 2974/7353/3369 3397/7359/3376 3396/7360/3377 3395/7354/3370
f 2975/7374/3373 2978/7380/3378 2979/7375/3379 2976/7369/3374
f 2975/4841/3373 3790/4832/3372 3493/4843/3380 2978/4851/3378
f 2976/7369/3374 2979/7375/3379 2980/7370/3381 2977/7364/3375
f 2977/7364/3375 2980/7370/3381 3398/7366/3382 3397/7359/3376
f 2978/4851/3378 3493/4843/3380 3496/4853/3383 3791/4859/3384
f 2978/7380/3378 3791/7386/3384 2981/7381/3385 2979/7375/3379
f 2979/7375/3379 2981/7381/3385 3399/7376/3386 2980/7370/3381
f 2980/7370/3381 3399/7376/3386 3382/7372/3387 3398/7366/3382
f 2981/7381/3385 2982/7387/3388 3383/7382/3389 3399/7376/3386
f 2981/7381/3385 3791/7386/3384 3498/7392/3390 2982/7387/3388
f 2982/7387/3388 3498/7392/3390 3020/7400/3391 3833/7393/3392
f 2982/7387/3388 3833/7393/3392 3566/7388/3393 3383/7382/3389
f 2983/7223/3185 2985/7235/3193 3809/7248/3394 3808/7236/3186
f 2984/7222/3192 2987/7234/3199 2988/7247/3395 2985/7235/3193
f 2985/7235/3193 2988/7247/3395 3810/7260/3396 3809/7248/3394
f 2986/7221/3198 2989/7233/3204 2990/7246/3397 2987/7234/3199
f 2987/7234/3199 2990/7246/3397 2991/7259/3398 2988/7247/3395
f 2988/7247/3395 2991/7259/3398 3811/7270/3399 3810/7260/3396
f 2989/7233/3204 2993/7245/3209 2994/7258/3400 2990/7246/3397
f 2990/7246/3397 2994/7258/3400 2995/7269/3401 2991/7259/3398
f 2991/7259/3398 2995/7269/3401 3812/7283/3402 3811/7270/3399
f 2992/4560/3208 2997/4559/3213 2998/4569/3403 2993/4570/3209
f 2993/4570/3209 2998/4569/3403 2999/4582/3404 2994/4583/3400
f 2994/4583/3400 2999/4582/3404 3000/4599/3405 2995/4600/3401
f 2995/4600/3401 3000/4599/3405 3813/4619/3406 3812/4620/3402
f 2996/4551/3212 3001/4558/3216 3002/4568/3407 2997/4559/3213
f 2997/4559/3213 3002/4568/3407 3003/4581/3408 2998/4569/3403
f 2998/4569/3403 3003/4581/3408 3004/4598/3409 2999/4582/3404
f 2999/4582/3404 3004/4598/3409 3005/4618/3410 3000/4599/3405
f 3000/4599/3405 3005/4618/3410 3814/4638/3411 3813/4619/3406
f 3001/4558/3216 3825/4565/3412 3800/4578/3413 3002/4568/3407
f 3001/4558/3216 3123/4550/3215 3122/4556/3414 3825/4565/3412
f 3002/4568/3407 3800/4578/3413 3801/4594/3415 3003/4581/3408
f 3003/4581/3408 3801/4594/3415 3802/4613/3416 3004/4598/3409
f 3004/4598/3409 3802/4613/3416 3803/4633/3417 3005/4618/3410
f 3005/4618/3410 3803/4633/3417 3816/4654/3418 3814/4638/3411
f 3006/4868/3419 3269/4872/3420 3008/4877/3421 3009/4873/3422
f 3006/4868/3419 3266/4864/3423 3265/4867/3424 3269/4872/3420
f 3006/4868/3419 3007/4865/3425 3494/4858/3426 3266/4864/3423
f 3006/4868/3419 3009/4873/3422 3010/4869/3427 3007/4865/3425
f 3007/4865/3425 3018/4860/3428 3495/4852/3429 3494/4858/3426
f 3007/4865/3425 3010/4869/3427 3011/4870/3430 3018/4860/3428
f 3008/4877/3421 3013/4879/3431 3014/4878/3432 3009/4873/3422
f 3008/7484/3421 3256/7485/3433 3012/7486/3434 3013/7487/3431
f 3008/7484/3421 3269/7488/3420 3268/7489/3435 3256/7485/3433
f 3009/4873/3422 3014/4878/3432 3015/4874/3436 3010/4869/3427
f 3010/4869/3427 3015/4874/3436 3016/4875/3437 3011/4870/3430
f 3011/7408/3430 3016/7407/3437 3017/7401/3438 3019/7406/3439
f 3011/7408/3430 3019/7406/3439 3497/7399/3440 3018/7409/3428
f 3012/7486/3434 3360/7492/3441 3361/7493/3442 3013/7487/3431
f 3012/7486/3434 3834/7491/3443 3784/7496/3444 3360/7492/3441
f 3012/7486/3434 3256/7485/3433 3255/7490/3445 3834/7491/3443
f 3013/1871/3431 3361/1872/3442 3362/1868/3446 3014/1867/3432
f 3014/1867/3432 3362/1868/3446 3363/1869/3447 3015/1870/3436
f 3015/1870/3436 3363/1869/3447 3479/1875/3448 3016/1876/3437
f 3016/7407/3437 3479/7404/3448 3480/7396/3449 3017/7401/3438
f 3017/7401/3438 3480/7396/3449 3506/7390/3450 3021/7394/3451
f 3017/7401/3438 3021/7394/3451 3020/7400/3391 3019/7406/3439
f 3018/4860/3428 3497/4861/3440 3496/4853/3383 3495/4852/3429
f 3019/7406/3439 3020/7400/3391 3498/7392/3390 3497/7399/3440
f 3020/7400/3391 3021/7394/3451 3566/7388/3393 3833/7393/3392
f 3021/7394/3451 3506/7390/3450 3565/7384/3452 3566/7388/3393
f 3022/4415/3453 3569/4397/3454 3024/4414/3455 3025/4436/3456
f 3022/4415/3453 3767/4400/3457 3766/4381/3458 3569/4397/3454
f 3022/4415/3453 3023/4437/3459 3831/4418/3460 3767/4400/3457
f 3022/4415/3453 3025/4436/3456 3026/4458/3461 3023/4437/3459
f 3023/4437/3459 3026/4458/3461 3027/4440/3462 3768/4419/3463
f 3023/4437/3459 3768/4419/3463 3146/4401/3464 3831/4418/3460
f 3024/4414/3455 3570/4396/3465 3081/4413/3466 3028/4435/3467
f 3024/4414/3455 3569/4397/3454 3568/4379/3468 3570/4396/3465
f 3024/4414/3455 3028/4435/3467 3029/4457/3469 3025/4436/3456
f 3025/4436/3456 3029/4457/3469 3030/4475/3470 3026/4458/3461
f 3026/4458/3461 3030/4475/3470 3031/4459/3471 3027/4440/3462
f 3027/4440/3462 3031/4459/3471 3032/4441/3472 3769/4420/3473
f 3027/4440/3462 3769/4420/3473 3153/4402/3474 3768/4419/3463
f 3028/4435/3467 3081/4413/3466 3080/4434/3475 3090/4456/3476
f 3028/4435/3467 3090/4456/3476 3344/4474/3477 3029/4457/3469
f 3029/4457/3469 3344/4474/3477 3345/4491/3478 3030/4475/3470
f 3030/4475/3470 3345/4491/3478 3033/4476/3479 3031/4459/3471
f 3031/4459/3471 3033/4476/3479 3034/4460/3480 3032/4441/3472
f 3032/4441/3472 3034/4460/3480 3035/4461/3481 3770/4442/3482
f 3032/4441/3472 3770/4442/3482 3159/4421/3483 3769/4420/3473
f 3033/4476/3479 3345/4491/3478 3346/4506/3484 3347/4492/3485
f 3033/4476/3479 3347/4492/3485 3348/4477/3486 3034/4460/3480
f 3034/4460/3480 3348/4477/3486 3349/4478/3487 3035/4461/3481
f 3035/4461/3481 3349/4478/3487 3036/4479/3488 3771/4462/3489
f 3035/4461/3481 3771/4462/3489 3164/4443/3490 3770/4442/3482
f 3036/4479/3488 3352/4495/3491 3353/4508/3492 3772/4496/3493
f 3036/4479/3488 3349/4478/3487 3351/4494/3494 3352/4495/3491
f 3036/4479/3488 3772/4496/3493 3167/4480/3495 3771/4462/3489
f 3037/1879/3496 3129/1880/3497 3133/1881/3498 3038/1882/3499
f 3037/1879/3496 3126/1883/3500 3125/1884/3501 3129/1880/3497
f 3037/1879/3496 3753/1890/3502 3752/1891/3503 3126/1883/3500
f 3037/1879/3496 3038/1882/3499 3754/1889/3504 3753/1890/3502
f 3038/1882/3499 3039/1888/3505 3755/1900/3506 3754/1889/3504
f 3038/1882/3499 3133/1881/3498 3139/1887/3507 3039/1888/3505
f 3039/1888/3505 3041/1899/3508 3756/1913/3509 3755/1900/3506
f 3039/1888/3505 3139/1887/3507 3040/1898/3510 3041/1899/3508
f 3040/1898/3510 3145/1910/3511 3152/1924/3512 3042/1911/3513
f 3040/1898/3510 3139/1887/3507 3138/1897/3514 3145/1910/3511
f 3040/1898/3510 3042/1911/3513 3043/1912/3515 3041/1899/3508
f 3041/1899/3508 3043/1912/3515 3757/1927/3516 3756/1913/3509
f 3042/1911/3513 3152/1924/3512 3158/1937/3517 3044/1925/3518
f 3042/1911/3513 3044/1925/3518 3045/1926/3519 3043/1912/3515
f 3043/1912/3515 3045/1926/3519 3758/1940/3520 3757/1927/3516
f 3044/1925/3518 3046/1938/3521 3047/1939/3522 3045/1926/3519
f 3044/1925/3518 3158/1937/3517 3163/1947/3523 3046/1938/3521
f 3045/1926/3519 3047/1939/3522 3759/1950/3524 3758/1940/3520
f 3046/1938/3521 3049/1948/3525 3050/1949/3526 3047/1939/3522
f 3046/1938/3521 3163/1947/3523 3048/1955/3527 3049/1948/3525
f 3047/1939/3522 3050/1949/3526 3760/1958/3528 3759/1950/3524
f 3048/1955/3527 3166/1960/3529 3168/1966/3530 3051/1961/3531
f 3048/1955/3527 3163/1947/3523 3162/1954/3532 3166/1960/3529
f 3048/1955/3527 3051/1961/3531 3052/1956/3533 3049/1948/3525
f 3049/1948/3525 3052/1956/3533 3053/1957/3534 3050/1949/3526
f 3050/1949/3526 3053/1957/3534 3761/1964/3535 3760/1958/3528
f 3051/1961/3531 3168/1966/3530 3169/1972/3536 3054/1967/3537
f 3051/1961/3531 3054/1967/3537 3055/1962/3538 3052/1956/3533
f 3052/1956/3533 3055/1962/3538 3056/1963/3539 3053/1957/3534
f 3053/1957/3534 3056/1963/3539 3762/1970/3540 3761/1964/3535
f 3054/1967/3537 3780/1973/3541 3781/1968/3542 3055/1962/3538
f 3054/1967/3537 3169/1972/3536 3829/1975/3543 3780/1973/3541
f 3055/1962/3538 3781/1968/3542 3782/1969/3544 3056/1963/3539
f 3056/1963/3539 3782/1969/3544 3824/1974/3545 3762/1970/3540
f 3057/4808/3546 3059/4794/3547 3060/4809/3548 3058/4821/3549
f 3057/4808/3546 3679/4796/3550 3682/4779/3551 3059/4794/3547
f 3057/4808/3546 3314/4811/3552 3828/4788/3345 3679/4796/3550
f 3057/4808/3546 3058/4821/3549 3313/4823/3553 3314/4811/3552
f 3058/4821/3549 3524/4833/3554 3312/4834/3555 3313/4823/3553
f 3058/4821/3549 3060/4809/3548 3061/4822/3556 3524/4833/3554
f 3059/4794/3547 3682/4779/3551 3686/4761/3557 3064/4778/3558
f 3059/4794/3547 3064/4778/3558 3065/4795/3559 3060/4809/3548
f 3060/4809/3548 3065/4795/3559 3066/4810/3560 3061/4822/3556
f 3061/1976/3556 3066/1977/3560 3067/1978/3561 3062/1979/3562
f 3061/1976/3556 3062/1979/3562 3523/1984/3563 3524/1985/3554
f 3062/1979/3562 3067/1978/3561 3068/1982/3564 3063/1983/3565
f 3062/1979/3562 3063/1983/3565 3522/1991/3566 3523/1984/3563
f 3063/1983/3565 3521/1990/3567 3520/1998/3568 3522/1991/3566
f 3063/1983/3565 3068/1982/3564 3069/1989/3569 3521/1990/3567
f 3064/4778/3558 3686/4761/3557 3690/4749/3570 3691/4764/3571
f 3064/4778/3558 3691/4764/3571 3072/4781/3572 3065/4795/3559
f 3065/4795/3559 3072/4781/3572 3073/4797/3573 3066/4810/3560
f 3066/1977/3560 3073/1980/3573 3074/1981/3574 3067/1978/3561
f 3067/1978/3561 3074/1981/3574 3075/1988/3575 3068/1982/3564
f 3068/1982/3564 3075/1988/3575 3076/1995/3576 3069/1989/3569
f 3069/1989/3569 3076/1995/3576 3077/2005/3577 3070/1996/3578
f 3069/1989/3569 3070/1996/3578 3519/1997/3579 3521/1990/3567
f 3070/1996/3578 3071/2006/3580 3517/2007/3581 3519/1997/3579
f 3070/1996/3578 3077/2005/3577 3078/2015/3582 3071/2006/3580
f 3071/4454/3580 3515/4433/3583 3514/4417/3584 3517/4439/3581
f 3071/4454/3580 3078/4472/3582 3079/4455/3585 3515/4433/3583
f 3072/4781/3572 3082/4765/3586 3083/4782/3587 3073/4797/3573
f 3072/4781/3572 3691/4764/3571 3695/4750/3588 3082/4765/3586
f 3073/1980/3573 3083/1986/3587 3084/1987/3589 3074/1981/3574
f 3074/1981/3574 3084/1987/3589 3085/1994/3590 3075/1988/3575
f 3075/1988/3575 3085/1994/3590 3086/2004/3591 3076/1995/3576
f 3076/1995/3576 3086/2004/3591 3087/2014/3592 3077/2005/3577
f 3077/2005/3577 3087/2014/3592 3088/2023/3593 3078/2015/3582
f 3078/4472/3582 3088/4489/3593 3089/4473/3594 3079/4455/3585
f 3079/4455/3585 3089/4473/3594 3090/4456/3476 3080/4434/3475
f 3079/4455/3585 3080/4434/3475 3512/4412/3595 3515/4433/3583
f 3080/4434/3475 3081/4413/3466 3509/4395/3596 3512/4412/3595
f 3081/4413/3466 3570/4396/3465 3475/4378/3597 3509/4395/3596
f 3082/4765/3586 3695/4750/3588 3698/4745/3598 3091/4759/3599
f 3082/4765/3586 3091/4759/3599 3092/4777/3600 3083/4782/3587
f 3083/4782/3587 3092/4777/3600 3093/4793/3601 3084/4798/3589
f 3084/1987/3589 3093/2002/3601 3094/2003/3602 3085/1994/3590
f 3085/1994/3590 3094/2003/3602 3095/2013/3603 3086/2004/3591
f 3086/2004/3591 3095/2013/3603 3096/2022/3604 3087/2014/3592
f 3087/2014/3592 3096/2022/3604 3097/2030/3605 3088/2023/3593
f 3088/4489/3593 3097/4505/3605 3098/4490/3606 3089/4473/3594
f 3089/4473/3594 3098/4490/3606 3344/4474/3477 3090/4456/3476
f 3091/4759/3599 3698/4745/3598 3700/4744/3607 3701/4760/3608
f 3091/4759/3599 3701/4760/3608 3099/4776/3609 3092/4777/3600
f 3092/4777/3600 3099/4776/3609 3100/4792/3610 3093/4793/3601
f 3093/2002/3601 3100/2011/3610 3101/2012/3611 3094/2003/3602
f 3094/2003/3602 3101/2012/3611 3102/2021/3612 3095/2013/3603
f 3095/2013/3603 3102/2021/3612 3103/2029/3613 3096/2022/3604
f 3096/2022/3604 3103/2029/3613 3104/2036/3614 3097/2030/3605
f 3097/4505/3605 3104/4517/3614 3346/4506/3484 3098/4490/3606
f 3098/4490/3606 3346/4506/3484 3345/4491/3478 3344/4474/3477
f 3099/4776/3609 3105/4787/3615 3106/4803/3616 3100/4792/3610
f 3099/4776/3609 3701/4760/3608 3704/4770/3617 3105/4787/3615
f 3100/2011/3610 3106/2019/3616 3107/2020/3618 3101/2012/3611
f 3101/2012/3611 3107/2020/3618 3108/2028/3619 3102/2021/3612
f 3102/2021/3612 3108/2028/3619 3109/2035/3620 3103/2029/3613
f 3103/2029/3613 3109/2035/3620 3110/2041/3621 3104/2036/3614
f 3104/4517/3614 3110/4507/3621 3347/4492/3485 3346/4506/3484
f 3105/4787/3615 3111/4802/3622 3112/4815/3623 3106/4803/3616
f 3105/4787/3615 3704/4770/3617 3706/4786/3624 3111/4802/3622
f 3106/2019/3616 3112/2026/3623 3113/2027/3625 3107/2020/3618
f 3107/2020/3618 3113/2027/3625 3114/2034/3626 3108/2028/3619
f 3108/2028/3619 3114/2034/3626 3115/2040/3627 3109/2035/3620
f 3109/2035/3620 3115/2040/3627 3350/2046/3628 3110/2041/3621
f 3110/4507/3621 3350/4493/3628 3348/4477/3486 3347/4492/3485
f 3111/4802/3622 3706/4786/3624 3707/4801/3629 3708/4814/3630
f 3111/4802/3622 3708/4814/3630 3116/4826/3631 3112/4815/3623
f 3112/2026/3623 3116/2032/3631 3117/2033/3632 3113/2027/3625
f 3113/2027/3625 3117/2033/3632 3118/2039/3633 3114/2034/3626
f 3114/2034/3626 3118/2039/3633 3354/2045/3634 3115/2040/3627
f 3115/2040/3627 3354/2045/3634 3351/2049/3494 3350/2046/3628
f 3116/2032/3631 3119/2037/3635 3120/2038/3636 3117/2033/3632
f 3116/4826/3631 3708/4814/3630 3709/4825/3637 3119/4836/3635
f 3117/2033/3632 3120/2038/3636 3357/2044/3638 3118/2039/3633
f 3118/2039/3633 3357/2044/3638 3355/2048/3639 3354/2045/3634
f 3119/2037/3635 3121/2042/3640 3359/2043/3641 3120/2038/3636
f 3119/4836/3635 3709/4825/3637 3254/4835/3642 3121/4846/3640
f 3120/2038/3636 3359/2043/3641 3358/2047/3643 3357/2044/3638
f 3121/4846/3640 3254/4835/3642 3762/4845/3540 3824/4854/3545
f 3121/7550/3640 3824/7551/3545 3782/7552/3544 3359/7553/3641
f 3122/4556/3414 3123/4550/3215 3525/4549/3214 3823/4557/3644
f 3122/4556/3414 3832/4567/3645 3174/4577/3646 3825/4565/3412
f 3122/4556/3414 3823/4557/3644 3553/4566/3647 3832/4567/3645
f 3124/1892/3648 3647/1893/3649 3125/1884/3501 3126/1883/3500
f 3124/1892/3648 3641/1905/3650 3642/1906/3651 3647/1893/3649
f 3124/1892/3648 3751/1904/3652 3711/1918/3653 3641/1905/3650
f 3124/1892/3648 3126/1883/3500 3752/1891/3503 3751/1904/3652
f 3125/1884/3501 3649/1894/3654 3128/1885/3655 3129/1880/3497
f 3125/1884/3501 3647/1893/3649 3648/1907/3656 3649/1894/3654
f 3127/4338/3657 3654/4316/3658 3130/4337/3659 3131/4364/3660
f 3127/4338/3657 3651/4339/3661 3653/4298/3662 3654/4316/3658
f 3127/1895/3657 3128/1885/3655 3649/1894/3654 3651/1908/3661
f 3127/1895/3657 3131/1896/3660 3132/1886/3663 3128/1885/3655
f 3128/1885/3655 3132/1886/3663 3133/1881/3498 3129/1880/3497
f 3130/4337/3659 3136/4363/3664 3137/4387/3665 3131/4364/3660
f 3130/4337/3659 3658/4315/3666 3135/4336/3667 3136/4363/3664
f 3130/4337/3659 3654/4316/3658 3657/4297/3668 3658/4315/3666
f 3131/1896/3660 3137/1909/3665 3138/1897/3514 3132/1886/3663
f 3132/1886/3663 3138/1897/3514 3139/1887/3507 3133/1881/3498
f 3134/4334/3669 3665/4335/3670 3140/4360/3671 3141/4361/3672
f 3134/4334/3669 3662/4314/3673 3664/4313/3674 3665/4335/3670
f 3134/4334/3669 3135/4336/3667 3658/4315/3666 3662/4314/3673
f 3134/4334/3669 3141/4361/3672 3142/4362/3675 3135/4336/3667
f 3135/4336/3667 3142/4362/3675 3143/4386/3676 3136/4363/3664
f 3136/4363/3664 3143/4386/3676 3144/4406/3677 3137/4387/3665
f 3137/1909/3665 3144/1923/3677 3145/1910/3511 3138/1897/3514
f 3140/4360/3671 3147/4383/3678 3148/4384/3679 3141/4361/3672
f 3140/4360/3671 3667/4382/3680 3146/4401/3464 3147/4383/3678
f 3140/4360/3671 3665/4335/3670 3666/4359/3681 3667/4382/3680
f 3141/4361/3672 3148/4384/3679 3149/4385/3682 3142/4362/3675
f 3142/4362/3675 3149/4385/3682 3150/4405/3683 3143/4386/3676
f 3143/4386/3676 3150/4405/3683 3151/4424/3684 3144/4406/3677
f 3144/1923/3677 3151/1936/3684 3152/1924/3512 3145/1910/3511
f 3146/4401/3464 3768/4419/3463 3153/4402/3474 3147/4383/3678
f 3146/4401/3464 3667/4382/3680 3767/4400/3457 3831/4418/3460
f 3147/4383/3678 3153/4402/3474 3154/4403/3685 3148/4384/3679
f 3148/4384/3679 3154/4403/3685 3155/4404/3686 3149/4385/3682
f 3149/4385/3682 3155/4404/3686 3156/4423/3687 3150/4405/3683
f 3150/4405/3683 3156/4423/3687 3157/4445/3688 3151/4424/3684
f 3151/1936/3684 3157/1946/3688 3158/1937/3517 3152/1924/3512
f 3153/4402/3474 3769/4420/3473 3159/4421/3483 3154/4403/3685
f 3154/4403/3685 3159/4421/3483 3160/4422/3689 3155/4404/3686
f 3155/4404/3686 3160/4422/3689 3161/4444/3690 3156/4423/3687
f 3156/4423/3687 3161/4444/3690 3162/4464/3532 3157/4445/3688
f 3157/1946/3688 3162/1954/3532 3163/1947/3523 3158/1937/3517
f 3159/4421/3483 3770/4442/3482 3164/4443/3490 3160/4422/3689
f 3160/4422/3689 3164/4443/3490 3165/4463/3691 3161/4444/3690
f 3161/4444/3690 3165/4463/3691 3166/4481/3529 3162/4464/3532
f 3164/4443/3490 3771/4462/3489 3167/4480/3495 3165/4463/3691
f 3165/4463/3691 3167/4480/3495 3168/4497/3530 3166/4481/3529
f 3167/4480/3495 3772/4496/3493 3169/4509/3536 3168/4497/3530
f 3169/4509/3536 3772/4496/3493 3353/4508/3492 3829/4518/3543
f 3170/4650/3692 3503/4630/3693 3171/4611/3694 3206/4631/3695
f 3170/4650/3692 3505/4671/3696 3504/4651/3697 3503/4630/3693
f 3170/4650/3692 3205/4672/3698 3710/4692/3699 3505/4671/3696
f 3170/4650/3692 3206/4631/3695 3207/4652/3700 3205/4672/3698
f 3171/4611/3694 3499/4593/3701 3172/4591/3702 3173/4610/3703
f 3171/4611/3694 3503/4630/3693 3500/4612/3704 3499/4593/3701
f 3171/4611/3694 3173/4610/3703 3209/4629/3705 3206/4631/3695
f 3172/4591/3702 3175/4592/3706 3213/4609/3707 3173/4610/3703
f 3172/4591/3702 3825/4565/3412 3174/4577/3646 3175/4592/3706
f 3172/4591/3702 3499/4593/3701 3800/4578/3413 3825/4565/3412
f 3173/4610/3703 3213/4609/3707 3214/4628/3708 3209/4629/3705
f 3174/4577/3646 3832/4567/3645 3553/4566/3647 3176/4580/3709
f 3174/4577/3646 3176/4580/3709 3219/4597/3710 3175/4592/3706
f 3175/4592/3706 3219/4597/3710 3220/4617/3711 3213/4609/3707
f 3176/4580/3709 3553/4566/3647 3552/4579/3712 3177/4595/3713
f 3176/4580/3709 3177/4595/3713 3226/4615/3714 3219/4597/3710
f 3177/4595/3713 3552/4579/3712 3738/4596/3715 3234/4614/3716
f 3177/4595/3713 3234/4614/3716 3235/4635/3717 3226/4615/3714
f 3178/7421/3293 3180/7429/3718 3547/7430/3719 3544/7422/3291
f 3178/7421/3293 3818/7428/3720 3179/7433/3721 3180/7429/3718
f 3178/7421/3293 3404/7416/3286 3403/7420/3285 3818/7428/3720
f 3179/7433/3721 3576/7427/3722 3575/7440/3723 3181/7441/3724
f 3179/7433/3721 3818/7428/3720 3403/7420/3285 3576/7427/3722
f 3179/7433/3721 3181/7441/3724 3549/7434/3725 3180/7429/3718
f 3180/7429/3718 3549/7434/3725 3550/7435/3726 3547/7430/3719
f 3181/7441/3724 3575/7440/3723 3574/7447/3727 3182/7448/3728
f 3181/7441/3724 3182/7448/3728 3551/7443/3729 3549/7434/3725
f 3182/4365/3728 3574/4340/3727 3411/4317/3730 3183/4341/3731
f 3182/7448/3728 3183/7455/3731 3542/7450/3732 3551/7443/3729
f 3183/4341/3731 3411/4317/3730 3412/4299/3733 3595/4342/3734
f 3183/7455/3731 3595/7462/3734 3543/7458/3735 3542/7450/3732
f 3184/4310/3736 3478/4307/3737 3187/4326/3738 3188/4330/3739
f 3184/4310/3736 3477/4292/3740 3590/4291/3165 3478/4307/3737
f 3184/4310/3736 3185/4329/3311 3476/4309/3310 3477/4292/3740
f 3184/4310/3736 3188/4330/3739 3189/4353/3316 3185/4329/3311
f 3186/7237/3177 3773/7238/3741 3191/7250/3742 3187/7251/3738
f 3186/7237/3177 3820/7225/3176 3807/7224/3178 3773/7238/3741
f 3186/4325/3177 3187/4326/3738 3478/4307/3737 3591/4308/3175
f 3187/4326/3738 3191/4354/3742 3192/4355/3743 3188/4330/3739
f 3188/4330/3739 3192/4355/3743 3193/4377/3744 3189/4353/3316
f 3189/7312/3316 3193/7288/3744 3194/7299/3319 3190/7313/3314
f 3191/7250/3742 3774/7262/3745 3195/7273/3746 3192/7274/3743
f 3191/7250/3742 3773/7238/3741 3613/7249/3747 3774/7262/3745
f 3192/7274/3743 3195/7273/3746 3196/7287/3748 3193/7288/3744
f 3193/7288/3744 3196/7287/3748 3197/7298/3320 3194/7299/3319
f 3195/7273/3746 3775/7286/3749 3198/7297/3750 3196/7287/3748
f 3195/7273/3746 3774/7262/3745 3615/7272/3751 3775/7286/3749
f 3196/7287/3748 3198/7297/3750 3199/7309/3325 3197/7298/3320
f 3198/7297/3750 3776/7308/3752 3201/7320/3753 3199/7309/3325
f 3198/7297/3750 3775/7286/3749 3618/7296/3754 3776/7308/3752
f 3199/7309/3325 3201/7320/3753 3202/7330/3335 3200/7321/3323
f 3201/7320/3753 3777/7329/3755 3203/7335/3332 3202/7330/3335
f 3201/7320/3753 3776/7308/3752 3622/7319/3756 3777/7329/3755
f 3203/7335/3332 3777/7329/3755 3627/7341/3757 3778/7342/3333
f 3204/4757/3329 3778/4743/3333 3633/4742/3758 3779/4758/3347
f 3205/4672/3698 3207/4652/3700 3208/4674/3759 3687/4694/3760
f 3205/4672/3698 3687/4694/3760 3683/4711/3761 3710/4692/3699
f 3206/4631/3695 3209/4629/3705 3210/4649/3762 3207/4652/3700
f 3207/4652/3700 3210/4649/3762 3211/4670/3763 3208/4674/3759
f 3208/4674/3759 3211/4670/3763 3212/4691/3764 3692/4696/3765
f 3208/4674/3759 3692/4696/3765 3688/4714/3766 3687/4694/3760
f 3209/4629/3705 3214/4628/3708 3215/4648/3767 3210/4649/3762
f 3210/4649/3762 3215/4648/3767 3216/4669/3768 3211/4670/3763
f 3211/4670/3763 3216/4669/3768 3217/4690/3769 3212/4691/3764
f 3212/4691/3764 3696/4710/3770 3693/4715/3771 3692/4696/3765
f 3212/4691/3764 3217/4690/3769 3218/4709/3772 3696/4710/3770
f 3213/4609/3707 3220/4617/3711 3221/4637/3773 3214/4628/3708
f 3214/4628/3708 3221/4637/3773 3222/4658/3774 3215/4648/3767
f 3215/4648/3767 3222/4658/3774 3223/4679/3775 3216/4669/3768
f 3216/4669/3768 3223/4679/3775 3224/4700/3776 3217/4690/3769
f 3217/4690/3769 3224/4700/3776 3225/4721/3777 3218/4709/3772
f 3218/4709/3772 3699/4728/3778 3697/4729/3779 3696/4710/3770
f 3218/4709/3772 3225/4721/3777 3702/4739/3780 3699/4728/3778
f 3219/4597/3710 3226/4615/3714 3227/4636/3781 3220/4617/3711
f 3220/4617/3711 3227/4636/3781 3228/4657/3782 3221/4637/3773
f 3221/4637/3773 3228/4657/3782 3229/4678/3783 3222/4658/3774
f 3222/4658/3774 3229/4678/3783 3230/4699/3784 3223/4679/3775
f 3223/4679/3775 3230/4699/3784 3231/4720/3785 3224/4700/3776
f 3224/4700/3776 3231/4720/3785 3232/4738/3786 3225/4721/3777
f 3225/4721/3777 3232/4738/3786 3233/4754/3787 3702/4739/3780
f 3226/4615/3714 3235/4635/3717 3236/4656/3788 3227/4636/3781
f 3227/4636/3781 3236/4656/3788 3237/4677/3789 3228/4657/3782
f 3228/4657/3782 3237/4677/3789 3238/4698/3790 3229/4678/3783
f 3229/4678/3783 3238/4698/3790 3239/4719/3791 3230/4699/3784
f 3230/4699/3784 3239/4719/3791 3240/4737/3792 3231/4720/3785
f 3231/4720/3785 3240/4737/3792 3241/4753/3793 3232/4738/3786
f 3232/4738/3786 3241/4753/3793 3242/4768/3794 3233/4754/3787
f 3233/4754/3787 3242/4768/3794 3243/4785/3795 3705/4769/3796
f 3233/4754/3787 3705/4769/3796 3703/4755/3797 3702/4739/3780
f 3234/4614/3716 3738/4596/3715 3737/4616/3798 3739/4634/3799
f 3234/4614/3716 3739/4634/3799 3740/4655/3800 3235/4635/3717
f 3235/4635/3717 3740/4655/3800 3741/4676/3801 3236/4656/3788
f 3236/4656/3788 3741/4676/3801 3742/4697/3802 3237/4677/3789
f 3237/4677/3789 3742/4697/3802 3244/4718/3803 3238/4698/3790
f 3238/4698/3790 3244/4718/3803 3245/4736/3804 3239/4719/3791
f 3239/4719/3791 3245/4736/3804 3246/4752/3805 3240/4737/3792
f 3240/4737/3792 3246/4752/3805 3247/4767/3806 3241/4753/3793
f 3241/4753/3793 3247/4767/3806 3248/4784/3807 3242/4768/3794
f 3242/4768/3794 3248/4784/3807 3249/4800/3808 3243/4785/3795
f 3243/4785/3795 3249/4800/3808 3250/4813/3809 3707/4801/3629
f 3243/4785/3795 3707/4801/3629 3706/4786/3624 3705/4769/3796
f 3244/4718/3803 3747/4735/3810 3748/4751/3811 3245/4736/3804
f 3244/4718/3803 3742/4697/3802 3746/4717/3812 3747/4735/3810
f 3245/4736/3804 3748/4751/3811 3749/4766/3813 3246/4752/3805
f 3246/4752/3805 3749/4766/3813 3750/4783/3814 3247/4767/3806
f 3247/4767/3806 3750/4783/3814 3251/4799/3815 3248/4784/3807
f 3248/4784/3807 3251/4799/3815 3252/4812/3816 3249/4800/3808
f 3249/4800/3808 3252/4812/3816 3253/4824/3817 3250/4813/3809
f 3250/4813/3809 3709/4825/3637 3708/4814/3630 3707/4801/3629
f 3250/4813/3809 3253/4824/3817 3254/4835/3642 3709/4825/3637
f 3251/1959/3815 3750/1951/3814 3758/1940/3520 3759/1950/3524
f 3251/1959/3815 3759/1950/3524 3760/1958/3528 3252/1965/3816
f 3252/1965/3816 3760/1958/3528 3761/1964/3535 3253/1971/3817
f 3253/4824/3817 3761/4844/3535 3762/4845/3540 3254/4835/3642
f 3255/7490/3445 3256/7485/3433 3268/7489/3435 3267/7494/3818
f 3255/7490/3445 3270/7495/3819 3784/7496/3444 3834/7491/3443
f 3255/7490/3445 3267/7494/3818 3304/7501/3820 3270/7495/3819
f 3257/4827/3821 3278/4838/3822 3286/4847/3823 3258/4837/3824
f 3257/4827/3821 3273/4816/3825 3272/4828/3826 3278/4838/3822
f 3257/4827/3821 3486/4817/3355 3485/4804/3346 3273/4816/3825
f 3257/4827/3821 3258/4837/3824 3487/4829/3827 3486/4817/3355
f 3258/4837/3824 3260/4848/3828 3489/4840/3829 3487/4829/3827
f 3258/4837/3824 3286/4847/3823 3259/4856/3830 3260/4848/3828
f 3259/4856/3830 3262/4863/3831 3263/4857/3832 3260/4848/3828
f 3259/4856/3830 3293/4862/3833 3261/4866/3834 3262/4863/3831
f 3259/4856/3830 3286/4847/3823 3285/4855/3835 3293/4862/3833
f 3260/4848/3828 3263/4857/3832 3491/4850/3836 3489/4840/3829
f 3261/7506/3834 3298/7507/3837 3302/7500/3838 3264/7499/3839
f 3261/7506/3834 3293/7516/3833 3292/7517/3840 3298/7507/3837
f 3261/4866/3834 3264/4871/3839 3265/4867/3424 3262/4863/3831
f 3262/4863/3831 3265/4867/3424 3266/4864/3423 3263/4857/3832
f 3263/4857/3832 3266/4864/3423 3494/4858/3426 3491/4850/3836
f 3264/4871/3839 3268/4876/3435 3269/4872/3420 3265/4867/3424
f 3264/7499/3839 3302/7500/3838 3267/7494/3818 3268/7489/3435
f 3267/7494/3818 3302/7500/3838 3301/7508/3841 3304/7501/3820
f 3270/7495/3819 3304/7501/3820 3303/7509/3842 3410/7502/3843
f 3270/7495/3819 3410/7502/3843 3783/7503/3844 3784/7496/3444
f 3271/7536/3845 3321/7537/3846 3276/7529/3847 3277/7530/3848
f 3271/2000/3845 3312/1993/3555 3311/1992/3849 3321/2001/3846
f 3271/4839/3845 3272/4828/3826 3313/4823/3553 3312/4834/3555
f 3271/4839/3845 3277/4849/3848 3278/4838/3822 3272/4828/3826
f 3272/4828/3826 3273/4816/3825 3314/4811/3552 3313/4823/3553
f 3273/4816/3825 3485/4804/3346 3828/4788/3345 3314/4811/3552
f 3274/7541/3850 3325/7545/3851 3281/7540/3852 3282/7534/3853
f 3274/7541/3850 3319/7546/3854 3318/7548/3855 3325/7545/3851
f 3274/7541/3850 3275/7535/3856 3320/7542/3857 3319/7546/3854
f 3274/7541/3850 3282/7534/3853 3283/7528/3858 3275/7535/3856
f 3275/7535/3856 3283/7528/3858 3284/7523/3859 3276/7529/3847
f 3275/7535/3856 3276/7529/3847 3321/7537/3846 3320/7542/3857
f 3276/7529/3847 3284/7523/3859 3285/7524/3835 3277/7530/3848
f 3277/4849/3848 3285/4855/3835 3286/4847/3823 3278/4838/3822
f 3279/4484/3860 3280/4500/3861 3324/4485/3862 3323/4467/3863
f 3279/4484/3860 3287/4501/3864 3288/4512/3865 3280/4500/3861
f 3279/4484/3860 3326/4469/3866 3343/4486/3867 3287/4501/3864
f 3279/4484/3860 3323/4467/3863 3322/4451/3868 3326/4469/3866
f 3280/7544/3861 3288/7543/3865 3289/7538/3869 3281/7540/3852
f 3280/7544/3861 3281/7540/3852 3325/7545/3851 3324/7547/3862
f 3281/7540/3852 3289/7538/3869 3290/7531/3870 3282/7534/3853
f 3282/7534/3853 3290/7531/3870 3291/7525/3871 3283/7528/3858
f 3283/7528/3858 3291/7525/3871 3292/7517/3840 3284/7523/3859
f 3284/7523/3859 3292/7517/3840 3293/7516/3833 3285/7524/3835
f 3287/4501/3864 3343/4486/3867 3341/4502/3872 3405/4513/3873
f 3287/4501/3864 3405/4513/3873 3294/4521/3874 3288/4512/3865
f 3288/7543/3865 3294/7539/3874 3295/7532/3875 3289/7538/3869
f 3289/7538/3869 3295/7532/3875 3296/7526/3876 3290/7531/3870
f 3290/7531/3870 3296/7526/3876 3297/7518/3877 3291/7525/3871
f 3291/7525/3871 3297/7518/3877 3298/7507/3837 3292/7517/3840
f 3294/7539/3874 3407/7533/3878 3299/7527/3879 3295/7532/3875
f 3294/4521/3874 3405/4513/3873 3337/4522/3880 3407/4528/3878
f 3295/7532/3875 3299/7527/3879 3300/7519/3881 3296/7526/3876
f 3296/7526/3876 3300/7519/3881 3301/7508/3841 3297/7518/3877
f 3297/7518/3877 3301/7508/3841 3302/7500/3838 3298/7507/3837
f 3299/7527/3879 3409/7520/3882 3303/7509/3842 3300/7519/3881
f 3299/7527/3879 3407/7533/3878 3406/7521/3883 3409/7520/3882
f 3300/7519/3881 3303/7509/3842 3304/7501/3820 3301/7508/3841
f 3303/7509/3842 3409/7520/3882 3408/7510/3884 3410/7502/3843
f 3305/4409/3885 3315/4430/3886 3316/4449/3887 3306/4429/3888
f 3305/4409/3885 3366/4392/3889 3367/4411/3890 3315/4430/3886
f 3305/4409/3885 3510/4398/3891 3821/4374/3892 3366/4392/3889
f 3305/4409/3885 3306/4429/3888 3513/4416/3893 3510/4398/3891
f 3306/4429/3888 3316/4449/3887 3317/4468/3894 3307/4450/3895
f 3306/4429/3888 3307/4450/3895 3516/4438/3896 3513/4416/3893
f 3307/2024/3895 3317/2031/3894 3318/2025/3855 3308/2017/3897
f 3307/2024/3895 3308/2017/3897 3518/2008/3898 3516/2016/3896
f 3308/2017/3897 3318/2025/3855 3319/2018/3854 3309/2009/3899
f 3308/2017/3897 3309/2009/3899 3520/1998/3568 3518/2008/3898
f 3309/2009/3899 3319/2018/3854 3320/2010/3857 3310/1999/3900
f 3309/2009/3899 3310/1999/3900 3522/1991/3566 3520/1998/3568
f 3310/1999/3900 3311/1992/3849 3523/1984/3563 3522/1991/3566
f 3310/1999/3900 3320/2010/3857 3321/2001/3846 3311/1992/3849
f 3311/1992/3849 3312/1993/3555 3524/1985/3554 3523/1984/3563
f 3315/4430/3886 3322/4451/3868 3323/4467/3863 3316/4449/3887
f 3315/4430/3886 3367/4411/3890 3368/4432/3901 3322/4451/3868
f 3316/4449/3887 3323/4467/3863 3324/4485/3862 3317/4468/3894
f 3317/7549/3894 3324/7547/3862 3325/7545/3851 3318/7548/3855
f 3322/4451/3868 3368/4432/3901 3369/4453/3902 3326/4469/3866
f 3326/4469/3866 3369/4453/3902 3554/4471/3903 3343/4486/3867
f 3327/7512/3904 3408/7510/3884 3409/7520/3882 3406/7521/3883
f 3327/7512/3904 3794/7504/3905 3822/7511/3906 3408/7510/3884
f 3327/7512/3904 3328/7513/3907 3795/7505/3908 3794/7504/3905
f 3327/7512/3904 3406/7521/3883 3333/7522/3909 3328/7513/3907
f 3328/4536/3907 3333/4529/3909 3334/4523/3910 3329/4530/3911
f 3328/4536/3907 3329/4530/3911 3796/4537/3912 3795/4541/3908
f 3329/4530/3911 3334/4523/3910 3335/4515/3913 3330/4524/3914
f 3329/4530/3911 3330/4524/3914 3797/4532/3915 3796/4537/3912
f 3330/4524/3914 3335/4515/3913 3336/4516/3916 3331/4525/3917
f 3330/4524/3914 3331/4525/3917 3798/4531/3918 3797/4532/3915
f 3331/4525/3917 3336/4516/3916 3558/4520/3919 3332/4527/3920
f 3331/4525/3917 3332/4527/3920 3799/4534/3921 3798/4531/3918
f 3332/4527/3920 3558/4520/3919 3560/4526/3922 3561/4533/3923
f 3332/7403/3920 3561/7389/3923 3819/7395/3924 3799/7402/3921
f 3333/4529/3909 3337/4522/3880 3338/4514/3925 3334/4523/3910
f 3333/4529/3909 3406/4535/3883 3407/4528/3878 3337/4522/3880
f 3334/4523/3910 3338/4514/3925 3339/4503/3926 3335/4515/3913
f 3335/4515/3913 3339/4503/3926 3340/4504/3927 3336/4516/3916
f 3336/4516/3916 3340/4504/3927 3557/4511/3928 3558/4520/3919
f 3337/4522/3880 3405/4513/3873 3341/4502/3872 3338/4514/3925
f 3338/4514/3925 3341/4502/3872 3342/4487/3929 3339/4503/3926
f 3339/4503/3926 3342/4487/3929 3555/4488/3930 3340/4504/3927
f 3340/4504/3927 3555/4488/3930 3556/4499/3931 3557/4511/3928
f 3341/4502/3872 3343/4486/3867 3554/4471/3903 3342/4487/3929
f 3342/4487/3929 3554/4471/3903 3373/4470/3932 3555/4488/3930
f 3348/4477/3486 3350/4493/3628 3351/4494/3494 3349/4478/3487
f 3351/2049/3494 3354/2045/3634 3355/2048/3639 3352/2051/3491
f 3352/2051/3491 3355/2048/3639 3356/2050/3933 3353/2052/3492
f 3353/7558/3492 3356/7556/3933 3780/7557/3541 3829/7559/3543
f 3355/2048/3639 3357/2044/3638 3358/2047/3643 3356/2050/3933
f 3356/7556/3933 3358/7554/3643 3781/7555/3542 3780/7557/3541
f 3358/7554/3643 3359/7553/3641 3782/7552/3544 3781/7555/3542
f 3360/7492/3441 3364/7497/3934 3365/7498/3935 3361/7493/3442
f 3360/7492/3441 3784/7496/3444 3783/7503/3844 3364/7497/3934
f 3361/1872/3442 3365/1877/3935 3481/1873/3936 3362/1868/3446
f 3362/1868/3446 3481/1873/3936 3482/1874/3937 3363/1869/3447
f 3363/1869/3447 3482/1874/3937 3483/1878/3938 3479/1875/3448
f 3364/7497/3934 3794/7504/3905 3795/7505/3908 3365/7498/3935
f 3364/7497/3934 3783/7503/3844 3822/7511/3906 3794/7504/3905
f 3365/7498/3935 3795/7505/3908 3796/7514/3912 3481/7515/3936
f 3366/4392/3889 3386/4393/3939 3370/4410/3940 3367/4411/3890
f 3366/4392/3889 3821/4374/3892 3385/4373/3941 3386/4393/3939
f 3367/4411/3890 3370/4410/3940 3371/4431/3942 3368/4432/3901
f 3368/4432/3901 3371/4431/3942 3372/4452/3943 3369/4453/3902
f 3369/4453/3902 3372/4452/3943 3373/4470/3932 3554/4471/3903
f 3370/4410/3940 3390/4428/3944 3374/4448/3945 3371/4431/3942
f 3370/4410/3940 3386/4393/3939 3389/4408/3341 3390/4428/3944
f 3371/4431/3942 3374/4448/3945 3375/4466/3946 3372/4452/3943
f 3372/4452/3943 3375/4466/3946 3376/4483/3947 3373/4470/3932
f 3373/4470/3932 3376/4483/3947 3556/4499/3931 3555/4488/3930
f 3374/4448/3945 3390/4428/3944 3392/4447/3354 3393/4465/3363
f 3374/4448/3945 3393/4465/3363 3377/4482/3948 3375/4466/3946
f 3375/4466/3946 3377/4482/3948 3378/4498/3949 3376/4483/3947
f 3376/4483/3947 3378/4498/3949 3379/4510/3950 3556/4499/3931
f 3377/7361/3948 3393/7355/3363 3394/7347/3362 3395/7354/3370
f 3377/7361/3948 3395/7354/3370 3396/7360/3377 3378/7367/3949
f 3378/7367/3949 3396/7360/3377 3380/7365/3951 3379/7371/3950
f 3379/7371/3950 3380/7365/3951 3381/7373/3952 3559/7377/3953
f 3379/4510/3950 3559/4519/3953 3557/4511/3928 3556/4499/3931
f 3380/7365/3951 3398/7366/3382 3382/7372/3387 3381/7373/3952
f 3380/7365/3951 3396/7360/3377 3397/7359/3376 3398/7366/3382
f 3381/7373/3952 3562/7379/3954 3560/7383/3922 3559/7377/3953
f 3381/7373/3952 3382/7372/3387 3564/7378/3955 3562/7379/3954
f 3382/7372/3387 3399/7376/3386 3383/7382/3389 3564/7378/3955
f 3383/7382/3389 3566/7388/3393 3565/7384/3452 3564/7378/3955
f 3384/4350/3313 3387/4375/3312 3388/4391/3327 3385/4373/3941
f 3384/4350/3313 3787/4351/3956 3788/4328/3957 3472/4327/3309
f 3384/4350/3313 3385/4373/3941 3821/4374/3892 3787/4351/3956
f 3385/4373/3941 3388/4391/3327 3389/4408/3341 3386/4393/3939
f 3389/4408/3341 3391/4427/3340 3392/4447/3354 3390/4428/3944
f 3400/4348/3284 3423/4323/3307 3571/4344/3958 3401/4368/3282
f 3401/4368/3282 3571/4344/3958 3573/4367/3959 3402/4389/3283
f 3402/7415/3283 3573/7426/3959 3576/7427/3722 3403/7420/3285
f 3408/7510/3884 3822/7511/3906 3783/7503/3844 3410/7502/3843
f 3411/4317/3730 3574/4340/3727 3413/4318/3960 3414/4300/3961
f 3411/4317/3730 3414/4300/3961 3415/4283/3962 3412/4299/3733
f 3412/7474/3733 3598/7475/3963 3596/7468/3964 3595/7462/3734
f 3412/4299/3733 3415/4283/3962 3416/4267/3965 3598/4282/3963
f 3413/4318/3960 3418/4301/3299 3419/4284/3298 3414/4300/3961
f 3413/4318/3960 3572/4343/3966 3417/4319/3301 3418/4301/3299
f 3413/4318/3960 3574/4340/3727 3575/4366/3723 3572/4343/3966
f 3414/4300/3961 3419/4284/3298 3420/4268/3302 3415/4283/3962
f 3415/4283/3962 3420/4268/3302 3421/4252/3219 3416/4267/3965
f 3416/4267/3965 3421/4252/3219 3422/4242/3150 3600/4251/3967
f 3416/4267/3965 3600/4251/3967 3599/4265/3968 3598/4282/3963
f 3417/4319/3301 3571/4344/3958 3423/4323/3307 3424/4304/3300
f 3417/4319/3301 3572/4343/3966 3573/4367/3959 3571/4344/3958
f 3422/4242/3150 3826/4241/3149 3646/4250/3969 3600/4251/3967
f 3425/4564/3970 3526/4555/3275 3804/4563/3971 3426/4574/3972
f 3425/4564/3970 3823/4557/3644 3525/4549/3214 3526/4555/3275
f 3425/4564/3970 3712/4575/3973 3713/4576/3974 3823/4557/3644
f 3425/4564/3970 3426/4574/3972 3427/4588/3975 3712/4575/3973
f 3426/4574/3972 3429/4587/3976 3430/4605/3977 3427/4588/3975
f 3426/4574/3972 3804/4563/3971 3428/4573/3978 3429/4587/3976
f 3427/4588/3975 3715/4606/3979 3716/4589/3980 3712/4575/3973
f 3427/4588/3975 3430/4605/3977 3714/4624/3981 3715/4606/3979
f 3428/4573/3978 3528/4562/3982 3805/4572/3983 3431/4586/3984
f 3428/4573/3978 3804/4563/3971 3527/4554/3274 3528/4562/3982
f 3428/4573/3978 3431/4586/3984 3432/4604/3985 3429/4587/3976
f 3429/4587/3976 3432/4604/3985 3433/4623/3986 3430/4605/3977
f 3430/4605/3977 3433/4623/3986 3434/4645/3987 3714/4624/3981
f 3431/4586/3984 3436/4601/3988 3437/4622/3989 3432/4604/3985
f 3431/4586/3984 3805/4572/3983 3435/4584/3990 3436/4601/3988
f 3432/4604/3985 3437/4622/3989 3438/4644/3991 3433/4623/3986
f 3433/4623/3986 3438/4644/3991 3439/4666/3992 3434/4645/3987
f 3434/4645/3987 3719/4667/3993 3720/4646/3994 3714/4624/3981
f 3434/4645/3987 3439/4666/3992 3718/4688/3995 3719/4667/3993
f 3435/4584/3990 3529/4585/3996 3806/4602/3997 3440/4603/3998
f 3435/4584/3990 3805/4572/3983 3605/4571/3269 3529/4585/3996
f 3435/4584/3990 3440/4603/3998 3441/4621/3999 3436/4601/3988
f 3436/4601/3988 3441/4621/3999 3442/4643/4000 3437/4622/3989
f 3437/4622/3989 3442/4643/4000 3443/4665/4001 3438/4644/3991
f 3438/4644/3991 3443/4665/4001 3444/4687/4002 3439/4666/3992
f 3439/4666/3992 3444/4687/4002 3445/4707/4003 3718/4688/3995
f 3440/4603/3998 3447/4641/4004 3448/4642/4005 3441/4621/3999
f 3440/7327/3998 3806/7306/3997 3446/7318/4006 3447/7328/4004
f 3441/4621/3999 3448/4642/4005 3449/4664/4007 3442/4643/4000
f 3442/4643/4000 3449/4664/4007 3450/4686/4008 3443/4665/4001
f 3443/4665/4001 3450/4686/4008 3451/4706/4009 3444/4687/4002
f 3444/4687/4002 3451/4706/4009 3452/4727/4010 3445/4707/4003
f 3445/7454/4003 3452/7439/4010 3815/7446/4011 3724/7453/4012
f 3445/7454/4003 3724/7453/4012 3725/7460/4013 3718/7461/3995
f 3446/7318/4006 3612/7305/4014 3830/7317/4015 3454/7316/4016
f 3446/7318/4006 3806/7306/3997 3609/7293/4017 3612/7305/4014
f 3446/7318/4006 3454/7316/4016 3457/7326/4018 3447/7328/4004
f 3447/7328/4004 3457/7326/4018 3461/7334/4019 3448/7340/4005
f 3448/4642/4005 3461/4684/4019 3465/4685/4020 3449/4664/4007
f 3449/4664/4007 3465/4685/4020 3468/4705/4021 3450/4686/4008
f 3450/4686/4008 3468/4705/4021 3470/4726/3296 3451/4706/4009
f 3451/7438/4009 3470/7424/3296 3471/7432/3295 3452/7439/4010
f 3452/7439/4010 3471/7432/3295 3546/7437/3294 3815/7446/4011
f 3453/7303/4022 3578/7290/4023 3455/7302/4024 3456/7315/4025
f 3453/7303/4022 3793/7304/4026 3792/7291/3250 3578/7290/4023
f 3453/7303/4022 3454/7316/4016 3830/7317/4015 3793/7304/4026
f 3453/7303/4022 3456/7315/4025 3457/7326/4018 3454/7316/4016
f 3455/7302/4024 3579/7289/3305 3458/7301/3304 3459/7314/4027
f 3455/7302/4024 3578/7290/4023 3577/7277/3251 3579/7289/3305
f 3455/7302/4024 3459/7314/4027 3460/7325/4028 3456/7315/4025
f 3456/7315/4025 3460/7325/4028 3461/7334/4019 3457/7326/4018
f 3458/2057/3304 3462/2058/3279 3463/2054/3278 3459/2053/4027
f 3459/2053/4027 3463/2054/3278 3464/2055/4029 3460/2056/4028
f 3460/2056/4028 3464/2055/4029 3465/2061/4020 3461/2062/4019
f 3463/2054/3278 3466/2059/3277 3467/2060/3290 3464/2055/4029
f 3464/2055/4029 3467/2060/3290 3468/2064/4021 3465/2061/4020
f 3467/7419/3290 3469/7418/3289 3470/7424/3296 3468/7425/4021
f 3472/4327/3309 3788/4328/3957 3827/4293/4030 3476/4309/3310
f 3473/4331/4031 3567/4356/4032 3764/4332/4033 3763/4311/4034
f 3473/4331/4031 3474/4357/4035 3475/4378/3597 3567/4356/4032
f 3473/4331/4031 3788/4328/3957 3787/4351/3956 3474/4357/4035
f 3473/4331/4031 3763/4311/4034 3827/4293/4030 3788/4328/3957
f 3474/4357/4035 3508/4380/4036 3509/4395/3596 3475/4378/3597
f 3474/4357/4035 3787/4351/3956 3821/4374/3892 3508/4380/4036
f 3475/4378/3597 3570/4396/3465 3568/4379/3468 3567/4356/4032
f 3476/4309/3310 3827/4293/4030 3589/4276/4037 3477/4292/3740
f 3477/4292/3740 3589/4276/4037 3588/4275/3163 3590/4291/3165
f 3478/4307/3737 3590/4291/3165 3786/4290/3164 3591/4308/3175
f 3479/7404/3448 3483/7405/3938 3484/7397/4038 3480/7396/3449
f 3480/7396/3449 3484/7397/4038 3507/7391/4039 3506/7390/3450
f 3481/4542/3936 3796/4537/3912 3797/4532/3915 3482/4538/3937
f 3482/4538/3937 3797/4532/3915 3798/4531/3918 3483/4539/3938
f 3483/4539/3938 3798/4531/3918 3799/4534/3921 3484/4540/4038
f 3484/7397/4038 3799/7402/3921 3819/7395/3924 3507/7391/4039
f 3486/4817/3355 3487/4829/3827 3488/4819/3366 3789/4806/3356
f 3487/4829/3827 3489/4840/3829 3490/4831/3371 3488/4819/3366
f 3489/4840/3829 3491/4850/3836 3492/4842/4040 3490/4831/3371
f 3490/4831/3371 3492/4842/4040 3493/4843/3380 3790/4832/3372
f 3491/4850/3836 3494/4858/3426 3495/4852/3429 3492/4842/4040
f 3492/4842/4040 3495/4852/3429 3496/4853/3383 3493/4843/3380
f 3496/7398/3383 3497/7399/3440 3498/7392/3390 3791/7386/3384
f 3499/4593/3701 3500/4612/3704 3801/4594/3415 3800/4578/3413
f 3500/4612/3704 3503/4630/3693 3504/4651/3697 3501/4632/4041
f 3500/4612/3704 3501/4632/4041 3802/4613/3416 3801/4594/3415
f 3501/4632/4041 3504/4651/3697 3674/4673/4042 3502/4653/4043
f 3501/4632/4041 3502/4653/4043 3803/4633/3417 3802/4613/3416
f 3502/4653/4043 3674/4673/4042 3669/4695/4044 3668/4675/4045
f 3502/4653/4043 3668/4675/4045 3816/4654/3418 3803/4633/3417
f 3504/4651/3697 3505/4671/3696 3675/4693/4046 3674/4673/4042
f 3505/4671/3696 3710/4692/3699 3676/4712/4047 3675/4693/4046
f 3506/7390/3450 3507/7391/4039 3563/7385/4048 3565/7384/3452
f 3507/7391/4039 3819/7395/3924 3561/7389/3923 3563/7385/4048
f 3508/4380/4036 3511/4399/4049 3512/4412/3595 3509/4395/3596
f 3508/4380/4036 3821/4374/3892 3510/4398/3891 3511/4399/4049
f 3510/4398/3891 3513/4416/3893 3514/4417/3584 3511/4399/4049
f 3511/4399/4049 3514/4417/3584 3515/4433/3583 3512/4412/3595
f 3513/4416/3893 3516/4438/3896 3517/4439/3581 3514/4417/3584
f 3516/2016/3896 3518/2008/3898 3519/1997/3579 3517/2007/3581
f 3518/2008/3898 3520/1998/3568 3521/1990/3567 3519/1997/3579
f 3526/4555/3275 3601/4548/3273 3527/4554/3274 3804/4563/3971
f 3527/4554/3274 3602/4553/3271 3603/4561/3270 3528/4562/3982
f 3528/4562/3982 3603/4561/3270 3605/4571/3269 3805/4572/3983
f 3529/7294/3996 3607/7281/3266 3609/7293/4017 3806/7306/3997
f 3529/7294/3996 3605/7282/3269 3604/7267/3264 3607/7281/3266
f 3530/7445/4050 3546/7437/3294 3545/7431/3292 3548/7436/4051
f 3530/7445/4050 3724/7453/4012 3815/7446/4011 3546/7437/3294
f 3530/7445/4050 3531/7452/4052 3725/7460/4013 3724/7453/4012
f 3530/7445/4050 3548/7436/4051 3533/7444/4053 3531/7452/4052
f 3531/7452/4052 3532/7457/4054 3726/7465/4055 3725/7460/4013
f 3531/7452/4052 3533/7444/4053 3534/7449/4056 3532/7457/4054
f 3532/7457/4054 3731/7464/4057 3727/7471/4058 3726/7465/4055
f 3532/7457/4054 3534/7449/4056 3535/7456/4059 3731/7464/4057
f 3533/7444/4053 3548/7436/4051 3547/7430/3719 3550/7435/3726
f 3533/7444/4053 3550/7435/3726 3538/7442/4060 3534/7449/4056
f 3534/7449/4056 3538/7442/4060 3539/7451/4061 3535/7456/4059
f 3535/7456/4059 3539/7451/4061 3540/7459/4062 3536/7463/4063
f 3535/7456/4059 3536/7463/4063 3732/7470/4064 3731/7464/4057
f 3536/7463/4063 3540/7459/4062 3541/7467/4065 3537/7469/4066
f 3536/7463/4063 3537/7469/4066 3733/7478/4067 3732/7470/4064
f 3537/7469/4066 3735/7477/4068 3734/7481/4069 3733/7478/4067
f 3537/7469/4066 3541/7467/4065 3592/7473/4070 3735/7477/4068
f 3538/7442/4060 3550/7435/3726 3549/7434/3725 3551/7443/3729
f 3538/7442/4060 3551/7443/3729 3542/7450/3732 3539/7451/4061
f 3539/7451/4061 3542/7450/3732 3543/7458/3735 3540/7459/4062
f 3540/7459/4062 3543/7458/3735 3593/7466/4071 3541/7467/4065
f 3541/7467/4065 3593/7466/4071 3594/7472/4072 3592/7473/4070
f 3543/7458/3735 3595/7462/3734 3596/7468/3964 3593/7466/4071
f 3544/7422/3291 3547/7430/3719 3548/7436/4051 3545/7431/3292
f 3552/4579/3712 3713/4576/3974 3717/4590/4073 3738/4596/3715
f 3552/4579/3712 3553/4566/3647 3823/4557/3644 3713/4576/3974
f 3557/4511/3928 3559/4519/3953 3560/4526/3922 3558/4520/3919
f 3560/7383/3922 3562/7379/3954 3563/7385/4048 3561/7389/3923
f 3562/7379/3954 3564/7378/3955 3565/7384/3452 3563/7385/4048
f 3567/4356/4032 3568/4379/3468 3765/4358/4074 3764/4332/4033
f 3568/4379/3468 3569/4397/3454 3766/4381/3458 3765/4358/4074
f 3572/4343/3966 3575/4366/3723 3576/4388/3722 3573/4367/3959
f 3577/7277/3251 3578/7290/4023 3792/7291/3250 3817/7278/3249
f 3580/4262/4075 3582/4277/4076 3583/4294/4077 3581/4278/4078
f 3580/4262/4075 3586/4249/3152 3587/4261/3155 3582/4277/4076
f 3580/4262/4075 3659/4263/4079 3826/4241/3149 3586/4249/3152
f 3580/4262/4075 3581/4278/4078 3660/4279/4080 3659/4263/4079
f 3581/4278/4078 3663/4295/4081 3661/4296/4082 3660/4279/4080
f 3581/4278/4078 3583/4294/4077 3584/4312/4083 3663/4295/4081
f 3582/4277/4076 3587/4261/3155 3589/4276/4037 3827/4293/4030
f 3582/4277/4076 3827/4293/4030 3763/4311/4034 3583/4294/4077
f 3583/4294/4077 3763/4311/4034 3764/4332/4033 3584/4312/4083
f 3584/4312/4083 3764/4332/4033 3765/4358/4074 3585/4333/4084
f 3584/4312/4083 3585/4333/4084 3664/4313/3674 3663/4295/4081
f 3585/4333/4084 3666/4359/3681 3665/4335/3670 3664/4313/3674
f 3585/4333/4084 3765/4358/4074 3766/4381/3458 3666/4359/3681
f 3587/4261/3155 3785/4260/3154 3588/4275/3163 3589/4276/4037
f 3592/1919/4070 3594/1932/4072 3643/1921/4085 3642/1906/3651
f 3592/1919/4070 3642/1906/3651 3641/1905/3650 3735/1920/4068
f 3593/7466/4071 3596/7468/3964 3597/7476/4086 3594/7472/4072
f 3594/1932/4072 3597/1944/4086 3644/1933/4087 3643/1921/4085
f 3596/7468/3964 3598/7475/3963 3599/7480/3968 3597/7476/4086
f 3597/1944/4086 3599/1953/3968 3645/1945/4088 3644/1933/4087
f 3599/4265/3968 3600/4251/3967 3646/4250/3969 3645/4266/4088
f 3606/7266/3259 3608/7280/3258 3609/7293/4017 3607/7281/3266
f 3608/7280/3258 3611/7292/3257 3612/7305/4014 3609/7293/4017
f 3610/7279/3247 3792/7291/3250 3793/7304/4026 3611/7292/3257
f 3611/7292/3257 3793/7304/4026 3830/7317/4015 3612/7305/4014
f 3613/7249/3747 3614/7261/4089 3615/7272/3751 3774/7262/3745
f 3613/7249/3747 3808/7236/3186 3809/7248/3394 3614/7261/4089
f 3613/7249/3747 3773/7238/3741 3807/7224/3178 3808/7236/3186
f 3614/7261/4089 3616/7271/4090 3617/7285/4091 3615/7272/3751
f 3614/7261/4089 3809/7248/3394 3810/7260/3396 3616/7271/4090
f 3615/7272/3751 3617/7285/4091 3618/7296/3754 3775/7286/3749
f 3616/7271/4090 3619/7284/4092 3620/7295/4093 3617/7285/4091
f 3616/7271/4090 3810/7260/3396 3811/7270/3399 3619/7284/4092
f 3617/7285/4091 3620/7295/4093 3621/7307/4094 3618/7296/3754
f 3618/7296/3754 3621/7307/4094 3622/7319/3756 3776/7308/3752
f 3619/4660/4092 3623/4639/4095 3624/4663/4096 3620/4681/4093
f 3619/4660/4092 3811/4661/3399 3812/4620/3402 3623/4639/4095
f 3620/4681/4093 3624/4663/4096 3625/4683/4097 3621/4702/4094
f 3621/4702/4094 3625/4683/4097 3626/4704/4098 3622/4723/3756
f 3622/4723/3756 3626/4704/4098 3627/4725/3757 3777/4741/3755
f 3623/4639/4095 3628/4640/4099 3629/4662/4100 3624/4663/4096
f 3623/4639/4095 3812/4620/3402 3813/4619/3406 3628/4640/4099
f 3624/4663/4096 3629/4662/4100 3630/4682/4101 3625/4683/4097
f 3625/4683/4097 3630/4682/4101 3631/4703/4102 3626/4704/4098
f 3626/4704/4098 3631/4703/4102 3632/4724/4103 3627/4725/3757
f 3627/4725/3757 3632/4724/4103 3633/4742/3758 3778/4743/3333
f 3628/4640/4099 3634/4659/4104 3635/4680/4105 3629/4662/4100
f 3628/4640/4099 3813/4619/3406 3814/4638/3411 3634/4659/4104
f 3629/4662/4100 3635/4680/4105 3636/4701/4106 3630/4682/4101
f 3630/4682/4101 3636/4701/4106 3637/4722/4107 3631/4703/4102
f 3631/4703/4102 3637/4722/4107 3638/4740/4108 3632/4724/4103
f 3632/4724/4103 3638/4740/4108 3639/4756/4109 3633/4742/3758
f 3633/4742/3758 3639/4756/4109 3640/4771/3348 3779/4758/3347
f 3634/4659/4104 3668/4675/4045 3669/4695/4044 3635/4680/4105
f 3634/4659/4104 3814/4638/3411 3816/4654/3418 3668/4675/4045
f 3635/4680/4105 3669/4695/4044 3670/4713/4110 3636/4701/4106
f 3636/4701/4106 3670/4713/4110 3671/4732/4111 3637/4722/4107
f 3637/4722/4107 3671/4732/4111 3672/4748/4112 3638/4740/4108
f 3638/4740/4108 3672/4748/4112 3673/4763/4113 3639/4756/4109
f 3639/4756/4109 3673/4763/4113 3678/4780/4114 3640/4771/3348
f 3640/4771/3348 3678/4780/4114 3679/4796/3550 3828/4788/3345
f 3641/1905/3650 3711/1918/3653 3734/1931/4069 3735/1920/4068
f 3642/1906/3651 3643/1921/4085 3648/1907/3656 3647/1893/3649
f 3643/1921/4085 3644/1933/4087 3650/1922/4115 3648/1907/3656
f 3644/1933/4087 3645/1945/4088 3652/1934/4116 3650/1922/4115
f 3645/4266/4088 3646/4250/3969 3655/4264/4117 3652/4281/4116
f 3646/4250/3969 3826/4241/3149 3659/4263/4079 3655/4264/4117
f 3648/1907/3656 3650/1922/4115 3651/1908/3661 3649/1894/3654
f 3650/1922/4115 3652/1934/4116 3653/1935/3662 3651/1908/3661
f 3652/4281/4116 3655/4264/4117 3656/4280/4118 3653/4298/3662
f 3653/4298/3662 3656/4280/4118 3657/4297/3668 3654/4316/3658
f 3655/4264/4117 3659/4263/4079 3660/4279/4080 3656/4280/4118
f 3656/4280/4118 3660/4279/4080 3661/4296/4082 3657/4297/3668
f 3657/4297/3668 3661/4296/4082 3662/4314/3673 3658/4315/3666
f 3661/4296/4082 3663/4295/4081 3664/4313/3674 3662/4314/3673
f 3666/4359/3681 3766/4381/3458 3767/4400/3457 3667/4382/3680
f 3669/4695/4044 3674/4673/4042 3675/4693/4046 3670/4713/4110
f 3670/4713/4110 3675/4693/4046 3676/4712/4047 3671/4732/4111
f 3671/4732/4111 3676/4712/4047 3677/4731/4119 3672/4748/4112
f 3672/4748/4112 3677/4731/4119 3680/4747/4120 3673/4763/4113
f 3673/4763/4113 3680/4747/4120 3681/4762/4121 3678/4780/4114
f 3676/4712/4047 3710/4692/3699 3683/4711/3761 3677/4731/4119
f 3677/4731/4119 3683/4711/3761 3684/4730/4122 3680/4747/4120
f 3678/4780/4114 3681/4762/4121 3682/4779/3551 3679/4796/3550
f 3680/4747/4120 3684/4730/4122 3685/4746/4123 3681/4762/4121
f 3681/4762/4121 3685/4746/4123 3686/4761/3557 3682/4779/3551
f 3683/4711/3761 3687/4694/3760 3688/4714/3766 3684/4730/4122
f 3684/4730/4122 3688/4714/3766 3689/4733/4124 3685/4746/4123
f 3685/4746/4123 3689/4733/4124 3690/4749/3570 3686/4761/3557
f 3688/4714/3766 3692/4696/3765 3693/4715/3771 3689/4733/4124
f 3689/4733/4124 3693/4715/3771 3694/4734/4125 3690/4749/3570
f 3690/4749/3570 3694/4734/4125 3695/4750/3588 3691/4764/3571
f 3693/4715/3771 3696/4710/3770 3697/4729/3779 3694/4734/4125
f 3694/4734/4125 3697/4729/3779 3698/4745/3598 3695/4750/3588
f 3697/4729/3779 3699/4728/3778 3700/4744/3607 3698/4745/3598
f 3699/4728/3778 3702/4739/3780 3703/4755/3797 3700/4744/3607
f 3700/4744/3607 3703/4755/3797 3704/4770/3617 3701/4760/3608
f 3703/4755/3797 3705/4769/3796 3706/4786/3624 3704/4770/3617
f 3711/1918/3653 3736/1929/4126 3730/1943/4127 3734/1931/4069
f 3711/1918/3653 3751/1904/3652 3743/1915/4128 3736/1929/4126
f 3712/4575/3973 3716/4589/3980 3717/4590/4073 3713/4576/3974
f 3714/4624/3981 3720/4646/3994 3721/4625/4129 3715/4606/3979
f 3715/4606/3979 3721/4625/4129 3722/4607/4130 3716/4589/3980
f 3716/4589/3980 3722/4607/4130 3723/4608/4131 3717/4590/4073
f 3717/4590/4073 3723/4608/4131 3737/4616/3798 3738/4596/3715
f 3718/4688/3995 3725/4708/4013 3726/4689/4055 3719/4667/3993
f 3719/4667/3993 3726/4689/4055 3727/4668/4058 3720/4646/3994
f 3720/4646/3994 3727/4668/4058 3728/4647/4132 3721/4625/4129
f 3721/4625/4129 3728/4647/4132 3729/4626/4133 3722/4607/4130
f 3722/4607/4130 3729/4626/4133 3730/4627/4127 3723/4608/4131
f 3723/1952/4131 3730/1943/4127 3736/1929/4126 3737/1942/3798
f 3727/7471/4058 3731/7464/4057 3732/7470/4064 3728/7479/4132
f 3728/7479/4132 3732/7470/4064 3733/7478/4067 3729/7482/4133
f 3729/7482/4133 3733/7478/4067 3734/7481/4069 3730/7483/4127
f 3736/1929/4126 3743/1915/4128 3739/1930/3799 3737/1942/3798
f 3739/1930/3799 3743/1915/4128 3744/1903/4134 3740/1916/3800
f 3740/1916/3800 3744/1903/4134 3745/1901/4135 3741/1917/3801
f 3741/4676/3801 3745/4716/4135 3746/4717/3812 3742/4697/3802
f 3743/1915/4128 3751/1904/3652 3752/1891/3503 3744/1903/4134
f 3744/1903/4134 3752/1891/3503 3753/1890/3502 3745/1901/4135
f 3745/1901/4135 3753/1890/3502 3754/1889/3504 3746/1902/3812
f 3746/1902/3812 3754/1889/3504 3755/1900/3506 3747/1914/3810
f 3747/1914/3810 3755/1900/3506 3756/1913/3509 3748/1928/3811
f 3748/1928/3811 3756/1913/3509 3757/1927/3516 3749/1941/3813
f 3749/1941/3813 3757/1927/3516 3758/1940/3520 3750/1951/3814
s 142
f 3835/4880/4136 3871/4881/4137 3874/4882/4138 3837/4883/4139
f 3835/4880/4136 4751/4884/4140 4357/4885/4141 3871/4881/4137
f 3835/4880/4136 3836/4891/4142 4511/4892/4143 4751/4884/4140
f 3835/4880/4136 3837/4883/4139 3838/4890/4144 3836/4891/4142
f 3836/4891/4142 4710/4903/4145 4512/4904/4146 4511/4892/4143
f 3836/4891/4142 3838/4890/4144 3839/4902/4147 4710/4903/4145
f 3837/4883/4139 3874/4882/4138 3879/4888/4148 3841/4889/4149
f 3837/4883/4139 3841/4889/4149 3842/4901/4150 3838/4890/4144
f 3838/4890/4144 3842/4901/4150 3843/4916/4151 3839/4902/4147
f 3839/4902/4147 3843/4916/4151 3844/4932/4152 3840/4917/4153
f 3839/4902/4147 3840/4917/4153 4513/4918/4154 4710/4903/4145
f 3840/4917/4153 4711/4933/4155 4515/4934/4156 4513/4918/4154
f 3840/4917/4153 3844/4932/4152 3845/4949/4157 4711/4933/4155
f 3841/4889/4149 3879/4888/4148 3886/4899/4158 3847/4900/4159
f 3841/7560/4149 3847/7561/4159 3848/7562/4160 3842/7563/4150
f 3842/7563/4150 3848/7562/4160 3849/7566/4161 3843/7567/4151
f 3843/7567/4151 3849/7566/4161 3850/7573/4162 3844/7574/4152
f 3844/7574/4152 3850/7573/4162 3851/7582/4163 3845/7583/4157
f 3845/7583/4157 3851/7582/4163 3852/7593/4164 3846/7594/4165
f 3845/4949/4157 3846/4967/4165 4516/4951/4166 4711/4933/4155
f 3846/4967/4165 4745/4992/4167 4164/4968/4168 4516/4951/4166
f 3846/7594/4165 3852/7593/4164 4732/7606/4169 4745/7607/4167
f 3847/7561/4159 3886/7568/4158 3894/7569/4170 3853/7564/4171
f 3847/7561/4159 3853/7564/4171 3854/7565/4172 3848/7562/4160
f 3848/7562/4160 3854/7565/4172 3855/7572/4173 3849/7566/4161
f 3849/7566/4161 3855/7572/4173 3856/7581/4174 3850/7573/4162
f 3850/7573/4162 3856/7581/4174 3857/7592/4175 3851/7582/4163
f 3851/7582/4163 3857/7592/4175 3961/7605/4176 3852/7593/4164
f 3852/7593/4164 3961/7605/4176 4733/7618/4177 4732/7606/4169
f 3853/7564/4171 3894/7569/4170 3901/7577/4178 3858/7570/4179
f 3853/7564/4171 3858/7570/4179 3859/7571/4180 3854/7565/4172
f 3854/7565/4172 3859/7571/4180 3860/7580/4181 3855/7572/4173
f 3855/7572/4173 3860/7580/4181 3861/7591/4182 3856/7581/4174
f 3856/7581/4174 3861/7591/4182 3962/7604/4183 3857/7592/4175
f 3857/7592/4175 3962/7604/4183 3963/7617/4184 3961/7605/4176
f 3858/7570/4179 3901/7577/4178 3906/7587/4185 3862/7578/4186
f 3858/7570/4179 3862/7578/4186 3863/7579/4187 3859/7571/4180
f 3859/7571/4180 3863/7579/4187 3864/7590/4188 3860/7580/4181
f 3860/7580/4181 3864/7590/4188 3964/7603/4189 3861/7591/4182
f 3861/7591/4182 3964/7603/4189 3965/7616/4190 3962/7604/4183
f 3862/7578/4186 3906/7587/4185 3910/7599/4191 3865/7588/4192
f 3862/7578/4186 3865/7588/4192 3866/7589/4193 3863/7579/4187
f 3863/7579/4187 3866/7589/4193 3867/7602/4194 3864/7590/4188
f 3864/7590/4188 3867/7602/4194 3967/7615/4195 3964/7603/4189
f 3865/7588/4192 3910/7599/4191 3912/7613/4196 3868/7600/4197
f 3865/7588/4192 3868/7600/4197 3869/7601/4198 3866/7589/4193
f 3866/7589/4193 3869/7601/4198 3970/7614/4199 3867/7602/4194
f 3867/7602/4194 3970/7614/4199 3971/7627/4200 3967/7615/4195
f 3868/5165/4197 3912/5166/4196 3913/5167/4201 3870/5168/4202
f 3868/5165/4197 3870/5168/4202 3974/5173/4203 3869/5174/4198
f 3869/5174/4198 3974/5173/4203 3975/5181/4204 3970/5182/4199
f 3870/5168/4202 3913/5167/4201 4453/5171/4205 4101/5172/4206
f 3870/5168/4202 4101/5172/4206 3979/5180/4207 3974/5173/4203
f 3871/4881/4137 3922/4886/4208 3873/4887/4209 3874/4882/4138
f 3871/4881/4137 4357/4885/4141 4356/4895/4210 3922/4886/4208
f 3872/4896/4211 3877/4912/4212 3878/4898/4213 3873/4887/4209
f 3872/4896/4211 3927/4914/4214 3876/4928/4215 3877/4912/4212
f 3872/4896/4211 3921/4897/4216 3920/4913/4217 3927/4914/4214
f 3872/4896/4211 3873/4887/4209 3922/4886/4208 3921/4897/4216
f 3873/4887/4209 3878/4898/4213 3879/4888/4148 3874/4882/4138
f 3875/4945/4218 3930/4964/4219 3881/4988/4220 3882/4963/4221
f 3875/4945/4218 3926/4931/4222 3925/4948/4223 3930/4964/4219
f 3875/4945/4218 3876/4928/4215 3927/4914/4214 3926/4931/4222
f 3875/4945/4218 3882/4963/4221 3883/4946/4224 3876/4928/4215
f 3876/4928/4215 3883/4946/4224 3884/4929/4225 3877/4912/4212
f 3877/4912/4212 3884/4929/4225 3885/4915/4226 3878/4898/4213
f 3878/4898/4213 3885/4915/4226 3886/4899/4158 3879/4888/4148
f 3880/7634/4227 3931/7645/4228 3887/7646/4229 3888/7635/4230
f 3880/7634/4227 3929/7657/4231 3928/7658/4232 3931/7645/4228
f 3880/5012/4227 3881/4988/4220 3930/4964/4219 3929/4989/4231
f 3880/7634/4227 3888/7635/4230 3889/7622/4233 3881/7621/4220
f 3881/7621/4220 3889/7622/4233 3890/7609/4234 3882/7608/4221
f 3882/7608/4221 3890/7609/4234 3891/7596/4235 3883/7595/4224
f 3883/7595/4224 3891/7596/4235 3892/7585/4236 3884/7584/4225
f 3884/7584/4225 3892/7585/4236 3893/7576/4237 3885/7575/4226
f 3885/7575/4226 3893/7576/4237 3894/7569/4170 3886/7568/4158
f 3887/7646/4229 4535/7661/4238 3895/7647/4239 3888/7635/4230
f 3887/7646/4229 4742/7660/4240 4717/7673/4241 4535/7661/4238
f 3887/7646/4229 3931/7645/4228 4502/7659/4242 4742/7660/4240
f 3888/7635/4230 3895/7647/4239 3896/7636/4243 3889/7622/4233
f 3889/7622/4233 3896/7636/4243 3897/7623/4244 3890/7609/4234
f 3890/7609/4234 3897/7623/4244 3898/7610/4245 3891/7596/4235
f 3891/7596/4235 3898/7610/4245 3899/7597/4246 3892/7585/4236
f 3892/7585/4236 3899/7597/4246 3900/7586/4247 3893/7576/4237
f 3893/7576/4237 3900/7586/4247 3901/7577/4178 3894/7569/4170
f 3895/7647/4239 4535/7661/4238 4536/7674/4248 4533/7662/4249
f 3895/7647/4239 4533/7662/4249 4531/7648/4250 3896/7636/4243
f 3896/7636/4243 4531/7648/4250 3902/7637/4251 3897/7623/4244
f 3897/7623/4244 3902/7637/4251 3903/7624/4252 3898/7610/4245
f 3898/7610/4245 3903/7624/4252 3904/7611/4253 3899/7597/4246
f 3899/7597/4246 3904/7611/4253 3905/7598/4254 3900/7586/4247
f 3900/7586/4247 3905/7598/4254 3906/7587/4185 3901/7577/4178
f 3902/7637/4251 4529/7649/4255 3907/7638/4256 3903/7624/4252
f 3902/7637/4251 4531/7648/4250 4532/7663/4257 4529/7649/4255
f 3903/7624/4252 3907/7638/4256 3908/7625/4258 3904/7611/4253
f 3904/7611/4253 3908/7625/4258 3909/7612/4259 3905/7598/4254
f 3905/7598/4254 3909/7612/4259 3910/7599/4191 3906/7587/4185
f 3907/7638/4256 4529/7649/4255 4530/7664/4260 4528/7650/4261
f 3907/7638/4256 4528/7650/4261 4527/7639/4262 3908/7625/4258
f 3908/7625/4258 4527/7639/4262 3911/7626/4263 3909/7612/4259
f 3909/7612/4259 3911/7626/4263 3912/7613/4196 3910/7599/4191
f 3911/5169/4263 4526/5170/4264 3913/5167/4201 3912/5166/4196
f 3911/5169/4263 4527/5175/4262 4455/5176/4265 4526/5170/4264
f 3913/5167/4201 4526/5170/4264 4454/5177/4266 4453/5171/4205
f 3914/2261/4267 4401/2257/4268 4398/2252/4269 4397/2256/4270
f 3914/7774/4267 3915/7775/4271 3916/7776/4272 4401/7777/4268
f 3914/7774/4267 4337/7778/4273 4338/7779/4274 3915/7775/4271
f 3914/5033/4267 4397/5014/4270 4336/4991/4275 4337/5011/4273
f 3915/7775/4271 4338/7779/4274 4339/7784/4276 4340/7780/4277
f 3915/7775/4271 4340/7780/4277 3917/7781/4278 3916/7776/4272
f 3916/7776/4272 3917/7781/4278 3918/7787/4279 4404/7782/4280
f 3916/7776/4272 4404/7782/4280 4402/7783/4281 4401/7777/4268
f 3917/7781/4278 4472/7786/4282 4473/7795/4283 3918/7787/4279
f 3917/7781/4278 4340/7780/4277 4156/7785/4284 4472/7786/4282
f 3918/7787/4279 4473/7795/4283 4474/7801/4285 4406/7796/4286
f 3918/7787/4279 4406/7796/4286 4405/7788/4287 4404/7782/4280
f 3919/4930/4288 3920/4913/4217 4354/4927/4289 4353/4944/4290
f 3919/4930/4288 3926/4931/4222 3927/4914/4214 3920/4913/4217
f 3919/4930/4288 4359/4947/4291 3925/4948/4223 3926/4931/4222
f 3919/4930/4288 4353/4944/4290 4352/4962/4292 4359/4947/4291
f 3920/4913/4217 3921/4897/4216 4355/4911/4293 4354/4927/4289
f 3921/4897/4216 3922/4886/4208 4356/4895/4210 4355/4911/4293
f 3923/7682/4294 4393/7683/4295 4504/7671/4296 3928/7658/4232
f 3923/4990/4294 4336/4991/4275 4397/5014/4270 4393/5015/4295
f 3923/4990/4294 3924/4965/4297 4358/4966/4298 4336/4991/4275
f 3923/4990/4294 3928/5013/4232 3929/4989/4231 3924/4965/4297
f 3924/4965/4297 3929/4989/4231 3930/4964/4219 3925/4948/4223
f 3924/4965/4297 3925/4948/4223 4359/4947/4291 4358/4966/4298
f 3928/7658/4232 4504/7671/4296 4502/7659/4242 3931/7645/4228
f 3932/4995/4299 4407/4970/4300 4411/4952/4301 4163/4972/4302
f 3932/4995/4299 4326/5018/4303 4323/4993/4304 4407/4970/4300
f 3932/4995/4299 4168/5019/4305 3935/5037/4306 4326/5018/4303
f 3932/4995/4299 4163/4972/4302 4167/4996/4307 4168/5019/4305
f 3933/7692/4308 3934/7693/4309 4172/7681/4310 4175/7680/4311
f 3933/7692/4308 3939/7704/4312 3940/7705/4313 3934/7693/4309
f 3933/7692/4308 4178/7703/4314 3938/7713/4315 3939/7704/4312
f 3933/7692/4308 4175/7680/4311 4177/7691/4316 4178/7703/4314
f 3934/5068/4309 3940/5069/4313 3941/5050/4317 3935/5037/4306
f 3934/7693/4309 3935/7706/4306 4168/7695/4305 4172/7681/4310
f 3935/5037/4306 3941/5050/4317 4327/5034/4318 4326/5018/4303
f 3936/5394/4319 4182/5379/4320 3943/5397/4321 3944/5411/4322
f 3936/5394/4319 4181/5395/4323 4703/5365/4324 4182/5379/4320
f 3936/7725/4319 3937/7718/4325 4180/7712/4326 4181/7717/4323
f 3936/7725/4319 3944/7732/4322 3945/7726/4327 3937/7718/4325
f 3937/7718/4325 3945/7726/4327 3946/7719/4328 3938/7713/4315
f 3937/7718/4325 3938/7713/4315 4178/7703/4314 4180/7712/4326
f 3938/7713/4315 3946/7719/4328 3947/7714/4329 3939/7704/4312
f 3939/7704/4312 3947/7714/4329 3948/7715/4330 3940/7705/4313
f 3940/5069/4313 3948/5089/4330 4330/5070/4331 3941/5050/4317
f 3941/5050/4317 4330/5070/4331 4328/5051/4332 4327/5034/4318
f 3942/5396/4333 3949/5412/4334 3950/5413/4335 3943/5397/4321
f 3942/5396/4333 4753/5410/4336 4420/5426/4337 3949/5412/4334
f 3942/5396/4333 4704/5380/4338 4565/5393/4339 4753/5410/4336
f 3942/5396/4333 3943/5397/4321 4182/5379/4320 4704/5380/4338
f 3943/5397/4321 3950/5413/4335 3951/5427/4340 3944/5411/4322
f 3944/7732/4322 3951/7738/4340 3952/7733/4341 3945/7726/4327
f 3945/7726/4327 3952/7733/4341 3953/7727/4342 3946/7719/4328
f 3946/7719/4328 3953/7727/4342 3954/7720/4343 3947/7714/4329
f 3947/7714/4329 3954/7720/4343 3955/7721/4344 3948/7715/4330
f 3948/7715/4330 3955/7721/4344 4331/7730/4345 4330/7731/4331
f 3949/5412/4334 4420/5426/4337 4421/5439/4346 4714/5428/4347
f 3949/5412/4334 4714/5428/4347 4715/5429/4348 3950/5413/4335
f 3950/5413/4335 4715/5429/4348 3956/5440/4349 3951/5427/4340
f 3951/7738/4340 3956/7744/4349 3957/7739/4350 3952/7733/4341
f 3952/7733/4341 3957/7739/4350 3958/7734/4351 3953/7727/4342
f 3953/7727/4342 3958/7734/4351 4334/7728/4352 3954/7720/4343
f 3954/7720/4343 4334/7728/4352 4333/7729/4353 3955/7721/4344
f 3955/7721/4344 4333/7729/4353 4332/7737/4354 4331/7730/4345
f 3956/5440/4349 4715/5429/4348 4424/5442/4355 4716/5452/4356
f 3956/7744/4349 4716/7750/4356 3959/7745/4357 3957/7739/4350
f 3957/7739/4350 3959/7745/4357 4335/7740/4358 3958/7734/4351
f 3958/7734/4351 4335/7740/4358 4321/7735/4359 4334/7728/4352
f 3959/7745/4357 3960/7751/4360 4322/7746/4361 4335/7740/4358
f 3959/7745/4357 4716/7750/4356 4426/7756/4362 3960/7751/4360
f 3960/7751/4360 4426/7756/4362 3998/7764/4363 4758/7757/4364
f 3960/7751/4360 4758/7757/4364 4491/7752/4365 4322/7746/4361
f 3961/7605/4176 3963/7617/4184 4734/7630/4366 4733/7618/4177
f 3962/7604/4183 3965/7616/4190 3966/7629/4367 3963/7617/4184
f 3963/7617/4184 3966/7629/4367 4735/7642/4368 4734/7630/4366
f 3964/7603/4189 3967/7615/4195 3968/7628/4369 3965/7616/4190
f 3965/7616/4190 3968/7628/4369 3969/7641/4370 3966/7629/4367
f 3966/7629/4367 3969/7641/4370 4736/7652/4371 4735/7642/4368
f 3967/7615/4195 3971/7627/4200 3972/7640/4372 3968/7628/4369
f 3968/7628/4369 3972/7640/4372 3973/7651/4373 3969/7641/4370
f 3969/7641/4370 3973/7651/4373 4737/7665/4374 4736/7652/4371
f 3970/5182/4199 3975/5181/4204 3976/5191/4375 3971/5192/4200
f 3971/5192/4200 3976/5191/4375 3977/5204/4376 3972/5205/4372
f 3972/5205/4372 3977/5204/4376 3978/5221/4377 3973/5222/4373
f 3973/5222/4373 3978/5221/4377 4738/5241/4378 4737/5242/4374
f 3974/5173/4203 3979/5180/4207 3980/5190/4379 3975/5181/4204
f 3975/5181/4204 3980/5190/4379 3981/5203/4380 3976/5191/4375
f 3976/5191/4375 3981/5203/4380 3982/5220/4381 3977/5204/4376
f 3977/5204/4376 3982/5220/4381 3983/5240/4382 3978/5221/4377
f 3978/5221/4377 3983/5240/4382 4739/5260/4383 4738/5241/4378
f 3979/5180/4207 4750/5187/4384 4725/5200/4385 3980/5190/4379
f 3979/5180/4207 4101/5172/4206 4100/5178/4386 4750/5187/4384
f 3980/5190/4379 4725/5200/4385 4726/5216/4387 3981/5203/4380
f 3981/5203/4380 4726/5216/4387 4727/5235/4388 3982/5220/4381
f 3982/5220/4381 4727/5235/4388 4728/5255/4389 3983/5240/4382
f 3983/5240/4382 4728/5255/4389 4741/5276/4390 4739/5260/4383
f 3984/5467/4391 4241/5473/4392 3986/5478/4393 3987/5474/4394
f 3984/5467/4391 4238/5459/4395 4237/5466/4396 4241/5473/4392
f 3984/5467/4391 3985/5462/4397 4422/5451/4398 4238/5459/4395
f 3984/5467/4391 3987/5474/4394 3988/5469/4399 3985/5462/4397
f 3985/5462/4397 3996/5453/4400 4423/5441/4401 4422/5451/4398
f 3985/5462/4397 3988/5469/4399 3989/5470/4402 3996/5453/4400
f 3986/5478/4393 3991/5480/4403 3992/5479/4404 3987/5474/4394
f 3986/7848/4393 4234/7849/4405 3990/7850/4406 3991/7851/4403
f 3986/7848/4393 4241/7852/4392 4240/7853/4407 4234/7849/4405
f 3987/5474/4394 3992/5479/4404 3993/5475/4408 3988/5469/4399
f 3988/5469/4399 3993/5475/4408 3994/5476/4409 3989/5470/4402
f 3989/7772/4402 3994/7771/4409 3995/7765/4410 3997/7770/4411
f 3989/7772/4402 3997/7770/4411 4425/7763/4412 3996/7773/4400
f 3990/7850/4406 4308/7856/4413 4309/7857/4414 3991/7851/4403
f 3990/7850/4406 4759/7855/4415 4709/7860/4416 4308/7856/4413
f 3990/7850/4406 4234/7849/4405 4233/7854/4417 4759/7855/4415
f 3991/2069/4403 4309/2070/4414 4310/2066/4418 3992/2065/4404
f 3992/2065/4404 4310/2066/4418 4311/2067/4419 3993/2068/4408
f 3993/2068/4408 4311/2067/4419 4414/2073/4420 3994/2074/4409
f 3994/7771/4409 4414/7766/4420 4415/7759/4421 3995/7765/4410
f 3995/7765/4410 4415/7759/4421 4434/7753/4422 3999/7758/4423
f 3995/7765/4410 3999/7758/4423 3998/7764/4363 3997/7770/4411
f 3996/5453/4400 4425/5454/4412 4424/5442/4355 4423/5441/4401
f 3997/7770/4411 3998/7764/4363 4426/7756/4362 4425/7763/4412
f 3998/7764/4363 3999/7758/4423 4491/7752/4365 4758/7757/4364
f 3999/7758/4423 4434/7753/4422 4490/7747/4424 4491/7752/4365
f 4000/5058/4425 4494/5040/4426 4002/5057/4427 4003/5079/4428
f 4000/5058/4425 4692/5043/4429 4691/5024/4430 4494/5040/4426
f 4000/5058/4425 4001/5080/4431 4756/5061/4432 4692/5043/4429
f 4000/5058/4425 4003/5079/4428 4004/5101/4433 4001/5080/4431
f 4001/5080/4431 4004/5101/4433 4005/5083/4434 4693/5062/4435
f 4001/5080/4431 4693/5062/4435 4124/5044/4436 4756/5061/4432
f 4002/5057/4427 4495/5039/4437 4059/5056/4438 4006/5078/4439
f 4002/5057/4427 4494/5040/4426 4493/5022/4440 4495/5039/4437
f 4002/5057/4427 4006/5078/4439 4007/5100/4441 4003/5079/4428
f 4003/5079/4428 4007/5100/4441 4008/5118/4442 4004/5101/4433
f 4004/5101/4433 4008/5118/4442 4009/5102/4443 4005/5083/4434
f 4005/5083/4434 4009/5102/4443 4010/5084/4444 4694/5063/4445
f 4005/5083/4434 4694/5063/4445 4131/5045/4446 4693/5062/4435
f 4006/5078/4439 4059/5056/4438 4058/5077/4447 4068/5099/4448
f 4006/5078/4439 4068/5099/4448 4292/5117/4449 4007/5100/4441
f 4007/5100/4441 4292/5117/4449 4293/5134/4450 4008/5118/4442
f 4008/5118/4442 4293/5134/4450 4011/5119/4451 4009/5102/4443
f 4009/5102/4443 4011/5119/4451 4012/5103/4452 4010/5084/4444
f 4010/5084/4444 4012/5103/4452 4013/5104/4453 4695/5085/4454
f 4010/5084/4444 4695/5085/4454 4137/5064/4455 4694/5063/4445
f 4011/5119/4451 4293/5134/4450 4294/5149/4456 4295/5135/4457
f 4011/5119/4451 4295/5135/4457 4296/5120/4458 4012/5103/4452
f 4012/5103/4452 4296/5120/4458 4297/5121/4459 4013/5104/4453
f 4013/5104/4453 4297/5121/4459 4014/5122/4460 4696/5105/4461
f 4013/5104/4453 4696/5105/4461 4142/5086/4462 4695/5085/4454
f 4014/5122/4460 4300/5138/4463 4301/5151/4464 4697/5139/4465
f 4014/5122/4460 4297/5121/4459 4299/5137/4466 4300/5138/4463
f 4014/5122/4460 4697/5139/4465 4145/5123/4467 4696/5105/4461
f 4015/2077/4468 4107/2078/4469 4111/2079/4470 4016/2080/4471
f 4015/2077/4468 4104/2081/4472 4103/2082/4473 4107/2078/4469
f 4015/2077/4468 4678/2088/4474 4677/2089/4475 4104/2081/4472
f 4015/2077/4468 4016/2080/4471 4679/2087/4476 4678/2088/4474
f 4016/2080/4471 4017/2086/4477 4680/2098/4478 4679/2087/4476
f 4016/2080/4471 4111/2079/4470 4117/2085/4479 4017/2086/4477
f 4017/2086/4477 4019/2097/4480 4681/2111/4481 4680/2098/4478
f 4017/2086/4477 4117/2085/4479 4018/2096/4482 4019/2097/4480
f 4018/2096/4482 4123/2108/4483 4130/2122/4484 4020/2109/4485
f 4018/2096/4482 4117/2085/4479 4116/2095/4486 4123/2108/4483
f 4018/2096/4482 4020/2109/4485 4021/2110/4487 4019/2097/4480
f 4019/2097/4480 4021/2110/4487 4682/2125/4488 4681/2111/4481
f 4020/2109/4485 4130/2122/4484 4136/2135/4489 4022/2123/4490
f 4020/2109/4485 4022/2123/4490 4023/2124/4491 4021/2110/4487
f 4021/2110/4487 4023/2124/4491 4683/2138/4492 4682/2125/4488
f 4022/2123/4490 4024/2136/4493 4025/2137/4494 4023/2124/4491
f 4022/2123/4490 4136/2135/4489 4141/2145/4495 4024/2136/4493
f 4023/2124/4491 4025/2137/4494 4684/2148/4496 4683/2138/4492
f 4024/2136/4493 4027/2146/4497 4028/2147/4498 4025/2137/4494
f 4024/2136/4493 4141/2145/4495 4026/2153/4499 4027/2146/4497
f 4025/2137/4494 4028/2147/4498 4685/2156/4500 4684/2148/4496
f 4026/2153/4499 4144/2158/4501 4146/2164/4502 4029/2159/4503
f 4026/2153/4499 4141/2145/4495 4140/2152/4504 4144/2158/4501
f 4026/2153/4499 4029/2159/4503 4030/2154/4505 4027/2146/4497
f 4027/2146/4497 4030/2154/4505 4031/2155/4506 4028/2147/4498
f 4028/2147/4498 4031/2155/4506 4686/2162/4507 4685/2156/4500
f 4029/2159/4503 4146/2164/4502 4147/2170/4508 4032/2165/4509
f 4029/2159/4503 4032/2165/4509 4033/2160/4510 4030/2154/4505
f 4030/2154/4505 4033/2160/4510 4034/2161/4511 4031/2155/4506
f 4031/2155/4506 4034/2161/4511 4687/2168/4512 4686/2162/4507
f 4032/2165/4509 4705/2171/4513 4706/2166/4514 4033/2160/4510
f 4032/2165/4509 4147/2170/4508 4754/2173/4515 4705/2171/4513
f 4033/2160/4510 4706/2166/4514 4707/2167/4516 4034/2161/4511
f 4034/2161/4511 4707/2167/4516 4749/2172/4517 4687/2168/4512
f 4035/5430/4518 4037/5416/4519 4038/5431/4520 4036/5443/4521
f 4035/5430/4518 4604/5418/4522 4607/5401/4523 4037/5416/4519
f 4035/5430/4518 4268/5433/4524 4753/5410/4336 4604/5418/4522
f 4035/5430/4518 4036/5443/4521 4267/5445/4525 4268/5433/4524
f 4036/5443/4521 4452/5455/4526 4266/5456/4527 4267/5445/4525
f 4036/5443/4521 4038/5431/4520 4039/5444/4528 4452/5455/4526
f 4037/5416/4519 4607/5401/4523 4611/5383/4529 4042/5400/4530
f 4037/5416/4519 4042/5400/4530 4043/5417/4531 4038/5431/4520
f 4038/5431/4520 4043/5417/4531 4044/5432/4532 4039/5444/4528
f 4039/2174/4528 4044/2175/4532 4045/2176/4533 4040/2177/4534
f 4039/2174/4528 4040/2177/4534 4451/2182/4535 4452/2183/4526
f 4040/2177/4534 4045/2176/4533 4046/2180/4536 4041/2181/4537
f 4040/2177/4534 4041/2181/4537 4450/2189/4538 4451/2182/4535
f 4041/2181/4537 4449/2188/4539 4448/2196/4540 4450/2189/4538
f 4041/2181/4537 4046/2180/4536 4047/2187/4541 4449/2188/4539
f 4042/5400/4530 4611/5383/4529 4615/5371/4542 4616/5386/4543
f 4042/5400/4530 4616/5386/4543 4050/5403/4544 4043/5417/4531
f 4043/5417/4531 4050/5403/4544 4051/5419/4545 4044/5432/4532
f 4044/2175/4532 4051/2178/4545 4052/2179/4546 4045/2176/4533
f 4045/2176/4533 4052/2179/4546 4053/2186/4547 4046/2180/4536
f 4046/2180/4536 4053/2186/4547 4054/2193/4548 4047/2187/4541
f 4047/2187/4541 4054/2193/4548 4055/2203/4549 4048/2194/4550
f 4047/2187/4541 4048/2194/4550 4447/2195/4551 4449/2188/4539
f 4048/2194/4550 4049/2204/4552 4445/2205/4553 4447/2195/4551
f 4048/2194/4550 4055/2203/4549 4056/2213/4554 4049/2204/4552
f 4049/5097/4552 4443/5076/4555 4442/5060/4556 4445/5082/4553
f 4049/5097/4552 4056/5115/4554 4057/5098/4557 4443/5076/4555
f 4050/5403/4544 4060/5387/4558 4061/5404/4559 4051/5419/4545
f 4050/5403/4544 4616/5386/4543 4620/5372/4560 4060/5387/4558
f 4051/2178/4545 4061/2184/4559 4062/2185/4561 4052/2179/4546
f 4052/2179/4546 4062/2185/4561 4063/2192/4562 4053/2186/4547
f 4053/2186/4547 4063/2192/4562 4064/2202/4563 4054/2193/4548
f 4054/2193/4548 4064/2202/4563 4065/2212/4564 4055/2203/4549
f 4055/2203/4549 4065/2212/4564 4066/2221/4565 4056/2213/4554
f 4056/5115/4554 4066/5132/4565 4067/5116/4566 4057/5098/4557
f 4057/5098/4557 4067/5116/4566 4068/5099/4448 4058/5077/4447
f 4057/5098/4557 4058/5077/4447 4440/5055/4567 4443/5076/4555
f 4058/5077/4447 4059/5056/4438 4437/5038/4568 4440/5055/4567
f 4059/5056/4438 4495/5039/4437 4410/5021/4569 4437/5038/4568
f 4060/5387/4558 4620/5372/4560 4623/5367/4570 4069/5381/4571
f 4060/5387/4558 4069/5381/4571 4070/5399/4572 4061/5404/4559
f 4061/5404/4559 4070/5399/4572 4071/5415/4573 4062/5420/4561
f 4062/2185/4561 4071/2200/4573 4072/2201/4574 4063/2192/4562
f 4063/2192/4562 4072/2201/4574 4073/2211/4575 4064/2202/4563
f 4064/2202/4563 4073/2211/4575 4074/2220/4576 4065/2212/4564
f 4065/2212/4564 4074/2220/4576 4075/2228/4577 4066/2221/4565
f 4066/5132/4565 4075/5148/4577 4076/5133/4578 4067/5116/4566
f 4067/5116/4566 4076/5133/4578 4292/5117/4449 4068/5099/4448
f 4069/5381/4571 4623/5367/4570 4625/5366/4579 4626/5382/4580
f 4069/5381/4571 4626/5382/4580 4077/5398/4581 4070/5399/4572
f 4070/5399/4572 4077/5398/4581 4078/5414/4582 4071/5415/4573
f 4071/2200/4573 4078/2209/4582 4079/2210/4583 4072/2201/4574
f 4072/2201/4574 4079/2210/4583 4080/2219/4584 4073/2211/4575
f 4073/2211/4575 4080/2219/4584 4081/2227/4585 4074/2220/4576
f 4074/2220/4576 4081/2227/4585 4082/2234/4586 4075/2228/4577
f 4075/5148/4577 4082/5160/4586 4294/5149/4456 4076/5133/4578
f 4076/5133/4578 4294/5149/4456 4293/5134/4450 4292/5117/4449
f 4077/5398/4581 4083/5409/4587 4084/5425/4588 4078/5414/4582
f 4077/5398/4581 4626/5382/4580 4629/5392/4589 4083/5409/4587
f 4078/2209/4582 4084/2217/4588 4085/2218/4590 4079/2210/4583
f 4079/2210/4583 4085/2218/4590 4086/2226/4591 4080/2219/4584
f 4080/2219/4584 4086/2226/4591 4087/2233/4592 4081/2227/4585
f 4081/2227/4585 4087/2233/4592 4088/2239/4593 4082/2234/4586
f 4082/5160/4586 4088/5150/4593 4295/5135/4457 4294/5149/4456
f 4083/5409/4587 4089/5424/4594 4090/5437/4595 4084/5425/4588
f 4083/5409/4587 4629/5392/4589 4631/5408/4596 4089/5424/4594
f 4084/2217/4588 4090/2224/4595 4091/2225/4597 4085/2218/4590
f 4085/2218/4590 4091/2225/4597 4092/2232/4598 4086/2226/4591
f 4086/2226/4591 4092/2232/4598 4093/2238/4599 4087/2233/4592
f 4087/2233/4592 4093/2238/4599 4298/2244/4600 4088/2239/4593
f 4088/5150/4593 4298/5136/4600 4296/5120/4458 4295/5135/4457
f 4089/5424/4594 4631/5408/4596 4632/5423/4601 4633/5436/4602
f 4089/5424/4594 4633/5436/4602 4094/5448/4603 4090/5437/4595
f 4090/2224/4595 4094/2230/4603 4095/2231/4604 4091/2225/4597
f 4091/2225/4597 4095/2231/4604 4096/2237/4605 4092/2232/4598
f 4092/2232/4598 4096/2237/4605 4302/2243/4606 4093/2238/4599
f 4093/2238/4599 4302/2243/4606 4299/2247/4466 4298/2244/4600
f 4094/2230/4603 4097/2235/4607 4098/2236/4608 4095/2231/4604
f 4094/5448/4603 4633/5436/4602 4634/5447/4609 4097/5458/4607
f 4095/2231/4604 4098/2236/4608 4305/2242/4610 4096/2237/4605
f 4096/2237/4605 4305/2242/4610 4303/2246/4611 4302/2243/4606
f 4097/2235/4607 4099/2240/4612 4307/2241/4613 4098/2236/4608
f 4097/5458/4607 4634/5447/4609 4232/5457/4614 4099/5465/4612
f 4098/2236/4608 4307/2241/4613 4306/2245/4615 4305/2242/4610
f 4099/5465/4612 4232/5457/4614 4687/5464/4512 4749/5471/4517
f 4099/7896/4612 4749/7897/4517 4707/7898/4516 4307/7899/4613
f 4100/5178/4386 4101/5172/4206 4453/5171/4205 4748/5179/4616
f 4100/5178/4386 4757/5189/4617 4152/5199/4618 4750/5187/4384
f 4100/5178/4386 4748/5179/4616 4481/5188/4619 4757/5189/4617
f 4102/2090/4620 4572/2091/4621 4103/2082/4473 4104/2081/4472
f 4102/2090/4620 4566/2103/4622 4567/2104/4623 4572/2091/4621
f 4102/2090/4620 4676/2102/4624 4636/2116/4625 4566/2103/4622
f 4102/2090/4620 4104/2081/4472 4677/2089/4475 4676/2102/4624
f 4103/2082/4473 4574/2092/4626 4106/2083/4627 4107/2078/4469
f 4103/2082/4473 4572/2091/4621 4573/2105/4628 4574/2092/4626
f 4105/4981/4629 4579/4959/4630 4108/4980/4631 4109/5007/4632
f 4105/4981/4629 4576/4982/4633 4578/4941/4634 4579/4959/4630
f 4105/2093/4629 4106/2083/4627 4574/2092/4626 4576/2106/4633
f 4105/2093/4629 4109/2094/4632 4110/2084/4635 4106/2083/4627
f 4106/2083/4627 4110/2084/4635 4111/2079/4470 4107/2078/4469
f 4108/4980/4631 4114/5006/4636 4115/5030/4637 4109/5007/4632
f 4108/4980/4631 4583/4958/4638 4113/4979/4639 4114/5006/4636
f 4108/4980/4631 4579/4959/4630 4582/4940/4640 4583/4958/4638
f 4109/2094/4632 4115/2107/4637 4116/2095/4486 4110/2084/4635
f 4110/2084/4635 4116/2095/4486 4117/2085/4479 4111/2079/4470
f 4112/4977/4641 4590/4978/4642 4118/5003/4643 4119/5004/4644
f 4112/4977/4641 4587/4957/4645 4589/4956/4646 4590/4978/4642
f 4112/4977/4641 4113/4979/4639 4583/4958/4638 4587/4957/4645
f 4112/4977/4641 4119/5004/4644 4120/5005/4647 4113/4979/4639
f 4113/4979/4639 4120/5005/4647 4121/5029/4648 4114/5006/4636
f 4114/5006/4636 4121/5029/4648 4122/5049/4649 4115/5030/4637
f 4115/2107/4637 4122/2121/4649 4123/2108/4483 4116/2095/4486
f 4118/5003/4643 4125/5026/4650 4126/5027/4651 4119/5004/4644
f 4118/5003/4643 4592/5025/4652 4124/5044/4436 4125/5026/4650
f 4118/5003/4643 4590/4978/4642 4591/5002/4653 4592/5025/4652
f 4119/5004/4644 4126/5027/4651 4127/5028/4654 4120/5005/4647
f 4120/5005/4647 4127/5028/4654 4128/5048/4655 4121/5029/4648
f 4121/5029/4648 4128/5048/4655 4129/5067/4656 4122/5049/4649
f 4122/2121/4649 4129/2134/4656 4130/2122/4484 4123/2108/4483
f 4124/5044/4436 4693/5062/4435 4131/5045/4446 4125/5026/4650
f 4124/5044/4436 4592/5025/4652 4692/5043/4429 4756/5061/4432
f 4125/5026/4650 4131/5045/4446 4132/5046/4657 4126/5027/4651
f 4126/5027/4651 4132/5046/4657 4133/5047/4658 4127/5028/4654
f 4127/5028/4654 4133/5047/4658 4134/5066/4659 4128/5048/4655
f 4128/5048/4655 4134/5066/4659 4135/5088/4660 4129/5067/4656
f 4129/2134/4656 4135/2144/4660 4136/2135/4489 4130/2122/4484
f 4131/5045/4446 4694/5063/4445 4137/5064/4455 4132/5046/4657
f 4132/5046/4657 4137/5064/4455 4138/5065/4661 4133/5047/4658
f 4133/5047/4658 4138/5065/4661 4139/5087/4662 4134/5066/4659
f 4134/5066/4659 4139/5087/4662 4140/5107/4504 4135/5088/4660
f 4135/2144/4660 4140/2152/4504 4141/2145/4495 4136/2135/4489
f 4137/5064/4455 4695/5085/4454 4142/5086/4462 4138/5065/4661
f 4138/5065/4661 4142/5086/4462 4143/5106/4663 4139/5087/4662
f 4139/5087/4662 4143/5106/4663 4144/5124/4501 4140/5107/4504
f 4142/5086/4462 4696/5105/4461 4145/5123/4467 4143/5106/4663
f 4143/5106/4663 4145/5123/4467 4146/5140/4502 4144/5124/4501
f 4145/5123/4467 4697/5139/4465 4147/5152/4508 4146/5140/4502
f 4147/5152/4508 4697/5139/4465 4301/5151/4464 4754/5161/4515
f 4148/5272/4664 4431/5252/4665 4149/5233/4666 4184/5253/4667
f 4148/5272/4664 4433/5293/4668 4432/5273/4669 4431/5252/4665
f 4148/5272/4664 4183/5294/4670 4635/5314/4671 4433/5293/4668
f 4148/5272/4664 4184/5253/4667 4185/5274/4672 4183/5294/4670
f 4149/5233/4666 4427/5215/4673 4150/5213/4674 4151/5232/4675
f 4149/5233/4666 4431/5252/4665 4428/5234/4676 4427/5215/4673
f 4149/5233/4666 4151/5232/4675 4187/5251/4677 4184/5253/4667
f 4150/5213/4674 4153/5214/4678 4191/5231/4679 4151/5232/4675
f 4150/5213/4674 4750/5187/4384 4152/5199/4618 4153/5214/4678
f 4150/5213/4674 4427/5215/4673 4725/5200/4385 4750/5187/4384
f 4151/5232/4675 4191/5231/4679 4192/5250/4680 4187/5251/4677
f 4152/5199/4618 4757/5189/4617 4481/5188/4619 4154/5202/4681
f 4152/5199/4618 4154/5202/4681 4197/5219/4682 4153/5214/4678
f 4153/5214/4678 4197/5219/4682 4198/5239/4683 4191/5231/4679
f 4154/5202/4681 4481/5188/4619 4480/5201/4684 4155/5217/4685
f 4154/5202/4681 4155/5217/4685 4204/5237/4686 4197/5219/4682
f 4155/5217/4685 4480/5201/4684 4663/5218/4687 4212/5236/4688
f 4155/5217/4685 4212/5236/4688 4213/5257/4689 4204/5237/4686
f 4156/7785/4284 4158/7793/4690 4475/7794/4691 4472/7786/4282
f 4156/7785/4284 4743/7792/4692 4157/7797/4693 4158/7793/4690
f 4156/7785/4284 4340/7780/4277 4339/7784/4276 4743/7792/4692
f 4157/7797/4693 4501/7791/4694 4500/7804/4695 4159/7805/4696
f 4157/7797/4693 4743/7792/4692 4339/7784/4276 4501/7791/4694
f 4157/7797/4693 4159/7805/4696 4477/7798/4697 4158/7793/4690
f 4158/7793/4690 4477/7798/4697 4478/7799/4698 4475/7794/4691
f 4159/7805/4696 4500/7804/4695 4499/7811/4699 4160/7812/4700
f 4159/7805/4696 4160/7812/4700 4479/7807/4701 4477/7798/4697
f 4160/5008/4700 4499/4983/4699 4346/4960/4702 4161/4984/4703
f 4160/7812/4700 4161/7819/4703 4470/7814/4704 4479/7807/4701
f 4161/4984/4703 4346/4960/4702 4347/4942/4705 4520/4985/4706
f 4161/7819/4703 4520/7826/4706 4471/7822/4707 4470/7814/4704
f 4162/4953/4708 4413/4950/4709 4165/4969/4710 4166/4973/4711
f 4162/4953/4708 4412/4935/4712 4515/4934/4156 4413/4950/4709
f 4162/4953/4708 4163/4972/4302 4411/4952/4301 4412/4935/4712
f 4162/4953/4708 4166/4973/4711 4167/4996/4307 4163/4972/4302
f 4164/7619/4168 4698/7620/4713 4169/7632/4714 4165/7633/4710
f 4164/7619/4168 4745/7607/4167 4732/7606/4169 4698/7620/4713
f 4164/4968/4168 4165/4969/4710 4413/4950/4709 4516/4951/4166
f 4165/4969/4710 4169/4997/4714 4170/4998/4715 4166/4973/4711
f 4166/4973/4711 4170/4998/4715 4171/5020/4716 4167/4996/4307
f 4167/7694/4307 4171/7670/4716 4172/7681/4310 4168/7695/4305
f 4169/7632/4714 4699/7644/4717 4173/7655/4718 4170/7656/4715
f 4169/7632/4714 4698/7620/4713 4538/7631/4719 4699/7644/4717
f 4170/7656/4715 4173/7655/4718 4174/7669/4720 4171/7670/4716
f 4171/7670/4716 4174/7669/4720 4175/7680/4311 4172/7681/4310
f 4173/7655/4718 4700/7668/4721 4176/7679/4722 4174/7669/4720
f 4173/7655/4718 4699/7644/4717 4540/7654/4723 4700/7668/4721
f 4174/7669/4720 4176/7679/4722 4177/7691/4316 4175/7680/4311
f 4176/7679/4722 4701/7690/4724 4179/7702/4725 4177/7691/4316
f 4176/7679/4722 4700/7668/4721 4543/7678/4726 4701/7690/4724
f 4177/7691/4316 4179/7702/4725 4180/7712/4326 4178/7703/4314
f 4179/7702/4725 4702/7711/4727 4181/7717/4323 4180/7712/4326
f 4179/7702/4725 4701/7690/4724 4547/7701/4728 4702/7711/4727
f 4181/7717/4323 4702/7711/4727 4552/7723/4729 4703/7724/4324
f 4182/5379/4320 4703/5365/4324 4558/5364/4730 4704/5380/4338
f 4183/5294/4670 4185/5274/4672 4186/5296/4731 4612/5316/4732
f 4183/5294/4670 4612/5316/4732 4608/5333/4733 4635/5314/4671
f 4184/5253/4667 4187/5251/4677 4188/5271/4734 4185/5274/4672
f 4185/5274/4672 4188/5271/4734 4189/5292/4735 4186/5296/4731
f 4186/5296/4731 4189/5292/4735 4190/5313/4736 4617/5318/4737
f 4186/5296/4731 4617/5318/4737 4613/5336/4738 4612/5316/4732
f 4187/5251/4677 4192/5250/4680 4193/5270/4739 4188/5271/4734
f 4188/5271/4734 4193/5270/4739 4194/5291/4740 4189/5292/4735
f 4189/5292/4735 4194/5291/4740 4195/5312/4741 4190/5313/4736
f 4190/5313/4736 4621/5332/4742 4618/5337/4743 4617/5318/4737
f 4190/5313/4736 4195/5312/4741 4196/5331/4744 4621/5332/4742
f 4191/5231/4679 4198/5239/4683 4199/5259/4745 4192/5250/4680
f 4192/5250/4680 4199/5259/4745 4200/5280/4746 4193/5270/4739
f 4193/5270/4739 4200/5280/4746 4201/5301/4747 4194/5291/4740
f 4194/5291/4740 4201/5301/4747 4202/5322/4748 4195/5312/4741
f 4195/5312/4741 4202/5322/4748 4203/5343/4749 4196/5331/4744
f 4196/5331/4744 4624/5350/4750 4622/5351/4751 4621/5332/4742
f 4196/5331/4744 4203/5343/4749 4627/5361/4752 4624/5350/4750
f 4197/5219/4682 4204/5237/4686 4205/5258/4753 4198/5239/4683
f 4198/5239/4683 4205/5258/4753 4206/5279/4754 4199/5259/4745
f 4199/5259/4745 4206/5279/4754 4207/5300/4755 4200/5280/4746
f 4200/5280/4746 4207/5300/4755 4208/5321/4756 4201/5301/4747
f 4201/5301/4747 4208/5321/4756 4209/5342/4757 4202/5322/4748
f 4202/5322/4748 4209/5342/4757 4210/5360/4758 4203/5343/4749
f 4203/5343/4749 4210/5360/4758 4211/5376/4759 4627/5361/4752
f 4204/5237/4686 4213/5257/4689 4214/5278/4760 4205/5258/4753
f 4205/5258/4753 4214/5278/4760 4215/5299/4761 4206/5279/4754
f 4206/5279/4754 4215/5299/4761 4216/5320/4762 4207/5300/4755
f 4207/5300/4755 4216/5320/4762 4217/5341/4763 4208/5321/4756
f 4208/5321/4756 4217/5341/4763 4218/5359/4764 4209/5342/4757
f 4209/5342/4757 4218/5359/4764 4219/5375/4765 4210/5360/4758
f 4210/5360/4758 4219/5375/4765 4220/5390/4766 4211/5376/4759
f 4211/5376/4759 4220/5390/4766 4221/5407/4767 4630/5391/4768
f 4211/5376/4759 4630/5391/4768 4628/5377/4769 4627/5361/4752
f 4212/5236/4688 4663/5218/4687 4662/5238/4770 4664/5256/4771
f 4212/5236/4688 4664/5256/4771 4665/5277/4772 4213/5257/4689
f 4213/5257/4689 4665/5277/4772 4666/5298/4773 4214/5278/4760
f 4214/5278/4760 4666/5298/4773 4667/5319/4774 4215/5299/4761
f 4215/5299/4761 4667/5319/4774 4222/5340/4775 4216/5320/4762
f 4216/5320/4762 4222/5340/4775 4223/5358/4776 4217/5341/4763
f 4217/5341/4763 4223/5358/4776 4224/5374/4777 4218/5359/4764
f 4218/5359/4764 4224/5374/4777 4225/5389/4778 4219/5375/4765
f 4219/5375/4765 4225/5389/4778 4226/5406/4779 4220/5390/4766
f 4220/5390/4766 4226/5406/4779 4227/5422/4780 4221/5407/4767
f 4221/5407/4767 4227/5422/4780 4228/5435/4781 4632/5423/4601
f 4221/5407/4767 4632/5423/4601 4631/5408/4596 4630/5391/4768
f 4222/5340/4775 4672/5357/4782 4673/5373/4783 4223/5358/4776
f 4222/5340/4775 4667/5319/4774 4671/5339/4784 4672/5357/4782
f 4223/5358/4776 4673/5373/4783 4674/5388/4785 4224/5374/4777
f 4224/5374/4777 4674/5388/4785 4675/5405/4786 4225/5389/4778
f 4225/5389/4778 4675/5405/4786 4229/5421/4787 4226/5406/4779
f 4226/5406/4779 4229/5421/4787 4230/5434/4788 4227/5422/4780
f 4227/5422/4780 4230/5434/4788 4231/5446/4789 4228/5435/4781
f 4228/5435/4781 4634/5447/4609 4633/5436/4602 4632/5423/4601
f 4228/5435/4781 4231/5446/4789 4232/5457/4614 4634/5447/4609
f 4229/2157/4787 4675/2149/4786 4683/2138/4492 4684/2148/4496
f 4229/2157/4787 4684/2148/4496 4685/2156/4500 4230/2163/4788
f 4230/2163/4788 4685/2156/4500 4686/2162/4507 4231/2169/4789
f 4231/5446/4789 4686/5463/4507 4687/5464/4512 4232/5457/4614
f 4233/7854/4417 4234/7849/4405 4240/7853/4407 4239/7858/4790
f 4233/7854/4417 4242/7859/4791 4709/7860/4416 4759/7855/4415
f 4233/7854/4417 4239/7858/4790 4258/7865/4792 4242/7859/4791
f 4235/5449/4793 4245/5438/4794 4244/5450/4795 4246/5460/4796
f 4235/5449/4793 4421/5439/4346 4420/5426/4337 4245/5438/4794
f 4247/7870/4797 4248/7871/4798 4256/7864/4799 4236/7863/4800
f 4247/5468/4797 4236/5472/4800 4237/5466/4396 4246/5460/4796
f 4246/5460/4796 4237/5466/4396 4238/5459/4395 4235/5449/4793
f 4235/5449/4793 4238/5459/4395 4422/5451/4398 4421/5439/4346
f 4236/5472/4800 4240/5477/4407 4241/5473/4392 4237/5466/4396
f 4236/7863/4800 4256/7864/4799 4239/7858/4790 4240/7853/4407
f 4239/7858/4790 4256/7864/4799 4255/7872/4801 4258/7865/4792
f 4242/7859/4791 4258/7865/4792 4257/7873/4802 4345/7866/4803
f 4242/7859/4791 4345/7866/4803 4708/7867/4804 4709/7860/4416
f 4243/7880/4805 4275/7881/4806 4248/7871/4798 4247/7870/4797
f 4243/2198/4805 4266/2191/4527 4265/2190/4807 4275/2199/4806
f 4243/5461/4805 4244/5450/4795 4267/5445/4525 4266/5456/4527
f 4243/5461/4805 4247/5468/4797 4246/5460/4796 4244/5450/4795
f 4244/5450/4795 4245/5438/4794 4268/5433/4524 4267/5445/4525
f 4245/5438/4794 4420/5426/4337 4753/5410/4336 4268/5433/4524
f 4251/7888/4808 4273/7890/4809 4272/7893/4810 4250/7891/4811
f 4251/7888/4808 4252/7882/4812 4274/7887/4813 4273/7890/4809
f 4252/7882/4812 4248/7871/4798 4275/7881/4806 4274/7887/4813
f 4249/7894/4814 4342/7892/4815 4253/7889/4816 4250/7891/4811
f 4249/5128/4814 4277/5110/4817 4288/5127/4818 4342/5143/4815
f 4250/7891/4811 4253/7889/4816 4254/7883/4819 4251/7888/4808
f 4251/7888/4808 4254/7883/4819 4255/7872/4801 4252/7882/4812
f 4252/7882/4812 4255/7872/4801 4256/7864/4799 4248/7871/4798
f 4253/7889/4816 4344/7884/4820 4257/7873/4802 4254/7883/4819
f 4253/7889/4816 4342/7892/4815 4341/7885/4821 4344/7884/4820
f 4254/7883/4819 4257/7873/4802 4258/7865/4792 4255/7872/4801
f 4257/7873/4802 4344/7884/4820 4343/7874/4822 4345/7866/4803
f 4259/5052/4823 4269/5073/4824 4270/5092/4825 4260/5072/4826
f 4259/5052/4823 4314/5035/4827 4315/5054/4828 4269/5073/4824
f 4259/5052/4823 4438/5041/4829 4746/5017/4830 4314/5035/4827
f 4259/5052/4823 4260/5072/4826 4441/5059/4831 4438/5041/4829
f 4260/5072/4826 4270/5092/4825 4271/5111/4832 4261/5093/4833
f 4260/5072/4826 4261/5093/4833 4444/5081/4834 4441/5059/4831
f 4261/2222/4833 4271/2229/4832 4272/2223/4810 4262/2215/4835
f 4261/2222/4833 4262/2215/4835 4446/2206/4836 4444/2214/4834
f 4262/2215/4835 4272/2223/4810 4273/2216/4809 4263/2207/4837
f 4262/2215/4835 4263/2207/4837 4448/2196/4540 4446/2206/4836
f 4263/2207/4837 4273/2216/4809 4274/2208/4813 4264/2197/4838
f 4263/2207/4837 4264/2197/4838 4450/2189/4538 4448/2196/4540
f 4264/2197/4838 4265/2190/4807 4451/2182/4535 4450/2189/4538
f 4264/2197/4838 4274/2208/4813 4275/2199/4806 4265/2190/4807
f 4265/2190/4807 4266/2191/4527 4452/2183/4526 4451/2182/4535
f 4269/5073/4824 4276/5094/4839 4277/5110/4817 4270/5092/4825
f 4269/5073/4824 4315/5054/4828 4316/5075/4840 4276/5094/4839
f 4270/5092/4825 4277/5110/4817 4249/5128/4814 4271/5111/4832
f 4271/7895/4832 4249/7894/4814 4250/7891/4811 4272/7893/4810
f 4278/7876/4841 4343/7874/4822 4344/7884/4820 4341/7885/4821
f 4278/7876/4841 4719/7868/4842 4747/7875/4843 4343/7874/4822
f 4278/7876/4841 4279/7877/4844 4720/7869/4845 4719/7868/4842
f 4278/7876/4841 4341/7885/4821 4284/7886/4846 4279/7877/4844
f 4279/5156/4844 4284/5144/4846 4285/5129/4847 4280/5145/4848
f 4279/5156/4844 4280/5145/4848 4721/5157/4849 4720/5163/4845
f 4280/5145/4848 4285/5129/4847 4286/5113/4850 4281/5130/4851
f 4280/5145/4848 4281/5130/4851 4722/5147/4852 4721/5157/4849
f 4281/5130/4851 4286/5113/4850 4287/5114/4853 4282/5131/4854
f 4281/5130/4851 4282/5131/4854 4723/5146/4855 4722/5147/4852
f 4282/5131/4854 4287/5114/4853 4483/5126/4856 4283/5142/4857
f 4282/5131/4854 4283/5142/4857 4724/5154/4858 4723/5146/4855
f 4283/5142/4857 4483/5126/4856 4485/5141/4859 4486/5153/4860
f 4283/7769/4857 4486/7755/4860 4744/7761/4861 4724/7768/4858
f 4284/5144/4846 4288/5127/4818 4289/5112/4862 4285/5129/4847
f 4284/5144/4846 4341/5155/4821 4342/5143/4815 4288/5127/4818
f 4285/5129/4847 4289/5112/4862 4290/5095/4863 4286/5113/4850
f 4286/5113/4850 4290/5095/4863 4291/5096/4864 4287/5114/4853
f 4287/5114/4853 4291/5096/4864 4482/5109/4865 4483/5126/4856
f 4288/5127/4818 4277/5110/4817 4276/5094/4839 4289/5112/4862
f 4289/5112/4862 4276/5094/4839 4316/5075/4840 4290/5095/4863
f 4290/5095/4863 4316/5075/4840 4318/5074/4866 4291/5096/4864
f 4291/5096/4864 4318/5074/4866 4319/5091/4867 4482/5109/4865
f 4296/5120/4458 4298/5136/4600 4299/5137/4466 4297/5121/4459
f 4299/2247/4466 4302/2243/4606 4303/2246/4611 4300/2249/4463
f 4300/2249/4463 4303/2246/4611 4304/2248/4868 4301/2250/4464
f 4301/7904/4464 4304/7902/4868 4705/7903/4513 4754/7905/4515
f 4303/2246/4611 4305/2242/4610 4306/2245/4615 4304/2248/4868
f 4304/7902/4868 4306/7900/4615 4706/7901/4514 4705/7903/4513
f 4306/7900/4615 4307/7899/4613 4707/7898/4516 4706/7901/4514
f 4308/7856/4413 4312/7861/4869 4313/7862/4870 4309/7857/4414
f 4308/7856/4413 4709/7860/4416 4708/7867/4804 4312/7861/4869
f 4309/2070/4414 4313/2075/4870 4416/2071/4871 4310/2066/4418
f 4310/2066/4418 4416/2071/4871 4417/2072/4872 4311/2067/4419
f 4311/2067/4419 4417/2072/4872 4418/2076/4873 4414/2073/4420
f 4312/7861/4869 4719/7868/4842 4720/7869/4845 4313/7862/4870
f 4312/7861/4869 4708/7867/4804 4747/7875/4843 4719/7868/4842
f 4313/7862/4870 4720/7869/4845 4721/7878/4849 4416/7879/4871
f 4314/5035/4827 4325/5036/4874 4317/5053/4875 4315/5054/4828
f 4314/5035/4827 4746/5017/4830 4324/5016/4876 4325/5036/4874
f 4315/5054/4828 4317/5053/4875 4318/5074/4866 4316/5075/4840
f 4317/5053/4875 4329/5071/4877 4319/5091/4867 4318/5074/4866
f 4317/5053/4875 4325/5036/4874 4328/5051/4332 4329/5071/4877
f 4319/5091/4867 4329/5071/4877 4331/5090/4345 4332/5108/4354
f 4332/7737/4354 4333/7729/4353 4320/7736/4878 4484/7743/4879
f 4332/5108/4354 4484/5125/4879 4482/5109/4865 4319/5091/4867
f 4333/7729/4353 4334/7728/4352 4321/7735/4359 4320/7736/4878
f 4320/7736/4878 4487/7742/4880 4485/7749/4859 4484/7743/4879
f 4320/7736/4878 4321/7735/4359 4489/7741/4881 4487/7742/4880
f 4321/7735/4359 4335/7740/4358 4322/7746/4361 4489/7741/4881
f 4322/7746/4361 4491/7752/4365 4490/7747/4424 4489/7741/4881
f 4323/4993/4304 4326/5018/4303 4327/5034/4318 4324/5016/4876
f 4323/4993/4304 4712/4994/4882 4713/4971/4883 4407/4970/4300
f 4323/4993/4304 4324/5016/4876 4746/5017/4830 4712/4994/4882
f 4324/5016/4876 4327/5034/4318 4328/5051/4332 4325/5036/4874
f 4328/5051/4332 4330/5070/4331 4331/5090/4345 4329/5071/4877
f 4336/4991/4275 4358/4966/4298 4496/4987/4884 4337/5011/4273
f 4337/5011/4273 4496/4987/4884 4498/5010/4885 4338/5032/4274
f 4338/7779/4274 4498/7790/4885 4501/7791/4694 4339/7784/4276
f 4343/7874/4822 4747/7875/4843 4708/7867/4804 4345/7866/4803
f 4346/4960/4702 4499/4983/4699 4348/4961/4886 4349/4943/4887
f 4346/4960/4702 4349/4943/4887 4350/4926/4888 4347/4942/4705
f 4347/7838/4705 4523/7839/4889 4521/7832/4890 4520/7826/4706
f 4347/4942/4705 4350/4926/4888 4351/4910/4891 4523/4925/4889
f 4348/4961/4886 4353/4944/4290 4354/4927/4289 4349/4943/4887
f 4348/4961/4886 4497/4986/4892 4352/4962/4292 4353/4944/4290
f 4348/4961/4886 4499/4983/4699 4500/5009/4695 4497/4986/4892
f 4349/4943/4887 4354/4927/4289 4355/4911/4293 4350/4926/4888
f 4350/4926/4888 4355/4911/4293 4356/4895/4210 4351/4910/4891
f 4351/4910/4891 4356/4895/4210 4357/4885/4141 4525/4894/4893
f 4351/4910/4891 4525/4894/4893 4524/4908/4894 4523/4925/4889
f 4352/4962/4292 4496/4987/4884 4358/4966/4298 4359/4947/4291
f 4352/4962/4292 4497/4986/4892 4498/5010/4885 4496/4987/4884
f 4357/4885/4141 4751/4884/4140 4571/4893/4895 4525/4894/4893
f 4360/5186/4896 4454/5177/4266 4729/5185/4897 4361/5196/4898
f 4360/5186/4896 4748/5179/4616 4453/5171/4205 4454/5177/4266
f 4360/5186/4896 4637/5197/4899 4638/5198/4900 4748/5179/4616
f 4360/5186/4896 4361/5196/4898 4362/5210/4901 4637/5197/4899
f 4361/5196/4898 4364/5209/4902 4365/5227/4903 4362/5210/4901
f 4361/5196/4898 4729/5185/4897 4363/5195/4904 4364/5209/4902
f 4362/5210/4901 4640/5228/4905 4641/5211/4906 4637/5197/4899
f 4362/5210/4901 4365/5227/4903 4639/5246/4907 4640/5228/4905
f 4363/5195/4904 4456/5184/4908 4730/5194/4909 4366/5208/4910
f 4363/5195/4904 4729/5185/4897 4455/5176/4265 4456/5184/4908
f 4363/5195/4904 4366/5208/4910 4367/5226/4911 4364/5209/4902
f 4364/5209/4902 4367/5226/4911 4368/5245/4912 4365/5227/4903
f 4365/5227/4903 4368/5245/4912 4369/5267/4913 4639/5246/4907
f 4366/5208/4910 4371/5223/4914 4372/5244/4915 4367/5226/4911
f 4366/5208/4910 4730/5194/4909 4370/5206/4916 4371/5223/4914
f 4367/5226/4911 4372/5244/4915 4373/5266/4917 4368/5245/4912
f 4368/5245/4912 4373/5266/4917 4374/5288/4918 4369/5267/4913
f 4369/5267/4913 4644/5289/4919 4645/5268/4920 4639/5246/4907
f 4369/5267/4913 4374/5288/4918 4643/5310/4921 4644/5289/4919
f 4370/5206/4916 4457/5207/4922 4731/5224/4923 4375/5225/4924
f 4370/5206/4916 4730/5194/4909 4530/5193/4260 4457/5207/4922
f 4370/5206/4916 4375/5225/4924 4376/5243/4925 4371/5223/4914
f 4371/5223/4914 4376/5243/4925 4377/5265/4926 4372/5244/4915
f 4372/5244/4915 4377/5265/4926 4378/5287/4927 4373/5266/4917
f 4373/5266/4917 4378/5287/4927 4379/5309/4928 4374/5288/4918
f 4374/5288/4918 4379/5309/4928 4380/5329/4929 4643/5310/4921
f 4375/5225/4924 4382/5263/4930 4383/5264/4931 4376/5243/4925
f 4375/7709/4924 4731/7688/4923 4381/7700/4932 4382/7710/4930
f 4376/5243/4925 4383/5264/4931 4384/5286/4933 4377/5265/4926
f 4377/5265/4926 4384/5286/4933 4385/5308/4934 4378/5287/4927
f 4378/5287/4927 4385/5308/4934 4386/5328/4935 4379/5309/4928
f 4379/5309/4928 4386/5328/4935 4387/5349/4936 4380/5329/4929
f 4380/7818/4929 4387/7803/4936 4740/7810/4937 4649/7817/4938
f 4380/7818/4929 4649/7817/4938 4650/7824/4939 4643/7825/4921
f 4381/7700/4932 4537/7687/4940 4755/7699/4941 4389/7698/4942
f 4381/7700/4932 4731/7688/4923 4534/7675/4943 4537/7687/4940
f 4381/7700/4932 4389/7698/4942 4392/7708/4944 4382/7710/4930
f 4382/7710/4930 4392/7708/4944 4396/7716/4945 4383/7722/4931
f 4383/5264/4931 4396/5306/4945 4400/5307/4946 4384/5286/4933
f 4384/5286/4933 4400/5307/4946 4403/5327/4947 4385/5308/4934
f 4385/5308/4934 4403/5327/4947 4405/5348/4287 4386/5328/4935
f 4386/7802/4935 4405/7788/4287 4406/7796/4286 4387/7803/4936
f 4387/7803/4936 4406/7796/4286 4474/7801/4285 4740/7810/4937
f 4388/7685/4948 4503/7672/4949 4390/7684/4950 4391/7697/4951
f 4388/7685/4948 4718/7686/4952 4717/7673/4241 4503/7672/4949
f 4388/7685/4948 4389/7698/4942 4755/7699/4941 4718/7686/4952
f 4388/7685/4948 4391/7697/4951 4392/7708/4944 4389/7698/4942
f 4390/7684/4950 4504/7671/4296 4393/7683/4295 4394/7696/4953
f 4390/7684/4950 4503/7672/4949 4502/7659/4242 4504/7671/4296
f 4390/7684/4950 4394/7696/4953 4395/7707/4954 4391/7697/4951
f 4391/7697/4951 4395/7707/4954 4396/7716/4945 4392/7708/4944
f 4393/2255/4295 4397/2256/4270 4398/2252/4269 4394/2251/4953
f 4394/2251/4953 4398/2252/4269 4399/2253/4955 4395/2254/4954
f 4395/2254/4954 4399/2253/4955 4400/2259/4946 4396/2260/4945
f 4398/2252/4269 4401/2257/4268 4402/2258/4281 4399/2253/4955
f 4399/2253/4955 4402/2258/4281 4403/2262/4947 4400/2259/4946
f 4402/7783/4281 4404/7782/4280 4405/7788/4287 4403/7789/4947
f 4407/4970/4300 4713/4971/4883 4752/4936/4956 4411/4952/4301
f 4408/4974/4957 4492/4999/4958 4689/4975/4959 4688/4954/4960
f 4408/4974/4957 4409/5000/4961 4410/5021/4569 4492/4999/4958
f 4408/4974/4957 4713/4971/4883 4712/4994/4882 4409/5000/4961
f 4408/4974/4957 4688/4954/4960 4752/4936/4956 4713/4971/4883
f 4409/5000/4961 4436/5023/4962 4437/5038/4568 4410/5021/4569
f 4409/5000/4961 4712/4994/4882 4746/5017/4830 4436/5023/4962
f 4410/5021/4569 4495/5039/4437 4493/5022/4440 4492/4999/4958
f 4411/4952/4301 4752/4936/4956 4514/4919/4963 4412/4935/4712
f 4412/4935/4712 4514/4919/4963 4513/4918/4154 4515/4934/4156
f 4413/4950/4709 4515/4934/4156 4711/4933/4155 4516/4951/4166
f 4414/7766/4420 4418/7767/4873 4419/7760/4964 4415/7759/4421
f 4415/7759/4421 4419/7760/4964 4435/7754/4965 4434/7753/4422
f 4416/5164/4871 4721/5157/4849 4722/5147/4852 4417/5158/4872
f 4417/5158/4872 4722/5147/4852 4723/5146/4855 4418/5159/4873
f 4418/5159/4873 4723/5146/4855 4724/5154/4858 4419/5162/4964
f 4419/7760/4964 4724/7768/4858 4744/7761/4861 4435/7754/4965
f 4421/5439/4346 4422/5451/4398 4423/5441/4401 4714/5428/4347
f 4714/5428/4347 4423/5441/4401 4424/5442/4355 4715/5429/4348
f 4424/7762/4355 4425/7763/4412 4426/7756/4362 4716/7750/4356
f 4427/5215/4673 4428/5234/4676 4726/5216/4387 4725/5200/4385
f 4428/5234/4676 4431/5252/4665 4432/5273/4669 4429/5254/4966
f 4428/5234/4676 4429/5254/4966 4727/5235/4388 4726/5216/4387
f 4429/5254/4966 4432/5273/4669 4599/5295/4967 4430/5275/4968
f 4429/5254/4966 4430/5275/4968 4728/5255/4389 4727/5235/4388
f 4430/5275/4968 4599/5295/4967 4594/5317/4969 4593/5297/4970
f 4430/5275/4968 4593/5297/4970 4741/5276/4390 4728/5255/4389
f 4432/5273/4669 4433/5293/4668 4600/5315/4971 4599/5295/4967
f 4433/5293/4668 4635/5314/4671 4601/5334/4972 4600/5315/4971
f 4434/7753/4422 4435/7754/4965 4488/7748/4973 4490/7747/4424
f 4435/7754/4965 4744/7761/4861 4486/7755/4860 4488/7748/4973
f 4436/5023/4962 4439/5042/4974 4440/5055/4567 4437/5038/4568
f 4436/5023/4962 4746/5017/4830 4438/5041/4829 4439/5042/4974
f 4438/5041/4829 4441/5059/4831 4442/5060/4556 4439/5042/4974
f 4439/5042/4974 4442/5060/4556 4443/5076/4555 4440/5055/4567
f 4441/5059/4831 4444/5081/4834 4445/5082/4553 4442/5060/4556
f 4444/2214/4834 4446/2206/4836 4447/2195/4551 4445/2205/4553
f 4446/2206/4836 4448/2196/4540 4449/2188/4539 4447/2195/4551
f 4454/5177/4266 4526/5170/4264 4455/5176/4265 4729/5185/4897
f 4455/5176/4265 4527/5175/4262 4528/5183/4261 4456/5184/4908
f 4456/5184/4908 4528/5183/4261 4530/5193/4260 4730/5194/4909
f 4457/7676/4922 4532/7663/4257 4534/7675/4943 4731/7688/4923
f 4457/7676/4922 4530/7664/4260 4529/7649/4255 4532/7663/4257
f 4458/7809/4975 4474/7801/4285 4473/7795/4283 4476/7800/4976
f 4458/7809/4975 4649/7817/4938 4740/7810/4937 4474/7801/4285
f 4458/7809/4975 4459/7816/4977 4650/7824/4939 4649/7817/4938
f 4458/7809/4975 4476/7800/4976 4461/7808/4978 4459/7816/4977
f 4459/7816/4977 4460/7821/4979 4651/7829/4980 4650/7824/4939
f 4459/7816/4977 4461/7808/4978 4462/7813/4981 4460/7821/4979
f 4460/7821/4979 4656/7828/4982 4652/7835/4983 4651/7829/4980
f 4460/7821/4979 4462/7813/4981 4463/7820/4984 4656/7828/4982
f 4461/7808/4978 4476/7800/4976 4475/7794/4691 4478/7799/4698
f 4461/7808/4978 4478/7799/4698 4466/7806/4985 4462/7813/4981
f 4462/7813/4981 4466/7806/4985 4467/7815/4986 4463/7820/4984
f 4463/7820/4984 4467/7815/4986 4468/7823/4987 4464/7827/4988
f 4463/7820/4984 4464/7827/4988 4657/7834/4989 4656/7828/4982
f 4464/7827/4988 4468/7823/4987 4469/7831/4990 4465/7833/4991
f 4464/7827/4988 4465/7833/4991 4658/7842/4992 4657/7834/4989
f 4465/7833/4991 4660/7841/4993 4659/7845/4994 4658/7842/4992
f 4465/7833/4991 4469/7831/4990 4517/7837/4995 4660/7841/4993
f 4466/7806/4985 4478/7799/4698 4477/7798/4697 4479/7807/4701
f 4466/7806/4985 4479/7807/4701 4470/7814/4704 4467/7815/4986
f 4467/7815/4986 4470/7814/4704 4471/7822/4707 4468/7823/4987
f 4468/7823/4987 4471/7822/4707 4518/7830/4996 4469/7831/4990
f 4469/7831/4990 4518/7830/4996 4519/7836/4997 4517/7837/4995
f 4471/7822/4707 4520/7826/4706 4521/7832/4890 4518/7830/4996
f 4472/7786/4282 4475/7794/4691 4476/7800/4976 4473/7795/4283
f 4480/5201/4684 4638/5198/4900 4642/5212/4998 4663/5218/4687
f 4480/5201/4684 4481/5188/4619 4748/5179/4616 4638/5198/4900
f 4482/5109/4865 4484/5125/4879 4485/5141/4859 4483/5126/4856
f 4485/7749/4859 4487/7742/4880 4488/7748/4973 4486/7755/4860
f 4487/7742/4880 4489/7741/4881 4490/7747/4424 4488/7748/4973
f 4492/4999/4958 4493/5022/4440 4690/5001/4999 4689/4975/4959
f 4493/5022/4440 4494/5040/4426 4691/5024/4430 4690/5001/4999
f 4497/4986/4892 4500/5009/4695 4501/5031/4694 4498/5010/4885
f 4502/7659/4242 4503/7672/4949 4717/7673/4241 4742/7660/4240
f 4505/4905/5000 4507/4920/5001 4508/4937/5002 4506/4921/5003
f 4505/4905/5000 4511/4892/4143 4512/4904/4146 4507/4920/5001
f 4505/4905/5000 4584/4906/5004 4751/4884/4140 4511/4892/4143
f 4505/4905/5000 4506/4921/5003 4585/4922/5005 4584/4906/5004
f 4506/4921/5003 4588/4938/5006 4586/4939/5007 4585/4922/5005
f 4506/4921/5003 4508/4937/5002 4509/4955/5008 4588/4938/5006
f 4507/4920/5001 4512/4904/4146 4514/4919/4963 4752/4936/4956
f 4507/4920/5001 4752/4936/4956 4688/4954/4960 4508/4937/5002
f 4508/4937/5002 4688/4954/4960 4689/4975/4959 4509/4955/5008
f 4509/4955/5008 4689/4975/4959 4690/5001/4999 4510/4976/5009
f 4509/4955/5008 4510/4976/5009 4589/4956/4646 4588/4938/5006
f 4510/4976/5009 4591/5002/4653 4590/4978/4642 4589/4956/4646
f 4510/4976/5009 4690/5001/4999 4691/5024/4430 4591/5002/4653
f 4512/4904/4146 4710/4903/4145 4513/4918/4154 4514/4919/4963
f 4517/2117/4995 4519/2130/4997 4568/2119/5010 4567/2104/4623
f 4517/2117/4995 4567/2104/4623 4566/2103/4622 4660/2118/4993
f 4518/7830/4996 4521/7832/4890 4522/7840/5011 4519/7836/4997
f 4519/2130/4997 4522/2142/5011 4569/2131/5012 4568/2119/5010
f 4521/7832/4890 4523/7839/4889 4524/7844/4894 4522/7840/5011
f 4522/2142/5011 4524/2151/4894 4570/2143/5013 4569/2131/5012
f 4524/4908/4894 4525/4894/4893 4571/4893/4895 4570/4909/5013
f 4531/7648/4250 4533/7662/4249 4534/7675/4943 4532/7663/4257
f 4533/7662/4249 4536/7674/4248 4537/7687/4940 4534/7675/4943
f 4535/7661/4238 4717/7673/4241 4718/7686/4952 4536/7674/4248
f 4536/7674/4248 4718/7686/4952 4755/7699/4941 4537/7687/4940
f 4538/7631/4719 4539/7643/5014 4540/7654/4723 4699/7644/4717
f 4538/7631/4719 4733/7618/4177 4734/7630/4366 4539/7643/5014
f 4538/7631/4719 4698/7620/4713 4732/7606/4169 4733/7618/4177
f 4539/7643/5014 4541/7653/5015 4542/7667/5016 4540/7654/4723
f 4539/7643/5014 4734/7630/4366 4735/7642/4368 4541/7653/5015
f 4540/7654/4723 4542/7667/5016 4543/7678/4726 4700/7668/4721
f 4541/7653/5015 4544/7666/5017 4545/7677/5018 4542/7667/5016
f 4541/7653/5015 4735/7642/4368 4736/7652/4371 4544/7666/5017
f 4542/7667/5016 4545/7677/5018 4546/7689/5019 4543/7678/4726
f 4543/7678/4726 4546/7689/5019 4547/7701/4728 4701/7690/4724
f 4544/5282/5017 4548/5261/5020 4549/5285/5021 4545/5303/5018
f 4544/5282/5017 4736/5283/4371 4737/5242/4374 4548/5261/5020
f 4545/5303/5018 4549/5285/5021 4550/5305/5022 4546/5324/5019
f 4546/5324/5019 4550/5305/5022 4551/5326/5023 4547/5345/4728
f 4547/5345/4728 4551/5326/5023 4552/5347/4729 4702/5363/4727
f 4548/5261/5020 4553/5262/5024 4554/5284/5025 4549/5285/5021
f 4548/5261/5020 4737/5242/4374 4738/5241/4378 4553/5262/5024
f 4549/5285/5021 4554/5284/5025 4555/5304/5026 4550/5305/5022
f 4550/5305/5022 4555/5304/5026 4556/5325/5027 4551/5326/5023
f 4551/5326/5023 4556/5325/5027 4557/5346/5028 4552/5347/4729
f 4552/5347/4729 4557/5346/5028 4558/5364/4730 4703/5365/4324
f 4553/5262/5024 4559/5281/5029 4560/5302/5030 4554/5284/5025
f 4553/5262/5024 4738/5241/4378 4739/5260/4383 4559/5281/5029
f 4554/5284/5025 4560/5302/5030 4561/5323/5031 4555/5304/5026
f 4555/5304/5026 4561/5323/5031 4562/5344/5032 4556/5325/5027
f 4556/5325/5027 4562/5344/5032 4563/5362/5033 4557/5346/5028
f 4557/5346/5028 4563/5362/5033 4564/5378/5034 4558/5364/4730
f 4558/5364/4730 4564/5378/5034 4565/5393/4339 4704/5380/4338
f 4559/5281/5029 4593/5297/4970 4594/5317/4969 4560/5302/5030
f 4559/5281/5029 4739/5260/4383 4741/5276/4390 4593/5297/4970
f 4560/5302/5030 4594/5317/4969 4595/5335/5035 4561/5323/5031
f 4561/5323/5031 4595/5335/5035 4596/5354/5036 4562/5344/5032
f 4562/5344/5032 4596/5354/5036 4597/5370/5037 4563/5362/5033
f 4563/5362/5033 4597/5370/5037 4598/5385/5038 4564/5378/5034
f 4564/5378/5034 4598/5385/5038 4603/5402/5039 4565/5393/4339
f 4565/5393/4339 4603/5402/5039 4604/5418/4522 4753/5410/4336
f 4566/2103/4622 4636/2116/4625 4659/2129/4994 4660/2118/4993
f 4567/2104/4623 4568/2119/5010 4573/2105/4628 4572/2091/4621
f 4568/2119/5010 4569/2131/5012 4575/2120/5040 4573/2105/4628
f 4569/2131/5012 4570/2143/5013 4577/2132/5041 4575/2120/5040
f 4570/4909/5013 4571/4893/4895 4580/4907/5042 4577/4924/5041
f 4571/4893/4895 4751/4884/4140 4584/4906/5004 4580/4907/5042
f 4573/2105/4628 4575/2120/5040 4576/2106/4633 4574/2092/4626
f 4575/2120/5040 4577/2132/5041 4578/2133/4634 4576/2106/4633
f 4577/4924/5041 4580/4907/5042 4581/4923/5043 4578/4941/4634
f 4578/4941/4634 4581/4923/5043 4582/4940/4640 4579/4959/4630
f 4580/4907/5042 4584/4906/5004 4585/4922/5005 4581/4923/5043
f 4581/4923/5043 4585/4922/5005 4586/4939/5007 4582/4940/4640
f 4582/4940/4640 4586/4939/5007 4587/4957/4645 4583/4958/4638
f 4586/4939/5007 4588/4938/5006 4589/4956/4646 4587/4957/4645
f 4591/5002/4653 4691/5024/4430 4692/5043/4429 4592/5025/4652
f 4594/5317/4969 4599/5295/4967 4600/5315/4971 4595/5335/5035
f 4595/5335/5035 4600/5315/4971 4601/5334/4972 4596/5354/5036
f 4596/5354/5036 4601/5334/4972 4602/5353/5044 4597/5370/5037
f 4597/5370/5037 4602/5353/5044 4605/5369/5045 4598/5385/5038
f 4598/5385/5038 4605/5369/5045 4606/5384/5046 4603/5402/5039
f 4601/5334/4972 4635/5314/4671 4608/5333/4733 4602/5353/5044
f 4602/5353/5044 4608/5333/4733 4609/5352/5047 4605/5369/5045
f 4603/5402/5039 4606/5384/5046 4607/5401/4523 4604/5418/4522
f 4605/5369/5045 4609/5352/5047 4610/5368/5048 4606/5384/5046
f 4606/5384/5046 4610/5368/5048 4611/5383/4529 4607/5401/4523
f 4608/5333/4733 4612/5316/4732 4613/5336/4738 4609/5352/5047
f 4609/5352/5047 4613/5336/4738 4614/5355/5049 4610/5368/5048
f 4610/5368/5048 4614/5355/5049 4615/5371/4542 4611/5383/4529
f 4613/5336/4738 4617/5318/4737 4618/5337/4743 4614/5355/5049
f 4614/5355/5049 4618/5337/4743 4619/5356/5050 4615/5371/4542
f 4615/5371/4542 4619/5356/5050 4620/5372/4560 4616/5386/4543
f 4618/5337/4743 4621/5332/4742 4622/5351/4751 4619/5356/5050
f 4619/5356/5050 4622/5351/4751 4623/5367/4570 4620/5372/4560
f 4622/5351/4751 4624/5350/4750 4625/5366/4579 4623/5367/4570
f 4624/5350/4750 4627/5361/4752 4628/5377/4769 4625/5366/4579
f 4625/5366/4579 4628/5377/4769 4629/5392/4589 4626/5382/4580
f 4628/5377/4769 4630/5391/4768 4631/5408/4596 4629/5392/4589
f 4636/2116/4625 4661/2127/5051 4655/2141/5052 4659/2129/4994
f 4636/2116/4625 4676/2102/4624 4668/2113/5053 4661/2127/5051
f 4637/5197/4899 4641/5211/4906 4642/5212/4998 4638/5198/4900
f 4639/5246/4907 4645/5268/4920 4646/5247/5054 4640/5228/4905
f 4640/5228/4905 4646/5247/5054 4647/5229/5055 4641/5211/4906
f 4641/5211/4906 4647/5229/5055 4648/5230/5056 4642/5212/4998
f 4642/5212/4998 4648/5230/5056 4662/5238/4770 4663/5218/4687
f 4643/5310/4921 4650/5330/4939 4651/5311/4980 4644/5289/4919
f 4644/5289/4919 4651/5311/4980 4652/5290/4983 4645/5268/4920
f 4645/5268/4920 4652/5290/4983 4653/5269/5057 4646/5247/5054
f 4646/5247/5054 4653/5269/5057 4654/5248/5058 4647/5229/5055
f 4647/5229/5055 4654/5248/5058 4655/5249/5052 4648/5230/5056
f 4648/2150/5056 4655/2141/5052 4661/2127/5051 4662/2140/4770
f 4652/7835/4983 4656/7828/4982 4657/7834/4989 4653/7843/5057
f 4653/7843/5057 4657/7834/4989 4658/7842/4992 4654/7846/5058
f 4654/7846/5058 4658/7842/4992 4659/7845/4994 4655/7847/5052
f 4661/2127/5051 4668/2113/5053 4664/2128/4771 4662/2140/4770
f 4664/2128/4771 4668/2113/5053 4669/2101/5059 4665/2114/4772
f 4665/2114/4772 4669/2101/5059 4670/2099/5060 4666/2115/4773
f 4666/5298/4773 4670/5338/5060 4671/5339/4784 4667/5319/4774
f 4668/2113/5053 4676/2102/4624 4677/2089/4475 4669/2101/5059
f 4669/2101/5059 4677/2089/4475 4678/2088/4474 4670/2099/5060
f 4670/2099/5060 4678/2088/4474 4679/2087/4476 4671/2100/4784
f 4671/2100/4784 4679/2087/4476 4680/2098/4478 4672/2112/4782
f 4672/2112/4782 4680/2098/4478 4681/2111/4481 4673/2126/4783
f 4673/2126/4783 4681/2111/4481 4682/2125/4488 4674/2139/4785
f 4674/2139/4785 4682/2125/4488 4683/2138/4492 4675/2149/4786
s 165
f 4770/5481/5061 5049/5482/5062 5054/5483/5063 5039/5484/5064
f 5049/5482/5062 5059/5487/5065 5042/5488/5066 5054/5483/5063
f 4761/5511/5067 5050/5524/5068 5055/5525/5069 4774/5512/5070
f 5050/5524/5068 4771/5535/5071 5040/5536/5072 5055/5525/5069
f 4762/5552/5073 5051/5560/5074 5056/5561/5075 4772/5553/5076
f 5051/5560/5074 4902/5568/5077 5041/5569/5078 5056/5561/5075
f 5040/5536/5072 4771/5535/5071 5057/5544/5079 5257/5545/5080
f 5257/5545/5080 5057/5544/5079 4762/5552/5073 4772/5553/5076
f 5058/5497/5081 4761/5511/5067 4774/5512/5070 4773/5498/5082
f 5042/5488/5066 5059/5487/5065 5058/5497/5081 4773/5498/5082
f 4775/5621/5083 5043/5622/5084 4778/5612/5085 5044/5613/5086
f 5062/5605/5087 5046/5606/5088 5061/5599/5089 5045/5598/5090
f 5045/5598/5090 5061/5599/5089 4905/5592/5091 4906/5591/5092
f 4778/5612/5085 5046/5606/5088 5062/5605/5087 5044/5613/5086
f 4767/5647/5093 4777/5648/5094 5065/5639/5095 5064/5640/5096
f 5047/5630/5097 5063/5631/5098 5043/5622/5084 4775/5621/5083
f 5065/5639/5095 5063/5631/5098 5047/5630/5097 5064/5640/5096
f 4769/5503/5099 5048/5491/5100 5053/5492/5101 5052/5504/5102
f 5048/5491/5100 4770/5481/5061 5039/5484/5064 5053/5492/5101
f 4776/5655/5103 5060/5656/5104 4777/5648/5094 4767/5647/5093
f 4772/5553/5076 5056/5561/5075 5258/5570/5105 5067/5571/5106
f 5056/5561/5075 5041/5569/5078 5066/5578/5107 5258/5570/5105
f 5258/5570/5105 5066/5578/5107 4903/5587/5108 5167/5579/5109
f 5067/5571/5106 5258/5570/5105 5167/5579/5109 4885/5580/5110
f 4904/5608/5111 5068/5600/5112 5259/5607/5113 5070/5615/5114
f 5068/5600/5112 4905/5592/5091 5061/5599/5089 5259/5607/5113
f 5259/5607/5113 5061/5599/5089 5046/5606/5088 5069/5614/5115
f 5070/5615/5114 5259/5607/5113 5069/5614/5115 4779/5623/5116
f 4816/2263/5117 5071/2264/5118 5260/2265/5119 5073/2266/5120
f 5071/2264/5118 4815/2269/5121 5072/2270/5122 5260/2265/5119
f 5260/2265/5119 5072/2270/5122 4887/2279/5123 5169/2271/5124
f 5073/2266/5120 5260/2265/5119 5169/2271/5124 4817/2272/5125
f 4815/2269/5121 5074/2277/5126 5261/2278/5127 5072/2270/5122
f 5074/2277/5126 4814/2285/5128 5075/2286/5129 5261/2278/5127
f 5261/2278/5127 5075/2286/5129 4886/2294/5130 5165/2295/5131
f 5072/5669/5122 5261/5670/5127 5165/5671/5131 4887/5672/5123
f 4769/5503/5099 5076/5505/5132 5262/5493/5133 5048/5491/5100
f 5076/5505/5132 4780/5519/5134 5077/5506/5135 5262/5493/5133
f 5262/5493/5133 5077/5506/5135 4783/5494/5136 5078/5485/5137
f 5048/5491/5100 5262/5493/5133 5078/5485/5137 4770/5481/5061
f 4770/5481/5061 5078/5485/5137 5263/5486/5138 5049/5482/5062
f 5078/5485/5137 4783/5494/5136 5079/5495/5139 5263/5486/5138
f 5263/5486/5138 5079/5495/5139 5102/5509/5140 5080/5496/5141
f 5049/5482/5062 5263/5486/5138 5080/5496/5141 5059/5487/5065
f 4761/5511/5067 5081/5523/5142 5264/5534/5143 5050/5524/5068
f 5081/5523/5142 4788/5533/5144 5082/5542/5145 5264/5534/5143
f 5264/5534/5143 5082/5542/5145 4791/5550/5146 5083/5543/5147
f 5050/5524/5068 5264/5534/5143 5083/5543/5147 4771/5535/5071
f 4771/5535/5071 5083/5543/5147 5265/5551/5148 5057/5544/5079
f 5083/5543/5147 4791/5550/5146 5084/5558/5149 5265/5551/5148
f 5265/5551/5148 5084/5558/5149 4794/5566/5150 5085/5559/5151
f 5057/5544/5079 5265/5551/5148 5085/5559/5151 4762/5552/5073
f 4762/5552/5073 5085/5559/5151 5266/5567/5152 5051/5560/5074
f 5085/5559/5151 4794/5566/5150 5086/5574/5153 5266/5567/5152
f 5266/5567/5152 5086/5574/5153 4901/5582/5154 5087/5575/5155
f 5051/5560/5074 5266/5567/5152 5087/5575/5155 4902/5568/5077
f 4906/5591/5092 5088/5597/5156 5267/5604/5157 5045/5598/5090
f 5088/5597/5156 4907/5603/5158 5089/5610/5159 5267/5604/5157
f 5267/5604/5157 5089/5610/5159 5113/5617/5160 5090/5611/5161
f 5045/5598/5090 5267/5604/5157 5090/5611/5161 5062/5605/5087
f 5101/5529/5162 5091/5515/5163 5268/5500/5164 5093/5516/5165
f 5091/5515/5163 5052/5504/5102 5053/5492/5101 5268/5500/5164
f 5268/5500/5164 5053/5492/5101 5039/5484/5064 5092/5489/5166
f 5093/5516/5165 5268/5500/5164 5092/5489/5166 4803/5501/5167
f 4803/5501/5167 5092/5489/5166 5269/5490/5168 5094/5502/5169
f 5092/5489/5166 5039/5484/5064 5054/5483/5063 5269/5490/5168
f 5269/5490/5168 5054/5483/5063 5042/5488/5066 5095/5499/5170
f 5094/5502/5169 5269/5490/5168 5095/5499/5170 4806/5514/5171
f 4810/5538/5172 5096/5526/5173 5270/5537/5174 5098/5547/5175
f 5096/5526/5173 4774/5512/5070 5055/5525/5069 5270/5537/5174
f 5270/5537/5174 5055/5525/5069 5040/5536/5072 5097/5546/5176
f 5098/5547/5175 5270/5537/5174 5097/5546/5176 4811/5555/5177
f 4811/5555/5177 5097/5546/5176 5271/5554/5178 5100/5563/5179
f 5097/5546/5176 5040/5536/5072 5257/5545/5080 5271/5554/5178
f 5271/5554/5178 5257/5545/5080 4772/5553/5076 5099/5562/5180
f 5100/2290/5179 5271/2299/5178 5099/2292/5180 4814/2285/5128
f 4780/2313/5134 5076/2314/5132 5091/2315/5163 5101/2316/5162
f 5076/2314/5132 4769/2317/5099 5052/2318/5102 5091/2315/5163
f 4814/2285/5128 5099/2292/5180 5272/2293/5181 5075/2286/5129
f 5099/2292/5180 4772/2301/5076 5067/2302/5106 5272/2293/5181
f 5272/2293/5181 5067/2302/5106 4885/2308/5110 5166/2303/5182
f 5075/2286/5129 5272/2293/5181 5166/2303/5182 4886/2294/5130
f 5104/5522/5183 5103/5510/5184 5080/5496/5141 5102/5509/5140
f 5103/5510/5184 5058/5497/5081 5059/5487/5065 5080/5496/5141
f 5103/5510/5184 5104/5522/5183 4788/5533/5144 5081/5523/5142
f 5058/5497/5081 5103/5510/5184 5081/5523/5142 4761/5511/5067
f 4773/5498/5082 5105/5513/5185 5095/5499/5170 5042/5488/5066
f 5105/5513/5185 4820/5527/5186 4806/5514/5171 5095/5499/5170
f 5105/5513/5185 4773/5498/5082 4774/5512/5070 5096/5526/5173
f 4820/5527/5186 5105/5513/5185 5096/5526/5173 4810/5538/5172
f 5106/5659/5187 4776/5655/5103 4767/5647/5093 5107/5651/5188
f 4823/5664/5189 5106/5659/5187 5107/5651/5188 4824/5658/5190
f 4824/5658/5190 5107/5651/5188 5108/5643/5191 5109/5650/5192
f 5107/5651/5188 4767/5647/5093 5064/5640/5096 5108/5643/5191
f 4829/5633/5193 5110/5626/5194 5111/5618/5195 5112/5625/5196
f 5110/5626/5194 4775/5621/5083 5044/5613/5086 5111/5618/5195
f 5112/5625/5196 5111/5618/5195 5090/5611/5161 5113/5617/5160
f 5111/5618/5195 5044/5613/5086 5062/5605/5087 5090/5611/5161
f 4776/2347/5103 5106/2341/5187 5114/2344/5197 5060/2348/5104
f 5106/2341/5187 4823/2342/5189 5115/2343/5198 5114/2344/5197
f 5114/5660/5197 5115/5665/5198 4833/5661/5199 5116/5652/5200
f 5060/5656/5104 5114/5660/5197 5116/5652/5200 4777/5648/5094
f 4777/5648/5094 5116/5652/5200 5117/5644/5201 5065/5639/5095
f 5116/5652/5200 4833/5661/5199 5123/5653/5202 5117/5644/5201
f 5043/5622/5084 5118/5627/5203 5119/5619/5204 4778/5612/5085
f 5118/5627/5203 4834/5636/5205 4837/5628/5206 5119/5619/5204
f 4778/5612/5085 5119/5619/5204 5120/5620/5207 5046/5606/5088
f 5119/5619/5204 4837/5628/5206 4838/5629/5208 5120/5620/5207
f 5046/2397/5088 5120/2395/5207 5273/2396/5209 5069/2398/5115
f 5120/2395/5207 4838/2391/5208 5121/2392/5210 5273/2396/5209
f 5273/5673/5209 5121/5674/5210 4839/5675/5211 5173/5676/5212
f 5069/2398/5115 5273/2396/5209 5173/2399/5212 4779/2400/5116
f 5108/5643/5191 5064/5640/5096 5047/5630/5097 5122/5634/5213
f 5109/5650/5192 5108/5643/5191 5122/5634/5213 4840/5642/5214
f 4775/5621/5083 5110/5626/5194 5122/5634/5213 5047/5630/5097
f 5110/5626/5194 4829/5633/5193 4840/5642/5214 5122/5634/5213
f 5117/5644/5201 5123/5653/5202 5125/5645/5215 5124/5635/5216
f 5065/5639/5095 5117/5644/5201 5124/5635/5216 5063/5631/5098
f 4834/5636/5205 5118/5627/5203 5124/5635/5216 5125/5645/5215
f 5118/5627/5203 5043/5622/5084 5063/5631/5098 5124/5635/5216
f 4972/7907/5217 4760/7912/5218 4785/7913/5219 5126/7908/5220
f 5127/7906/5221 4972/7907/5217 5126/7908/5220 4782/7909/5222
f 4973/7917/5223 5144/7923/5224 4787/7924/5225 5128/7918/5226
f 4760/7912/5218 4973/7917/5223 5128/7918/5226 4785/7913/5219
f 4974/7942/5227 4765/7948/5228 4793/7949/5229 5129/7943/5230
f 4863/7936/5231 4974/7942/5227 5129/7943/5230 4790/7937/5232
f 4975/7966/5233 4898/7972/5234 4899/7973/5235 5130/7967/5236
f 4866/7960/5237 4975/7966/5233 5130/7967/5236 4796/7961/5238
f 4802/2329/5239 5131/2330/5240 5132/2333/5241 4763/2331/5242
f 5131/8050/5240 4805/8051/5243 4868/8052/5244 5132/8053/5241
f 4805/8051/5243 5133/8056/5245 5134/8057/5246 4868/8052/5244
f 5133/8056/5245 5145/8063/5247 4977/8064/5248 5134/8057/5246
f 4809/8076/5249 5135/8082/5250 5136/8083/5251 4764/8077/5252
f 5135/8082/5250 4813/8088/5253 4871/8089/5254 5136/8083/5251
f 4763/2331/5242 5127/2332/5221 4782/2328/5222 4802/2329/5239
f 4793/7949/5229 4765/7948/5228 5137/7954/5255 5138/7955/5256
f 5138/7955/5256 5137/7954/5255 4866/7960/5237 4796/7961/5238
f 4813/8088/5253 5139/8094/5257 5274/8095/5258 4871/8089/5254
f 4816/2263/5117 5140/2274/5259 5274/2276/5258 5139/2267/5257
f 4845/2282/5260 5141/2284/5261 5274/2276/5258 5140/2274/5259
f 4874/7930/5262 4863/7936/5231 4790/7937/5232 4819/7931/5263
f 5142/8070/5264 4809/8076/5249 4764/8077/5252 5143/8071/5265
f 4787/7924/5225 5144/7923/5224 4874/7930/5262 4819/7931/5263
f 4977/8064/5248 5145/8063/5247 5142/8070/5264 5143/8071/5265
f 5146/8041/5266 5147/8042/5267 4826/8036/5268 4878/8035/5269
f 4766/8015/5270 4828/8016/5271 4830/8008/5272 5148/8009/5273
f 5155/8002/5274 4800/8003/5275 5149/7997/5276 5275/7996/5277
f 5275/7996/5277 5149/7997/5276 4909/7991/5278 5150/7990/5279
f 5154/2354/5280 5151/2357/5281 4768/2360/5282 4832/2359/5283
f 4836/8105/5284 4881/8106/5285 5152/8107/5286 5153/8108/5287
f 5151/2357/5281 5154/2354/5280 5147/2353/5267 5146/2358/5266
f 4830/8008/5272 4800/8003/5275 5155/8002/5274 5148/8009/5273
f 5152/8107/5286 4978/8113/5288 5156/8114/5289 5153/8108/5287
f 4878/8035/5269 4826/8036/5268 5161/8029/5290 5276/8030/5291
f 4832/8127/5283 4768/8128/5282 5162/8117/5292 5157/8118/5293
f 5159/8022/5294 5158/8023/5295 4828/8016/5271 4766/8015/5270
f 4843/8109/5296 5160/8110/5297 4881/8106/5285 4836/8105/5284
f 5161/8029/5290 5158/8023/5295 5159/8022/5294 5276/8030/5291
f 5162/8117/5292 5160/8110/5297 4843/8109/5296 5157/8118/5293
f 5156/2368/5289 4978/2369/5288 5163/2370/5298 5164/2371/5299
f 5164/2371/5299 5163/2370/5298 4892/2374/5300 4893/2375/5301
f 4887/8143/5123 5165/8144/5131 5277/8145/5302 5169/8146/5124
f 4886/8147/5130 5166/8148/5182 5277/8145/5302 5165/8144/5131
f 4885/8151/5110 5167/8152/5109 5277/8145/5302 5166/8148/5182
f 4903/8155/5108 5032/8156/5303 5277/8145/5302 5167/8152/5109
f 5172/8161/5304 5171/8158/5305 5277/8145/5302 5032/8156/5303
f 4844/8157/5306 5168/8154/5307 5277/8145/5302 5171/8158/5305
f 4888/8153/5308 5250/8150/5309 5277/8145/5302 5168/8154/5307
f 4817/8149/5125 5169/8146/5124 5277/8145/5302 5250/8150/5309
f 4894/8179/5310 5170/8180/5311 5171/8158/5305 5174/8174/5312
f 4893/8181/5301 4892/8182/5300 5171/8158/5305 5170/8180/5311
f 4904/8163/5111 5070/8164/5114 5171/8158/5305 5172/8161/5304
f 4779/8167/5116 5173/8168/5212 5171/8158/5305 5070/8164/5114
f 4839/8173/5211 5174/8174/5312 5171/8158/5305 5173/8168/5212
f 4780/5519/5134 5175/5531/5313 5278/5520/5314 5077/5506/5135
f 5175/7927/5313 4781/7920/5315 5176/7921/5316 5278/7928/5314
f 5278/7928/5314 5176/7921/5316 4784/7926/5317 5177/7934/5318
f 5077/5506/5135 5278/5520/5314 5177/5507/5318 4783/5494/5136
f 4781/7920/5315 5178/7914/5319 5279/7915/5320 5176/7921/5316
f 5178/7914/5319 4782/7909/5222 5126/7908/5220 5279/7915/5320
f 5279/7915/5320 5126/7908/5220 4785/7913/5219 5179/7919/5321
f 5176/7921/5316 5279/7915/5320 5179/7919/5321 4784/7926/5317
f 4783/5494/5136 5177/5507/5318 5280/5508/5322 5079/5495/5139
f 5177/7934/5318 4784/7926/5317 5180/7933/5323 5280/7940/5322
f 5280/7940/5322 5180/7933/5323 4786/7939/5324 5181/7946/5325
f 5079/5495/5139 5280/5508/5322 5181/5521/5325 5102/5509/5140
f 4784/7926/5317 5179/7919/5321 5281/7925/5326 5180/7933/5323
f 5179/7919/5321 4785/7913/5219 5128/7918/5226 5281/7925/5326
f 5281/7925/5326 5128/7918/5226 4787/7924/5225 5182/7932/5327
f 5180/7933/5323 5281/7925/5326 5182/7932/5327 4786/7939/5324
f 5181/7946/5325 4786/7939/5324 4818/7945/5328 5217/7952/5329
f 5102/5509/5140 5181/5521/5325 5217/5532/5329 5104/5522/5183
f 5182/7932/5327 4787/7924/5225 4819/7931/5263 5218/7938/5330
f 4786/7939/5324 5182/7932/5327 5218/7938/5330 4818/7945/5328
f 4788/5533/5144 5183/5541/5331 5282/5549/5332 5082/5542/5145
f 5183/7958/5331 4789/7951/5333 5184/7957/5334 5282/7964/5332
f 5282/7964/5332 5184/7957/5334 4792/7963/5335 5185/7970/5336
f 5082/5542/5145 5282/5549/5332 5185/5557/5336 4791/5550/5146
f 4789/7951/5333 5186/7944/5337 5283/7950/5338 5184/7957/5334
f 5186/7944/5337 4790/7937/5232 5129/7943/5230 5283/7950/5338
f 5283/7950/5338 5129/7943/5230 4793/7949/5229 5187/7956/5339
f 5184/7957/5334 5283/7950/5338 5187/7956/5339 4792/7963/5335
f 4791/5550/5146 5185/5557/5336 5284/5565/5340 5084/5558/5149
f 5185/7970/5336 4792/7963/5335 5188/7969/5341 5284/7976/5340
f 5284/7976/5340 5188/7969/5341 4795/7975/5342 5189/7982/5343
f 5084/5558/5149 5284/5565/5340 5189/5573/5343 4794/5566/5150
f 4792/7963/5335 5187/7956/5339 5285/7962/5344 5188/7969/5341
f 5187/7956/5339 4793/7949/5229 5138/7955/5256 5285/7962/5344
f 5285/7962/5344 5138/7955/5256 4796/7961/5238 5190/7968/5345
f 5188/7969/5341 5285/7962/5344 5190/7968/5345 4795/7975/5342
f 4794/5566/5150 5189/5573/5343 5286/5581/5346 5086/5574/5153
f 5189/7982/5343 4795/7975/5342 5191/7981/5347 5286/7988/5346
f 5286/7988/5346 5191/7981/5347 4900/7987/5348 5192/7994/5349
f 5086/5574/5153 5286/5581/5346 5192/5588/5349 4901/5582/5154
f 4795/7975/5342 5190/7968/5345 5287/7974/5350 5191/7981/5347
f 5190/7968/5345 4796/7961/5238 5130/7967/5236 5287/7974/5350
f 5287/7974/5350 5130/7967/5236 4899/7973/5235 5193/7980/5351
f 5191/7981/5347 5287/7974/5350 5193/7980/5351 4900/7987/5348
f 4907/5603/5158 5194/5609/5352 5288/5616/5353 5089/5610/5159
f 5194/8012/5352 4908/8005/5354 5195/8011/5355 5288/8018/5353
f 5288/8018/5353 5195/8011/5355 4799/8017/5356 5196/8024/5357
f 5089/5610/5159 5288/5616/5353 5196/5624/5357 5113/5617/5160
f 4908/8005/5354 5197/7998/5358 5289/8004/5359 5195/8011/5355
f 5197/7998/5358 4909/7991/5278 5149/7997/5276 5289/8004/5359
f 5289/8004/5359 5149/7997/5276 4800/8003/5275 5198/8010/5360
f 5195/8011/5355 5289/8004/5359 5198/8010/5360 4799/8017/5356
f 5196/8024/5357 4799/8017/5356 5231/8021/5361 5199/8028/5362
f 5113/5617/5160 5196/5624/5357 5199/5632/5362 5112/5625/5196
f 5198/8010/5360 4800/8003/5275 4830/8008/5272 5200/8014/5363
f 4799/8017/5356 5198/8010/5360 5200/8014/5363 5231/8021/5361
f 4782/2328/5222 5178/2325/5319 5202/2326/5364 4802/2329/5239
f 5178/2325/5319 4781/2321/5315 4801/2322/5365 5202/2326/5364
f 4781/2321/5315 5175/2319/5313 5201/2320/5366 4801/2322/5365
f 5175/2319/5313 4780/2313/5134 5101/2316/5162 5201/2320/5366
f 4802/2329/5239 5202/2326/5364 5290/2327/5367 5131/2330/5240
f 5202/2326/5364 4801/2322/5365 5203/2324/5368 5290/2327/5367
f 5290/8054/5367 5203/8060/5368 4804/8061/5369 5204/8055/5370
f 5131/8050/5240 5290/8054/5367 5204/8055/5370 4805/8051/5243
f 4801/2322/5365 5201/2320/5366 5291/2323/5371 5203/2324/5368
f 5201/5540/5366 5101/5529/5162 5093/5516/5165 5291/5530/5371
f 5291/5530/5371 5093/5516/5165 4803/5501/5167 5205/5517/5372
f 5203/8060/5368 5291/8066/5371 5205/8067/5372 4804/8061/5369
f 4805/8051/5243 5204/8055/5370 5292/8062/5373 5133/8056/5245
f 5204/8055/5370 4804/8061/5369 5206/8068/5374 5292/8062/5373
f 5292/8062/5373 5206/8068/5374 4807/8074/5375 5207/8069/5376
f 5133/8056/5245 5292/8062/5373 5207/8069/5376 5145/8063/5247
f 4804/8061/5369 5205/8067/5372 5293/8073/5377 5206/8068/5374
f 5205/5517/5372 4803/5501/5167 5094/5502/5169 5293/5518/5377
f 5293/5518/5377 5094/5502/5169 4806/5514/5171 5208/5528/5378
f 5206/8068/5374 5293/8073/5377 5208/8079/5378 4807/8074/5375
f 4810/5538/5172 5209/5548/5379 5211/5539/5380 4820/5527/5186
f 5209/8091/5379 4808/8086/5381 4821/8080/5382 5211/8085/5380
f 4808/8086/5381 5210/8081/5383 5212/8075/5384 4821/8080/5382
f 5210/8081/5383 4809/8076/5249 5142/8070/5264 5212/8075/5384
f 4809/8076/5249 5210/8081/5383 5294/8087/5385 5135/8082/5250
f 5210/8081/5383 4808/8086/5381 5213/8092/5386 5294/8087/5385
f 5294/8087/5385 5213/8092/5386 4812/8098/5387 5214/8093/5388
f 5135/8082/5250 5294/8087/5385 5214/8093/5388 4813/8088/5253
f 4808/8086/5381 5209/8091/5379 5295/8097/5389 5213/8092/5386
f 5209/5548/5379 4810/5538/5172 5098/5547/5175 5295/5556/5389
f 5295/5556/5389 5098/5547/5175 4811/5555/5177 5215/5564/5390
f 5213/8092/5386 5295/8097/5389 5215/8102/5390 4812/8098/5387
f 4813/8088/5253 5214/8093/5388 5296/8099/5391 5139/8094/5257
f 5214/8093/5388 4812/8098/5387 5216/8103/5392 5296/8099/5391
f 5296/2268/5391 5216/2275/5392 4815/2269/5121 5071/2264/5118
f 5139/2267/5257 5296/2268/5391 5071/2264/5118 4816/2263/5117
f 4812/8098/5387 5215/8102/5390 5297/8104/5393 5216/8103/5392
f 5215/5564/5390 4811/5555/5177 5100/5563/5179 5297/5572/5393
f 5297/2283/5393 5100/2290/5179 4814/2285/5128 5074/2277/5126
f 5216/2275/5392 5297/2283/5393 5074/2277/5126 4815/2269/5121
f 4790/7937/5232 5186/7944/5337 5218/7938/5330 4819/7931/5263
f 5186/7944/5337 4789/7951/5333 4818/7945/5328 5218/7938/5330
f 4789/7951/5333 5183/7958/5331 5217/7952/5329 4818/7945/5328
f 5183/5541/5331 4788/5533/5144 5104/5522/5183 5217/5532/5329
f 5207/8069/5376 4807/8074/5375 4821/8080/5382 5212/8075/5384
f 5145/8063/5247 5207/8069/5376 5212/8075/5384 5142/8070/5264
f 5208/5528/5378 4806/5514/5171 4820/5527/5186 5211/5539/5380
f 4807/8074/5375 5208/8079/5378 5211/8085/5380 4821/8080/5382
f 4823/2342/5189 5219/2345/5394 5232/2346/5395 5115/2343/5198
f 5219/2345/5394 4822/2349/5396 5221/2350/5397 5232/2346/5395
f 4822/2349/5396 5220/2351/5398 5233/2352/5399 5221/2350/5397
f 5220/2351/5398 5147/2353/5267 5154/2354/5280 5233/2352/5399
f 5220/8044/5398 4822/8047/5396 4825/8045/5400 5222/8038/5401
f 5147/8042/5267 5220/8044/5398 5222/8038/5401 4826/8036/5268
f 5219/5667/5394 4823/5664/5189 4824/5658/5190 5223/5663/5402
f 4822/8047/5396 5219/8049/5394 5223/8048/5402 4825/8045/5400
f 4826/8036/5268 5222/8038/5401 5225/8032/5403 5161/8029/5290
f 5222/8038/5401 4825/8045/5400 5224/8039/5404 5225/8032/5403
f 4825/8045/5400 5223/8048/5402 5226/8046/5405 5224/8039/5404
f 5223/5663/5402 4824/5658/5190 5109/5650/5192 5226/5657/5405
f 4829/5633/5193 5227/5641/5406 5229/5649/5407 4840/5642/5214
f 5227/8034/5406 4827/8027/5408 4841/8033/5409 5229/8040/5407
f 4827/8027/5408 5228/8020/5410 5230/8026/5411 4841/8033/5409
f 5228/8020/5410 4828/8016/5271 5158/8023/5295 5230/8026/5411
f 4828/8016/5271 5228/8020/5410 5200/8014/5363 4830/8008/5272
f 5228/8020/5410 4827/8027/5408 5231/8021/5361 5200/8014/5363
f 4827/8027/5408 5227/8034/5406 5199/8028/5362 5231/8021/5361
f 5227/5641/5406 4829/5633/5193 5112/5625/5196 5199/5632/5362
f 5232/8141/5395 5221/8142/5397 4831/8138/5412 5234/8140/5413
f 5115/5665/5198 5232/5668/5395 5234/5666/5413 4833/5661/5199
f 5233/2352/5399 5154/2354/5280 4832/2359/5283 5235/2355/5414
f 5221/2350/5397 5233/2352/5399 5235/2355/5414 4831/2356/5412
f 4833/5661/5199 5234/5666/5413 5237/5662/5415 5123/5653/5202
f 5234/8140/5413 4831/8138/5412 5236/8135/5416 5237/8139/5415
f 4831/8138/5412 5235/8134/5414 5238/8126/5417 5236/8135/5416
f 5235/8134/5414 4832/8127/5283 5157/8118/5293 5238/8126/5417
f 5237/8139/5415 5236/8135/5416 4842/8129/5418 5248/8136/5419
f 5123/5653/5202 5237/5662/5415 5248/5654/5419 5125/5645/5215
f 5238/8126/5417 5157/8118/5293 4843/8109/5296 5249/8120/5420
f 5236/8135/5416 5238/8126/5417 5249/8120/5420 4842/8129/5418
f 4834/5636/5205 5239/5646/5421 5241/5637/5422 4837/5628/5206
f 5239/8131/5421 4835/8123/5423 5240/8124/5424 5241/8132/5422
f 4835/8123/5423 5242/8115/5425 5243/8116/5426 5240/8124/5424
f 5242/8115/5425 4836/8105/5284 5153/8108/5287 5243/8116/5426
f 4837/5628/5206 5241/5637/5422 5245/5638/5427 4838/5629/5208
f 5241/8132/5422 5240/8124/5424 5244/8130/5428 5245/8137/5427
f 5240/8124/5424 5243/8116/5426 5246/8122/5429 5244/8130/5428
f 5243/8116/5426 5153/8108/5287 5156/8114/5289 5246/8122/5429
f 4838/2391/5208 5245/2388/5427 5298/2389/5430 5121/2392/5210
f 5245/2388/5427 5244/2382/5428 5247/2383/5431 5298/2389/5430
f 5298/5677/5430 5247/5678/5431 4894/5679/5310 5174/5680/5312
f 5121/2392/5210 5298/2389/5430 5174/2393/5312 4839/2394/5211
f 5244/2382/5428 5246/2376/5429 5299/2377/5432 5247/2383/5431
f 5246/2376/5429 5156/2368/5289 5164/2371/5299 5299/2377/5432
f 5299/2377/5432 5164/2371/5299 4893/2375/5301 5170/2381/5311
f 5247/2383/5431 5299/2377/5432 5170/2381/5311 4894/2387/5310
f 5225/8032/5403 5224/8039/5404 4841/8033/5409 5230/8026/5411
f 5161/8029/5290 5225/8032/5403 5230/8026/5411 5158/8023/5295
f 5226/5657/5405 5109/5650/5192 4840/5642/5214 5229/5649/5407
f 5224/8039/5404 5226/8046/5405 5229/8040/5407 4841/8033/5409
f 4836/8105/5284 5242/8115/5425 5249/8120/5420 4843/8109/5296
f 5242/8115/5425 4835/8123/5423 4842/8129/5418 5249/8120/5420
f 4835/8123/5423 5239/8131/5421 5248/8136/5419 4842/8129/5418
f 5239/5646/5421 4834/5636/5205 5125/5645/5215 5248/5654/5419
f 4817/2272/5125 5250/2280/5309 5300/2273/5433 5073/2266/5120
f 5250/2280/5309 4888/2287/5308 5251/2281/5434 5300/2273/5433
f 5300/2273/5433 5251/2281/5434 4845/2282/5260 5140/2274/5259
f 5073/2266/5120 5300/2273/5433 5140/2274/5259 4816/2263/5117
f 4850/5681/5435 5252/5682/5436 4921/5683/5437 5253/5684/5438
f 5253/5684/5438 4921/5683/5437 4914/5689/5439 4926/5690/5440
f 4846/5712/5441 4854/5711/5442 4922/5719/5443 5255/5720/5444
f 5255/5720/5444 4922/5719/5443 5254/5725/5445 4851/5726/5446
f 4847/5738/5447 4852/5737/5448 4923/5743/5449 5256/5744/5450
f 5256/5744/5450 4923/5743/5449 4896/5749/5451 4897/5750/5452
f 4925/5731/5453 4852/5737/5448 4847/5738/5447 4924/5732/5454
f 5254/5725/5445 4925/5731/5453 4924/5732/5454 4851/5726/5446
f 4913/5701/5455 4853/5700/5456 4854/5711/5442 4846/5712/5441
f 4914/5689/5439 4853/5700/5456 4913/5701/5455 4926/5690/5440
f 4858/5793/5457 4927/5789/5458 4857/5788/5459 4915/5794/5460
f 4931/5781/5461 4928/5774/5462 4930/5775/5463 4917/5782/5464
f 4928/5774/5462 4911/5769/5465 4916/5768/5466 4930/5775/5463
f 4857/5788/5459 4927/5789/5458 4931/5781/5461 4917/5782/5464
f 4848/5814/5467 4932/5809/5468 4934/5808/5469 4856/5815/5470
f 4859/5800/5471 4858/5793/5457 4915/5794/5460 4933/5801/5472
f 4934/5808/5469 4932/5809/5468 4859/5800/5471 4933/5801/5472
f 4849/5693/5473 4919/5694/5474 4920/5686/5475 4918/5685/5476
f 4918/5685/5476 4920/5686/5475 5252/5682/5436 4850/5681/5435
f 4855/5820/5477 4848/5814/5467 4856/5815/5470 4929/5821/5478
f 4852/5737/5448 4935/5747/5479 5301/5748/5480 4923/5743/5449
f 4935/5747/5479 4890/5753/5481 4936/5754/5482 5301/5748/5480
f 5301/5748/5480 4936/5754/5482 4895/5760/5483 4937/5755/5484
f 4923/5743/5449 5301/5748/5480 4937/5755/5484 4896/5749/5451
f 4916/5768/5466 4938/5773/5485 5302/5779/5486 4930/5775/5463
f 4938/5773/5485 4912/5778/5487 4983/5784/5488 5302/5779/5486
f 5302/5779/5486 4983/5784/5488 4860/5790/5489 4939/5785/5490
f 4930/5775/5463 5302/5779/5486 4939/5785/5490 4917/5782/5464
f 4872/2289/5491 4940/2288/5492 4941/2297/5493 4942/2298/5494
f 4940/2288/5492 4873/2296/5495 4979/2304/5496 4941/2297/5493
f 4941/2297/5493 4979/2304/5496 4889/2309/5497 4943/2305/5498
f 4942/2298/5494 4941/2297/5493 4943/2305/5498 4959/2306/5499
f 4849/5693/5473 4918/5685/5476 4945/5696/5500 4944/5706/5501
f 4918/5685/5476 4850/5681/5435 4861/5692/5502 4945/5696/5500
f 4850/5681/5435 5253/5684/5438 4946/5691/5503 4861/5692/5502
f 5253/5684/5438 4926/5690/5440 4961/5702/5504 4946/5691/5503
f 4846/5712/5441 5255/5720/5444 4948/5727/5505 4947/5721/5506
f 5255/5720/5444 4851/5726/5446 4864/5733/5507 4948/5727/5505
f 4851/5726/5446 4924/5732/5454 4949/5739/5508 4864/5733/5507
f 4924/5732/5454 4847/5738/5447 4865/5745/5509 4949/5739/5508
f 4847/5738/5447 5256/5744/5450 4951/5751/5510 4865/5745/5509
f 5256/5744/5450 4897/5750/5452 4950/5758/5511 4951/5751/5510
f 4910/5776/5512 4911/5769/5465 4928/5774/5462 5303/5780/5513
f 5303/5780/5513 4928/5774/5462 4931/5781/5461 4966/5786/5514
f 4952/5695/5515 4953/5687/5516 5252/5682/5436 4920/5686/5475
f 4960/5705/5517 4952/5695/5515 4920/5686/5475 4919/5694/5474
f 4954/5688/5518 4955/5699/5519 4914/5689/5439 4921/5683/5437
f 4953/5687/5516 4954/5688/5518 4921/5683/5437 5252/5682/5436
f 4956/5724/5520 4957/5730/5521 5254/5725/5445 4922/5719/5443
f 4870/5718/5522 4956/5724/5520 4922/5719/5443 4854/5711/5442
f 4958/5736/5523 4959/5742/5499 4852/5737/5448 4925/5731/5453
f 4957/5730/5521 4958/5736/5523 4925/5731/5453 5254/5725/5445
f 4944/2338/5501 4960/2337/5517 4919/2339/5474 4849/2340/5473
f 4943/2305/5498 4889/2309/5497 4890/2312/5481 4935/2310/5479
f 4959/2306/5499 4943/2305/5498 4935/2310/5479 4852/2311/5448
f 4962/5713/5524 4961/5702/5504 4926/5690/5440 4913/5701/5455
f 4913/5701/5455 4846/5712/5441 4947/5721/5506 4962/5713/5524
f 4853/5700/5456 4914/5689/5439 4955/5699/5519 4875/5710/5525
f 4875/5710/5525 4870/5718/5522 4854/5711/5442 4853/5700/5456
f 4877/5823/5526 4963/5817/5527 4848/5814/5467 4855/5820/5477
f 4963/5817/5527 4964/5811/5528 4932/5809/5468 4848/5814/5467
f 4879/5798/5529 4965/5791/5530 4927/5789/5458 4858/5793/5457
f 4965/5791/5530 4966/5786/5514 4931/5781/5461 4927/5789/5458
f 4855/2366/5477 4929/2367/5478 4967/2365/5531 4877/2364/5526
f 4929/5821/5478 4856/5815/5470 4880/5819/5532 4967/5825/5531
f 4856/5815/5470 4934/5808/5469 4970/5813/5533 4880/5819/5532
f 4915/5794/5460 4857/5788/5459 4882/5796/5534 4968/5799/5535
f 4857/5788/5459 4917/5782/5464 4883/5795/5536 4882/5796/5534
f 4917/2384/5464 4939/2385/5490 4969/2379/5537 4883/2378/5536
f 4939/2385/5490 4860/2390/5489 4982/2386/5538 4969/2379/5537
f 4964/5811/5528 4884/5805/5539 4859/5800/5471 4932/5809/5468
f 4858/5793/5457 4859/5800/5471 4884/5805/5539 4879/5798/5529
f 4934/5808/5469 4933/5801/5472 4971/5807/5540 4970/5813/5533
f 4968/5799/5535 4971/5807/5540 4933/5801/5472 4915/5794/5460
f 4871/8089/5254 5274/8095/5258 4976/8100/5541
f 5141//5261 4976//5541 5274//5258
f 4845/2282/5260 4872/2289/5491 4976/2291/5541 5141/2284/5261
f 4888/8153/5308 5168/8154/5307 4979/8279/5496 4873/8160/5495
f 4844/8157/5306 4980/8274/5542 4979/8279/5496 5168/8154/5307
f 4891/8280/5543 4981/8166/5544 4979/8159/5496 4980/8275/5542
f 4895/8169/5483 4936/8170/5482 4979/8159/5496 4981/8166/5544
f 4890/8175/5481 4889/8176/5497 4979/8159/5496 4936/8170/5482
f 4860/8177/5489 4983/8278/5488 4980/8277/5542 4982/8178/5538
f 4912/8171/5487 4891/8165/5543 4980/8276/5542 4983/8172/5488
f 4844//5306 5171//5305 4980//5542
f 4892/8182/5300 4980/8162/5542 5171/8158/5305
f 4944/5706/5501 4945/5696/5500 4984/5708/5545 4986/5716/5546
f 4945/5696/5500 4861/5692/5502 4985/5704/5547 4984/5708/5545
f 4984/7911/5545 4985/7916/5547 4760/7912/5218 4972/7907/5217
f 4986/7910/5546 4984/7911/5545 4972/7907/5217 5127/7906/5221
f 4861/5692/5502 4946/5691/5503 4987/5703/5548 4985/5704/5547
f 4946/5691/5503 4961/5702/5504 4862/5714/5549 4987/5703/5548
f 4987/7922/5548 4862/7929/5549 5144/7923/5224 4973/7917/5223
f 4985/7916/5547 4987/7922/5548 4973/7917/5223 4760/7912/5218
f 4961/5702/5504 4962/5713/5524 5006/5722/5550 4862/5714/5549
f 4862/7929/5549 5006/7935/5550 4874/7930/5262 5144/7923/5224
f 4947/5721/5506 4948/5727/5505 4988/5734/5551 4990/5728/5552
f 4948/5727/5505 4864/5733/5507 4989/5740/5553 4988/5734/5551
f 4988/7947/5551 4989/7953/5553 4765/7948/5228 4974/7942/5227
f 4990/7941/5552 4988/7947/5551 4974/7942/5227 4863/7936/5231
f 4864/5733/5507 4949/5739/5508 4991/5746/5554 4989/5740/5553
f 4949/5739/5508 4865/5745/5509 4992/5752/5555 4991/5746/5554
f 4991/7959/5554 4992/7965/5555 4866/7960/5237 5137/7954/5255
f 4989/7953/5553 4991/7959/5554 5137/7954/5255 4765/7948/5228
f 4865/5745/5509 4951/5751/5510 4994/5759/5556 4992/5752/5555
f 4951/5751/5510 4950/5758/5511 4993/5765/5557 4994/5759/5556
f 4994/7971/5556 4993/7977/5557 4898/7972/5234 4975/7966/5233
f 4992/7965/5555 4994/7971/5556 4975/7966/5233 4866/7960/5237
f 4995/5783/5558 4910/5776/5512 5303/5780/5513 5304/5787/5559
f 5304/5787/5559 5303/5780/5513 4966/5786/5514 4867/5792/5560
f 5150/7990/5279 4995/7995/5558 5304/8001/5559 5275/7996/5277
f 5275/7996/5277 5304/8001/5559 4867/8007/5560 5155/8002/5274
f 4966/5786/5514 4965/5791/5530 4996/5797/5561 4867/5792/5560
f 4867/8007/5560 4996/8013/5561 5148/8009/5273 5155/8002/5274
f 5127/2332/5221 4763/2331/5242 4997/2334/5562 4986/2335/5546
f 4986/2335/5546 4997/2334/5562 4960/2337/5517 4944/2338/5501
f 4763/2331/5242 5132/2333/5241 4999/2336/5563 4997/2334/5562
f 5132/8053/5241 4868/8052/5244 4998/8058/5564 4999/8059/5563
f 4999/5707/5563 4998/5697/5564 4953/5687/5516 4952/5695/5515
f 4997/5715/5562 4999/5707/5563 4952/5695/5515 4960/5705/5517
f 4868/8052/5244 5134/8057/5246 5000/8065/5565 4998/8058/5564
f 5134/8057/5246 4977/8064/5248 4869/8072/5566 5000/8065/5565
f 5000/5698/5565 4869/5709/5566 4955/5699/5519 4954/5688/5518
f 4998/5697/5564 5000/5698/5565 4954/5688/5518 4953/5687/5516
f 4870/5718/5522 4875/5710/5525 5002/5717/5567 5001/5723/5568
f 5001/8084/5568 5002/8078/5567 5143/8071/5265 4764/8077/5252
f 4764/8077/5252 5136/8083/5251 5004/8090/5569 5001/8084/5568
f 5136/8083/5251 4871/8089/5254 5003/8096/5570 5004/8090/5569
f 5004/5729/5569 5003/5735/5570 4957/5730/5521 4956/5724/5520
f 5001/5723/5568 5004/5729/5569 4956/5724/5520 4870/5718/5522
f 4871/8089/5254 4976/8100/5541 5005/8101/5571 5003/8096/5570
f 4976/2291/5541 4872/2289/5491 4942/2298/5494 5005/2300/5571
f 5005/2300/5571 4942/2298/5494 4959/2306/5499 4958/2307/5523
f 5003/5735/5570 5005/5741/5571 4958/5736/5523 4957/5730/5521
f 4863/7936/5231 4874/7930/5262 5006/7935/5550 4990/7941/5552
f 4990/5728/5552 5006/5722/5550 4962/5713/5524 4947/5721/5506
f 4977/8064/5248 5143/8071/5265 5002/8078/5567 4869/8072/5566
f 4869/5709/5566 5002/5717/5567 4875/5710/5525 4955/5699/5519
f 4877/2364/5526 4967/2365/5531 5007/2362/5572 4876/2361/5573
f 4876/2361/5573 5007/2362/5572 5151/2357/5281 5146/2358/5266
f 5146/8041/5266 4878/8035/5269 5008/8037/5574 4876/8043/5573
f 4876/5826/5573 5008/5822/5574 4963/5817/5527 4877/5823/5526
f 4878/8035/5269 5276/8030/5291 5009/8031/5575 5008/8037/5574
f 5008/5822/5574 5009/5816/5575 4964/5811/5528 4963/5817/5527
f 4879/5798/5529 4884/5805/5539 5011/5810/5576 5010/5804/5577
f 5010/8019/5577 5011/8025/5576 5159/8022/5294 4766/8015/5270
f 4766/8015/5270 5148/8009/5273 4996/8013/5561 5010/8019/5577
f 5010/5804/5577 4996/5797/5561 4965/5791/5530 4879/5798/5529
f 4967/5825/5531 4880/5819/5532 5012/5824/5578 5007/5827/5572
f 5007/2362/5572 5012/2363/5578 4768/2360/5282 5151/2357/5281
f 4880/5819/5532 4970/5813/5533 5013/5818/5579 5012/5824/5578
f 5012/8133/5578 5013/8125/5579 5162/8117/5292 4768/8128/5282
f 4970/5813/5533 4971/5807/5540 5018/5812/5580 5013/5818/5579
f 5013/8125/5579 5018/8119/5580 5160/8110/5297 5162/8117/5292
f 4968/5799/5535 4882/5796/5534 5014/5803/5581 5015/5806/5582
f 5015/8111/5582 5014/8112/5581 5152/8107/5286 4881/8106/5285
f 4882/5796/5534 4883/5795/5536 5016/5802/5583 5014/5803/5581
f 5014/8112/5581 5016/8121/5583 4978/8113/5288 5152/8107/5286
f 4883/2378/5536 4969/2379/5537 5017/2373/5584 5016/2372/5583
f 4969/2379/5537 4982/2386/5538 4980/2380/5542 5017/2373/5584
f 5017/2373/5584 4980/2380/5542 4892/2374/5300 5163/2370/5298
f 5016/2372/5583 5017/2373/5584 5163/2370/5298 4978/2369/5288
f 5276/8030/5291 5159/8022/5294 5011/8025/5576 5009/8031/5575
f 5009/5816/5575 5011/5810/5576 4884/5805/5539 4964/5811/5528
f 4881/8106/5285 5160/8110/5297 5018/8119/5580 5015/8111/5582
f 5015/5806/5582 5018/5812/5580 4971/5807/5540 4968/5799/5535
f 4888/2287/5308 4873/2296/5495 4940/2288/5492 5251/2281/5434
f 5251/2281/5434 4940/2288/5492 4872/2289/5491 4845/2282/5260
f 4896/5749/5451 4937/5755/5484 5305/5761/5585 5020/5756/5586
f 4937/5755/5484 4895/5760/5483 4981/5766/5544 5305/5761/5585
f 5305/5761/5585 4981/5766/5544 4891/5772/5543 5019/5767/5587
f 5020/5756/5586 5305/5761/5585 5019/5767/5587 5021/5762/5588
f 4897/5750/5452 4896/5749/5451 5020/5756/5586 5022/5757/5589
f 5022/5757/5589 5020/5756/5586 5021/5762/5588 5038/5763/5590
f 4950/5758/5511 4897/5750/5452 5022/5757/5589 5306/5764/5591
f 5306/5764/5591 5022/5757/5589 5038/5763/5590 5037/5770/5592
f 4993/5765/5557 4950/5758/5511 5306/5764/5591 5307/5771/5593
f 5307/5771/5593 5306/5764/5591 5037/5770/5592 5036/5777/5594
f 4898/7972/5234 4993/7977/5557 5307/7983/5593 5023/7978/5595
f 5023/7978/5595 5307/7983/5593 5036/7989/5594 5024/7984/5596
f 4899/7973/5235 4898/7972/5234 5023/7978/5595 5025/7979/5597
f 5025/7979/5597 5023/7978/5595 5024/7984/5596 4798/7985/5598
f 4900/7987/5348 5193/7980/5351 5308/7986/5599 5027/7993/5600
f 5193/7980/5351 4899/7973/5235 5025/7979/5597 5308/7986/5599
f 5308/7986/5599 5025/7979/5597 4798/7985/5598 5026/7992/5601
f 5027/7993/5600 5308/7986/5599 5026/7992/5601 4797/7999/5602
f 4901/5582/5154 5192/5588/5349 5309/5595/5603 5029/5589/5604
f 5192/7994/5349 4900/7987/5348 5027/7993/5600 5309/8000/5603
f 5309/8000/5603 5027/7993/5600 4797/7999/5602 5028/8006/5605
f 5029/5589/5604 5309/5595/5603 5028/5602/5605 5035/5596/5606
f 4902/5568/5077 5087/5575/5155 5310/5583/5607 5031/5576/5608
f 5087/5575/5155 4901/5582/5154 5029/5589/5604 5310/5583/5607
f 5310/5583/5607 5029/5589/5604 5035/5596/5606 5030/5590/5609
f 5031/5576/5608 5310/5583/5607 5030/5590/5609 5034/5584/5610
f 5041/5569/5078 4902/5568/5077 5031/5576/5608 5311/5577/5611
f 5311/5577/5611 5031/5576/5608 5034/5584/5610 5033/5585/5612
f 4903/5587/5108 5066/5578/5107 5312/5586/5613 5032/5594/5303
f 5066/5578/5107 5041/5569/5078 5311/5577/5611 5312/5586/5613
f 5312/5586/5613 5311/5577/5611 5033/5585/5612 5313/5593/5614
f 5032/5594/5303 5312/5586/5613 5313/5593/5614 5172/5601/5304
f 5033/5585/5612 4905/5592/5091 5068/5600/5112 5313/5593/5614
f 5313/5593/5614 5068/5600/5112 4904/5608/5111 5172/5601/5304
f 4906/5591/5092 4905/5592/5091 5033/5585/5612 5034/5584/5610
f 5030/5590/5609 5035/5596/5606 4907/5603/5158 5088/5597/5156
f 5034/5584/5610 5030/5590/5609 5088/5597/5156 4906/5591/5092
f 5028/8006/5605 4797/7999/5602 4908/8005/5354 5194/8012/5352
f 5035/5596/5606 5028/5602/5605 5194/5609/5352 4907/5603/5158
f 5026/7992/5601 4798/7985/5598 4909/7991/5278 5197/7998/5358
f 4797/7999/5602 5026/7992/5601 5197/7998/5358 4908/8005/5354
f 5150/7990/5279 4909/7991/5278 4798/7985/5598 5024/7984/5596
f 5036/7989/5594 4995/7995/5558 5150/7990/5279 5024/7984/5596
f 5037/5770/5592 4910/5776/5512 4995/5783/5558 5036/5777/5594
f 5038/5763/5590 4911/5769/5465 4910/5776/5512 5037/5770/5592
f 4916/5768/5466 4911/5769/5465 5038/5763/5590 5021/5762/5588
f 5019/5767/5587 4891/5772/5543 4912/5778/5487 4938/5773/5485
f 5021/5762/5588 5019/5767/5587 4938/5773/5485 4916/5768/5466
s 192
f 5319/5854/5615 5326/5855/5616 5343/5850/5617 5339/5849/5618
f 5320/5828/5619 5321/5829/5620 5323/5830/5621 5344/5831/5622
f 5344/5831/5622 5323/5830/5621 5340/5836/5623 5324/5837/5624
f 5344/5831/5622 5324/5837/5624 5317/5847/5625 5341/5838/5626
f 5320/5828/5619 5344/5831/5622 5341/5838/5626 5316/5839/5627
f 5327/5844/5628 5345/5835/5629 5342/5843/5630 5325/5851/5631
f 5345/5835/5629 5315/5834/5632 5318/5842/5633 5342/5843/5630
f 5325/5851/5631 5342/5843/5630 5343/5850/5617 5326/5855/5616
f 5342/5843/5630 5318/5842/5633 5339/5849/5618 5343/5850/5617
f 5321/5829/5620 5315/5834/5632 5345/5835/5629 5323/5830/5621
f 5323/5830/5621 5345/5835/5629 5327/5844/5628 5340/5836/5623
s 194
f 5334/5876/5634 5329/5874/5635 5337/5873/5636 5314/5877/5637
f 5333/5857/5638 5322/5858/5639 5544/5859/5640 5543/5860/5641 5330/5861/5642
f 5331/5868/5643 5338/5867/5644 5336/5870/5645 5328/5871/5646
f 5328/5871/5646 5336/5870/5645 5337/5873/5636 5329/5874/5635
f 5335/5863/5647 5338/5867/5644 5331/5868/5643 5332/5864/5648
s 197
f 5346/2417/5649 5347/2428/5650 5349/2419/5651 5348/2409/5652
f 5351/5878/5653 5350/5879/5654 5357/5880/5655 5356/5881/5656
f 5440/2468/5657 5398/2465/5658 5352/2453/5659 5441/2464/5660
f 5353/5899/5661 5439/5904/5662 5361/5905/5663 5363/5900/5664
f 5359/2411/5665 5358/2421/5666 5409/2422/5667 5410/2412/5668
f 5369/5887/5669 5368/5892/5670 5371/5888/5671 5370/5883/5672
f 5368/5892/5670 5367/5893/5673 5372/5889/5674 5371/5888/5671
f 5378/5911/5675 5377/5908/5676 5380/5909/5677 5379/5912/5678
f 5385/2456/5679 5384/2457/5680 5387/2448/5681 5386/2447/5682
f 5396/5919/5683 5395/5920/5684 5398/5921/5658 5440/5922/5657
f 5404/8190/5685 5403/8189/5686 5441/8193/5687 5353/8194/5688
f 5410/2412/5668 5409/2422/5667 5416/2423/5689 5415/2413/5690
f 5412/2401/5691 5411/2402/5692 5414/2403/5693 5413/2404/5694
f 5422/2415/5695 5421/2414/5696 5423/2425/5697 5383/2426/5698
f 5432/2439/5699 5431/2440/5700 5434/2441/5701 5433/2442/5702
f 5389/5940/5703 5388/5931/5704 5392/5924/5705 5390/5930/5706
f 5388/5931/5704 5394/5925/5707 5395/5920/5684 5392/5924/5705
f 5394/5925/5707 5397/5926/5708 5398/5921/5658 5395/5920/5684
f 5350/5879/5709 5400/5882/5710 5370/5883/5672 5357/5880/5711
f 5347/5938/5650 5391/5929/5712 5399/5941/5713 5349/5947/5714
f 5373/5903/5715 5375/5894/5716 5372/5889/5674 5367/5893/5673
f 5380/5909/5677 5377/5908/5676 5364/5902/5717 5362/5907/5718
f 5377/5908/5676 5373/5903/5715 5367/5893/5673 5364/5902/5717
f 5376/2431/5719 5374/2436/5720 5381/2432/5721 5423/2425/5697
f 5374/5910/5720 5378/5911/5675 5384/5916/5680 5381/5917/5721
f 5378/5911/5675 5379/5912/5678 5387/5918/5681 5384/5916/5680
f 5383/2426/5698 5382/2433/5722 5388/2437/5704 5389/2434/5703
f 5382/5942/5722 5385/5933/5723 5394/5925/5707 5388/5931/5704
f 5385/5933/5723 5386/5934/5682 5397/5926/5708 5394/5925/5707
f 5396/5919/5683 5440/5922/5657 5441/5927/5724 5403/5928/5725
f 5391/5929/5712 5393/5923/5726 5401/5932/5727 5399/5941/5713
f 5393/5923/5726 5396/5919/5683 5403/5928/5725 5401/5932/5727
f 5400/5882/5710 5402/5886/5728 5369/5887/5669 5370/5883/5672
f 5402/5886/5728 5404/5890/5685 5366/5891/5729 5369/5887/5669
f 5404/5890/5685 5353/5899/5688 5363/5900/5730 5366/5891/5729
f 5359/2411/5665 5410/2412/5668 5412/2401/5691 5413/2404/5694
f 5410/2412/5668 5415/2413/5690 5417/2405/5731 5412/2401/5691
f 5415/2413/5690 5419/2424/5732 5421/2414/5696 5417/2405/5731
f 5419/2424/5732 5376/2431/5719 5423/2425/5697 5421/2414/5696
f 5434/2441/5701 5431/2440/5700 5435/2445/5733 5407/2446/5734
f 5431/2440/5700 5436/2444/5735 5438/2454/5736 5435/2445/5733
f 5436/2444/5735 5352/2453/5737 5398/2465/5738 5438/2454/5736
f 5356/2420/5656 5359/2411/5665 5413/2404/5694 5351/2410/5739
f 5348/2409/5740 5414/2403/5693 5408/2408/5741 5346/2417/5742
f 5433/2442/5702 5387/2448/5681 5379/2458/5678 5406/2449/5743
f 5397/2455/5708 5386/2447/5682 5434/2441/5701 5407/2446/5734
f 5355/5884/5744 5372/5889/5674 5375/5894/5716 5420/5895/5745 5416/5896/5689 5409/5897/5667 5358/5898/5666
f 5405/5913/5746 5380/5909/5677 5362/5907/5718 5429/5914/5747 5427/5915/5748
f 5389/5940/5703 5390/5930/5706 5346/5939/5649 5408/5943/5749 5424/5944/5750 5425/5945/5751 5426/5946/5752
f 5398/5921/5658 5397/5926/5708 5407/5935/5753 5435/5936/5754 5438/5937/5755
f 5422/2415/5695 5383/2426/5698 5389/2434/5703 5426/2427/5756
f 5418/2406/5757 5422/2415/5695 5426/2427/5756 5425/2416/5758
f 5414/2403/5693 5411/2402/5692 5424/2407/5759 5408/2408/5741
f 5411/2402/5692 5418/2406/5757 5425/2416/5758 5424/2407/5759
f 5406/2449/5743 5428/2450/5760 5432/2439/5699 5433/2442/5702
f 5428/2450/5760 5430/2451/5761 5437/2443/5762 5432/2439/5699
f 5430/2451/5761 5361/2462/5663 5439/2452/5763 5437/2443/5762
f 5356/2420/5656 5355/2429/5744 5358/2421/5666 5359/2411/5665
f 5362/2467/5718 5361/2462/5663 5430/2451/5761 5429/2461/5764
f 5363/5900/5730 5360/5906/5765 5365/5901/5766 5366/5891/5729
f 5360/5906/5765 5362/5907/5718 5364/5902/5717 5365/5901/5766
f 5366/5891/5729 5365/5901/5766 5368/5892/5670 5369/5887/5669
f 5365/5901/5766 5364/5902/5717 5367/5893/5673 5368/5892/5670
f 5355/5884/5744 5354/5885/5767 5371/5888/5671 5372/5889/5674
f 5354/5885/5767 5357/5880/5711 5370/5883/5672 5371/5888/5671
f 5373/2438/5715 5374/2436/5720 5376/2431/5719 5375/2435/5716
f 5374/5910/5720 5373/5903/5715 5377/5908/5676 5378/5911/5675
f 5381/2432/5721 5382/2433/5768 5383/2426/5698 5423/2425/5697
f 5382/8183/5769 5381/8184/5721 5384/8185/5680 5385/8186/5770
f 5347/5938/5650 5346/5939/5649 5390/5930/5706 5391/5929/5712
f 5391/5929/5712 5390/5930/5706 5392/5924/5705 5393/5923/5726
f 5393/5923/5726 5392/5924/5705 5395/5920/5684 5396/5919/5683
f 5350/8195/5709 5349/8196/5714 5399/8192/5713 5400/8191/5710
f 5400/8191/5710 5399/8192/5713 5401/8188/5771 5402/8187/5728
f 5402/8187/5728 5401/8188/5771 5403/8189/5772 5404/8190/5685
f 5379/2458/5678 5380/2466/5677 5405/2459/5773 5406/2449/5743
f 5348/2409/5740 5351/2410/5739 5413/2404/5694 5414/2403/5693
f 5415/2413/5690 5416/2423/5689 5420/2430/5774 5419/2424/5732
f 5411/2402/5692 5412/2401/5691 5417/2405/5731 5418/2406/5757
f 5375/2435/5716 5376/2431/5719 5419/2424/5732 5420/2430/5774
f 5418/2406/5757 5417/2405/5731 5421/2414/5696 5422/2415/5695
f 5406/2449/5743 5405/2459/5773 5427/2460/5775 5428/2450/5760
f 5428/2450/5760 5427/2460/5775 5429/2461/5764 5430/2451/5761
f 5431/2440/5700 5432/2439/5699 5437/2443/5762 5436/2444/5735
f 5386/2447/5682 5387/2448/5681 5433/2442/5702 5434/2441/5701
f 5436/2444/5735 5437/2443/5762 5439/2452/5763 5352/2453/5737
s off
f 5350/2418/5776 5351/2410/5777 5348/2409/5778 5349/2419/5779
f 5352/2453/5780 5439/2452/5781 5353/2463/5782 5441/2464/5783
s 197
f 5355/5884/5744 5356/5881/5656 5357/5880/5655 5354/5885/5767
f 5363/5900/5664 5361/5905/5663 5362/5907/5718 5360/5906/5765
s 210
f 5443/5948/5784 5442/5949/5785 5493/5950/5786 5492/5951/5787
f 5442/2497/5788 5444/2491/5789 5494/2483/5790 5493/2489/5791
f 5444/5953/5792 5476/5952/5793 5447/5960/5794 5446/5961/5795
f 5450/2511/5796 5449/2520/5797 5496/2512/5798 5495/2506/5799
f 5449/5973/5800 5483/5965/5801 5497/5977/5802 5496/5979/5803
f 5451/5966/5804 5450/5972/5805 5455/5978/5806 5487/5974/5807
f 5505/5987/5808 5457/5988/5809 5500/5989/5810 5502/5990/5811
f 5458/6005/5812 5453/6010/5813 5525/6015/5814 5459/6009/5815
f 5463/6003/5816 5461/5997/5817 5465/6004/5818 5464/6007/5819
f 5469/8197/5820 5466/8198/5821 5471/8199/5822 5470/8200/5823
f 5466/6013/5824 5463/6003/5816 5464/6007/5819 5471/6014/5822
f 5473/2501/5825 5472/2503/5826 5474/2502/5827 5519/2495/5828
f 5472/5970/5826 5478/5963/5829 5475/5956/5830 5474/5964/5827
f 5479/5959/5831 5477/5958/5832 5483/5965/5801 5451/5966/5804
f 5486/5998/5833 5485/6002/5834 5454/6006/5835 5458/6005/5812
f 5485/8241/5836 5484/8240/5837 5487/8242/5838 5454/8243/5839
f 5498/6001/5840 5500/5989/5810 5509/5994/5841 5508/5999/5842
f 5502/2469/5811 5501/2470/5843 5506/2471/5844 5505/2472/5808
f 5501/2470/5843 5504/2475/5845 5507/2476/5846 5506/2471/5844
f 5475/5956/5830 5478/5963/5829 5477/5958/5832 5443/5948/5784
f 5478/5963/5829 5480/5971/5847 5483/5965/5801 5477/5958/5832
f 5461/5997/5817 5512/5993/5848 5460/5992/5849 5486/5998/5833
f 5465/6004/5818 5461/5997/5817 5486/5998/5833 5458/6005/5812
f 5468/2494/5850 5469/2500/5820 5473/2501/5825 5519/2495/5828
f 5469/5985/5820 5470/5986/5823 5482/5981/5851 5473/5980/5825
f 5479/5959/5831 5451/5966/5804 5487/5974/5838 5484/5967/5837
f 5476/5952/5793 5479/5959/5831 5484/5967/5837 5447/5960/5852
f 5521/2504/5853 5523/2505/5854 5495/2506/5799 5491/2507/5855
f 5446/2484/5856 5507/2476/5846 5494/2483/5790 5444/2491/5789
f 5523/2505/5854 5455/2510/5857 5450/2511/5796 5495/2506/5799
f 5482/2514/5851 5470/2515/5823 5521/2504/5853 5491/2507/5855
f 5460/5992/5849 5512/5993/5848 5509/5994/5841 5500/5989/5810 5457/5988/5809
f 5488/6008/5858 5465/6004/5818 5458/6005/5812 5459/6009/5815
f 5475/5956/5830 5443/5948/5784 5492/5951/5787 5513/5955/5859 5516/5957/5860
f 5483/5965/5801 5480/5971/5847 5522/5976/5861 5497/5977/5802
f 5511/2487/5862 5468/2494/5850 5519/2495/5828 5518/2488/5863
f 5507/2476/5846 5504/2475/5845 5515/2482/5864 5494/2483/5790
f 5504/2475/5845 5511/2487/5862 5518/2488/5863 5515/2482/5864
f 5456/5991/5865 5460/5992/5849 5457/5988/5809 5505/5987/5808
f 5459/6009/5815 5525/6015/5814 5489/6012/5866 5488/6008/5858
f 5461/5997/5817 5463/6003/5816 5462/6000/5867 5512/5993/5848
f 5463/2498/5816 5466/2499/5868 5467/2493/5869 5462/2492/5867
f 5466/2499/5870 5469/2500/5820 5468/2494/5850 5467/2493/5869
f 5476/5952/5793 5443/5948/5784 5477/5958/5832 5479/5959/5831
f 5478/5963/5829 5472/5970/5826 5481/5975/5871 5480/5971/5847
f 5472/5970/5826 5473/5980/5825 5482/5981/5851 5481/5975/5871
f 5480/5971/5847 5481/5975/5871 5490/5982/5872 5522/5976/5861
f 5481/2521/5871 5482/2514/5851 5491/2507/5855 5490/2513/5873
f 5460/5992/5849 5448/5995/5874 5485/6002/5875 5486/5998/5833
f 5448/8238/5876 5447/8239/5852 5484/8240/5837 5485/8241/5877
f 5464/6007/5819 5465/6004/5818 5488/6008/5858 5489/6012/5866
f 5492/5951/5787 5493/5950/5786 5514/5954/5878 5513/5955/5859
f 5493/2489/5791 5494/2483/5790 5515/2482/5864 5514/2490/5879
f 5446/2484/5856 5445/2477/5880 5506/2471/5844 5507/2476/5846
f 5445/2477/5880 5456/2478/5881 5505/2472/5808 5506/2471/5844
f 5508/5999/5842 5509/5994/5841 5512/5993/5848 5462/6000/5867
f 5504/2475/5845 5503/2481/5882 5510/2486/5883 5511/2487/5862
f 5503/2481/5882 5498/2480/5840 5508/2485/5842 5510/2486/5883
f 5511/2487/5862 5510/2486/5883 5467/2493/5869 5468/2494/5850
f 5510/2486/5883 5508/2485/5842 5462/2492/5867 5467/2493/5869
f 5513/5955/5859 5514/5954/5878 5517/5962/5884 5516/5957/5860
f 5514/2490/5879 5515/2482/5864 5518/2488/5863 5517/2496/5885
f 5516/5957/5860 5517/5962/5884 5474/5964/5827 5475/5956/5830
f 5517/2496/5885 5518/2488/5863 5519/2495/5828 5474/2502/5827
f 5470/2515/5823 5471/2516/5822 5520/2508/5886 5521/2504/5853
f 5471/2516/5822 5464/2522/5819 5489/2517/5887 5520/2508/5886
f 5521/2504/5853 5520/2508/5886 5524/2509/5888 5523/2505/5854
f 5520/2508/5886 5489/2517/5887 5525/2518/5889 5524/2509/5888
f 5495/2506/5799 5496/2512/5798 5490/2513/5873 5491/2507/5855
f 5496/5979/5803 5497/5977/5802 5522/5976/5861 5490/5982/5872
f 5453/2523/5890 5452/2519/5891 5524/2509/5888 5525/2518/5889
f 5452/2519/5891 5455/2510/5857 5523/2505/5854 5524/2509/5888
f 5443/5948/5784 5476/5952/5793 5444/5953/5792 5442/5949/5785
s off
f 5446/5961/5892 5447/5960/5893 5448/5968/5894 5445/5969/5895
f 5448/5995/5896 5460/5992/5897 5456/5991/5898 5445/5996/5899
s 210
f 5450/5972/5805 5451/5966/5804 5483/5965/5801 5449/5973/5800
s off
f 5453/6010/5900 5458/6005/5901 5454/6006/5902 5452/6011/5903
f 5454/5983/5904 5487/5974/5905 5455/5978/5906 5452/5984/5907
s 210
f 5502/2469/5811 5500/2479/5810 5498/2480/5840 5499/2473/5908
f 5503/2481/5882 5504/2475/5845 5501/2470/5843 5526/2474/5909
f 5501/2470/5843 5502/2469/5811 5499/2473/5908 5526/2474/5909
f 5499/2473/5908 5498/2480/5840 5503/2481/5882 5526/2474/5909
s 194
f 5543/5860/5641 5545/5862/5910 5335/5863/5647 5332/5864/5648 5330/5861/5642
s 221
f 5527/2541/5911 5528/2539/5912 5558/2533/5913 5557/2537/5914
f 5528/2539/5912 5527/2541/5911 5530/2545/5915 5529/2542/5916
f 5529/2542/5916 5530/2545/5915 5532/2549/5917 5531/2546/5918
s 222
f 5531/8201/5919 5532/8202/5920 5555/8203/5921 5556/8204/5922
s 223
f 5533/2525/5923 5535/2528/5924 5568/2535/5925 5567/2530/5926
s 222
f 5534/2524/5927 5533/2525/5928 5541/2526/5929 5540/2527/5930
s 223
f 5535/2528/5924 5534/2524/5931 5537/2532/5932 5536/2534/5933
f 5536/2534/5933 5537/2532/5932 5539/2538/5934 5538/2540/5935
f 5538/2540/5935 5539/2538/5934 5570/2543/5936 5569/2544/5937
s 221
f 5540/2527/5938 5542/2531/5939 5557/2537/5914 5558/2533/5913
f 5542/2531/5939 5541/2526/5940 5553/2529/5941 5554/2536/5942
s 225
f 5545/2552/5943 5544/2553/5944 5547/2554/5945 5546/2555/5946
s 226
f 5546/2555/5947 5548/2558/5948 5566/2562/5949 5565/2559/5950
f 5548/2558/5948 5547/2554/5951 5573/2557/5952 5574/2561/5953
s off
f 5549/8205/5954 5550/8206/5955 5563/8207/5956 5564/8208/5957
f 5550/8209/5958 5549/8210/5959 5552/8211/5960 5551/8212/5961
f 5551/8212/5962 5552/8211/5963 5561/8213/5964 5562/8214/5965
f 5559/8215/5966 5560/8216/5967 5562/8217/5968 5561/8218/5969
s 226
f 5560/2571/5970 5559/2570/5971 5575/2567/5972 5576/2568/5973
s 223
f 5564/2547/5974 5563/2548/5975 5569/2544/5937 5570/2543/5936
s 226
f 5565/2559/5950 5566/2562/5949 5577/2565/5976 5578/2563/5977
s 228
f 5567/8219/5978 5568/8220/5979 5572/8221/5980 5571/8222/5981
f 5571/8222/5981 5572/8221/5980 5574/8223/5982 5573/8224/5983
s 226
f 5576/2568/5973 5575/2567/5972 5578/2563/5977 5577/2565/5976
s off
f 5560/8244/5984 5326/8245/5985 5319/8246/5986 5562/8247/5987
f 5550/8248/5988 5319/8249/5989 5339/8250/5990 5563/8251/5991
s 192
f 5320/5828/5619 5535/5832/5992 5536/5833/5993 5321/5829/5620
f 5548/5845/5994 5324/5837/5624 5340/5836/5623 5566/5846/5995
s 225
f 5559/2570/5996 5561/2572/5997 5314/2573/5998 5337/2569/5999
s 222
f 5549/2550/6000 5564/2547/6001 5531/2546/5919 5556/2551/5922
f 5537/2532/6002 5534/2524/5927 5540/2527/5930 5558/2533/6003
s 225
f 5546/2555/5946 5565/2559/6004 5335/2560/6005 5545/2552/5943
s 222
f 5553/2529/6006 5541/2526/5929 5533/2525/5928 5567/2530/6007
s 228
f 5571/8222/5981 5573/8224/5983 5322/8228/6008 5333/8225/6009
f 5567/8219/5978 5571/8222/5981 5333/8225/6009 5554/8226/6010 5553/8227/6011
s 225
f 5547/2554/5945 5544/2553/5944 5322/2556/6012 5573/2557/6013
f 5336/2566/6014 5338/2564/6015 5578/2563/6016 5575/2567/6017
f 5337/2569/5999 5336/2566/6014 5575/2567/6017 5559/2570/5996
f 5334/8229/6018 5314/8230/5998 5561/8231/5997 5552/8232/6019
s 222
f 5570/2543/6020 5529/2542/6021 5531/2546/5919 5564/2547/6001
f 5539/2538/6022 5528/2539/6023 5529/2542/6021 5570/2543/6020
f 5539/2538/6022 5537/2532/6002 5558/2533/6003 5528/2539/6023
s 225
f 5565/2559/6004 5578/2563/6016 5338/2564/6015 5335/2560/6005
s 230
f 5568/8252/6024 5316/8253/6025 5341/8254/6026 5572/8255/6027
f 5572/8255/6027 5341/8254/6026 5317/8256/6028 5574/8257/6029
s 192
f 5316/5839/5627 5568/5840/6030 5535/5832/5992 5320/5828/5619
f 5574/5853/6031 5317/5847/5625 5324/5837/5624 5548/5845/5994
f 5577/5852/6032 5327/5844/5628 5325/5851/5631 5576/5856/6033
f 5315/5834/5632 5538/5841/6034 5569/5848/6035 5318/5842/5633
s off
f 5576/8258/6036 5325/8259/6037 5326/8260/6038 5560/8261/6039
f 5318/8262/6040 5569/8263/6041 5563/8264/6042 5339/8265/6043
f 5319/8266/6044 5550/8267/6045 5551/8268/6046 5562/8269/6047
s 192
f 5321/5829/5620 5536/5833/5993 5538/5841/6034 5315/5834/5632
f 5566/5846/5995 5340/5836/5623 5327/5844/5628 5577/5852/6032
s off
f 5555/8270/6048 5532/8271/6049 5329/8272/6050 5334/8273/6051
s 194
f 5330/5861/5642 5332/5864/5648 5557/5869/6052 5542/5865/6053
f 5542/5865/6053 5554/5866/6054 5333/5857/5638 5330/5861/5642
f 5527/5872/6055 5331/5868/5643 5328/5871/5646 5530/5875/6056
f 5530/6016/6056 5328/6017/5646 5329/6018/5635 5532/6019/6057
f 5332/5864/5648 5331/5868/5643 5527/5872/6055 5557/5869/6052
s 222
f 5556/8233/5922 5555/8234/5921 5334/8235/6058 5552/8236/6059 5549/8237/6000
s 223
f 5533/2525/5923 5534/2524/5931 5535/2528/5924
s 221
f 5540/2527/5938 5541/2526/5940 5542/2531/5939
s 194
f 5543/5860/5641 5544/5859/5640 5545/5862/5910
s 226
f 5546/2555/5947 5547/2554/5951 5548/2558/5948
