# This file uses centimeters as units for non-parametric coordinates.

mtllib Tet_Tent_PF.mtl
g default
v -540.418030 400.991455 724.480774
v -560.669922 400.991455 704.126404
v -588.474548 400.991455 696.676208
v -616.381714 400.991455 704.126404
v -636.784729 400.991455 724.480774
v -644.234863 400.991455 752.285400
v -636.784729 400.991455 780.090027
v -616.381714 400.991455 800.444397
v -588.474548 400.991455 807.894592
v -560.669922 400.991455 800.444397
v -540.418030 400.991455 780.090027
v -533.016357 400.991455 752.285400
v -588.844360 400.991455 752.285400
v -511.763000 -0.309256 732.905762
v -506.696991 -0.266978 752.285400
v -511.763000 -0.309256 771.665039
v -525.601624 -0.451530 785.851929
v -544.405212 -0.719521 791.044678
v -563.382019 -1.009389 785.851929
v -577.367981 -1.200816 771.665039
v -582.605225 -1.291428 752.285400
v -577.367981 -1.200816 732.905762
v -563.382019 -1.009389 718.718872
v -544.405212 -0.719521 713.526123
v -525.601624 -0.451530 718.718872
v -524.109558 223.916962 731.916809
v -518.651794 223.916962 752.285400
v -524.109558 223.916962 772.653992
v -539.020386 223.916962 787.564880
v -559.388916 223.916962 793.022644
v -579.757568 223.916962 787.564880
v -594.668335 223.916962 772.653992
v -600.126160 223.916962 752.285400
v -594.668335 223.916962 731.916809
v -579.757568 223.916962 717.005920
v -559.388916 223.916962 711.548218
v -539.020386 223.916962 717.005920
v -508.214539 -159.279892 730.814819
v -502.601898 -159.233093 752.285400
v -508.214539 -159.279892 773.756042
v -523.546265 -159.437515 789.473633
v -544.378723 -159.734451 795.226624
v -565.402954 -160.055588 789.473633
v -580.897949 -160.267654 773.756042
v -586.700256 -160.368042 752.285400
v -580.897949 -160.267654 730.814819
v -565.402954 -160.055588 715.097168
v -544.378723 -159.734451 709.344177
v -523.546265 -159.437515 715.097168
v -534.483459 -299.474640 728.705139
v -528.319275 -299.423248 752.285400
v -534.483459 -299.474640 775.865662
v -551.321655 -299.647736 793.127686
v -574.200989 -299.973877 799.445862
v -597.291138 -300.326508 793.127686
v -614.308594 -300.559448 775.865662
v -620.681030 -300.669739 752.285400
v -614.308594 -300.559448 728.705139
v -597.291138 -300.326508 711.443176
v -574.200989 -299.973877 705.124939
v -551.321655 -299.647736 711.443176
v -539.369812 -401.709961 721.594971
v -531.346985 -401.643158 752.285400
v -539.369812 -401.709961 782.975830
v -561.285217 -401.935211 805.442810
v -591.063477 -402.359741 813.666260
v -621.115967 -402.818726 805.442810
v -643.264771 -403.121918 782.975830
v -651.558655 -403.265381 752.285400
v -643.264771 -403.121918 721.594971
v -621.115967 -402.818726 699.127991
v -591.063477 -402.359741 690.904541
v -561.285217 -401.935211 699.127991
vt 0.115559 0.514364
vt 0.136414 0.514267
vt 0.128135 0.741642
vt 0.106428 0.738691
vt 0.347826 0.742716
vt 0.321144 0.515190
vt 0.326104 0.746060
vt 0.300871 0.515200
vt 0.304326 0.749622
vt 0.280462 0.515257
vt 0.282385 0.752809
vt 0.259837 0.515314
vt 0.081825 0.658287
vt 0.070498 0.646960
vt 0.055025 0.642814
vt 0.039552 0.646960
vt 0.028225 0.658287
vt 0.024079 0.673760
vt 0.028225 0.689233
vt 0.039552 0.700559
vt 0.055025 0.704705
vt 0.070498 0.700559
vt 0.081825 0.689233
vt 0.085971 0.673760
vt 0.055025 0.673760
vt 0.260226 0.754980
vt 0.239090 0.515251
vt 0.237915 0.755648
vt 0.218344 0.515111
vt 0.215611 0.754762
vt 0.197719 0.514852
vt 0.193474 0.752374
vt 0.177312 0.514596
vt 0.171565 0.748973
vt 0.157040 0.514388
vt 0.149823 0.745198
vt 0.095398 0.920407
vt 0.066509 0.913819
vt 0.350461 0.928922
vt 0.322357 0.936230
vt 0.294124 0.942676
vt 0.265667 0.947104
vt 0.236971 0.948661
vt 0.208291 0.946823
vt 0.179879 0.942117
vt 0.151710 0.935396
vt 0.123679 0.927813
vt 0.103485 0.357730
vt 0.126408 0.355608
vt 0.330862 0.353575
vt 0.308814 0.350004
vt 0.286406 0.346643
vt 0.263385 0.344257
vt 0.239931 0.343307
vt 0.216468 0.344027
vt 0.193425 0.346188
vt 0.170985 0.349330
vt 0.148903 0.352685
vt 0.092285 0.217933
vt 0.117211 0.212977
vt 0.339459 0.207790
vt 0.315519 0.200897
vt 0.291216 0.194596
vt 0.266209 0.190176
vt 0.240688 0.188492
vt 0.215151 0.189926
vt 0.190102 0.194102
vt 0.165739 0.200164
vt 0.141733 0.206823
vt 0.060849 0.120103
vt 0.091816 0.110837
vt 0.360626 0.102356
vt 0.331819 0.092556
vt 0.302524 0.083979
vt 0.272247 0.078000
vt 0.241240 0.075544
vt 0.210211 0.077697
vt 0.179877 0.083380
vt 0.150499 0.091670
vt 0.121598 0.101187
vt 0.362624 0.515572
vt 0.369561 0.739977
vt 0.407765 0.915487
vt 0.378812 0.921793
vt 0.341771 0.515271
vt 0.376229 0.359064
vt 0.353328 0.356718
vt 0.388795 0.219383
vt 0.363919 0.214183
vt 0.390312 0.112296
vt 0.421186 0.121865
vn 0.000000 1.000000 0.000000
vn 0.000000 1.000000 0.000000
vn 0.000000 1.000000 -0.000000
vn 0.000000 1.000000 0.000000
vn 0.000000 1.000000 0.000000
vn 0.000000 1.000000 -0.000001
vn 0.000000 1.000000 0.000000
vn 0.000000 1.000000 0.000001
vn 0.000000 1.000000 -0.000001
vn 0.000000 1.000000 -0.000001
vn 0.000000 1.000000 -0.000000
vn 0.000000 1.000000 0.000000
vn 0.000000 1.000000 0.000000
vn 0.965383 0.051754 -0.255650
vn 0.965383 0.051754 -0.255650
vn 0.964382 0.064964 -0.256413
vn 0.964422 0.064478 -0.256386
vn 0.965383 0.051755 0.255651
vn 0.965383 0.051755 0.255651
vn 0.964421 0.064478 0.256387
vn 0.964381 0.064964 0.256414
vn 0.710784 0.036593 0.702457
vn 0.710784 0.036593 0.702458
vn 0.709339 0.036022 0.703947
vn 0.709182 0.035961 0.704108
vn 0.262307 0.008660 0.964946
vn 0.262307 0.008660 0.964946
vn 0.260685 -0.013091 0.965335
vn 0.260429 -0.016378 0.965354
vn -0.261026 -0.026130 0.964978
vn -0.261026 -0.026130 0.964978
vn -0.259174 -0.070719 0.963238
vn -0.258848 -0.077480 0.962806
vn -0.708201 -0.057218 0.703688
vn -0.708201 -0.057218 0.703688
vn -0.702801 -0.121922 0.700860
vn -0.702033 -0.128949 0.700373
vn -0.962891 -0.075024 0.259256
vn -0.962890 -0.075024 0.259256
vn -0.954371 -0.153148 0.256364
vn -0.953925 -0.156133 0.256221
vn -0.962890 -0.075024 -0.259256
vn -0.962891 -0.075024 -0.259256
vn -0.953925 -0.156133 -0.256221
vn -0.954371 -0.153148 -0.256364
vn -0.708203 -0.057218 -0.703687
vn -0.708203 -0.057218 -0.703687
vn -0.702034 -0.128948 -0.700372
vn -0.702803 -0.121922 -0.700859
vn -0.261020 -0.026130 -0.964980
vn -0.261020 -0.026130 -0.964980
vn -0.258846 -0.077480 -0.962806
vn -0.259172 -0.070719 -0.963239
vn 0.262297 0.008660 -0.964948
vn 0.262297 0.008660 -0.964948
vn 0.260425 -0.016379 -0.965355
vn 0.260680 -0.013092 -0.965336
vn 0.710784 0.036594 -0.702458
vn 0.710784 0.036594 -0.702457
vn 0.709183 0.035961 -0.704107
vn 0.709339 0.036022 -0.703946
vn 0.963223 0.078026 -0.257124
vn 0.963223 0.078026 -0.257124
vn 0.963223 0.078026 0.257124
vn 0.963223 0.078026 0.257124
vn 0.707692 0.035373 0.705635
vn 0.707691 0.035373 0.705636
vn 0.258625 -0.038584 0.965207
vn 0.258625 -0.038584 0.965207
vn -0.256352 -0.122694 0.958765
vn -0.256352 -0.122694 0.958765
vn -0.693203 -0.193945 0.694158
vn -0.693203 -0.193945 0.694158
vn -0.939124 -0.233933 0.251637
vn -0.939124 -0.233933 0.251637
vn -0.939124 -0.233933 -0.251637
vn -0.939124 -0.233933 -0.251637
vn -0.693203 -0.193945 -0.694157
vn -0.693203 -0.193945 -0.694157
vn -0.256354 -0.122694 -0.958764
vn -0.256354 -0.122694 -0.958764
vn 0.258626 -0.038584 -0.965207
vn 0.258626 -0.038584 -0.965207
vn 0.707692 0.035373 -0.705635
vn 0.707692 0.035373 -0.705635
vn 0.967176 0.024915 -0.252884
vn 0.967176 0.024915 -0.252884
vn 0.967176 0.024915 -0.252884
vn 0.967176 0.024915 -0.252884
vn 0.967176 0.024915 0.252883
vn 0.967176 0.024915 0.252883
vn 0.967176 0.024915 0.252883
vn 0.967176 0.024915 0.252883
vn 0.715486 0.025154 0.698175
vn 0.715486 0.025154 0.698175
vn 0.715485 0.025154 0.698175
vn 0.715486 0.025154 0.698175
vn 0.265766 0.025389 0.963703
vn 0.265766 0.025389 0.963703
vn 0.265766 0.025389 0.963703
vn 0.265766 0.025389 0.963703
vn -0.264205 0.025312 0.964134
vn -0.264205 0.025312 0.964135
vn -0.264205 0.025312 0.964134
vn -0.264205 0.025312 0.964134
vn -0.712077 0.025026 0.701655
vn -0.712077 0.025026 0.701655
vn -0.712077 0.025026 0.701655
vn -0.712077 0.025026 0.701655
vn -0.965101 0.024844 0.260697
vn -0.965101 0.024844 0.260697
vn -0.965101 0.024844 0.260697
vn -0.965101 0.024844 0.260697
vn -0.965101 0.024844 -0.260697
vn -0.965101 0.024844 -0.260697
vn -0.965101 0.024844 -0.260697
vn -0.965101 0.024844 -0.260697
vn -0.712076 0.025026 -0.701656
vn -0.712076 0.025026 -0.701656
vn -0.712076 0.025026 -0.701656
vn -0.712076 0.025026 -0.701656
vn -0.264209 0.025312 -0.964133
vn -0.264209 0.025312 -0.964133
vn -0.264209 0.025312 -0.964133
vn -0.264209 0.025312 -0.964133
vn 0.265772 0.025389 -0.963701
vn 0.265772 0.025389 -0.963701
vn 0.265772 0.025389 -0.963701
vn 0.265772 0.025389 -0.963701
vn 0.715485 0.025154 -0.698175
vn 0.715486 0.025154 -0.698175
vn 0.715486 0.025154 -0.698175
vn 0.715486 0.025154 -0.698175
vn 0.952692 -0.174768 -0.248664
vn 0.952692 -0.174768 -0.248664
vn 0.952692 -0.174768 -0.248664
vn 0.952692 -0.174768 -0.248664
vn 0.952692 -0.174768 0.248663
vn 0.952692 -0.174768 0.248663
vn 0.952692 -0.174768 0.248663
vn 0.952692 -0.174768 0.248663
vn 0.711035 -0.122812 0.692348
vn 0.711035 -0.122812 0.692348
vn 0.711035 -0.122812 0.692348
vn 0.711035 -0.122812 0.692348
vn 0.266454 -0.027676 0.963450
vn 0.266454 -0.027676 0.963450
vn 0.266454 -0.027676 0.963450
vn 0.266454 -0.027676 0.963450
vn -0.264183 0.085083 0.960712
vn -0.264183 0.085083 0.960712
vn -0.264183 0.085083 0.960712
vn -0.264183 0.085083 0.960712
vn -0.702014 0.177557 0.689674
vn -0.702014 0.177557 0.689674
vn -0.702014 0.177557 0.689674
vn -0.702014 0.177557 0.689674
vn -0.940271 0.227732 0.253038
vn -0.940271 0.227732 0.253038
vn -0.940271 0.227732 0.253038
vn -0.940271 0.227732 0.253038
vn -0.940271 0.227732 -0.253038
vn -0.940271 0.227732 -0.253038
vn -0.940271 0.227732 -0.253038
vn -0.940271 0.227732 -0.253038
vn -0.702015 0.177556 -0.689673
vn -0.702015 0.177556 -0.689673
vn -0.702015 0.177556 -0.689673
vn -0.702015 0.177556 -0.689673
vn -0.264181 0.085084 -0.960713
vn -0.264181 0.085084 -0.960713
vn -0.264181 0.085084 -0.960713
vn -0.264181 0.085084 -0.960713
vn 0.266454 -0.027676 -0.963450
vn 0.266454 -0.027676 -0.963450
vn 0.266454 -0.027676 -0.963450
vn 0.266454 -0.027676 -0.963450
vn 0.711037 -0.122812 -0.692346
vn 0.711037 -0.122812 -0.692346
vn 0.711037 -0.122812 -0.692346
vn 0.711038 -0.122812 -0.692346
vn 0.967107 -0.028645 -0.252751
vn 0.967107 -0.028645 -0.252751
vn 0.967107 -0.028645 -0.252751
vn 0.967107 -0.028645 -0.252751
vn 0.967107 -0.028645 0.252751
vn 0.967107 -0.028645 0.252751
vn 0.967107 -0.028645 0.252751
vn 0.967107 -0.028645 0.252751
vn 0.715694 0.014356 0.698267
vn 0.715694 0.014356 0.698267
vn 0.715694 0.014356 0.698267
vn 0.715694 0.014356 0.698267
vn 0.263920 0.089915 0.960345
vn 0.263920 0.089915 0.960345
vn 0.263920 0.089915 0.960345
vn 0.263920 0.089915 0.960345
vn -0.262340 0.175009 0.948973
vn -0.262340 0.175009 0.948973
vn -0.262340 0.175009 0.948973
vn -0.262340 0.175009 0.948973
vn -0.692492 0.242609 0.679409
vn -0.692492 0.242609 0.679409
vn -0.692492 0.242609 0.679409
vn -0.692492 0.242609 0.679409
vn -0.927337 0.279095 0.249303
vn -0.927337 0.279095 0.249303
vn -0.927337 0.279095 0.249303
vn -0.927337 0.279095 0.249303
vn -0.927337 0.279095 -0.249302
vn -0.927337 0.279095 -0.249302
vn -0.927337 0.279095 -0.249302
vn -0.927337 0.279095 -0.249302
vn -0.692492 0.242609 -0.679409
vn -0.692492 0.242609 -0.679409
vn -0.692492 0.242609 -0.679409
vn -0.692492 0.242609 -0.679409
vn -0.262345 0.175010 -0.948971
vn -0.262345 0.175010 -0.948971
vn -0.262345 0.175010 -0.948971
vn -0.262345 0.175010 -0.948971
vn 0.263922 0.089915 -0.960344
vn 0.263922 0.089915 -0.960344
vn 0.263922 0.089915 -0.960344
vn 0.263922 0.089915 -0.960344
vn 0.715693 0.014356 -0.698268
vn 0.715693 0.014356 -0.698268
vn 0.715693 0.014356 -0.698268
vn 0.715693 0.014356 -0.698268
s 1
g pCylinder1 TentPoles TentProxy
usemtl initialShadingGroup
f 1/23/1 2/22/2 13/25/3
f 2/22/2 3/21/4 13/25/3
f 3/21/4 4/20/5 13/25/3
f 4/20/5 5/19/6 13/25/3
f 5/19/6 6/18/7 13/25/3
f 6/18/7 7/17/8 13/25/3
f 7/17/8 8/16/9 13/25/3
f 8/16/9 9/15/10 13/25/3
f 9/15/10 10/14/11 13/25/3
f 10/14/11 11/13/12 13/25/3
f 11/13/12 12/24/13 13/25/3
f 12/24/13 1/23/1 13/25/3
s 2
f 15/1/14 14/2/15 26/3/16 27/4/17
s 3
f 16/85/18 15/81/19 27/82/20 28/5/21
s 4
f 17/6/22 16/85/23 28/5/24 29/7/25
s 5
f 18/8/26 17/6/27 29/7/28 30/9/29
s 6
f 19/10/30 18/8/31 30/9/32 31/11/33
s 7
f 20/12/34 19/10/35 31/11/36 32/26/37
s 8
f 21/27/38 20/12/39 32/26/40 33/28/41
s 9
f 22/29/42 21/27/43 33/28/44 34/30/45
s 10
f 23/31/46 22/29/47 34/30/48 35/32/49
s 11
f 24/33/50 23/31/51 35/32/52 36/34/53
s 12
f 25/35/54 24/33/55 36/34/56 37/36/57
s 13
f 14/2/58 25/35/59 37/36/60 26/3/61
s 2
f 27/4/17 26/3/16 1/37/62 12/38/63
s 3
f 28/5/21 27/82/20 12/83/64 11/84/65
s 4
f 29/7/25 28/5/24 11/84/66 10/39/67
s 5
f 30/9/29 29/7/28 10/39/68 9/40/69
s 6
f 31/11/33 30/9/32 9/40/70 8/41/71
s 7
f 32/26/37 31/11/36 8/41/72 7/42/73
s 8
f 33/28/41 32/26/40 7/42/74 6/43/75
s 9
f 34/30/45 33/28/44 6/43/76 5/44/77
s 10
f 35/32/49 34/30/48 5/44/78 4/45/79
s 11
f 36/34/53 35/32/52 4/45/80 3/46/81
s 12
f 37/36/57 36/34/56 3/46/82 2/47/83
s 13
f 26/3/61 37/36/60 2/47/84 1/37/85
s off
f 14/2/86 15/1/87 39/48/88 38/49/89
f 15/81/90 16/85/91 40/87/92 39/86/93
f 16/85/94 17/6/95 41/50/96 40/87/97
f 17/6/98 18/8/99 42/51/100 41/50/101
f 18/8/102 19/10/103 43/52/104 42/51/105
f 19/10/106 20/12/107 44/53/108 43/52/109
f 20/12/110 21/27/111 45/54/112 44/53/113
f 21/27/114 22/29/115 46/55/116 45/54/117
f 22/29/118 23/31/119 47/56/120 46/55/121
f 23/31/122 24/33/123 48/57/124 47/56/125
f 24/33/126 25/35/127 49/58/128 48/57/129
f 25/35/130 14/2/131 38/49/132 49/58/133
f 38/49/134 39/48/135 51/59/136 50/60/137
f 39/86/138 40/87/139 52/89/140 51/88/141
f 40/87/142 41/50/143 53/61/144 52/89/145
f 41/50/146 42/51/147 54/62/148 53/61/149
f 42/51/150 43/52/151 55/63/152 54/62/153
f 43/52/154 44/53/155 56/64/156 55/63/157
f 44/53/158 45/54/159 57/65/160 56/64/161
f 45/54/162 46/55/163 58/66/164 57/65/165
f 46/55/166 47/56/167 59/67/168 58/66/169
f 47/56/170 48/57/171 60/68/172 59/67/173
f 48/57/174 49/58/175 61/69/176 60/68/177
f 49/58/178 38/49/179 50/60/180 61/69/181
f 50/60/182 51/59/183 63/70/184 62/71/185
f 51/88/186 52/89/187 64/90/188 63/91/189
f 52/89/190 53/61/191 65/72/192 64/90/193
f 53/61/194 54/62/195 66/73/196 65/72/197
f 54/62/198 55/63/199 67/74/200 66/73/201
f 55/63/202 56/64/203 68/75/204 67/74/205
f 56/64/206 57/65/207 69/76/208 68/75/209
f 57/65/210 58/66/211 70/77/212 69/76/213
f 58/66/214 59/67/215 71/78/216 70/77/217
f 59/67/218 60/68/219 72/79/220 71/78/221
f 60/68/222 61/69/223 73/80/224 72/79/225
f 61/69/226 50/60/227 62/71/228 73/80/229
g default
v 62.373451 607.052551 -987.861023
v 36.011333 633.414673 -987.860962
v 0.000000 643.063843 -987.860962
v -36.011333 633.414673 -987.860962
v -62.373451 607.052551 -987.861023
v -72.022667 571.041199 -987.860962
v -62.373451 535.029846 -987.861023
v -36.011333 508.667725 -987.860962
v 0.000000 499.018524 -987.860962
v 36.011333 508.667725 -987.860962
v 62.373451 535.029846 -987.861023
v 72.022667 571.041199 -987.860962
v 64.117607 536.319885 -665.940796
v 37.011219 563.420715 -665.917542
v 0.000000 573.338318 -665.940735
v -37.011219 563.420715 -665.917542
v -64.117607 536.319885 -665.940796
v -74.022438 499.315521 -665.917542
v -64.087524 462.334412 -665.884094
v -36.973843 435.347260 -665.332092
v 0.000000 425.440216 -665.332092
v 36.973843 435.347260 -665.332092
v 64.087524 462.334412 -665.884094
v 74.022438 499.315521 -665.917542
v 66.894661 477.210571 -365.719238
v 38.634327 505.462189 -365.660400
v 0.000000 515.814087 -365.660400
v -38.634327 505.462189 -365.660400
v -66.894661 477.210571 -365.719238
v -77.148361 438.751740 -365.342194
v -66.703964 400.454987 -364.815399
v -38.461594 372.520447 -364.388763
v 0.000000 362.256104 -364.424744
v 38.461594 372.520447 -364.388763
v 66.703964 400.454987 -364.815399
v 77.148361 438.751740 -365.342194
v 69.188881 451.705505 -51.444340
v 39.986565 480.857239 -51.438568
v 0.000000 491.560425 -51.369446
v -39.986565 480.857239 -51.438568
v -69.188881 451.705505 -51.444340
v -79.733810 412.075623 -51.363255
v -68.884407 372.690063 -51.215912
v -39.700245 343.977356 -51.106419
v 0.000000 333.464050 -51.083344
v 39.700245 343.977356 -51.106419
v 68.884407 372.690063 -51.215912
v 79.733810 412.075623 -51.363255
v 69.565697 473.464050 280.249634
v 40.189972 502.821533 280.486847
v 0.000000 513.590454 280.486847
v -40.189972 502.821533 280.486847
v -69.565697 473.464050 280.249634
v -80.208366 433.504608 279.865112
v -69.329788 393.739777 279.441467
v -39.966949 364.750610 279.123535
v 0.000000 354.085297 278.956757
v 39.966949 364.750610 279.123535
v 69.329788 393.739777 279.441467
v 80.208366 433.504608 279.865112
v 68.226105 534.095154 620.223572
v 39.380070 562.933044 620.228821
v 0.000000 573.485535 620.223572
v -39.380070 562.933044 620.228821
v -68.226105 534.095154 620.223572
v -78.744606 494.739746 619.999023
v -68.164688 455.418610 619.766235
v -39.328274 426.706543 619.503906
v 0.000000 416.168610 619.503967
v 39.328274 426.706543 619.503906
v 68.164688 455.418610 619.766235
v 78.744606 494.739746 619.999023
v 85.809761 620.583679 995.794495
v 49.542294 656.851196 995.794495
v 0.000000 670.125793 995.794495
v -49.542294 656.851196 995.794495
v -85.809761 620.583679 995.794495
v -99.084587 571.041199 995.794495
v -85.809761 521.498596 995.794556
v -49.542294 485.231567 995.794495
v 0.000000 471.956787 995.794556
v 49.542294 485.231567 995.794495
v 85.809761 521.498596 995.794556
v 99.084587 571.041199 995.794495
v 0.000000 571.561218 -987.860962
v 0.000000 571.603088 995.794495
vt 0.834991 0.018700
vt 0.820547 0.004256
vt 0.800816 -0.001031
vt 0.781085 0.004256
vt 0.766641 0.018700
vt 0.761354 0.038430
vt 0.766641 0.058161
vt 0.781085 0.072605
vt 0.800816 0.077892
vt 0.820547 0.072605
vt 0.834991 0.058161
vt 0.840278 0.038430
vt 0.694221 0.088388
vt 0.705655 0.087123
vt 0.717154 0.086942
vt 0.728605 0.088015
vt 0.739905 0.090160
vt 0.751081 0.092905
vt 0.762278 0.095606
vt 0.773634 0.097629
vt 0.785150 0.098516
vt 0.796692 0.098104
vt 0.808122 0.096553
vt 0.819422 0.094324
vt 0.830701 0.092060
vt 0.689380 0.190130
vt 0.701148 0.188954
vt 0.712972 0.188805
vt 0.724747 0.189880
vt 0.736387 0.191976
vt 0.747907 0.194650
vt 0.759450 0.197267
vt 0.771109 0.199368
vt 0.782955 0.200213
vt 0.794823 0.199822
vt 0.806549 0.198169
vt 0.818174 0.195996
vt 0.829770 0.193764
vt 0.683720 0.285005
vt 0.696028 0.284404
vt 0.708380 0.284493
vt 0.720687 0.285408
vt 0.732882 0.287010
vt 0.744921 0.289109
vt 0.756919 0.291172
vt 0.769013 0.292718
vt 0.781230 0.293374
vt 0.793463 0.293184
vt 0.805608 0.292094
vt 0.817679 0.290476
vt 0.829793 0.288812
vt 0.678268 0.383575
vt 0.691009 0.384034
vt 0.703770 0.384540
vt 0.716511 0.385037
vt 0.729189 0.385574
vt 0.741757 0.386128
vt 0.754259 0.386661
vt 0.766784 0.387116
vt 0.779343 0.387462
vt 0.791914 0.387706
vt 0.804469 0.387840
vt 0.817020 0.387897
vt 0.829657 0.387941
vt 0.675236 0.487429
vt 0.687941 0.489083
vt 0.700733 0.490021
vt 0.713513 0.490160
vt 0.726213 0.489520
vt 0.738789 0.488425
vt 0.751311 0.487306
vt 0.763884 0.486577
vt 0.776531 0.486492
vt 0.789156 0.487223
vt 0.801687 0.488603
vt 0.814161 0.490389
vt 0.826706 0.492190
vt 0.672480 0.592966
vt 0.684738 0.595879
vt 0.697274 0.597618
vt 0.709970 0.598021
vt 0.722687 0.597205
vt 0.735333 0.595551
vt 0.747976 0.593742
vt 0.760687 0.592379
vt 0.773478 0.591970
vt 0.786240 0.592534
vt 0.798867 0.594035
vt 0.811378 0.595953
vt 0.823847 0.597689
vt 0.651565 0.709009
vt 0.666611 0.713669
vt 0.682040 0.716581
vt 0.697708 0.717499
vt 0.713348 0.716651
vt 0.728858 0.714633
vt 0.744311 0.712270
vt 0.759834 0.710382
vt 0.775472 0.709554
vt 0.791175 0.710012
vt 0.806850 0.711475
vt 0.822525 0.713320
vt 0.838299 0.714691
vt 0.831663 0.796243
vt 0.796885 0.761466
vt 0.749378 0.748736
vt 0.701872 0.761466
vt 0.667094 0.796243
vt 0.654365 0.843750
vt 0.667094 0.891257
vt 0.701872 0.926034
vt 0.749378 0.938764
vt 0.796885 0.926034
vt 0.831663 0.891257
vt 0.844392 0.843750
vt 0.800816 0.038430
vt 0.749378 0.843750
vn 0.699121 0.699129 0.149826
vn 0.699121 0.699129 0.149826
vn 0.699974 0.699972 0.141690
vn 0.700147 0.700143 0.139977
vn 0.253279 0.945472 0.204776
vn 0.253279 0.945472 0.204776
vn 0.253851 0.947592 0.193982
vn 0.253891 0.947743 0.193191
vn -0.253279 0.945472 0.204776
vn -0.253279 0.945472 0.204776
vn -0.253891 0.947743 0.193191
vn -0.253851 0.947592 0.193983
vn -0.699121 0.699129 0.149826
vn -0.699121 0.699129 0.149826
vn -0.700147 0.700143 0.139977
vn -0.699974 0.699972 0.141690
vn -0.964672 0.258361 0.051555
vn -0.964672 0.258361 0.051555
vn -0.964987 0.258198 0.046196
vn -0.964916 0.258236 0.047439
vn -0.963879 -0.258641 -0.063568
vn -0.963879 -0.258641 -0.063568
vn -0.963535 -0.260086 -0.062896
vn -0.963615 -0.259752 -0.063052
vn -0.696178 -0.699498 -0.161366
vn -0.696178 -0.699498 -0.161366
vn -0.695531 -0.701485 -0.155418
vn -0.695655 -0.701113 -0.156538
vn -0.252755 -0.943296 -0.215194
vn -0.252755 -0.943296 -0.215194
vn -0.253017 -0.945079 -0.206902
vn -0.253000 -0.944962 -0.207458
vn 0.252755 -0.943296 -0.215194
vn 0.252755 -0.943296 -0.215194
vn 0.253000 -0.944962 -0.207458
vn 0.253017 -0.945079 -0.206902
vn 0.696178 -0.699498 -0.161366
vn 0.696178 -0.699498 -0.161366
vn 0.695655 -0.701113 -0.156538
vn 0.695531 -0.701485 -0.155418
vn 0.963879 -0.258641 -0.063568
vn 0.963879 -0.258641 -0.063568
vn 0.963615 -0.259752 -0.063052
vn 0.963535 -0.260086 -0.062896
vn 0.964672 0.258361 0.051554
vn 0.964672 0.258361 0.051554
vn 0.964916 0.258236 0.047439
vn 0.964987 0.258198 0.046196
vn 0.703892 0.704212 0.092849
vn 0.704192 0.704555 0.087843
vn 0.256644 0.958044 0.127612
vn 0.256727 0.958355 0.125087
vn -0.256727 0.958355 0.125087
vn -0.256645 0.958044 0.127612
vn -0.704192 0.704555 0.087843
vn -0.703892 0.704212 0.092849
vn -0.965869 0.257725 0.025982
vn -0.965779 0.257785 0.028601
vn -0.963754 -0.263117 -0.044130
vn -0.963694 -0.262808 -0.047186
vn -0.698531 -0.707875 -0.104730
vn -0.698163 -0.707361 -0.110497
vn -0.255048 -0.956596 -0.140980
vn -0.254990 -0.956244 -0.143453
vn 0.254990 -0.956244 -0.143453
vn 0.255048 -0.956596 -0.140980
vn 0.698163 -0.707361 -0.110497
vn 0.698530 -0.707875 -0.104730
vn 0.963694 -0.262808 -0.047186
vn 0.963754 -0.263117 -0.044130
vn 0.965779 0.257785 0.028601
vn 0.965869 0.257725 0.025982
vn 0.706679 0.707534 0.000887
vn 0.706678 0.707535 0.000436
vn 0.258694 0.965956 0.002634
vn 0.258693 0.965956 0.002545
vn -0.258693 0.965956 0.002545
vn -0.258693 0.965956 0.002634
vn -0.706678 0.707535 0.000436
vn -0.706679 0.707534 0.000887
vn -0.966307 0.257379 -0.002782
vn -0.966307 0.257380 -0.002542
vn -0.964314 -0.264688 -0.006259
vn -0.964312 -0.264686 -0.006648
vn -0.701871 -0.712243 -0.009326
vn -0.701867 -0.712238 -0.010013
vn -0.256848 -0.966385 -0.011353
vn -0.256848 -0.966382 -0.011646
vn 0.256848 -0.966382 -0.011646
vn 0.256848 -0.966385 -0.011353
vn 0.701867 -0.712238 -0.010013
vn 0.701871 -0.712243 -0.009326
vn 0.964312 -0.264686 -0.006648
vn 0.964314 -0.264688 -0.006259
vn 0.966307 0.257380 -0.002542
vn 0.966307 0.257379 -0.002782
vn 0.703933 0.704855 -0.087511
vn 0.704194 0.705127 -0.083105
vn 0.256940 0.959217 -0.117829
vn 0.257000 0.959456 -0.115742
vn -0.257000 0.959456 -0.115742
vn -0.256940 0.959217 -0.117829
vn -0.704194 0.705127 -0.083105
vn -0.703933 0.704855 -0.087511
vn -0.965819 0.257562 -0.029233
vn -0.965746 0.257609 -0.031191
vn -0.964134 -0.263470 0.032093
vn -0.964097 -0.263241 0.034959
vn -0.700040 -0.708994 0.085271
vn -0.699818 -0.708590 0.090305
vn -0.255621 -0.959670 0.117010
vn -0.255569 -0.959373 0.119531
vn 0.255569 -0.959373 0.119531
vn 0.255621 -0.959670 0.117010
vn 0.699818 -0.708590 0.090305
vn 0.700040 -0.708994 0.085271
vn 0.964097 -0.263241 0.034959
vn 0.964134 -0.263470 0.032093
vn 0.965746 0.257609 -0.031191
vn 0.965819 0.257562 -0.029233
vn 0.697289 0.697683 -0.164397
vn 0.697932 0.698386 -0.158583
vn 0.253061 0.944366 -0.210077
vn 0.253184 0.944824 -0.207857
vn -0.253184 0.944824 -0.207857
vn -0.253061 0.944366 -0.210077
vn -0.697932 0.698386 -0.158583
vn -0.697289 0.697683 -0.164397
vn -0.963446 0.257746 -0.073065
vn -0.962881 0.257684 -0.080363
vn -0.965076 -0.260686 0.025904
vn -0.965304 -0.260369 0.019924
vn -0.700588 -0.705051 0.109906
vn -0.701096 -0.705070 0.106488
vn -0.255248 -0.954134 0.156448
vn -0.255313 -0.954275 0.155478
vn 0.255313 -0.954275 0.155478
vn 0.255248 -0.954134 0.156448
vn 0.701096 -0.705070 0.106488
vn 0.700588 -0.705052 0.109906
vn 0.965304 -0.260369 0.019924
vn 0.965076 -0.260686 0.025904
vn 0.962881 0.257684 -0.080363
vn 0.963446 0.257746 -0.073065
vn 0.693858 0.693960 -0.192304
vn 0.693858 0.693960 -0.192304
vn 0.251194 0.937400 -0.241211
vn 0.251194 0.937400 -0.241211
vn -0.251194 0.937400 -0.241211
vn -0.251194 0.937400 -0.241211
vn -0.693858 0.693960 -0.192304
vn -0.693858 0.693960 -0.192304
vn -0.960669 0.257384 -0.104252
vn -0.960669 0.257384 -0.104252
vn -0.965807 -0.259264 0.000303
vn -0.965807 -0.259264 0.000303
vn -0.703331 -0.705048 0.090731
vn -0.703331 -0.705048 0.090731
vn -0.256205 -0.956171 0.141760
vn -0.256205 -0.956171 0.141760
vn 0.256205 -0.956171 0.141760
vn 0.256205 -0.956171 0.141760
vn 0.703331 -0.705048 0.090731
vn 0.703331 -0.705048 0.090731
vn 0.965807 -0.259263 0.000303
vn 0.965807 -0.259263 0.000303
vn 0.960669 0.257384 -0.104252
vn 0.960669 0.257384 -0.104252
vn -0.000002 0.000000 -1.000000
vn -0.000002 -0.000000 -1.000000
vn 0.000000 0.000000 -1.000000
vn 0.000002 0.000000 -1.000000
vn 0.000003 0.000000 -1.000000
vn 0.000002 -0.000000 -1.000000
vn 0.000000 0.000000 -1.000000
vn 0.000002 0.000000 -1.000000
vn 0.000001 -0.000000 -1.000000
vn -0.000001 0.000000 -1.000000
vn -0.000003 -0.000000 -1.000000
vn -0.000001 0.000000 -1.000000
vn 0.000000 0.000000 -1.000000
vn -0.000000 0.000000 1.000000
vn 0.000000 0.000000 1.000000
vn -0.000000 0.000000 1.000000
vn 0.000000 0.000000 1.000000
vn 0.000000 0.000000 1.000000
vn 0.000000 0.000000 1.000000
vn -0.000000 0.000001 1.000000
vn 0.000002 0.000000 1.000000
vn 0.000001 0.000000 1.000000
vn 0.000000 0.000001 1.000000
vn -0.000002 0.000000 1.000000
vn -0.000003 0.000000 1.000000
vn -0.000000 0.000001 1.000000
s 1
g TentPoles TentProxy pCylinder3
usemtl initialShadingGroup
f 74/104/230 75/105/231 87/118/232 86/117/233
s 2
f 75/105/234 76/106/235 88/119/236 87/118/237
s 3
f 76/106/238 77/107/239 89/120/240 88/119/241
s 4
f 77/107/242 78/108/243 90/121/244 89/120/245
s 5
f 78/108/246 79/109/247 91/122/248 90/121/249
s 6
f 79/109/250 80/110/251 92/123/252 91/122/253
s 7
f 80/110/254 81/111/255 93/124/256 92/123/257
s 8
f 81/111/258 82/112/259 94/125/260 93/124/261
s 9
f 82/112/262 83/113/263 95/126/264 94/125/265
s 10
f 83/113/266 84/114/267 96/127/268 95/126/269
s 11
f 84/114/270 85/115/271 97/128/272 96/127/273
s 12
f 85/115/274 74/116/275 86/129/276 97/128/277
s 1
f 86/117/233 87/118/232 99/131/278 98/130/279
s 2
f 87/118/237 88/119/236 100/132/280 99/131/281
s 3
f 88/119/241 89/120/240 101/133/282 100/132/283
s 4
f 89/120/245 90/121/244 102/134/284 101/133/285
s 5
f 90/121/249 91/122/248 103/135/286 102/134/287
s 6
f 91/122/253 92/123/252 104/136/288 103/135/289
s 7
f 92/123/257 93/124/256 105/137/290 104/136/291
s 8
f 93/124/261 94/125/260 106/138/292 105/137/293
s 9
f 94/125/265 95/126/264 107/139/294 106/138/295
s 10
f 95/126/269 96/127/268 108/140/296 107/139/297
s 11
f 96/127/273 97/128/272 109/141/298 108/140/299
s 12
f 97/128/277 86/129/276 98/142/300 109/141/301
s 1
f 98/130/279 99/131/278 111/144/302 110/143/303
s 2
f 99/131/281 100/132/280 112/145/304 111/144/305
s 3
f 100/132/283 101/133/282 113/146/306 112/145/307
s 4
f 101/133/285 102/134/284 114/147/308 113/146/309
s 5
f 102/134/287 103/135/286 115/148/310 114/147/311
s 6
f 103/135/289 104/136/288 116/149/312 115/148/313
s 7
f 104/136/291 105/137/290 117/150/314 116/149/315
s 8
f 105/137/293 106/138/292 118/151/316 117/150/317
s 9
f 106/138/295 107/139/294 119/152/318 118/151/319
s 10
f 107/139/297 108/140/296 120/153/320 119/152/321
s 11
f 108/140/299 109/141/298 121/154/322 120/153/323
s 12
f 109/141/301 98/142/300 110/155/324 121/154/325
s 1
f 110/143/303 111/144/302 123/157/326 122/156/327
s 2
f 111/144/305 112/145/304 124/158/328 123/157/329
s 3
f 112/145/307 113/146/306 125/159/330 124/158/331
s 4
f 113/146/309 114/147/308 126/160/332 125/159/333
s 5
f 114/147/311 115/148/310 127/161/334 126/160/335
s 6
f 115/148/313 116/149/312 128/162/336 127/161/337
s 7
f 116/149/315 117/150/314 129/163/338 128/162/339
s 8
f 117/150/317 118/151/316 130/164/340 129/163/341
s 9
f 118/151/319 119/152/318 131/165/342 130/164/343
s 10
f 119/152/321 120/153/320 132/166/344 131/165/345
s 11
f 120/153/323 121/154/322 133/167/346 132/166/347
s 12
f 121/154/325 110/155/324 122/168/348 133/167/349
s 1
f 122/156/327 123/157/326 135/170/350 134/169/351
s 2
f 123/157/329 124/158/328 136/171/352 135/170/353
s 3
f 124/158/331 125/159/330 137/172/354 136/171/355
s 4
f 125/159/333 126/160/332 138/173/356 137/172/357
s 5
f 126/160/335 127/161/334 139/174/358 138/173/359
s 6
f 127/161/337 128/162/336 140/175/360 139/174/361
s 7
f 128/162/339 129/163/338 141/176/362 140/175/363
s 8
f 129/163/341 130/164/340 142/177/364 141/176/365
s 9
f 130/164/343 131/165/342 143/178/366 142/177/367
s 10
f 131/165/345 132/166/344 144/179/368 143/178/369
s 11
f 132/166/347 133/167/346 145/180/370 144/179/371
s 12
f 133/167/349 122/168/348 134/181/372 145/180/373
s 1
f 134/169/351 135/170/350 147/183/374 146/182/375
s 2
f 135/170/353 136/171/352 148/184/376 147/183/377
s 3
f 136/171/355 137/172/354 149/185/378 148/184/379
s 4
f 137/172/357 138/173/356 150/186/380 149/185/381
s 5
f 138/173/359 139/174/358 151/187/382 150/186/383
s 6
f 139/174/361 140/175/360 152/188/384 151/187/385
s 7
f 140/175/363 141/176/362 153/189/386 152/188/387
s 8
f 141/176/365 142/177/364 154/190/388 153/189/389
s 9
f 142/177/367 143/178/366 155/191/390 154/190/391
s 10
f 143/178/369 144/179/368 156/192/392 155/191/393
s 11
f 144/179/371 145/180/370 157/193/394 156/192/395
s 12
f 145/180/373 134/181/372 146/194/396 157/193/397
s 13
f 75/93/398 74/92/399 158/207/400
f 76/94/401 75/93/398 158/207/400
f 77/95/402 76/94/401 158/207/400
f 78/96/403 77/95/402 158/207/400
f 79/97/404 78/96/403 158/207/400
f 80/98/405 79/97/404 158/207/400
f 81/99/406 80/98/405 158/207/400
f 82/100/407 81/99/406 158/207/400
f 83/101/408 82/100/407 158/207/400
f 84/102/409 83/101/408 158/207/400
f 85/103/410 84/102/409 158/207/400
f 74/92/399 85/103/410 158/207/400
s 14
f 146/205/411 147/204/412 159/208/413
f 147/204/412 148/203/414 159/208/413
f 148/203/414 149/202/415 159/208/413
f 149/202/415 150/201/416 159/208/413
f 150/201/416 151/200/417 159/208/413
f 151/200/417 152/199/418 159/208/413
f 152/199/418 153/198/419 159/208/413
f 153/198/419 154/197/420 159/208/413
f 154/197/420 155/196/421 159/208/413
f 155/196/421 156/195/422 159/208/413
f 156/195/422 157/206/423 159/208/413
f 157/206/423 146/205/411 159/208/413
g default
v -717.817993 188.332764 804.072266
v -724.625488 200.383591 790.231506
v -733.924805 216.845352 785.165466
v -743.224060 233.307129 790.231506
v -750.031616 245.358017 804.072266
v -752.523376 249.768890 822.979065
v -750.031616 245.358017 841.885864
v -743.224060 233.307129 855.726624
v -733.924805 216.845352 860.792664
v -724.625488 200.383591 855.726624
v -717.817993 188.332764 841.885864
v -715.326172 183.921814 822.979065
v -570.615906 255.635437 804.072266
v -577.423462 267.686340 790.231506
v -586.722778 284.148132 785.165466
v -596.022034 300.609924 790.231506
v -602.829651 312.660767 804.072266
v -605.321289 317.071625 822.979065
v -602.829651 312.660767 841.885864
v -596.022034 300.609924 855.726624
v -586.722778 284.148132 860.792664
v -577.423462 267.686340 855.726624
v -570.615906 255.635437 841.885864
v -568.124207 251.224564 822.979065
v -418.016937 310.538239 804.072266
v -424.824524 322.589050 790.231506
v -434.123810 339.050842 785.165466
v -443.423065 355.512665 790.231506
v -450.230682 367.563446 804.072266
v -452.722382 371.974426 822.979065
v -450.230682 367.563446 841.885864
v -443.423065 355.512665 855.726624
v -434.123810 339.050842 860.792664
v -424.824524 322.589050 855.726624
v -418.016937 310.538239 841.885864
v -415.525269 306.127289 822.979065
v -270.899353 378.035034 804.072266
v -277.706909 390.085785 790.231506
v -287.006226 406.547546 785.165466
v -296.305573 423.009430 790.231506
v -303.113068 435.060211 804.072266
v -305.604797 439.471130 822.979065
v -303.113068 435.060211 841.885864
v -296.305573 423.009430 855.726624
v -287.006226 406.547546 860.792664
v -277.706909 390.085785 855.726624
v -270.899353 378.035034 841.885864
v -268.407623 373.624023 822.979065
v -134.688431 470.591309 804.072266
v -141.495941 482.642090 790.231506
v -150.795212 499.103943 785.165466
v -160.094482 515.565613 790.231506
v -166.902084 527.616516 804.072266
v -169.393845 532.027405 822.979065
v -166.902084 527.616516 841.885864
v -160.094482 515.565613 855.726624
v -150.795212 499.103943 860.792664
v -141.495941 482.642090 855.726624
v -134.688431 470.591309 841.885864
v -132.196655 466.180298 822.979065
v -3.958745 575.741577 804.072266
v -10.766259 587.792297 790.231506
v -20.065552 604.254272 785.165466
v -29.364828 620.715881 790.231506
v -36.172417 632.766785 804.072266
v -38.664143 637.177673 822.979065
v -36.172417 632.766785 841.885864
v -29.364828 620.715881 855.726624
v -20.065552 604.254272 860.792664
v -10.766259 587.792297 855.726624
v -3.958745 575.741577 841.885864
v -1.467031 571.330566 822.979065
v -733.924805 216.845352 822.979065
v 0.000000 578.438782 804.072266
v 0.000000 595.127991 790.231506
v 0.000000 617.925842 785.165466
v 0.000000 640.723816 790.231506
v 0.000000 657.412903 804.072266
v 0.000000 663.521729 822.979126
v 0.000000 657.412903 841.885864
v 0.000000 640.723816 855.726624
v 0.000000 617.925842 860.792664
v 0.000000 595.127991 855.726624
v 0.000000 578.438782 841.885864
v 0.000000 572.330078 822.979065
v -0.000000 577.888611 804.528564
v 0.000000 577.888611 841.429626
v 0.000000 579.747803 845.937317
v 0.000000 579.747803 800.020813
v 0.000000 595.127991 790.231506
v 0.000000 595.127991 855.726624
v 717.817993 188.332764 804.072266
v 724.625488 200.383591 790.231506
v 733.924805 216.845352 785.165466
v 743.224060 233.307129 790.231506
v 750.031616 245.358017 804.072266
v 752.523376 249.768890 822.979065
v 750.031616 245.358017 841.885864
v 743.224060 233.307129 855.726624
v 733.924805 216.845352 860.792664
v 724.625488 200.383591 855.726624
v 717.817993 188.332764 841.885864
v 715.326172 183.921814 822.979065
v 570.615906 255.635437 804.072266
v 577.423462 267.686340 790.231506
v 586.722778 284.148132 785.165466
v 596.022034 300.609924 790.231506
v 602.829651 312.660767 804.072266
v 605.321289 317.071625 822.979065
v 602.829651 312.660767 841.885864
v 596.022034 300.609924 855.726624
v 586.722778 284.148132 860.792664
v 577.423462 267.686340 855.726624
v 570.615906 255.635437 841.885864
v 568.124207 251.224564 822.979065
v 418.016937 310.538239 804.072266
v 424.824524 322.589050 790.231506
v 434.123810 339.050842 785.165466
v 443.423065 355.512665 790.231506
v 450.230682 367.563446 804.072266
v 452.722382 371.974426 822.979065
v 450.230682 367.563446 841.885864
v 443.423065 355.512665 855.726624
v 434.123810 339.050842 860.792664
v 424.824524 322.589050 855.726624
v 418.016937 310.538239 841.885864
v 415.525269 306.127289 822.979065
v 270.899353 378.035034 804.072266
v 277.706909 390.085785 790.231506
v 287.006226 406.547546 785.165466
v 296.305573 423.009430 790.231506
v 303.113068 435.060211 804.072266
v 305.604797 439.471130 822.979065
v 303.113068 435.060211 841.885864
v 296.305573 423.009430 855.726624
v 287.006226 406.547546 860.792664
v 277.706909 390.085785 855.726624
v 270.899353 378.035034 841.885864
v 268.407623 373.624023 822.979065
v 134.688431 470.591309 804.072266
v 141.495941 482.642090 790.231506
v 150.795212 499.103943 785.165466
v 160.094482 515.565613 790.231506
v 166.902084 527.616516 804.072266
v 169.393845 532.027405 822.979065
v 166.902084 527.616516 841.885864
v 160.094482 515.565613 855.726624
v 150.795212 499.103943 860.792664
v 141.495941 482.642090 855.726624
v 134.688431 470.591309 841.885864
v 132.196655 466.180298 822.979065
v 3.958745 575.741577 804.072266
v 10.766259 587.792297 790.231506
v 20.065552 604.254272 785.165466
v 29.364828 620.715881 790.231506
v 36.172417 632.766785 804.072266
v 38.664143 637.177673 822.979065
v 36.172417 632.766785 841.885864
v 29.364828 620.715881 855.726624
v 20.065552 604.254272 860.792664
v 10.766259 587.792297 855.726624
v 3.958745 575.741577 841.885864
v 1.467031 571.330566 822.979065
v 733.924805 216.845352 822.979065
vt 0.464788 0.967231
vt 0.453955 0.954789
vt 0.479586 0.937793
vt 0.449990 0.937793
vt 0.479586 0.971785
vt 0.453955 0.920797
vt 0.494384 0.967231
vt 0.464788 0.908355
vt 0.505217 0.954789
vt 0.479586 0.903801
vt 0.509182 0.937793
vt 0.494384 0.908355
vt 0.505217 0.920797
vt 0.493896 0.879528
vt 0.477048 0.880150
vt 0.476112 0.741565
vt 0.492937 0.740567
vt 0.460181 0.879963
vt 0.459257 0.741089
vt 0.475748 0.601534
vt 0.492696 0.600661
vt 0.510639 0.878187
vt 0.509716 0.738820
vt 0.443328 0.879194
vt 0.442440 0.740022
vt 0.458809 0.600852
vt 0.475137 0.458166
vt 0.492122 0.458053
vt 0.509586 0.599081
vt 0.441976 0.599444
vt 0.458164 0.458145
vt 0.474449 0.312591
vt 0.491354 0.313139
vt 0.509088 0.457897
vt 0.441235 0.458001
vt 0.457556 0.313404
vt 0.472269 0.167958
vt 0.489049 0.168449
vt 0.508210 0.314316
vt 0.440748 0.314736
vt 0.455499 0.168857
vt 0.471882 0.127900
vt 0.488826 0.130779
vt 0.505777 0.169781
vt 0.438773 0.170485
vt 0.455011 0.131101
vt 0.505635 0.139044
vt 0.438283 0.139417
vt 0.593677 0.873893
vt 0.577079 0.873402
vt 0.577247 0.732162
vt 0.594262 0.733097
vt 0.560498 0.873868
vt 0.560225 0.732922
vt 0.576966 0.592852
vt 0.593886 0.593666
vt 0.610317 0.875090
vt 0.611190 0.734911
vt 0.543904 0.875030
vt 0.543292 0.734535
vt 0.560041 0.593586
vt 0.576552 0.457265
vt 0.593407 0.457156
vt 0.610719 0.595287
vt 0.543189 0.595096
vt 0.559699 0.457393
vt 0.575289 0.318976
vt 0.592050 0.317961
vt 0.610249 0.457060
vt 0.542856 0.457550
vt 0.558501 0.318517
vt 0.573596 0.173467
vt 0.590769 0.173065
vt 0.608769 0.316272
vt 0.541744 0.317404
vt 0.556425 0.173432
vt 0.573554 0.171908
vt 0.590986 0.168771
vt 0.607793 0.172054
vt 0.539379 0.172962
vt 0.556122 0.169099
vt 0.608595 0.162580
vt 0.538592 0.161846
vt 0.527292 0.876546
vt 0.526477 0.736661
vt 0.526396 0.597077
vt 0.525996 0.457723
vt 0.524992 0.315873
vt 0.522524 0.171500
vt 0.522155 0.150462
vt 0.643822 0.878413
vt 0.627016 0.876687
vt 0.628000 0.737324
vt 0.644751 0.739919
vt 0.627475 0.597443
vt 0.644217 0.599739
vt 0.627099 0.456970
vt 0.643986 0.456865
vt 0.625464 0.314121
vt 0.642177 0.311860
vt 0.624745 0.170094
vt 0.641510 0.167695
vt 0.624058 0.149336
vt 0.640136 0.137219
vt 0.608739 0.161768
vt 0.556700 0.169338
vt 0.590406 0.168975
vt 0.594722 0.168099
vt 0.552387 0.168498
vt 0.538592 0.161846
vt 0.608595 0.162580
vt 0.560498 0.873868
vt 0.543904 0.875030
vt 0.543292 0.734535
vt 0.560225 0.732922
vt 0.527292 0.876546
vt 0.526477 0.736661
vt 0.510639 0.878187
vt 0.509716 0.738820
vt 0.493896 0.879528
vt 0.492937 0.740567
vt 0.477048 0.880150
vt 0.476112 0.741565
vt 0.460181 0.879963
vt 0.459257 0.741089
vt 0.443328 0.879194
vt 0.442440 0.740022
vt 0.643822 0.878413
vt 0.627016 0.876687
vt 0.628000 0.737324
vt 0.644751 0.739919
vt 0.610317 0.875090
vt 0.611190 0.734911
vt 0.593677 0.873893
vt 0.594262 0.733097
vt 0.577079 0.873402
vt 0.577247 0.732162
vt 0.543189 0.595096
vt 0.560041 0.593586
vt 0.526396 0.597077
vt 0.509586 0.599081
vt 0.492696 0.600661
vt 0.475748 0.601534
vt 0.458809 0.600852
vt 0.441976 0.599444
vt 0.627475 0.597443
vt 0.644217 0.599739
vt 0.610719 0.595287
vt 0.593886 0.593666
vt 0.576966 0.592852
vt 0.542856 0.457550
vt 0.559699 0.457393
vt 0.525996 0.457723
vt 0.509088 0.457897
vt 0.492122 0.458053
vt 0.475137 0.458166
vt 0.458164 0.458145
vt 0.441235 0.458001
vt 0.627099 0.456970
vt 0.643986 0.456865
vt 0.610249 0.457060
vt 0.593407 0.457156
vt 0.576552 0.457265
vt 0.541744 0.317404
vt 0.558501 0.318517
vt 0.524992 0.315873
vt 0.508210 0.314316
vt 0.491354 0.313139
vt 0.474449 0.312591
vt 0.457556 0.313404
vt 0.440748 0.314736
vt 0.625464 0.314121
vt 0.642177 0.311860
vt 0.608769 0.316272
vt 0.592050 0.317961
vt 0.575289 0.318976
vt 0.539379 0.172962
vt 0.556425 0.173432
vt 0.522524 0.171500
vt 0.505777 0.169781
vt 0.489049 0.168449
vt 0.472269 0.167958
vt 0.455499 0.168857
vt 0.438773 0.170485
vt 0.624745 0.170094
vt 0.641510 0.167695
vt 0.607793 0.172054
vt 0.590769 0.173065
vt 0.573596 0.173467
vt 0.538592 0.161846
vt 0.556700 0.169338
vt 0.556122 0.169099
vt 0.522155 0.150462
vt 0.505635 0.139044
vt 0.488826 0.130779
vt 0.471882 0.127900
vt 0.455011 0.131101
vt 0.438283 0.139417
vt 0.624058 0.149336
vt 0.640136 0.137219
vt 0.608739 0.161768
vt 0.590986 0.168771
vt 0.590406 0.168975
vt 0.608595 0.162580
vt 0.573554 0.171908
vt 0.594722 0.168099
vt 0.552387 0.168498
vt 0.464788 0.967231
vt 0.453955 0.954789
vt 0.479586 0.937793
vt 0.479586 0.971785
vt 0.494384 0.967231
vt 0.505217 0.954789
vt 0.509182 0.937793
vt 0.505217 0.920797
vt 0.494384 0.908355
vt 0.479586 0.903801
vt 0.464788 0.908355
vt 0.453955 0.920797
vt 0.449990 0.937793
vt 0.538592 0.161846
vt 0.608595 0.162580
vn 0.294560 -0.644252 -0.705814
vn 0.294560 -0.644252 -0.705814
vn 0.269546 -0.656693 -0.704344
vn 0.266490 -0.658170 -0.704127
vn 0.107987 -0.236185 -0.965689
vn 0.107987 -0.236185 -0.965689
vn 0.099206 -0.241064 -0.965426
vn 0.097705 -0.241895 -0.965371
vn -0.107985 0.236185 -0.965689
vn -0.107985 0.236185 -0.965689
vn -0.099205 0.241064 -0.965426
vn -0.097705 0.241895 -0.965371
vn -0.294560 0.644250 -0.705816
vn -0.294560 0.644250 -0.705816
vn -0.269546 0.656692 -0.704344
vn -0.266490 0.658170 -0.704127
vn -0.401743 0.878676 -0.257937
vn -0.401743 0.878676 -0.257937
vn -0.365585 0.894625 -0.256893
vn -0.364030 0.895274 -0.256839
vn -0.401743 0.878676 0.257937
vn -0.401743 0.878676 0.257936
vn -0.364030 0.895274 0.256839
vn -0.365585 0.894625 0.256893
vn -0.294558 0.644251 0.705816
vn -0.294558 0.644251 0.705816
vn -0.266488 0.658170 0.704128
vn -0.269545 0.656692 0.704344
vn -0.107986 0.236185 0.965689
vn -0.107986 0.236185 0.965689
vn -0.097705 0.241895 0.965371
vn -0.099205 0.241064 0.965426
vn 0.107987 -0.236185 0.965689
vn 0.107987 -0.236185 0.965689
vn 0.097705 -0.241895 0.965371
vn 0.099206 -0.241064 0.965426
vn 0.294560 -0.644252 0.705815
vn 0.294560 -0.644252 0.705815
vn 0.266490 -0.658170 0.704127
vn 0.269546 -0.656693 0.704344
vn 0.401741 -0.878676 0.257939
vn 0.401741 -0.878676 0.257939
vn 0.364029 -0.895274 0.256841
vn 0.365584 -0.894625 0.256894
vn 0.401741 -0.878676 -0.257940
vn 0.401741 -0.878676 -0.257940
vn 0.365584 -0.894625 -0.256894
vn 0.364029 -0.895274 -0.256841
vn 0.266893 -0.657976 -0.704156
vn 0.269981 -0.656482 -0.704373
vn 0.097849 -0.241815 -0.965376
vn 0.099365 -0.240976 -0.965431
vn -0.097848 0.241815 -0.965376
vn -0.099364 0.240976 -0.965431
vn -0.266893 0.657977 -0.704156
vn -0.269981 0.656482 -0.704373
vn -0.364605 0.895034 -0.256860
vn -0.366176 0.894377 -0.256914
vn -0.366176 0.894377 0.256914
vn -0.364605 0.895034 0.256860
vn -0.269980 0.656482 0.704373
vn -0.266893 0.657977 0.704156
vn -0.099364 0.240976 0.965431
vn -0.097848 0.241815 0.965376
vn 0.099364 -0.240976 0.965431
vn 0.097848 -0.241815 0.965376
vn 0.269981 -0.656482 0.704373
vn 0.266894 -0.657976 0.704155
vn 0.366175 -0.894377 0.256915
vn 0.364605 -0.895034 0.256861
vn 0.364604 -0.895034 -0.256861
vn 0.366175 -0.894377 -0.256915
vn 0.347775 -0.615676 -0.707104
vn 0.347808 -0.615657 -0.707104
vn 0.127292 -0.225352 -0.965926
vn 0.127308 -0.225342 -0.965926
vn -0.127292 0.225352 -0.965926
vn -0.127309 0.225342 -0.965926
vn -0.347775 0.615675 -0.707105
vn -0.347809 0.615656 -0.707105
vn -0.475082 0.841017 -0.258818
vn -0.475099 0.841008 -0.258819
vn -0.475099 0.841008 0.258818
vn -0.475082 0.841017 0.258819
vn -0.347808 0.615656 0.707105
vn -0.347774 0.615675 0.707105
vn -0.127309 0.225342 0.965926
vn -0.127292 0.225352 0.965926
vn 0.127309 -0.225342 0.965926
vn 0.127292 -0.225352 0.965926
vn 0.347808 -0.615657 0.707104
vn 0.347774 -0.615676 0.707104
vn 0.475098 -0.841007 0.258822
vn 0.475082 -0.841016 0.258822
vn 0.475082 -0.841017 -0.258822
vn 0.475098 -0.841007 -0.258822
vn 0.423755 -0.569545 -0.704309
vn 0.421100 -0.571269 -0.704504
vn 0.155814 -0.209078 -0.965406
vn 0.154429 -0.209876 -0.965455
vn -0.155817 0.209079 -0.965405
vn -0.154432 0.209877 -0.965455
vn -0.423755 0.569541 -0.704311
vn -0.421100 0.571266 -0.704507
vn -0.575817 0.776148 -0.256960
vn -0.574546 0.777074 -0.257008
vn -0.574546 0.777074 0.257008
vn -0.575817 0.776148 0.256960
vn -0.421099 0.571266 0.704507
vn -0.423754 0.569542 0.704312
vn -0.154432 0.209877 0.965455
vn -0.155817 0.209079 0.965405
vn 0.154430 -0.209876 0.965455
vn 0.155815 -0.209078 0.965406
vn 0.421101 -0.571269 0.704504
vn 0.423756 -0.569544 0.704308
vn 0.574545 -0.777072 0.257014
vn 0.575816 -0.776147 0.256966
vn 0.575816 -0.776147 -0.256966
vn 0.574545 -0.777072 -0.257014
vn 0.443506 -0.556446 -0.702617
vn 0.444006 -0.556108 -0.702568
vn 0.162161 -0.205413 -0.965147
vn 0.162660 -0.205124 -0.965125
vn -0.161123 0.206017 -0.965192
vn -0.161834 0.205606 -0.965161
vn -0.436316 0.561265 -0.703285
vn -0.437934 0.560184 -0.703141
vn -0.592636 0.763620 -0.256255
vn -0.593465 0.762989 -0.256217
vn -0.593464 0.762990 0.256216
vn -0.592636 0.763620 0.256255
vn -0.437934 0.560184 0.703141
vn -0.436316 0.561265 0.703285
vn -0.161834 0.205606 0.965161
vn -0.161123 0.206017 0.965192
vn 0.162660 -0.205124 0.965125
vn 0.162160 -0.205413 0.965147
vn 0.444010 -0.556107 0.702567
vn 0.443510 -0.556445 0.702615
vn 0.604820 -0.754206 0.255670
vn 0.604728 -0.754278 0.255675
vn 0.604728 -0.754278 -0.255675
vn 0.604820 -0.754205 -0.255670
vn 0.398854 -0.585390 -0.705857
vn 0.000000 -0.000000 -0.000000
vn 0.398854 -0.585390 -0.705857
vn -0.000001 -0.216923 -0.976189
vn -0.000001 -0.216923 -0.976189
vn 0.000000 0.216925 -0.976188
vn 0.000000 0.216924 -0.976188
vn -0.398856 0.585387 -0.705858
vn -0.398856 0.585387 -0.705858
vn -0.544017 0.798433 -0.257973
vn -0.544017 0.798433 -0.257973
vn -0.544016 0.798434 0.257972
vn -0.544016 0.798434 0.257972
vn -0.398856 0.585387 0.705858
vn -0.398856 0.585387 0.705858
vn -0.000001 0.216925 0.976188
vn -0.000001 0.216925 0.976188
vn 0.000000 -0.216923 0.976189
vn 0.000000 -0.216923 0.976189
vn 0.398854 -0.585390 0.705857
vn 0.000000 -0.000000 0.000000
vn 0.398854 -0.585390 0.705857
vn 0.544003 -0.798443 0.257974
vn 0.000000 -0.000000 0.000000
vn 0.544003 -0.798443 0.257974
vn 0.544003 -0.798442 -0.257975
vn 0.000000 -0.000000 -0.000000
vn 0.544003 -0.798442 -0.257975
vn -0.870681 -0.491849 -0.000001
vn -0.870682 -0.491847 0.000001
vn -0.870681 -0.491848 -0.000000
vn -0.870680 -0.491850 0.000000
vn -0.870681 -0.491849 0.000000
vn -0.870682 -0.491846 -0.000001
vn -0.870683 -0.491845 -0.000000
vn -0.870682 -0.491846 0.000001
vn -0.870681 -0.491848 0.000000
vn -0.870680 -0.491850 0.000000
vn -0.870681 -0.491849 0.000001
vn -0.870681 -0.491848 -0.000000
vn -0.870681 -0.491848 -0.000000
vn 0.000000 0.000000 0.000000
vn 0.000000 0.000000 0.000000
vn 0.000000 0.000000 0.000000
vn 0.000000 0.000000 0.000000
vn 0.000000 0.000000 0.000000
vn 0.000000 0.000000 0.000000
vn -0.294561 -0.644251 -0.705814
vn -0.266490 -0.658170 -0.704127
vn -0.269546 -0.656692 -0.704344
vn -0.294561 -0.644251 -0.705814
vn -0.107986 -0.236185 -0.965689
vn -0.097705 -0.241895 -0.965371
vn -0.099206 -0.241064 -0.965426
vn -0.107986 -0.236185 -0.965689
vn 0.107986 0.236185 -0.965689
vn 0.097705 0.241895 -0.965371
vn 0.099205 0.241064 -0.965426
vn 0.107986 0.236185 -0.965689
vn 0.294560 0.644250 -0.705816
vn 0.266489 0.658170 -0.704128
vn 0.269545 0.656692 -0.704344
vn 0.294560 0.644250 -0.705816
vn 0.401743 0.878676 -0.257936
vn 0.364030 0.895274 -0.256839
vn 0.365585 0.894625 -0.256892
vn 0.401743 0.878676 -0.257936
vn 0.401743 0.878676 0.257936
vn 0.365585 0.894625 0.256892
vn 0.364030 0.895274 0.256839
vn 0.401743 0.878676 0.257936
vn 0.294559 0.644251 0.705816
vn 0.269545 0.656692 0.704344
vn 0.266489 0.658170 0.704128
vn 0.294559 0.644251 0.705816
vn 0.107987 0.236185 0.965689
vn 0.099206 0.241064 0.965426
vn 0.097706 0.241895 0.965371
vn 0.107987 0.236185 0.965689
vn -0.107987 -0.236185 0.965689
vn -0.099206 -0.241064 0.965426
vn -0.097705 -0.241895 0.965371
vn -0.107987 -0.236185 0.965689
vn -0.294560 -0.644252 0.705814
vn -0.269546 -0.656693 0.704344
vn -0.266490 -0.658170 0.704127
vn -0.294560 -0.644252 0.705814
vn -0.401742 -0.878675 0.257940
vn -0.365585 -0.894625 0.256895
vn -0.364030 -0.895274 0.256841
vn -0.401742 -0.878675 0.257940
vn -0.401742 -0.878676 -0.257940
vn -0.364030 -0.895274 -0.256841
vn -0.365585 -0.894625 -0.256894
vn -0.401742 -0.878676 -0.257940
vn -0.269981 -0.656482 -0.704373
vn -0.266893 -0.657977 -0.704155
vn -0.099365 -0.240976 -0.965431
vn -0.097849 -0.241815 -0.965376
vn 0.099363 0.240976 -0.965431
vn 0.097848 0.241815 -0.965376
vn 0.269981 0.656482 -0.704373
vn 0.266893 0.657977 -0.704156
vn 0.366175 0.894377 -0.256914
vn 0.364605 0.895034 -0.256860
vn 0.364605 0.895034 0.256860
vn 0.366176 0.894377 0.256914
vn 0.266893 0.657977 0.704156
vn 0.269980 0.656482 0.704373
vn 0.097849 0.241815 0.965376
vn 0.099365 0.240976 0.965431
vn -0.097848 -0.241815 0.965376
vn -0.099364 -0.240976 0.965431
vn -0.266894 -0.657977 0.704155
vn -0.269981 -0.656482 0.704373
vn -0.364605 -0.895034 0.256861
vn -0.366176 -0.894377 0.256915
vn -0.366175 -0.894377 -0.256915
vn -0.364605 -0.895034 -0.256861
vn -0.347809 -0.615657 -0.707104
vn -0.347775 -0.615676 -0.707104
vn -0.127308 -0.225342 -0.965926
vn -0.127291 -0.225352 -0.965926
vn 0.127307 0.225342 -0.965926
vn 0.127290 0.225352 -0.965926
vn 0.347809 0.615656 -0.707105
vn 0.347775 0.615675 -0.707105
vn 0.475099 0.841008 -0.258818
vn 0.475082 0.841017 -0.258818
vn 0.475082 0.841017 0.258818
vn 0.475099 0.841008 0.258818
vn 0.347775 0.615675 0.707105
vn 0.347808 0.615656 0.707105
vn 0.127292 0.225352 0.965926
vn 0.127309 0.225342 0.965926
vn -0.127292 -0.225352 0.965926
vn -0.127308 -0.225342 0.965926
vn -0.347774 -0.615676 0.707104
vn -0.347808 -0.615657 0.707104
vn -0.475082 -0.841016 0.258822
vn -0.475099 -0.841007 0.258822
vn -0.475098 -0.841007 -0.258822
vn -0.475082 -0.841017 -0.258822
vn -0.421102 -0.571269 -0.704503
vn -0.423757 -0.569545 -0.704307
vn -0.154429 -0.209876 -0.965455
vn -0.155814 -0.209078 -0.965406
vn 0.154430 0.209877 -0.965455
vn 0.155816 0.209079 -0.965405
vn 0.421100 0.571266 -0.704507
vn 0.423755 0.569541 -0.704311
vn 0.574546 0.777074 -0.257008
vn 0.575817 0.776148 -0.256959
vn 0.575817 0.776149 0.256960
vn 0.574546 0.777074 0.257008
vn 0.423754 0.569542 0.704311
vn 0.421100 0.571266 0.704507
vn 0.155816 0.209079 0.965405
vn 0.154431 0.209877 0.965455
vn -0.155814 -0.209078 0.965406
vn -0.154429 -0.209876 0.965455
vn -0.423756 -0.569545 0.704308
vn -0.421101 -0.571269 0.704504
vn -0.575817 -0.776147 0.256965
vn -0.574546 -0.777072 0.257014
vn -0.574545 -0.777073 -0.257014
vn -0.575816 -0.776147 -0.256966
vn -0.444009 -0.556108 -0.702567
vn -0.443509 -0.556446 -0.702615
vn -0.162661 -0.205124 -0.965125
vn -0.162161 -0.205413 -0.965147
vn 0.161833 0.205606 -0.965161
vn 0.161122 0.206017 -0.965193
vn 0.437935 0.560185 -0.703140
vn 0.436317 0.561265 -0.703285
vn 0.593466 0.762989 -0.256216
vn 0.592637 0.763620 -0.256254
vn 0.592636 0.763620 0.256254
vn 0.593464 0.762990 0.256216
vn 0.436316 0.561265 0.703285
vn 0.437934 0.560185 0.703141
vn 0.161122 0.206017 0.965193
vn 0.161833 0.205606 0.965161
vn -0.162159 -0.205413 0.965148
vn -0.162659 -0.205124 0.965125
vn -0.443509 -0.556445 0.702615
vn -0.444010 -0.556107 0.702567
vn -0.604728 -0.754278 0.255674
vn -0.604820 -0.754205 0.255669
vn -0.604820 -0.754206 -0.255669
vn -0.604728 -0.754278 -0.255674
vn -0.398857 -0.585389 -0.705856
vn -0.000000 -0.000000 -0.000000
vn -0.398857 -0.585389 -0.705856
vn 0.398856 0.585387 -0.705859
vn 0.398856 0.585387 -0.705859
vn 0.544018 0.798433 -0.257972
vn 0.544018 0.798433 -0.257972
vn 0.544016 0.798434 0.257973
vn 0.544016 0.798434 0.257973
vn 0.398855 0.585387 0.705859
vn 0.398855 0.585387 0.705859
vn -0.398852 -0.585391 0.705858
vn -0.000000 -0.000000 0.000000
vn -0.398852 -0.585391 0.705858
vn -0.544003 -0.798443 0.257974
vn -0.000000 -0.000000 0.000000
vn -0.544003 -0.798443 0.257974
vn -0.544000 -0.798444 -0.257974
vn -0.000000 -0.000000 -0.000000
vn -0.544000 -0.798444 -0.257974
vn 0.870681 -0.491849 -0.000001
vn 0.870681 -0.491848 0.000000
vn 0.870681 -0.491848 0.000000
vn 0.870680 -0.491850 0.000000
vn 0.870681 -0.491849 0.000000
vn 0.870682 -0.491846 -0.000001
vn 0.870683 -0.491844 0.000000
vn 0.870682 -0.491846 0.000001
vn 0.870681 -0.491849 0.000000
vn 0.870680 -0.491850 0.000000
vn 0.870681 -0.491848 0.000001
vn 0.870681 -0.491848 -0.000000
vn 0.870681 -0.491849 0.000000
vn 0.000000 0.000000 0.000000
vn 0.000000 0.000000 0.000000
vn 0.000000 0.000000 0.000000
vn 0.000000 0.000000 0.000000
vn 0.000000 0.000000 0.000000
vn 0.000000 0.000000 0.000000
s 1
g TentPoles TentProxy pCylinder4
usemtl initialShadingGroup
f 160/261/424 161/267/425 173/268/426 172/262/427
s 2
f 161/267/428 162/292/429 174/293/430 173/268/431
s 3
f 162/292/432 163/230/433 175/231/434 174/293/435
s 4
f 163/230/436 164/222/437 176/225/438 175/231/439
s 5
f 164/222/440 165/223/441 177/224/442 176/225/443
s 6
f 165/223/444 166/226/445 178/227/446 177/224/447
s 7
f 166/226/448 167/232/449 179/233/450 178/227/451
s 8
f 167/299/452 168/300/453 180/301/454 179/302/455
s 9
f 168/300/456 169/265/457 181/266/458 180/301/459
s 10
f 169/265/460 170/257/461 182/260/462 181/266/463
s 11
f 170/257/464 171/258/465 183/259/466 182/260/467
s 12
f 171/258/468 160/261/469 172/262/470 183/259/471
s 1
f 172/262/427 173/268/426 185/273/472 184/269/473
s 2
f 173/268/431 174/293/430 186/294/474 185/273/475
s 3
f 174/293/435 175/231/434 187/237/476 186/294/477
s 4
f 175/231/439 176/225/438 188/229/478 187/237/479
s 5
f 176/225/443 177/224/442 189/228/480 188/229/481
s 6
f 177/224/447 178/227/446 190/234/482 189/228/483
s 7
f 178/227/451 179/233/450 191/238/484 190/234/485
s 8
f 179/302/455 180/301/454 192/303/486 191/304/487
s 9
f 180/301/459 181/266/458 193/272/488 192/303/489
s 10
f 181/266/463 182/260/462 194/264/490 193/272/491
s 11
f 182/260/467 183/259/466 195/263/492 194/264/493
s 12
f 183/259/471 172/262/470 184/269/494 195/263/495
s 1
f 184/269/473 185/273/472 197/278/496 196/274/497
s 2
f 185/273/475 186/294/474 198/295/498 197/278/499
s 3
f 186/294/477 187/237/476 199/242/500 198/295/501
s 4
f 187/237/479 188/229/478 200/236/502 199/242/503
s 5
f 188/229/481 189/228/480 201/235/504 200/236/505
s 6
f 189/228/483 190/234/482 202/239/506 201/235/507
s 7
f 190/234/485 191/238/484 203/243/508 202/239/509
s 8
f 191/304/487 192/303/486 204/305/510 203/306/511
s 9
f 192/303/489 193/272/488 205/277/512 204/305/513
s 10
f 193/272/491 194/264/490 206/271/514 205/277/515
s 11
f 194/264/493 195/263/492 207/270/516 206/271/517
s 12
f 195/263/495 184/269/494 196/274/518 207/270/519
s 1
f 196/274/497 197/278/496 209/283/520 208/279/521
s 2
f 197/278/499 198/295/498 210/296/522 209/283/523
s 3
f 198/295/501 199/242/500 211/247/524 210/296/525
s 4
f 199/242/503 200/236/502 212/241/526 211/247/527
s 5
f 200/236/505 201/235/504 213/240/528 212/241/529
s 6
f 201/235/507 202/239/506 214/244/530 213/240/531
s 7
f 202/239/509 203/243/508 215/248/532 214/244/533
s 8
f 203/306/511 204/305/510 216/307/534 215/308/535
s 9
f 204/305/513 205/277/512 217/282/536 216/307/537
s 10
f 205/277/515 206/271/514 218/276/538 217/282/539
s 11
f 206/271/517 207/270/516 219/275/540 218/276/541
s 12
f 207/270/519 196/274/518 208/279/542 219/275/543
s 1
f 208/279/521 209/283/520 221/288/544 220/284/545
s 2
f 209/283/523 210/296/522 222/297/546 221/288/547
s 3
f 210/296/525 211/247/524 223/252/548 222/297/549
s 4
f 211/247/527 212/241/526 224/246/550 223/252/551
s 5
f 212/241/529 213/240/528 225/245/552 224/246/553
s 6
f 213/240/531 214/244/530 226/249/554 225/245/555
s 7
f 214/244/533 215/248/532 227/253/556 226/249/557
s 8
f 215/308/535 216/307/534 228/309/558 227/310/559
s 9
f 216/307/537 217/282/536 229/287/560 228/309/561
s 10
f 217/282/539 218/276/538 230/281/562 229/287/563
s 11
f 218/276/541 219/275/540 231/280/564 230/281/565
s 12
f 219/275/543 208/279/542 220/284/566 231/280/567
s 1
f 220/284/545 221/288/544 234/291/568 245/314/569 233/289/570
s 2
f 221/288/547 222/297/546 235/298/571 234/291/572
s 3
f 222/297/549 223/252/548 236/255/573 235/298/574
s 4
f 223/252/551 224/246/550 237/251/575 236/255/576
s 5
f 224/246/553 225/245/552 238/250/577 237/251/578
s 6
f 225/245/555 226/249/554 239/254/579 238/250/580
s 7
f 226/249/557 227/253/556 240/256/581 239/254/582
s 8
f 227/310/559 228/309/558 241/311/583 240/312/584
s 9
f 228/309/561 229/287/560 242/313/585 241/311/586
s 10
f 229/287/563 230/281/562 243/286/587 246/315/588 242/290/589
s 11
f 230/281/565 231/280/564 244/285/590 247/316/591 243/286/592
s 12
f 231/280/567 220/284/566 233/289/593 248/317/594 244/285/595
s 13
f 161/209/596 160/210/597 232/211/598
f 162/213/599 161/209/596 232/211/598
f 163/215/600 162/213/599 232/211/598
f 164/217/601 163/215/600 232/211/598
f 165/219/602 164/217/601 232/211/598
f 166/221/603 165/219/602 232/211/598
f 167/220/604 166/221/603 232/211/598
f 168/218/605 167/220/604 232/211/598
f 169/216/606 168/218/605 232/211/598
f 170/214/607 169/216/606 232/211/598
f 171/212/608 170/214/607 232/211/598
f 160/210/597 171/212/608 232/211/598
s off
f 249/318/609 245/314/610 234/291/611
f 246/315/612 250/319/613 242/290/614
s 14
f 251/320/615 263/323/616 264/322/617 252/321/618
s 2
f 252/321/619 264/322/620 265/325/621 253/324/622
s 3
f 253/324/623 265/325/624 266/327/625 254/326/626
s 17
f 254/326/627 266/327/628 267/329/629 255/328/630
s 18
f 255/328/631 267/329/632 268/331/633 256/330/634
s 19
f 256/330/635 268/331/636 269/333/637 257/332/638
s 20
f 257/332/639 269/333/640 270/335/641 258/334/642
s 8
f 258/336/643 270/339/644 271/338/645 259/337/646
s 9
f 259/337/647 271/338/648 272/341/649 260/340/650
s 23
f 260/340/651 272/341/652 273/343/653 261/342/654
s 24
f 261/342/655 273/343/656 274/345/657 262/344/658
s 25
f 262/344/659 274/345/660 263/323/661 251/320/662
s 14
f 263/323/616 275/347/663 276/346/664 264/322/617
s 2
f 264/322/620 276/346/665 277/348/666 265/325/621
s 3
f 265/325/624 277/348/667 278/349/668 266/327/625
s 17
f 266/327/628 278/349/669 279/350/670 267/329/629
s 18
f 267/329/632 279/350/671 280/351/672 268/331/633
s 19
f 268/331/636 280/351/673 281/352/674 269/333/637
s 20
f 269/333/640 281/352/675 282/353/676 270/335/641
s 8
f 270/339/644 282/355/677 283/354/678 271/338/645
s 9
f 271/338/648 283/354/679 284/356/680 272/341/649
s 23
f 272/341/652 284/356/681 285/357/682 273/343/653
s 24
f 273/343/656 285/357/683 286/358/684 274/345/657
s 25
f 274/345/660 286/358/685 275/347/686 263/323/661
s 14
f 275/347/663 287/360/687 288/359/688 276/346/664
s 2
f 276/346/665 288/359/689 289/361/690 277/348/666
s 3
f 277/348/667 289/361/691 290/362/692 278/349/668
s 17
f 278/349/669 290/362/693 291/363/694 279/350/670
s 18
f 279/350/671 291/363/695 292/364/696 280/351/672
s 19
f 280/351/673 292/364/697 293/365/698 281/352/674
s 20
f 281/352/675 293/365/699 294/366/700 282/353/676
s 8
f 282/355/677 294/368/701 295/367/702 283/354/678
s 9
f 283/354/679 295/367/703 296/369/704 284/356/680
s 23
f 284/356/681 296/369/705 297/370/706 285/357/682
s 24
f 285/357/683 297/370/707 298/371/708 286/358/684
s 25
f 286/358/685 298/371/709 287/360/710 275/347/686
s 14
f 287/360/687 299/373/711 300/372/712 288/359/688
s 2
f 288/359/689 300/372/713 301/374/714 289/361/690
s 3
f 289/361/691 301/374/715 302/375/716 290/362/692
s 17
f 290/362/693 302/375/717 303/376/718 291/363/694
s 18
f 291/363/695 303/376/719 304/377/720 292/364/696
s 19
f 292/364/697 304/377/721 305/378/722 293/365/698
s 20
f 293/365/699 305/378/723 306/379/724 294/366/700
s 8
f 294/368/701 306/381/725 307/380/726 295/367/702
s 9
f 295/367/703 307/380/727 308/382/728 296/369/704
s 23
f 296/369/705 308/382/729 309/383/730 297/370/706
s 24
f 297/370/707 309/383/731 310/384/732 298/371/708
s 25
f 298/371/709 310/384/733 299/373/734 287/360/710
s 14
f 299/373/711 311/386/735 312/385/736 300/372/712
s 2
f 300/372/713 312/385/737 313/387/738 301/374/714
s 3
f 301/374/715 313/387/739 314/388/740 302/375/716
s 17
f 302/375/717 314/388/741 315/389/742 303/376/718
s 18
f 303/376/719 315/389/743 316/390/744 304/377/720
s 19
f 304/377/721 316/390/745 317/391/746 305/378/722
s 20
f 305/378/723 317/391/747 318/392/748 306/379/724
s 8
f 306/381/725 318/394/749 319/393/750 307/380/726
s 9
f 307/380/727 319/393/751 320/395/752 308/382/728
s 23
f 308/382/729 320/395/753 321/396/754 309/383/730
s 24
f 309/383/731 321/396/755 322/397/756 310/384/732
s 25
f 310/384/733 322/397/757 311/386/758 299/373/734
s 14
f 311/386/735 233/400/759 245/399/760 234/398/761 312/385/736
s 2
f 312/385/737 234/398/572 235/401/571 313/387/738
s 3
f 313/387/739 235/401/574 236/402/573 314/388/740
s 17
f 314/388/741 236/402/762 237/403/763 315/389/742
s 18
f 315/389/743 237/403/764 238/404/765 316/390/744
s 19
f 316/390/745 238/404/766 239/405/767 317/391/746
s 20
f 317/391/747 239/405/768 240/406/769 318/392/748
s 8
f 318/394/749 240/408/584 241/407/583 319/393/750
s 9
f 319/393/751 241/407/586 242/409/585 320/395/752
s 23
f 320/395/753 242/412/770 246/411/771 243/410/772 321/396/754
s 24
f 321/396/755 243/410/773 247/414/774 244/413/775 322/397/756
s 25
f 322/397/757 244/413/776 248/415/777 233/400/778 311/386/758
s 26
f 252/416/779 323/418/780 251/417/781
f 253/419/782 323/418/780 252/416/779
f 254/420/783 323/418/780 253/419/782
f 255/421/784 323/418/780 254/420/783
f 256/422/785 323/418/780 255/421/784
f 257/423/786 323/418/780 256/422/785
f 258/424/787 323/418/780 257/423/786
f 259/425/788 323/418/780 258/424/787
f 260/426/789 323/418/780 259/425/788
f 261/427/790 323/418/780 260/426/789
f 262/428/791 323/418/780 261/427/790
f 251/417/781 323/418/780 262/428/791
s off
f 249/429/792 234/398/793 245/399/794
f 246/411/795 242/412/796 250/430/797
g default
v -595.652832 209.472458 -923.734558
v -586.891663 226.973053 -924.059875
v -588.055786 246.506805 -924.513855
v -598.833069 262.839874 -924.975098
v -616.335876 271.595734 -925.319580
v -635.874268 270.428314 -925.455200
v -652.213074 259.650269 -925.345703
v -660.974182 242.149719 -925.020325
v -659.810120 222.615921 -924.566101
v -649.032837 206.282806 -924.105347
v -631.530029 197.526962 -923.760864
v -611.991577 198.694443 -923.625244
v -593.875183 203.452774 -612.505981
v -585.114197 220.953369 -612.831543
v -586.278076 240.487137 -613.285522
v -597.055420 256.820251 -613.746521
v -614.558289 265.576111 -614.091003
v -634.096680 264.408630 -614.226624
v -650.435425 253.630600 -614.117126
v -659.196533 236.130066 -613.791748
v -658.032471 216.596237 -613.337769
v -647.255188 200.263199 -612.876770
v -629.752380 191.507324 -612.532288
v -610.213928 192.674789 -612.396667
v -587.827393 184.613373 -303.651215
v -579.066223 202.113846 -303.976501
v -580.230286 221.647736 -304.430573
v -591.007751 237.980713 -304.891571
v -608.510437 246.736572 -305.236023
v -628.048828 245.569122 -305.371674
v -644.387756 234.791153 -305.262146
v -653.148743 217.290588 -304.936737
v -651.984741 197.756744 -304.482819
v -641.207336 181.423706 -304.021759
v -623.704529 172.667862 -303.677338
v -604.166260 173.835281 -303.541687
v -586.116455 178.794174 7.614495
v -577.355347 196.294739 7.289146
v -578.519409 215.828598 6.835150
v -589.296875 232.161591 6.374157
v -606.799561 240.917480 6.029685
v -626.338013 239.749985 5.894040
v -642.676819 228.972046 6.003566
v -651.437866 211.471466 6.328912
v -650.273804 191.937622 6.782907
v -639.496521 175.604568 7.243904
v -621.993774 166.848709 7.588372
v -602.455322 168.016174 7.724022
v -593.035400 198.882965 323.676727
v -584.274170 216.383484 323.351318
v -585.438171 235.917374 322.897339
v -596.215515 252.250427 322.436340
v -613.718384 261.006317 322.091919
v -633.256775 259.838776 321.956268
v -649.595520 249.060837 322.065796
v -658.356628 231.560272 322.391144
v -657.192627 212.026459 322.845093
v -646.415283 195.693359 323.306122
v -628.912476 186.937576 323.650604
v -609.374023 188.104996 323.786255
v -604.291016 231.992157 642.149597
v -595.529846 249.492676 641.824219
v -596.693970 269.026489 641.370239
v -607.471313 285.359589 640.909241
v -624.974060 294.115417 640.564758
v -644.512451 292.947937 640.429321
v -660.851379 282.169952 640.538635
v -669.612488 264.669434 640.864014
v -668.448303 245.135620 641.317993
v -657.671082 228.802536 641.778992
v -640.168152 220.046661 642.123657
v -620.629700 221.214188 642.259094
v -611.276672 309.989197 958.248840
v -602.515503 327.489716 957.923462
v -603.679565 347.023560 957.469482
v -614.456787 363.356628 957.008484
v -631.959595 372.112488 956.664001
v -651.498169 370.944946 956.528381
v -667.836792 360.166992 956.637878
v -676.597900 342.666473 956.963440
v -675.433838 323.132690 957.417480
v -664.656677 306.799530 957.878235
v -647.153748 298.043701 958.222717
v -627.615295 299.211182 958.358337
v -623.933044 234.561386 -924.540222
v -639.556641 335.078094 957.443359
v 595.652832 209.472458 -923.734558
v 586.891663 226.973053 -924.059875
v 588.055786 246.506805 -924.513855
v 598.833069 262.839874 -924.975098
v 616.335876 271.595734 -925.319580
v 635.874268 270.428314 -925.455200
v 652.213074 259.650269 -925.345703
v 660.974182 242.149719 -925.020325
v 659.810120 222.615921 -924.566101
v 649.032837 206.282806 -924.105347
v 631.530029 197.526962 -923.760864
v 611.991577 198.694443 -923.625244
v 593.875183 203.452774 -612.505981
v 585.114197 220.953369 -612.831543
v 586.278076 240.487137 -613.285522
v 597.055420 256.820251 -613.746521
v 614.558289 265.576111 -614.091003
v 634.096680 264.408630 -614.226624
v 650.435425 253.630600 -614.117126
v 659.196533 236.130066 -613.791748
v 658.032471 216.596237 -613.337769
v 647.255188 200.263199 -612.876770
v 629.752380 191.507324 -612.532288
v 610.213928 192.674789 -612.396667
v 587.827393 184.613373 -303.651215
v 579.066223 202.113846 -303.976501
v 580.230286 221.647736 -304.430573
v 591.007751 237.980713 -304.891571
v 608.510437 246.736572 -305.236023
v 628.048828 245.569122 -305.371674
v 644.387756 234.791153 -305.262146
v 653.148743 217.290588 -304.936737
v 651.984741 197.756744 -304.482819
v 641.207336 181.423706 -304.021759
v 623.704529 172.667862 -303.677338
v 604.166260 173.835281 -303.541687
v 586.116455 178.794174 7.614495
v 577.355347 196.294739 7.289146
v 578.519409 215.828598 6.835150
v 589.296875 232.161591 6.374157
v 606.799561 240.917480 6.029685
v 626.338013 239.749985 5.894040
v 642.676819 228.972046 6.003566
v 651.437866 211.471466 6.328912
v 650.273804 191.937622 6.782907
v 639.496521 175.604568 7.243904
v 621.993774 166.848709 7.588372
v 602.455322 168.016174 7.724022
v 593.035400 198.882965 323.676727
v 584.274170 216.383484 323.351318
v 585.438171 235.917374 322.897339
v 596.215515 252.250427 322.436340
v 613.718384 261.006317 322.091919
v 633.256775 259.838776 321.956268
v 649.595520 249.060837 322.065796
v 658.356628 231.560272 322.391144
v 657.192627 212.026459 322.845093
v 646.415283 195.693359 323.306122
v 628.912476 186.937576 323.650604
v 609.374023 188.104996 323.786255
v 604.291016 231.992157 642.149597
v 595.529846 249.492676 641.824219
v 596.693970 269.026489 641.370239
v 607.471313 285.359589 640.909241
v 624.974060 294.115417 640.564758
v 644.512451 292.947937 640.429321
v 660.851379 282.169952 640.538635
v 669.612488 264.669434 640.864014
v 668.448303 245.135620 641.317993
v 657.671082 228.802536 641.778992
v 640.168152 220.046661 642.123657
v 620.629700 221.214188 642.259094
v 611.276672 309.989197 958.248840
v 602.515503 327.489716 957.923462
v 603.679565 347.023560 957.469482
v 614.456787 363.356628 957.008484
v 631.959595 372.112488 956.664001
v 651.498169 370.944946 956.528381
v 667.836792 360.166992 956.637878
v 676.597900 342.666473 956.963440
v 675.433838 323.132690 957.417480
v 664.656677 306.799530 957.878235
v 647.153748 298.043701 958.222717
v 627.615295 299.211182 958.358337
v 623.933044 234.561386 -924.540222
v 639.556641 335.078094 957.443359
vt 0.616646 0.917047
vt 0.600866 0.901267
vt 0.579310 0.895491
vt 0.557754 0.901267
vt 0.541975 0.917047
vt 0.536199 0.938602
vt 0.541975 0.960158
vt 0.557754 0.975938
vt 0.579310 0.981714
vt 0.600866 0.975938
vt 0.616646 0.960158
vt 0.622421 0.938602
vt 0.863541 0.069354
vt 0.872541 0.069137
vt 0.881543 0.068817
vt 0.890551 0.068499
vt 0.899567 0.068291
vt 0.908585 0.068267
vt 0.917603 0.068454
vt 0.926613 0.068826
vt 0.935613 0.069306
vt 0.944608 0.069788
vt 0.953602 0.070168
vt 0.962597 0.070367
vt 0.971596 0.070356
vt 0.862493 0.212771
vt 0.871480 0.212439
vt 0.880449 0.211952
vt 0.889409 0.211464
vt 0.898369 0.211127
vt 0.907333 0.211053
vt 0.916294 0.211287
vt 0.925246 0.211784
vt 0.934196 0.212432
vt 0.943154 0.213080
vt 0.952133 0.213573
vt 0.961129 0.213801
vt 0.970128 0.213722
vt 0.861067 0.354938
vt 0.870056 0.354626
vt 0.879039 0.354161
vt 0.888026 0.353691
vt 0.897025 0.353367
vt 0.906034 0.353300
vt 0.915041 0.353528
vt 0.924032 0.354012
vt 0.933009 0.354642
vt 0.941983 0.355268
vt 0.950966 0.355741
vt 0.959960 0.355952
vt 0.968957 0.355861
vt 0.859663 0.497084
vt 0.868664 0.497165
vt 0.877669 0.497245
vt 0.886680 0.497325
vt 0.895699 0.497405
vt 0.904721 0.497486
vt 0.913743 0.497567
vt 0.922762 0.497650
vt 0.931773 0.497732
vt 0.940779 0.497814
vt 0.949781 0.497896
vt 0.958780 0.497977
vt 0.967780 0.498057
vt 0.858589 0.641739
vt 0.867572 0.642226
vt 0.876533 0.642863
vt 0.885485 0.643503
vt 0.894440 0.643991
vt 0.903404 0.644217
vt 0.912378 0.644135
vt 0.921353 0.643796
vt 0.930330 0.643314
vt 0.939315 0.642839
vt 0.948311 0.642519
vt 0.957315 0.642458
vt 0.966315 0.642694
vt 0.857359 0.788020
vt 0.866263 0.789210
vt 0.875145 0.790643
vt 0.884071 0.791950
vt 0.893075 0.792796
vt 0.902120 0.792976
vt 0.911134 0.792470
vt 0.920076 0.791427
vt 0.928967 0.790160
vt 0.937874 0.789038
vt 0.946831 0.788379
vt 0.955817 0.788375
vt 0.964773 0.789051
vt 0.856646 0.936743
vt 0.865457 0.938471
vt 0.874192 0.940475
vt 0.882966 0.942233
vt 0.891846 0.943294
vt 0.900789 0.943393
vt 0.909688 0.942519
vt 0.918500 0.940942
vt 0.927279 0.939113
vt 0.936129 0.937552
vt 0.945095 0.936702
vt 0.954106 0.936809
vt 0.963040 0.937880
vt 0.615954 0.917222
vt 0.600174 0.901442
vt 0.578618 0.895667
vt 0.557063 0.901442
vt 0.541283 0.917222
vt 0.535507 0.938778
vt 0.541283 0.960334
vt 0.557063 0.976113
vt 0.578618 0.981889
vt 0.600174 0.976113
vt 0.615954 0.960334
vt 0.621730 0.938778
vt 0.579310 0.938602
vt 0.578618 0.938778
vt 0.863541 0.069354
vt 0.872541 0.069137
vt 0.871480 0.212439
vt 0.862493 0.212771
vt 0.881543 0.068817
vt 0.880449 0.211952
vt 0.890551 0.068499
vt 0.889409 0.211464
vt 0.899567 0.068291
vt 0.898369 0.211127
vt 0.908585 0.068267
vt 0.907333 0.211053
vt 0.917603 0.068454
vt 0.916294 0.211287
vt 0.926613 0.068826
vt 0.925246 0.211784
vt 0.935613 0.069306
vt 0.934196 0.212432
vt 0.944608 0.069788
vt 0.943154 0.213080
vt 0.953602 0.070168
vt 0.952133 0.213573
vt 0.962597 0.070367
vt 0.961129 0.213801
vt 0.971596 0.070356
vt 0.970128 0.213722
vt 0.870056 0.354626
vt 0.861067 0.354938
vt 0.879039 0.354161
vt 0.888026 0.353691
vt 0.897025 0.353367
vt 0.906034 0.353300
vt 0.915041 0.353528
vt 0.924032 0.354012
vt 0.933009 0.354642
vt 0.941983 0.355268
vt 0.950966 0.355741
vt 0.959960 0.355952
vt 0.968957 0.355861
vt 0.868664 0.497165
vt 0.859663 0.497084
vt 0.877669 0.497245
vt 0.886680 0.497325
vt 0.895699 0.497405
vt 0.904721 0.497486
vt 0.913743 0.497567
vt 0.922762 0.497650
vt 0.931773 0.497732
vt 0.940779 0.497814
vt 0.949781 0.497896
vt 0.958780 0.497977
vt 0.967780 0.498057
vt 0.867572 0.642226
vt 0.858589 0.641739
vt 0.876533 0.642863
vt 0.885485 0.643503
vt 0.894440 0.643991
vt 0.903404 0.644217
vt 0.912378 0.644135
vt 0.921353 0.643796
vt 0.930330 0.643314
vt 0.939315 0.642839
vt 0.948311 0.642519
vt 0.957315 0.642458
vt 0.966315 0.642694
vt 0.866263 0.789210
vt 0.857359 0.788020
vt 0.875145 0.790643
vt 0.884071 0.791950
vt 0.893075 0.792796
vt 0.902120 0.792976
vt 0.911134 0.792470
vt 0.920076 0.791427
vt 0.928967 0.790160
vt 0.937874 0.789038
vt 0.946831 0.788379
vt 0.955817 0.788375
vt 0.964773 0.789051
vt 0.865457 0.938471
vt 0.856646 0.936743
vt 0.874192 0.940475
vt 0.882966 0.942233
vt 0.891846 0.943294
vt 0.900789 0.943393
vt 0.909688 0.942519
vt 0.918500 0.940942
vt 0.927279 0.939113
vt 0.936129 0.937552
vt 0.945095 0.936702
vt 0.954106 0.936809
vt 0.963040 0.937880
vt 0.600866 0.901267
vt 0.616646 0.917047
vt 0.579310 0.938602
vt 0.579310 0.895491
vt 0.557754 0.901267
vt 0.541975 0.917047
vt 0.536199 0.938602
vt 0.541975 0.960158
vt 0.557754 0.975938
vt 0.579310 0.981714
vt 0.600866 0.975938
vt 0.616646 0.960158
vt 0.622421 0.938602
vt 0.615954 0.960334
vt 0.600174 0.976113
vt 0.578618 0.938778
vt 0.578618 0.981889
vt 0.557063 0.976113
vt 0.541283 0.960334
vt 0.535507 0.938778
vt 0.541283 0.917222
vt 0.557063 0.901442
vt 0.578618 0.895667
vt 0.600174 0.901442
vt 0.615954 0.917222
vt 0.621730 0.938778
vn 0.894020 -0.447815 -0.013768
vn 0.894020 -0.447815 -0.013768
vn 0.893622 -0.447898 -0.028766
vn 0.893591 -0.447900 -0.029692
vn 0.998225 0.059376 -0.004553
vn 0.998225 0.059376 -0.004553
vn 0.998193 0.059248 -0.009987
vn 0.998189 0.059236 -0.010451
vn 0.834579 0.550857 0.005888
vn 0.834579 0.550857 0.005888
vn 0.834467 0.550942 0.011321
vn 0.834456 0.550949 0.011785
vn 0.447114 0.894356 0.014744
vn 0.447114 0.894356 0.014744
vn 0.446729 0.894175 0.029742
vn 0.446702 0.894157 0.030668
vn -0.059770 0.998019 0.019645
vn -0.059770 0.998019 0.019645
vn -0.059877 0.997384 0.040509
vn -0.059879 0.997365 0.040970
vn -0.550454 0.834643 0.019287
vn -0.550454 0.834643 0.019287
vn -0.550000 0.834177 0.040613
vn -0.550012 0.834191 0.040152
vn -0.894018 0.447820 0.013768
vn -0.894018 0.447820 0.013768
vn -0.893591 0.447900 0.029692
vn -0.893622 0.447898 0.028766
vn -0.998225 -0.059381 0.004553
vn -0.998225 -0.059381 0.004553
vn -0.998189 -0.059240 0.010451
vn -0.998193 -0.059251 0.009987
vn -0.834580 -0.550856 -0.005888
vn -0.834580 -0.550856 -0.005888
vn -0.834458 -0.550946 -0.011785
vn -0.834468 -0.550940 -0.011321
vn -0.447115 -0.894355 -0.014744
vn -0.447115 -0.894355 -0.014744
vn -0.446703 -0.894157 -0.030668
vn -0.446730 -0.894174 -0.029742
vn 0.059771 -0.998019 -0.019645
vn 0.059771 -0.998019 -0.019645
vn 0.059879 -0.997365 -0.040970
vn 0.059877 -0.997383 -0.040509
vn 0.550452 -0.834644 -0.019287
vn 0.550452 -0.834644 -0.019287
vn 0.550014 -0.834190 -0.040152
vn 0.550001 -0.834176 -0.040613
vn 0.893598 -0.447901 -0.029454
vn 0.893629 -0.447899 -0.028519
vn 0.998190 0.059239 -0.010364
vn 0.998194 0.059250 -0.009896
vn 0.834455 0.550952 0.011699
vn 0.834466 0.550945 0.011230
vn 0.446711 0.894161 0.030430
vn 0.446738 0.894178 0.029495
vn -0.059878 0.997378 0.040642
vn -0.059876 0.997397 0.040176
vn -0.550018 0.834203 0.039819
vn -0.550006 0.834189 0.040285
vn -0.893631 0.447896 0.028518
vn -0.893600 0.447898 0.029454
vn -0.998194 -0.059254 0.009895
vn -0.998190 -0.059243 0.010364
vn -0.834469 -0.550941 -0.011230
vn -0.834458 -0.550947 -0.011699
vn -0.446737 -0.894179 -0.029495
vn -0.446710 -0.894161 -0.030430
vn 0.059875 -0.997397 -0.040175
vn 0.059877 -0.997378 -0.040642
vn 0.550009 -0.834187 -0.040285
vn 0.550022 -0.834201 -0.039819
vn 0.894197 -0.447328 0.017594
vn 0.894197 -0.447328 0.017604
vn 0.998196 0.059644 0.006928
vn 0.998196 0.059644 0.006933
vn 0.834723 0.550641 -0.005593
vn 0.834723 0.550641 -0.005598
vn 0.447598 0.894080 -0.016617
vn 0.447598 0.894080 -0.016627
vn -0.059471 0.997961 -0.023192
vn -0.059471 0.997960 -0.023197
vn -0.550597 0.834439 -0.023554
vn -0.550597 0.834439 -0.023549
vn -0.894199 0.447323 -0.017604
vn -0.894199 0.447323 -0.017593
vn -0.998196 -0.059643 -0.006933
vn -0.998196 -0.059643 -0.006927
vn -0.834728 -0.550634 0.005598
vn -0.834728 -0.550634 0.005593
vn -0.447595 -0.894082 0.016627
vn -0.447595 -0.894082 0.016617
vn 0.059468 -0.997961 0.023197
vn 0.059468 -0.997961 0.023192
vn 0.550600 -0.834437 0.023549
vn 0.550600 -0.834437 0.023554
vn 0.892877 -0.445818 0.063379
vn 0.892919 -0.445855 0.062518
vn 0.997914 0.060020 0.023764
vn 0.997925 0.060011 0.023332
vn 0.834747 0.550177 -0.022430
vn 0.834749 0.550191 -0.021998
vn 0.447507 0.892101 -0.062403
vn 0.447518 0.892155 -0.061542
vn -0.058841 0.994617 -0.085287
vn -0.058846 0.994654 -0.084858
vn -0.549035 0.831444 -0.085215
vn -0.549017 0.831412 -0.085644
vn -0.892923 0.445849 -0.062518
vn -0.892880 0.445812 -0.063379
vn -0.997925 -0.060008 -0.023332
vn -0.997914 -0.060018 -0.023764
vn -0.834753 -0.550184 0.021998
vn -0.834751 -0.550170 0.022430
vn -0.447514 -0.892157 0.061542
vn -0.447503 -0.892103 0.062403
vn 0.058843 -0.994654 0.084858
vn 0.058838 -0.994618 0.085287
vn 0.549022 -0.831409 0.085644
vn 0.549040 -0.831441 0.085215
vn 0.890022 -0.443608 0.105224
vn 0.890368 -0.443857 0.101171
vn 0.998058 0.059875 0.017204
vn 0.998017 0.059921 0.019290
vn 0.833255 0.547685 -0.075679
vn 0.833617 0.548141 -0.068005
vn 0.444927 0.883678 -0.145444
vn 0.445265 0.884628 -0.138463
vn -0.057531 0.983016 -0.174270
vn -0.057548 0.983186 -0.173303
vn -0.544501 0.823834 -0.157533
vn -0.544122 0.823215 -0.162012
vn -0.890370 0.443854 -0.101171
vn -0.890024 0.443606 -0.105223
vn -0.998016 -0.059926 -0.019290
vn -0.998057 -0.059881 -0.017204
vn -0.833621 -0.548134 0.068004
vn -0.833260 -0.547678 0.075679
vn -0.445262 -0.884630 0.138463
vn -0.444924 -0.883679 0.145443
vn 0.057547 -0.983186 0.173303
vn 0.057530 -0.983016 0.174270
vn 0.544127 -0.823212 0.162011
vn 0.544505 -0.823831 0.157532
vn 0.887726 -0.442021 0.128687
vn 0.887726 -0.442021 0.128687
vn 0.998192 0.059654 0.007339
vn 0.998192 0.059654 0.007339
vn 0.830531 0.544747 -0.116061
vn 0.830531 0.544747 -0.116061
vn 0.441056 0.873564 -0.205805
vn 0.441056 0.873564 -0.205805
vn -0.056238 0.969055 -0.240355
vn -0.056238 0.969055 -0.240355
vn -0.539000 0.814931 -0.212995
vn -0.539000 0.814931 -0.212995
vn -0.887726 0.442021 -0.128686
vn -0.887726 0.442021 -0.128686
vn -0.998192 -0.059662 -0.007338
vn -0.998192 -0.059662 -0.007338
vn -0.830536 -0.544739 0.116060
vn -0.830536 -0.544739 0.116060
vn -0.441053 -0.873566 0.205804
vn -0.441053 -0.873566 0.205804
vn 0.056238 -0.969055 0.240356
vn 0.056238 -0.969054 0.240356
vn 0.539003 -0.814929 0.212993
vn 0.539003 -0.814929 0.212993
vn 0.008306 -0.022740 -0.999707
vn 0.008306 -0.022739 -0.999707
vn 0.008301 -0.022741 -0.999707
vn 0.008308 -0.022744 -0.999707
vn 0.008302 -0.022745 -0.999707
vn 0.008294 -0.022740 -0.999707
vn 0.008299 -0.022740 -0.999707
vn 0.008301 -0.022740 -0.999707
vn 0.008297 -0.022747 -0.999707
vn 0.008295 -0.022742 -0.999707
vn 0.008299 -0.022736 -0.999707
vn 0.008299 -0.022740 -0.999707
vn 0.008299 -0.022738 -0.999707
vn -0.008297 0.022740 0.999707
vn -0.008300 0.022740 0.999707
vn -0.008297 0.022740 0.999707
vn -0.008298 0.022740 0.999707
vn -0.008301 0.022740 0.999707
vn -0.008299 0.022740 0.999707
vn -0.008294 0.022740 0.999707
vn -0.008297 0.022744 0.999707
vn -0.008297 0.022746 0.999707
vn -0.008290 0.022737 0.999707
vn -0.008293 0.022736 0.999707
vn -0.008302 0.022740 0.999707
vn -0.008300 0.022740 0.999707
vn -0.894020 -0.447816 -0.013768
vn -0.893591 -0.447900 -0.029692
vn -0.893622 -0.447898 -0.028766
vn -0.894020 -0.447816 -0.013768
vn -0.998225 0.059376 -0.004553
vn -0.998189 0.059236 -0.010451
vn -0.998193 0.059247 -0.009987
vn -0.998225 0.059376 -0.004553
vn -0.834579 0.550857 0.005888
vn -0.834456 0.550948 0.011785
vn -0.834467 0.550942 0.011321
vn -0.834579 0.550857 0.005888
vn -0.447114 0.894355 0.014744
vn -0.446703 0.894157 0.030668
vn -0.446729 0.894175 0.029742
vn -0.447114 0.894356 0.014744
vn 0.059770 0.998019 0.019645
vn 0.059879 0.997365 0.040970
vn 0.059877 0.997384 0.040509
vn 0.059770 0.998019 0.019645
vn 0.550454 0.834643 0.019287
vn 0.550012 0.834191 0.040152
vn 0.550000 0.834177 0.040613
vn 0.550454 0.834643 0.019287
vn 0.894017 0.447820 0.013768
vn 0.893622 0.447898 0.028766
vn 0.893591 0.447900 0.029692
vn 0.894018 0.447821 0.013768
vn 0.998225 -0.059381 0.004553
vn 0.998193 -0.059252 0.009987
vn 0.998189 -0.059241 0.010451
vn 0.998225 -0.059381 0.004553
vn 0.834580 -0.550856 -0.005888
vn 0.834468 -0.550940 -0.011321
vn 0.834457 -0.550947 -0.011785
vn 0.834580 -0.550856 -0.005888
vn 0.447115 -0.894355 -0.014744
vn 0.446730 -0.894174 -0.029742
vn 0.446703 -0.894157 -0.030668
vn 0.447115 -0.894355 -0.014744
vn -0.059771 -0.998019 -0.019645
vn -0.059877 -0.997383 -0.040509
vn -0.059879 -0.997365 -0.040970
vn -0.059771 -0.998019 -0.019645
vn -0.550451 -0.834645 -0.019287
vn -0.550001 -0.834176 -0.040613
vn -0.550013 -0.834190 -0.040152
vn -0.550451 -0.834645 -0.019287
vn -0.893629 -0.447899 -0.028519
vn -0.893598 -0.447901 -0.029454
vn -0.998194 0.059250 -0.009896
vn -0.998190 0.059239 -0.010364
vn -0.834466 0.550945 0.011230
vn -0.834455 0.550951 0.011699
vn -0.446738 0.894179 0.029495
vn -0.446711 0.894161 0.030430
vn 0.059876 0.997397 0.040175
vn 0.059878 0.997378 0.040642
vn 0.550006 0.834189 0.040285
vn 0.550018 0.834203 0.039819
vn 0.893599 0.447898 0.029454
vn 0.893631 0.447896 0.028518
vn 0.998190 -0.059243 0.010364
vn 0.998194 -0.059255 0.009895
vn 0.834457 -0.550948 -0.011699
vn 0.834468 -0.550942 -0.011230
vn 0.446710 -0.894161 -0.030430
vn 0.446738 -0.894179 -0.029495
vn -0.059877 -0.997378 -0.040642
vn -0.059875 -0.997397 -0.040175
vn -0.550022 -0.834201 -0.039819
vn -0.550009 -0.834187 -0.040285
vn -0.894197 -0.447328 0.017604
vn -0.894197 -0.447328 0.017594
vn -0.998196 0.059644 0.006933
vn -0.998196 0.059644 0.006928
vn -0.834724 0.550641 -0.005598
vn -0.834724 0.550641 -0.005593
vn -0.447598 0.894080 -0.016627
vn -0.447598 0.894081 -0.016617
vn 0.059471 0.997961 -0.023197
vn 0.059471 0.997961 -0.023192
vn 0.550598 0.834439 -0.023549
vn 0.550598 0.834439 -0.023554
vn 0.894199 0.447323 -0.017593
vn 0.894199 0.447323 -0.017604
vn 0.998196 -0.059643 -0.006927
vn 0.998196 -0.059643 -0.006933
vn 0.834727 -0.550635 0.005593
vn 0.834727 -0.550635 0.005598
vn 0.447595 -0.894082 0.016617
vn 0.447595 -0.894082 0.016627
vn -0.059468 -0.997961 0.023192
vn -0.059468 -0.997961 0.023197
vn -0.550601 -0.834437 0.023554
vn -0.550601 -0.834437 0.023549
vn -0.892919 -0.445856 0.062518
vn -0.892877 -0.445819 0.063379
vn -0.997925 0.060010 0.023332
vn -0.997914 0.060020 0.023764
vn -0.834749 0.550191 -0.021998
vn -0.834747 0.550177 -0.022430
vn -0.447518 0.892155 -0.061542
vn -0.447507 0.892101 -0.062403
vn 0.058846 0.994654 -0.084858
vn 0.058841 0.994618 -0.085287
vn 0.549017 0.831412 -0.085644
vn 0.549035 0.831444 -0.085215
vn 0.892880 0.445812 -0.063379
vn 0.892922 0.445849 -0.062518
vn 0.997914 -0.060018 -0.023764
vn 0.997925 -0.060008 -0.023332
vn 0.834751 -0.550171 0.022430
vn 0.834753 -0.550185 0.021998
vn 0.447504 -0.892102 0.062403
vn 0.447514 -0.892157 0.061542
vn -0.058838 -0.994618 0.085287
vn -0.058843 -0.994654 0.084858
vn -0.549040 -0.831441 0.085215
vn -0.549022 -0.831409 0.085644
vn -0.890368 -0.443857 0.101171
vn -0.890022 -0.443608 0.105224
vn -0.998017 0.059922 0.019290
vn -0.998058 0.059876 0.017204
vn -0.833617 0.548141 -0.068005
vn -0.833255 0.547685 -0.075679
vn -0.445265 0.884628 -0.138463
vn -0.444927 0.883678 -0.145443
vn 0.057548 0.983186 -0.173303
vn 0.057531 0.983016 -0.174270
vn 0.544122 0.823215 -0.162012
vn 0.544501 0.823834 -0.157532
vn 0.890023 0.443606 -0.105223
vn 0.890369 0.443854 -0.101171
vn 0.998057 -0.059880 -0.017204
vn 0.998017 -0.059926 -0.019290
vn 0.833259 -0.547678 0.075679
vn 0.833621 -0.548134 0.068004
vn 0.444924 -0.883679 0.145443
vn 0.445262 -0.884630 0.138463
vn -0.057530 -0.983016 0.174270
vn -0.057546 -0.983186 0.173303
vn -0.544505 -0.823831 0.157532
vn -0.544127 -0.823212 0.162011
vn -0.887726 -0.442020 0.128687
vn -0.887726 -0.442020 0.128687
vn -0.998192 0.059654 0.007339
vn -0.998192 0.059654 0.007339
vn -0.830530 0.544747 -0.116061
vn -0.830530 0.544747 -0.116061
vn -0.441057 0.873564 -0.205804
vn -0.441056 0.873564 -0.205804
vn 0.056239 0.969055 -0.240355
vn 0.056239 0.969055 -0.240355
vn 0.539000 0.814931 -0.212995
vn 0.539000 0.814931 -0.212995
vn 0.887726 0.442021 -0.128686
vn 0.887726 0.442021 -0.128686
vn 0.998192 -0.059660 -0.007338
vn 0.998192 -0.059660 -0.007338
vn 0.830536 -0.544739 0.116060
vn 0.830536 -0.544739 0.116060
vn 0.441053 -0.873566 0.205804
vn 0.441053 -0.873566 0.205804
vn -0.056238 -0.969054 0.240356
vn -0.056238 -0.969054 0.240356
vn -0.539004 -0.814929 0.212993
vn -0.539004 -0.814929 0.212993
vn -0.008306 -0.022740 -0.999707
vn -0.008301 -0.022741 -0.999707
vn -0.008308 -0.022739 -0.999707
vn -0.008308 -0.022744 -0.999707
vn -0.008304 -0.022745 -0.999707
vn -0.008294 -0.022740 -0.999707
vn -0.008299 -0.022740 -0.999707
vn -0.008302 -0.022740 -0.999707
vn -0.008298 -0.022747 -0.999707
vn -0.008295 -0.022742 -0.999707
vn -0.008295 -0.022736 -0.999707
vn -0.008298 -0.022740 -0.999707
vn -0.008302 -0.022738 -0.999707
vn 0.008295 0.022740 0.999707
vn 0.008297 0.022740 0.999707
vn 0.008300 0.022740 0.999707
vn 0.008298 0.022740 0.999707
vn 0.008301 0.022740 0.999707
vn 0.008302 0.022740 0.999707
vn 0.008297 0.022740 0.999707
vn 0.008295 0.022744 0.999707
vn 0.008294 0.022746 0.999707
vn 0.008290 0.022737 0.999707
vn 0.008294 0.022736 0.999707
vn 0.008304 0.022740 0.999707
vn 0.008299 0.022740 0.999707
s 1
g TentPoles TentProxy pCylinder8
usemtl initialShadingGroup
f 324/443/798 325/444/799 337/457/800 336/456/801
s 2
f 325/444/802 326/445/803 338/458/804 337/457/805
s 3
f 326/445/806 327/446/807 339/459/808 338/458/809
s 4
f 327/446/810 328/447/811 340/460/812 339/459/813
s 5
f 328/447/814 329/448/815 341/461/816 340/460/817
s 6
f 329/448/818 330/449/819 342/462/820 341/461/821
s 7
f 330/449/822 331/450/823 343/463/824 342/462/825
s 8
f 331/450/826 332/451/827 344/464/828 343/463/829
s 9
f 332/451/830 333/452/831 345/465/832 344/464/833
s 10
f 333/452/834 334/453/835 346/466/836 345/465/837
s 11
f 334/453/838 335/454/839 347/467/840 346/466/841
s 12
f 335/454/842 324/455/843 336/468/844 347/467/845
s 1
f 336/456/801 337/457/800 349/470/846 348/469/847
s 2
f 337/457/805 338/458/804 350/471/848 349/470/849
s 3
f 338/458/809 339/459/808 351/472/850 350/471/851
s 4
f 339/459/813 340/460/812 352/473/852 351/472/853
s 5
f 340/460/817 341/461/816 353/474/854 352/473/855
s 6
f 341/461/821 342/462/820 354/475/856 353/474/857
s 7
f 342/462/825 343/463/824 355/476/858 354/475/859
s 8
f 343/463/829 344/464/828 356/477/860 355/476/861
s 9
f 344/464/833 345/465/832 357/478/862 356/477/863
s 10
f 345/465/837 346/466/836 358/479/864 357/478/865
s 11
f 346/466/841 347/467/840 359/480/866 358/479/867
s 12
f 347/467/845 336/468/844 348/481/868 359/480/869
s 1
f 348/469/847 349/470/846 361/483/870 360/482/871
s 2
f 349/470/849 350/471/848 362/484/872 361/483/873
s 3
f 350/471/851 351/472/850 363/485/874 362/484/875
s 4
f 351/472/853 352/473/852 364/486/876 363/485/877
s 5
f 352/473/855 353/474/854 365/487/878 364/486/879
s 6
f 353/474/857 354/475/856 366/488/880 365/487/881
s 7
f 354/475/859 355/476/858 367/489/882 366/488/883
s 8
f 355/476/861 356/477/860 368/490/884 367/489/885
s 9
f 356/477/863 357/478/862 369/491/886 368/490/887
s 10
f 357/478/865 358/479/864 370/492/888 369/491/889
s 11
f 358/479/867 359/480/866 371/493/890 370/492/891
s 12
f 359/480/869 348/481/868 360/494/892 371/493/893
s 1
f 360/482/871 361/483/870 373/496/894 372/495/895
s 2
f 361/483/873 362/484/872 374/497/896 373/496/897
s 3
f 362/484/875 363/485/874 375/498/898 374/497/899
s 4
f 363/485/877 364/486/876 376/499/900 375/498/901
s 5
f 364/486/879 365/487/878 377/500/902 376/499/903
s 6
f 365/487/881 366/488/880 378/501/904 377/500/905
s 7
f 366/488/883 367/489/882 379/502/906 378/501/907
s 8
f 367/489/885 368/490/884 380/503/908 379/502/909
s 9
f 368/490/887 369/491/886 381/504/910 380/503/911
s 10
f 369/491/889 370/492/888 382/505/912 381/504/913
s 11
f 370/492/891 371/493/890 383/506/914 382/505/915
s 12
f 371/493/893 360/494/892 372/507/916 383/506/917
s 1
f 372/495/895 373/496/894 385/509/918 384/508/919
s 2
f 373/496/897 374/497/896 386/510/920 385/509/921
s 3
f 374/497/899 375/498/898 387/511/922 386/510/923
s 4
f 375/498/901 376/499/900 388/512/924 387/511/925
s 5
f 376/499/903 377/500/902 389/513/926 388/512/927
s 6
f 377/500/905 378/501/904 390/514/928 389/513/929
s 7
f 378/501/907 379/502/906 391/515/930 390/514/931
s 8
f 379/502/909 380/503/908 392/516/932 391/515/933
s 9
f 380/503/911 381/504/910 393/517/934 392/516/935
s 10
f 381/504/913 382/505/912 394/518/936 393/517/937
s 11
f 382/505/915 383/506/914 395/519/938 394/518/939
s 12
f 383/506/917 372/507/916 384/520/940 395/519/941
s 1
f 384/508/919 385/509/918 397/522/942 396/521/943
s 2
f 385/509/921 386/510/920 398/523/944 397/522/945
s 3
f 386/510/923 387/511/922 399/524/946 398/523/947
s 4
f 387/511/925 388/512/924 400/525/948 399/524/949
s 5
f 388/512/927 389/513/926 401/526/950 400/525/951
s 6
f 389/513/929 390/514/928 402/527/952 401/526/953
s 7
f 390/514/931 391/515/930 403/528/954 402/527/955
s 8
f 391/515/933 392/516/932 404/529/956 403/528/957
s 9
f 392/516/935 393/517/934 405/530/958 404/529/959
s 10
f 393/517/937 394/518/936 406/531/960 405/530/961
s 11
f 394/518/939 395/519/938 407/532/962 406/531/963
s 12
f 395/519/941 384/520/940 396/533/964 407/532/965
s 13
f 325/432/966 324/431/967 408/546/968
f 326/433/969 325/432/966 408/546/968
f 327/434/970 326/433/969 408/546/968
f 328/435/971 327/434/970 408/546/968
f 329/436/972 328/435/971 408/546/968
f 330/437/973 329/436/972 408/546/968
f 331/438/974 330/437/973 408/546/968
f 332/439/975 331/438/974 408/546/968
f 333/440/976 332/439/975 408/546/968
f 334/441/977 333/440/976 408/546/968
f 335/442/978 334/441/977 408/546/968
f 324/431/967 335/442/978 408/546/968
s 14
f 396/544/979 397/543/980 409/547/981
f 397/543/980 398/542/982 409/547/981
f 398/542/982 399/541/983 409/547/981
f 399/541/983 400/540/984 409/547/981
f 400/540/984 401/539/985 409/547/981
f 401/539/985 402/538/986 409/547/981
f 402/538/986 403/537/987 409/547/981
f 403/537/987 404/536/988 409/547/981
f 404/536/988 405/535/989 409/547/981
f 405/535/989 406/534/990 409/547/981
f 406/534/990 407/545/991 409/547/981
f 407/545/991 396/544/979 409/547/981
s 15
f 410/548/992 422/551/993 423/550/994 411/549/995
s 16
f 411/549/996 423/550/997 424/553/998 412/552/999
s 17
f 412/552/1000 424/553/1001 425/555/1002 413/554/1003
s 18
f 413/554/1004 425/555/1005 426/557/1006 414/556/1007
s 19
f 414/556/1008 426/557/1009 427/559/1010 415/558/1011
s 20
f 415/558/1012 427/559/1013 428/561/1014 416/560/1015
s 21
f 416/560/1016 428/561/1017 429/563/1018 417/562/1019
s 22
f 417/562/1020 429/563/1021 430/565/1022 418/564/1023
s 23
f 418/564/1024 430/565/1025 431/567/1026 419/566/1027
s 24
f 419/566/1028 431/567/1029 432/569/1030 420/568/1031
s 25
f 420/568/1032 432/569/1033 433/571/1034 421/570/1035
s 26
f 421/570/1036 433/571/1037 422/573/1038 410/572/1039
s 15
f 422/551/993 434/575/1040 435/574/1041 423/550/994
s 16
f 423/550/997 435/574/1042 436/576/1043 424/553/998
s 17
f 424/553/1001 436/576/1044 437/577/1045 425/555/1002
s 18
f 425/555/1005 437/577/1046 438/578/1047 426/557/1006
s 19
f 426/557/1009 438/578/1048 439/579/1049 427/559/1010
s 20
f 427/559/1013 439/579/1050 440/580/1051 428/561/1014
s 21
f 428/561/1017 440/580/1052 441/581/1053 429/563/1018
s 22
f 429/563/1021 441/581/1054 442/582/1055 430/565/1022
s 23
f 430/565/1025 442/582/1056 443/583/1057 431/567/1026
s 24
f 431/567/1029 443/583/1058 444/584/1059 432/569/1030
s 25
f 432/569/1033 444/584/1060 445/585/1061 433/571/1034
s 26
f 433/571/1037 445/585/1062 434/586/1063 422/573/1038
s 15
f 434/575/1040 446/588/1064 447/587/1065 435/574/1041
s 16
f 435/574/1042 447/587/1066 448/589/1067 436/576/1043
s 17
f 436/576/1044 448/589/1068 449/590/1069 437/577/1045
s 18
f 437/577/1046 449/590/1070 450/591/1071 438/578/1047
s 19
f 438/578/1048 450/591/1072 451/592/1073 439/579/1049
s 20
f 439/579/1050 451/592/1074 452/593/1075 440/580/1051
s 21
f 440/580/1052 452/593/1076 453/594/1077 441/581/1053
s 22
f 441/581/1054 453/594/1078 454/595/1079 442/582/1055
s 23
f 442/582/1056 454/595/1080 455/596/1081 443/583/1057
s 24
f 443/583/1058 455/596/1082 456/597/1083 444/584/1059
s 25
f 444/584/1060 456/597/1084 457/598/1085 445/585/1061
s 26
f 445/585/1062 457/598/1086 446/599/1087 434/586/1063
s 15
f 446/588/1064 458/601/1088 459/600/1089 447/587/1065
s 16
f 447/587/1066 459/600/1090 460/602/1091 448/589/1067
s 17
f 448/589/1068 460/602/1092 461/603/1093 449/590/1069
s 18
f 449/590/1070 461/603/1094 462/604/1095 450/591/1071
s 19
f 450/591/1072 462/604/1096 463/605/1097 451/592/1073
s 20
f 451/592/1074 463/605/1098 464/606/1099 452/593/1075
s 21
f 452/593/1076 464/606/1100 465/607/1101 453/594/1077
s 22
f 453/594/1078 465/607/1102 466/608/1103 454/595/1079
s 23
f 454/595/1080 466/608/1104 467/609/1105 455/596/1081
s 24
f 455/596/1082 467/609/1106 468/610/1107 456/597/1083
s 25
f 456/597/1084 468/610/1108 469/611/1109 457/598/1085
s 26
f 457/598/1086 469/611/1110 458/612/1111 446/599/1087
s 15
f 458/601/1088 470/614/1112 471/613/1113 459/600/1089
s 16
f 459/600/1090 471/613/1114 472/615/1115 460/602/1091
s 17
f 460/602/1092 472/615/1116 473/616/1117 461/603/1093
s 18
f 461/603/1094 473/616/1118 474/617/1119 462/604/1095
s 19
f 462/604/1096 474/617/1120 475/618/1121 463/605/1097
s 20
f 463/605/1098 475/618/1122 476/619/1123 464/606/1099
s 21
f 464/606/1100 476/619/1124 477/620/1125 465/607/1101
s 22
f 465/607/1102 477/620/1126 478/621/1127 466/608/1103
s 23
f 466/608/1104 478/621/1128 479/622/1129 467/609/1105
s 24
f 467/609/1106 479/622/1130 480/623/1131 468/610/1107
s 25
f 468/610/1108 480/623/1132 481/624/1133 469/611/1109
s 26
f 469/611/1110 481/624/1134 470/625/1135 458/612/1111
s 15
f 470/614/1112 482/627/1136 483/626/1137 471/613/1113
s 16
f 471/613/1114 483/626/1138 484/628/1139 472/615/1115
s 17
f 472/615/1116 484/628/1140 485/629/1141 473/616/1117
s 18
f 473/616/1118 485/629/1142 486/630/1143 474/617/1119
s 19
f 474/617/1120 486/630/1144 487/631/1145 475/618/1121
s 20
f 475/618/1122 487/631/1146 488/632/1147 476/619/1123
s 21
f 476/619/1124 488/632/1148 489/633/1149 477/620/1125
s 22
f 477/620/1126 489/633/1150 490/634/1151 478/621/1127
s 23
f 478/621/1128 490/634/1152 491/635/1153 479/622/1129
s 24
f 479/622/1130 491/635/1154 492/636/1155 480/623/1131
s 25
f 480/623/1132 492/636/1156 493/637/1157 481/624/1133
s 26
f 481/624/1134 493/637/1158 482/638/1159 470/625/1135
s 27
f 411/639/1160 494/641/1161 410/640/1162
f 412/642/1163 494/641/1161 411/639/1160
f 413/643/1164 494/641/1161 412/642/1163
f 414/644/1165 494/641/1161 413/643/1164
f 415/645/1166 494/641/1161 414/644/1165
f 416/646/1167 494/641/1161 415/645/1166
f 417/647/1168 494/641/1161 416/646/1167
f 418/648/1169 494/641/1161 417/647/1168
f 419/649/1170 494/641/1161 418/648/1169
f 420/650/1171 494/641/1161 419/649/1170
f 421/651/1172 494/641/1161 420/650/1171
f 410/640/1162 494/641/1161 421/651/1172
s 28
f 482/652/1173 495/654/1174 483/653/1175
f 483/653/1175 495/654/1174 484/655/1176
f 484/655/1176 495/654/1174 485/656/1177
f 485/656/1177 495/654/1174 486/657/1178
f 486/657/1178 495/654/1174 487/658/1179
f 487/658/1179 495/654/1174 488/659/1180
f 488/659/1180 495/654/1174 489/660/1181
f 489/660/1181 495/654/1174 490/661/1182
f 490/661/1182 495/654/1174 491/662/1183
f 491/662/1183 495/654/1174 492/663/1184
f 492/663/1184 495/654/1174 493/664/1185
f 493/664/1185 495/654/1174 482/652/1173
g default
v 568.977264 400.991455 795.064332
v 593.779084 400.991455 809.531856
v 622.564489 400.991455 809.587837
v 647.620499 400.991455 795.217323
v 662.108704 400.991455 770.303967
v 662.164626 400.991455 741.518578
v 647.820517 400.991455 716.561649
v 622.872648 400.991455 702.132954
v 593.988147 400.991455 702.103319
v 569.031234 400.991455 716.447487
v 554.689078 400.991455 741.322014
v 554.679990 400.991455 770.094951
v 608.633714 400.991455 755.750559
v 539.119545 -0.309256 794.284786
v 529.244228 -0.266978 776.857423
v 529.160774 -0.309256 756.826750
v 538.889636 -0.451530 739.560466
v 555.727724 -0.719521 729.710674
v 575.401654 -1.009389 729.853208
v 592.563239 -1.200816 739.970271
v 602.604041 -1.291428 757.353636
v 602.522010 -1.200816 777.428307
v 592.650755 -1.009389 794.732448
v 575.645265 -0.719521 804.626746
v 556.138738 -0.451530 804.439706
v 551.305699 223.916962 792.068225
v 540.797680 223.916962 773.785768
v 540.838728 223.916962 752.698686
v 551.417774 223.916962 734.457218
v 569.700172 223.916962 723.949214
v 590.787313 223.916962 723.990247
v 609.028678 223.916962 734.569383
v 619.536757 223.916962 752.851825
v 619.495650 223.916962 773.938922
v 608.916663 223.916962 792.180374
v 590.634131 223.916962 802.688350
v 569.547124 223.916962 802.647346
v 536.227458 -159.279892 797.217269
v 525.286617 -159.233093 777.909612
v 525.194182 -159.279892 755.717685
v 535.972723 -159.437515 736.588453
v 554.627619 -159.734451 725.675932
v 576.424184 -160.055588 725.833836
v 595.437438 -160.267654 737.042481
v 606.561593 -160.368042 756.301463
v 606.470713 -160.267654 778.542065
v 595.534400 -160.055588 797.713306
v 576.694170 -159.734451 808.675100
v 555.082939 -159.437515 808.467922
v 562.156528 -299.474640 792.506611
v 550.140600 -299.423248 771.301815
v 550.039149 -299.474640 746.929380
v 561.876759 -299.647736 725.920494
v 582.364593 -299.973877 713.935840
v 606.302937 -300.326508 714.109140
v 627.184364 -300.559448 726.419188
v 639.401551 -300.669739 747.570476
v 639.301742 -300.559448 771.996420
v 627.290874 -300.326508 793.051306
v 606.599318 -299.973877 805.090185
v 582.864697 -299.647736 804.862659
v 568.705713 -401.709961 798.122580
v 553.066663 -401.643158 770.523878
v 552.934576 -401.709961 738.802422
v 568.341585 -401.935211 711.458789
v 595.007192 -402.359741 695.860224
v 626.163674 -402.818726 696.085935
v 653.341533 -403.121918 712.107753
v 669.242541 -403.265381 739.636810
v 669.112671 -403.121918 771.427911
v 653.480099 -402.818726 798.831513
v 626.549467 -402.359741 814.500539
v 595.658010 -401.935211 814.204367
vt 0.115559 0.514364
vt 0.136414 0.514267
vt 0.128135 0.741642
vt 0.106428 0.738691
vt 0.347826 0.742716
vt 0.321144 0.515190
vt 0.326104 0.746060
vt 0.300871 0.515200
vt 0.304326 0.749622
vt 0.280462 0.515257
vt 0.282385 0.752809
vt 0.259837 0.515314
vt 0.081825 0.658287
vt 0.070498 0.646960
vt 0.055025 0.642814
vt 0.039552 0.646960
vt 0.028225 0.658287
vt 0.024079 0.673760
vt 0.028225 0.689233
vt 0.039552 0.700559
vt 0.055025 0.704705
vt 0.070498 0.700559
vt 0.081825 0.689233
vt 0.085971 0.673760
vt 0.055025 0.673760
vt 0.260226 0.754980
vt 0.239090 0.515251
vt 0.237915 0.755648
vt 0.218344 0.515111
vt 0.215611 0.754762
vt 0.197719 0.514852
vt 0.193474 0.752374
vt 0.177312 0.514596
vt 0.171565 0.748973
vt 0.157040 0.514388
vt 0.149823 0.745198
vt 0.095398 0.920407
vt 0.066509 0.913819
vt 0.350461 0.928922
vt 0.322357 0.936230
vt 0.294124 0.942676
vt 0.265667 0.947104
vt 0.236971 0.948661
vt 0.208291 0.946823
vt 0.179879 0.942117
vt 0.151710 0.935396
vt 0.123679 0.927813
vt 0.103485 0.357730
vt 0.126408 0.355608
vt 0.330862 0.353575
vt 0.308814 0.350004
vt 0.286406 0.346643
vt 0.263385 0.344257
vt 0.239931 0.343307
vt 0.216468 0.344027
vt 0.193425 0.346188
vt 0.170985 0.349330
vt 0.148903 0.352685
vt 0.092285 0.217933
vt 0.117211 0.212977
vt 0.339459 0.207790
vt 0.315519 0.200897
vt 0.291216 0.194596
vt 0.266209 0.190176
vt 0.240688 0.188492
vt 0.215151 0.189926
vt 0.190102 0.194102
vt 0.165739 0.200164
vt 0.141733 0.206823
vt 0.060849 0.120103
vt 0.091816 0.110837
vt 0.360626 0.102356
vt 0.331819 0.092556
vt 0.302524 0.083979
vt 0.272247 0.078000
vt 0.241240 0.075544
vt 0.210211 0.077697
vt 0.179877 0.083380
vt 0.150499 0.091670
vt 0.121598 0.101187
vt 0.362624 0.515572
vt 0.369561 0.739977
vt 0.407765 0.915487
vt 0.378812 0.921793
vt 0.341771 0.515271
vt 0.376229 0.359064
vt 0.353328 0.356718
vt 0.388795 0.219383
vt 0.363919 0.214183
vt 0.390312 0.112296
vt 0.421186 0.121865
vn -0.000000 1.000000 0.000000
vn -0.000000 1.000000 0.000000
vn 0.000000 1.000000 0.000000
vn -0.000000 1.000000 -0.000000
vn -0.000000 1.000000 -0.000000
vn 0.000000 1.000000 0.000001
vn -0.000000 1.000000 0.000000
vn -0.000000 1.000000 -0.000001
vn 0.000000 1.000000 0.000001
vn 0.000000 1.000000 0.000001
vn 0.000000 1.000000 0.000000
vn -0.000000 1.000000 0.000000
vn -0.000000 1.000000 0.000000
vn -0.867287 0.051754 0.495112
vn -0.867287 0.051754 0.495111
vn -0.866123 0.064964 0.495592
vn -0.866168 0.064478 0.495576
vn -0.998659 0.051755 0.000976
vn -0.998659 0.051755 0.000976
vn -0.997919 0.064478 0.000018
vn -0.997888 0.064964 -0.000018
vn -0.867410 0.036593 -0.496246
vn -0.867410 0.036593 -0.496246
vn -0.866396 0.036022 -0.498057
vn -0.866286 0.035961 -0.498252
vn -0.501433 0.008660 -0.865153
vn -0.501433 0.008660 -0.865153
vn -0.499965 -0.013091 -0.865947
vn -0.499723 -0.016378 -0.866031
vn 0.004322 -0.026130 -0.999649
vn 0.004322 -0.026130 -0.999649
vn 0.002980 -0.070719 -0.997492
vn 0.002775 -0.077480 -0.996990
vn 0.503620 -0.057218 -0.862028
vn 0.503620 -0.057218 -0.862028
vn 0.499128 -0.121922 -0.857908
vn 0.498511 -0.128949 -0.857239
vn 0.863951 -0.075024 -0.497956
vn 0.863951 -0.075024 -0.497956
vn 0.856460 -0.153148 -0.492972
vn 0.856066 -0.156133 -0.492720
vn 0.997177 -0.075024 0.003148
vn 0.997177 -0.075024 0.003148
vn 0.987733 -0.156133 0.002518
vn 0.988200 -0.153148 0.002542
vn 0.865231 -0.057218 0.498097
vn 0.865231 -0.057218 0.498097
vn 0.858418 -0.128948 0.496478
vn 0.859286 -0.121922 0.496752
vn 0.500198 -0.026130 0.865517
vn 0.500198 -0.026130 0.865517
vn 0.497538 -0.077480 0.863975
vn 0.497964 -0.070719 0.864309
vn -0.005559 0.008660 0.999947
vn -0.005559 0.008660 0.999947
vn -0.003645 -0.016379 0.999859
vn -0.003896 -0.013092 0.999907
vn -0.506433 0.036594 0.861503
vn -0.506433 0.036594 0.861503
vn -0.504461 0.035961 0.862685
vn -0.504654 0.036022 0.862570
vn -0.864821 0.078026 0.495981
vn -0.864821 0.078026 0.495981
vn -0.996951 0.078026 -0.001002
vn -0.996951 0.078026 -0.001002
vn -0.865238 0.035373 -0.500112
vn -0.865238 0.035373 -0.500112
vn -0.497942 -0.038584 -0.866352
vn -0.497942 -0.038584 -0.866352
vn 0.001402 -0.122694 -0.992444
vn 0.001402 -0.122694 -0.992444
vn 0.491574 -0.193945 -0.848964
vn 0.491574 -0.193945 -0.848964
vn 0.842940 -0.233933 -0.484487
vn 0.842940 -0.233933 -0.484487
vn 0.972251 -0.233933 0.001891
vn 0.972251 -0.233933 0.001891
vn 0.848287 -0.193945 0.492742
vn 0.848287 -0.193945 0.492742
vn 0.494092 -0.122694 0.860709
vn 0.494092 -0.122694 0.860709
vn -0.001945 -0.038584 0.999254
vn -0.001945 -0.038584 0.999254
vn -0.502628 0.035373 0.863779
vn -0.502628 0.035373 0.863779
vn -0.869729 0.024915 0.492900
vn -0.869729 0.024915 0.492900
vn -0.869729 0.024915 0.492900
vn -0.869729 0.024915 0.492900
vn -0.999681 0.024915 0.004113
vn -0.999681 0.024915 0.004113
vn -0.999681 0.024915 0.004113
vn -0.999681 0.024915 0.004113
vn -0.870853 0.025154 -0.490899
vn -0.870853 0.025154 -0.490899
vn -0.870853 0.025154 -0.490899
vn -0.870853 0.025154 -0.490899
vn -0.504456 0.025389 -0.863064
vn -0.504456 0.025389 -0.863064
vn -0.504456 0.025389 -0.863064
vn -0.504456 0.025389 -0.863064
vn 0.007611 0.025312 -0.999651
vn 0.007611 0.025312 -0.999651
vn 0.007611 0.025312 -0.999651
vn 0.007611 0.025312 -0.999651
vn 0.507889 0.025026 -0.861059
vn 0.507889 0.025026 -0.861059
vn 0.507889 0.025026 -0.861059
vn 0.507889 0.025026 -0.861059
vn 0.865717 0.024844 -0.499917
vn 0.865717 0.024844 -0.499917
vn 0.865717 0.024844 -0.499916
vn 0.865717 0.024844 -0.499917
vn 0.999683 0.024844 0.003972
vn 0.999683 0.024844 0.003972
vn 0.999683 0.024844 0.003972
vn 0.999683 0.024844 0.003972
vn 0.868453 0.025026 0.495140
vn 0.868453 0.025026 0.495140
vn 0.868453 0.025026 0.495140
vn 0.868453 0.025026 0.495140
vn 0.503062 0.025312 0.863879
vn 0.503062 0.025312 0.863879
vn 0.503062 0.025312 0.863879
vn 0.503062 0.025312 0.863879
vn -0.009237 0.025389 0.999635
vn -0.009237 0.025389 0.999635
vn -0.009237 0.025389 0.999635
vn -0.009237 0.025389 0.999635
vn -0.512077 0.025154 0.858571
vn -0.512077 0.025154 0.858571
vn -0.512077 0.025154 0.858571
vn -0.512077 0.025154 0.858571
vn -0.856816 -0.174768 0.485100
vn -0.856816 -0.174768 0.485100
vn -0.856816 -0.174768 0.485100
vn -0.856816 -0.174768 0.485100
vn -0.984600 -0.174768 0.004469
vn -0.984600 -0.174768 0.004469
vn -0.984600 -0.174768 0.004469
vn -0.984600 -0.174768 0.004469
vn -0.865055 -0.122812 -0.486412
vn -0.865055 -0.122812 -0.486412
vn -0.865055 -0.122812 -0.486412
vn -0.865055 -0.122812 -0.486412
vn -0.505056 -0.027676 -0.862643
vn -0.505056 -0.027676 -0.862643
vn -0.505056 -0.027676 -0.862643
vn -0.505056 -0.027676 -0.862643
vn 0.008470 0.085083 -0.996338
vn 0.008470 0.085083 -0.996338
vn 0.008470 0.085083 -0.996338
vn 0.008470 0.085083 -0.996338
vn 0.501241 0.177557 -0.846895
vn 0.501241 0.177557 -0.846895
vn 0.501241 0.177557 -0.846895
vn 0.501241 0.177557 -0.846895
vn 0.843688 0.227732 -0.486136
vn 0.843688 0.227732 -0.486136
vn 0.843688 0.227732 -0.486136
vn 0.843688 0.227732 -0.486136
vn 0.973719 0.227732 0.002951
vn 0.973719 0.227732 0.002951
vn 0.973719 0.227732 0.002951
vn 0.973719 0.227732 0.002951
vn 0.855650 0.177556 0.486144
vn 0.855651 0.177556 0.486144
vn 0.855651 0.177556 0.486144
vn 0.855650 0.177556 0.486144
vn 0.502157 0.085084 0.860581
vn 0.502157 0.085084 0.860581
vn 0.502157 0.085084 0.860581
vn 0.502157 0.085084 0.860581
vn -0.009960 -0.027676 0.999567
vn -0.009960 -0.027676 0.999567
vn -0.009960 -0.027676 0.999567
vn -0.009960 -0.027676 0.999567
vn -0.509276 -0.122812 0.851796
vn -0.509275 -0.122812 0.851796
vn -0.509275 -0.122812 0.851796
vn -0.509276 -0.122812 0.851796
vn -0.869698 -0.028645 0.492753
vn -0.869698 -0.028645 0.492753
vn -0.869698 -0.028645 0.492753
vn -0.869698 -0.028645 0.492753
vn -0.999581 -0.028645 0.004222
vn -0.999581 -0.028645 0.004222
vn -0.999581 -0.028645 0.004222
vn -0.999581 -0.028645 0.004222
vn -0.871078 0.014356 -0.490934
vn -0.871078 0.014356 -0.490934
vn -0.871078 0.014356 -0.490934
vn -0.871078 0.014356 -0.490934
vn -0.501809 0.089915 -0.860292
vn -0.501809 0.089915 -0.860292
vn -0.501809 0.089915 -0.860292
vn -0.501809 0.089915 -0.860292
vn 0.009704 0.175009 -0.984519
vn 0.009704 0.175009 -0.984519
vn 0.009705 0.175009 -0.984519
vn 0.009704 0.175009 -0.984519
vn 0.494676 0.242609 -0.834528
vn 0.494676 0.242609 -0.834528
vn 0.494676 0.242609 -0.834528
vn 0.494676 0.242609 -0.834528
vn 0.832149 0.279095 -0.479202
vn 0.832149 0.279095 -0.479202
vn 0.832149 0.279095 -0.479202
vn 0.832149 0.279095 -0.479202
vn 0.960260 0.279095 0.002664
vn 0.960260 0.279095 0.002664
vn 0.960260 0.279095 0.002664
vn 0.960260 0.279095 0.002664
vn 0.843810 0.242609 0.478671
vn 0.843810 0.242609 0.478671
vn 0.843810 0.242609 0.478671
vn 0.843810 0.242609 0.478671
vn 0.497365 0.175010 0.849705
vn 0.497365 0.175010 0.849706
vn 0.497365 0.175010 0.849705
vn 0.497365 0.175010 0.849706
vn -0.008312 0.089915 0.995915
vn -0.008312 0.089915 0.995915
vn -0.008312 0.089915 0.995915
vn -0.008312 0.089915 0.995915
vn -0.512253 0.014356 0.858715
vn -0.512253 0.014356 0.858715
vn -0.512253 0.014356 0.858715
vn -0.512253 0.014356 0.858715
s 1
g TentPoles TentProxy pCylinder9
usemtl initialShadingGroup
f 496/687/1186 497/686/1187 508/689/1188
f 497/686/1187 498/685/1189 508/689/1188
f 498/685/1189 499/684/1190 508/689/1188
f 499/684/1190 500/683/1191 508/689/1188
f 500/683/1191 501/682/1192 508/689/1188
f 501/682/1192 502/681/1193 508/689/1188
f 502/681/1193 503/680/1194 508/689/1188
f 503/680/1194 504/679/1195 508/689/1188
f 504/679/1195 505/678/1196 508/689/1188
f 505/678/1196 506/677/1197 508/689/1188
f 506/677/1197 507/688/1198 508/689/1188
f 507/688/1198 496/687/1186 508/689/1188
s 2
f 510/665/1199 509/666/1200 521/667/1201 522/668/1202
s 3
f 511/749/1203 510/745/1204 522/746/1205 523/669/1206
s 4
f 512/670/1207 511/749/1208 523/669/1209 524/671/1210
s 5
f 513/672/1211 512/670/1212 524/671/1213 525/673/1214
s 6
f 514/674/1215 513/672/1216 525/673/1217 526/675/1218
s 7
f 515/676/1219 514/674/1220 526/675/1221 527/690/1222
s 8
f 516/691/1223 515/676/1224 527/690/1225 528/692/1226
s 9
f 517/693/1227 516/691/1228 528/692/1229 529/694/1230
s 10
f 518/695/1231 517/693/1232 529/694/1233 530/696/1234
s 11
f 519/697/1235 518/695/1236 530/696/1237 531/698/1238
s 12
f 520/699/1239 519/697/1240 531/698/1241 532/700/1242
s 13
f 509/666/1243 520/699/1244 532/700/1245 521/667/1246
s 2
f 522/668/1202 521/667/1201 496/701/1247 507/702/1248
s 3
f 523/669/1206 522/746/1205 507/747/1249 506/748/1250
s 4
f 524/671/1210 523/669/1209 506/748/1251 505/703/1252
s 5
f 525/673/1214 524/671/1213 505/703/1253 504/704/1254
s 6
f 526/675/1218 525/673/1217 504/704/1255 503/705/1256
s 7
f 527/690/1222 526/675/1221 503/705/1257 502/706/1258
s 8
f 528/692/1226 527/690/1225 502/706/1259 501/707/1260
s 9
f 529/694/1230 528/692/1229 501/707/1261 500/708/1262
s 10
f 530/696/1234 529/694/1233 500/708/1263 499/709/1264
s 11
f 531/698/1238 530/696/1237 499/709/1265 498/710/1266
s 12
f 532/700/1242 531/698/1241 498/710/1267 497/711/1268
s 13
f 521/667/1246 532/700/1245 497/711/1269 496/701/1270
s off
f 509/666/1271 510/665/1272 534/712/1273 533/713/1274
f 510/745/1275 511/749/1276 535/751/1277 534/750/1278
f 511/749/1279 512/670/1280 536/714/1281 535/751/1282
f 512/670/1283 513/672/1284 537/715/1285 536/714/1286
f 513/672/1287 514/674/1288 538/716/1289 537/715/1290
f 514/674/1291 515/676/1292 539/717/1293 538/716/1294
f 515/676/1295 516/691/1296 540/718/1297 539/717/1298
f 516/691/1299 517/693/1300 541/719/1301 540/718/1302
f 517/693/1303 518/695/1304 542/720/1305 541/719/1306
f 518/695/1307 519/697/1308 543/721/1309 542/720/1310
f 519/697/1311 520/699/1312 544/722/1313 543/721/1314
f 520/699/1315 509/666/1316 533/713/1317 544/722/1318
f 533/713/1319 534/712/1320 546/723/1321 545/724/1322
f 534/750/1323 535/751/1324 547/753/1325 546/752/1326
f 535/751/1327 536/714/1328 548/725/1329 547/753/1330
f 536/714/1331 537/715/1332 549/726/1333 548/725/1334
f 537/715/1335 538/716/1336 550/727/1337 549/726/1338
f 538/716/1339 539/717/1340 551/728/1341 550/727/1342
f 539/717/1343 540/718/1344 552/729/1345 551/728/1346
f 540/718/1347 541/719/1348 553/730/1349 552/729/1350
f 541/719/1351 542/720/1352 554/731/1353 553/730/1354
f 542/720/1355 543/721/1356 555/732/1357 554/731/1358
f 543/721/1359 544/722/1360 556/733/1361 555/732/1362
f 544/722/1363 533/713/1364 545/724/1365 556/733/1366
f 545/724/1367 546/723/1368 558/734/1369 557/735/1370
f 546/752/1371 547/753/1372 559/754/1373 558/755/1374
f 547/753/1375 548/725/1376 560/736/1377 559/754/1378
f 548/725/1379 549/726/1380 561/737/1381 560/736/1382
f 549/726/1383 550/727/1384 562/738/1385 561/737/1386
f 550/727/1387 551/728/1388 563/739/1389 562/738/1390
f 551/728/1391 552/729/1392 564/740/1393 563/739/1394
f 552/729/1395 553/730/1396 565/741/1397 564/740/1398
f 553/730/1399 554/731/1400 566/742/1401 565/741/1402
f 554/731/1403 555/732/1404 567/743/1405 566/742/1406
f 555/732/1407 556/733/1408 568/744/1409 567/743/1410
f 556/733/1411 545/724/1412 557/735/1413 568/744/1414
g default
v -717.817993 188.332764 -706.108125
v -724.625488 200.383591 -719.948884
v -733.924805 216.845352 -725.014925
v -743.224060 233.307129 -719.948884
v -750.031616 245.358017 -706.108125
v -752.523376 249.768890 -687.201326
v -750.031616 245.358017 -668.294527
v -743.224060 233.307129 -654.453767
v -733.924805 216.845352 -649.387727
v -724.625488 200.383591 -654.453767
v -717.817993 188.332764 -668.294527
v -715.326172 183.921814 -687.201326
v -570.615906 255.635437 -706.108125
v -577.423462 267.686340 -719.948884
v -586.722778 284.148132 -725.014925
v -596.022034 300.609924 -719.948884
v -602.829651 312.660767 -706.108125
v -605.321289 317.071625 -687.201326
v -602.829651 312.660767 -668.294527
v -596.022034 300.609924 -654.453767
v -586.722778 284.148132 -649.387727
v -577.423462 267.686340 -654.453767
v -570.615906 255.635437 -668.294527
v -568.124207 251.224564 -687.201326
v -418.016937 310.538239 -706.108125
v -424.824524 322.589050 -719.948884
v -434.123810 339.050842 -725.014925
v -443.423065 355.512665 -719.948884
v -450.230682 367.563446 -706.108125
v -452.722382 371.974426 -687.201326
v -450.230682 367.563446 -668.294527
v -443.423065 355.512665 -654.453767
v -434.123810 339.050842 -649.387727
v -424.824524 322.589050 -654.453767
v -418.016937 310.538239 -668.294527
v -415.525269 306.127289 -687.201326
v -270.899353 378.035034 -706.108125
v -277.706909 390.085785 -719.948884
v -287.006226 406.547546 -725.014925
v -296.305573 423.009430 -719.948884
v -303.113068 435.060211 -706.108125
v -305.604797 439.471130 -687.201326
v -303.113068 435.060211 -668.294527
v -296.305573 423.009430 -654.453767
v -287.006226 406.547546 -649.387727
v -277.706909 390.085785 -654.453767
v -270.899353 378.035034 -668.294527
v -268.407623 373.624023 -687.201326
v -134.688431 470.591309 -706.108125
v -141.495941 482.642090 -719.948884
v -150.795212 499.103943 -725.014925
v -160.094482 515.565613 -719.948884
v -166.902084 527.616516 -706.108125
v -169.393845 532.027405 -687.201326
v -166.902084 527.616516 -668.294527
v -160.094482 515.565613 -654.453767
v -150.795212 499.103943 -649.387727
v -141.495941 482.642090 -654.453767
v -134.688431 470.591309 -668.294527
v -132.196655 466.180298 -687.201326
v -3.958745 575.741577 -706.108125
v -10.766259 587.792297 -719.948884
v -20.065552 604.254272 -725.014925
v -29.364828 620.715881 -719.948884
v -36.172417 632.766785 -706.108125
v -38.664143 637.177673 -687.201326
v -36.172417 632.766785 -668.294527
v -29.364828 620.715881 -654.453767
v -20.065552 604.254272 -649.387727
v -10.766259 587.792297 -654.453767
v -3.958745 575.741577 -668.294527
v -1.467031 571.330566 -687.201326
v -733.924805 216.845352 -687.201326
v 0.000000 578.438782 -706.108125
v 0.000000 595.127991 -719.948884
v 0.000000 617.925842 -725.014925
v 0.000000 640.723816 -719.948884
v 0.000000 657.412903 -706.108125
v 0.000000 663.521729 -687.201265
v 0.000000 657.412903 -668.294527
v 0.000000 640.723816 -654.453767
v 0.000000 617.925842 -649.387727
v 0.000000 595.127991 -654.453767
v 0.000000 578.438782 -668.294527
v 0.000000 572.330078 -687.201326
v -0.000000 577.888611 -705.651826
v 0.000000 577.888611 -668.750764
v 0.000000 579.747803 -664.243074
v 0.000000 579.747803 -710.159578
v 0.000000 595.127991 -719.948884
v 0.000000 595.127991 -654.453767
v 717.817993 188.332764 -706.108125
v 724.625488 200.383591 -719.948884
v 733.924805 216.845352 -725.014925
v 743.224060 233.307129 -719.948884
v 750.031616 245.358017 -706.108125
v 752.523376 249.768890 -687.201326
v 750.031616 245.358017 -668.294527
v 743.224060 233.307129 -654.453767
v 733.924805 216.845352 -649.387727
v 724.625488 200.383591 -654.453767
v 717.817993 188.332764 -668.294527
v 715.326172 183.921814 -687.201326
v 570.615906 255.635437 -706.108125
v 577.423462 267.686340 -719.948884
v 586.722778 284.148132 -725.014925
v 596.022034 300.609924 -719.948884
v 602.829651 312.660767 -706.108125
v 605.321289 317.071625 -687.201326
v 602.829651 312.660767 -668.294527
v 596.022034 300.609924 -654.453767
v 586.722778 284.148132 -649.387727
v 577.423462 267.686340 -654.453767
v 570.615906 255.635437 -668.294527
v 568.124207 251.224564 -687.201326
v 418.016937 310.538239 -706.108125
v 424.824524 322.589050 -719.948884
v 434.123810 339.050842 -725.014925
v 443.423065 355.512665 -719.948884
v 450.230682 367.563446 -706.108125
v 452.722382 371.974426 -687.201326
v 450.230682 367.563446 -668.294527
v 443.423065 355.512665 -654.453767
v 434.123810 339.050842 -649.387727
v 424.824524 322.589050 -654.453767
v 418.016937 310.538239 -668.294527
v 415.525269 306.127289 -687.201326
v 270.899353 378.035034 -706.108125
v 277.706909 390.085785 -719.948884
v 287.006226 406.547546 -725.014925
v 296.305573 423.009430 -719.948884
v 303.113068 435.060211 -706.108125
v 305.604797 439.471130 -687.201326
v 303.113068 435.060211 -668.294527
v 296.305573 423.009430 -654.453767
v 287.006226 406.547546 -649.387727
v 277.706909 390.085785 -654.453767
v 270.899353 378.035034 -668.294527
v 268.407623 373.624023 -687.201326
v 134.688431 470.591309 -706.108125
v 141.495941 482.642090 -719.948884
v 150.795212 499.103943 -725.014925
v 160.094482 515.565613 -719.948884
v 166.902084 527.616516 -706.108125
v 169.393845 532.027405 -687.201326
v 166.902084 527.616516 -668.294527
v 160.094482 515.565613 -654.453767
v 150.795212 499.103943 -649.387727
v 141.495941 482.642090 -654.453767
v 134.688431 470.591309 -668.294527
v 132.196655 466.180298 -687.201326
v 3.958745 575.741577 -706.108125
v 10.766259 587.792297 -719.948884
v 20.065552 604.254272 -725.014925
v 29.364828 620.715881 -719.948884
v 36.172417 632.766785 -706.108125
v 38.664143 637.177673 -687.201326
v 36.172417 632.766785 -668.294527
v 29.364828 620.715881 -654.453767
v 20.065552 604.254272 -649.387727
v 10.766259 587.792297 -654.453767
v 3.958745 575.741577 -668.294527
v 1.467031 571.330566 -687.201326
v 733.924805 216.845352 -687.201326
vt 0.464788 0.967231
vt 0.453955 0.954789
vt 0.479586 0.937793
vt 0.449990 0.937793
vt 0.479586 0.971785
vt 0.453955 0.920797
vt 0.494384 0.967231
vt 0.464788 0.908355
vt 0.505217 0.954789
vt 0.479586 0.903801
vt 0.509182 0.937793
vt 0.494384 0.908355
vt 0.505217 0.920797
vt 0.493896 0.879528
vt 0.477048 0.880150
vt 0.476112 0.741565
vt 0.492937 0.740567
vt 0.460181 0.879963
vt 0.459257 0.741089
vt 0.475748 0.601534
vt 0.492696 0.600661
vt 0.510639 0.878187
vt 0.509716 0.738820
vt 0.443328 0.879194
vt 0.442440 0.740022
vt 0.458809 0.600852
vt 0.475137 0.458166
vt 0.492122 0.458053
vt 0.509586 0.599081
vt 0.441976 0.599444
vt 0.458164 0.458145
vt 0.474449 0.312591
vt 0.491354 0.313139
vt 0.509088 0.457897
vt 0.441235 0.458001
vt 0.457556 0.313404
vt 0.472269 0.167958
vt 0.489049 0.168449
vt 0.508210 0.314316
vt 0.440748 0.314736
vt 0.455499 0.168857
vt 0.471882 0.127900
vt 0.488826 0.130779
vt 0.505777 0.169781
vt 0.438773 0.170485
vt 0.455011 0.131101
vt 0.505635 0.139044
vt 0.438283 0.139417
vt 0.593677 0.873893
vt 0.577079 0.873402
vt 0.577247 0.732162
vt 0.594262 0.733097
vt 0.560498 0.873868
vt 0.560225 0.732922
vt 0.576966 0.592852
vt 0.593886 0.593666
vt 0.610317 0.875090
vt 0.611190 0.734911
vt 0.543904 0.875030
vt 0.543292 0.734535
vt 0.560041 0.593586
vt 0.576552 0.457265
vt 0.593407 0.457156
vt 0.610719 0.595287
vt 0.543189 0.595096
vt 0.559699 0.457393
vt 0.575289 0.318976
vt 0.592050 0.317961
vt 0.610249 0.457060
vt 0.542856 0.457550
vt 0.558501 0.318517
vt 0.573596 0.173467
vt 0.590769 0.173065
vt 0.608769 0.316272
vt 0.541744 0.317404
vt 0.556425 0.173432
vt 0.573554 0.171908
vt 0.590986 0.168771
vt 0.607793 0.172054
vt 0.539379 0.172962
vt 0.556122 0.169099
vt 0.608595 0.162580
vt 0.538592 0.161846
vt 0.527292 0.876546
vt 0.526477 0.736661
vt 0.526396 0.597077
vt 0.525996 0.457723
vt 0.524992 0.315873
vt 0.522524 0.171500
vt 0.522155 0.150462
vt 0.643822 0.878413
vt 0.627016 0.876687
vt 0.628000 0.737324
vt 0.644751 0.739919
vt 0.627475 0.597443
vt 0.644217 0.599739
vt 0.627099 0.456970
vt 0.643986 0.456865
vt 0.625464 0.314121
vt 0.642177 0.311860
vt 0.624745 0.170094
vt 0.641510 0.167695
vt 0.624058 0.149336
vt 0.640136 0.137219
vt 0.608739 0.161768
vt 0.556700 0.169338
vt 0.590406 0.168975
vt 0.594722 0.168099
vt 0.552387 0.168498
vt 0.538592 0.161846
vt 0.608595 0.162580
vt 0.560498 0.873868
vt 0.543904 0.875030
vt 0.543292 0.734535
vt 0.560225 0.732922
vt 0.527292 0.876546
vt 0.526477 0.736661
vt 0.510639 0.878187
vt 0.509716 0.738820
vt 0.493896 0.879528
vt 0.492937 0.740567
vt 0.477048 0.880150
vt 0.476112 0.741565
vt 0.460181 0.879963
vt 0.459257 0.741089
vt 0.443328 0.879194
vt 0.442440 0.740022
vt 0.643822 0.878413
vt 0.627016 0.876687
vt 0.628000 0.737324
vt 0.644751 0.739919
vt 0.610317 0.875090
vt 0.611190 0.734911
vt 0.593677 0.873893
vt 0.594262 0.733097
vt 0.577079 0.873402
vt 0.577247 0.732162
vt 0.543189 0.595096
vt 0.560041 0.593586
vt 0.526396 0.597077
vt 0.509586 0.599081
vt 0.492696 0.600661
vt 0.475748 0.601534
vt 0.458809 0.600852
vt 0.441976 0.599444
vt 0.627475 0.597443
vt 0.644217 0.599739
vt 0.610719 0.595287
vt 0.593886 0.593666
vt 0.576966 0.592852
vt 0.542856 0.457550
vt 0.559699 0.457393
vt 0.525996 0.457723
vt 0.509088 0.457897
vt 0.492122 0.458053
vt 0.475137 0.458166
vt 0.458164 0.458145
vt 0.441235 0.458001
vt 0.627099 0.456970
vt 0.643986 0.456865
vt 0.610249 0.457060
vt 0.593407 0.457156
vt 0.576552 0.457265
vt 0.541744 0.317404
vt 0.558501 0.318517
vt 0.524992 0.315873
vt 0.508210 0.314316
vt 0.491354 0.313139
vt 0.474449 0.312591
vt 0.457556 0.313404
vt 0.440748 0.314736
vt 0.625464 0.314121
vt 0.642177 0.311860
vt 0.608769 0.316272
vt 0.592050 0.317961
vt 0.575289 0.318976
vt 0.539379 0.172962
vt 0.556425 0.173432
vt 0.522524 0.171500
vt 0.505777 0.169781
vt 0.489049 0.168449
vt 0.472269 0.167958
vt 0.455499 0.168857
vt 0.438773 0.170485
vt 0.624745 0.170094
vt 0.641510 0.167695
vt 0.607793 0.172054
vt 0.590769 0.173065
vt 0.573596 0.173467
vt 0.538592 0.161846
vt 0.556700 0.169338
vt 0.556122 0.169099
vt 0.522155 0.150462
vt 0.505635 0.139044
vt 0.488826 0.130779
vt 0.471882 0.127900
vt 0.455011 0.131101
vt 0.438283 0.139417
vt 0.624058 0.149336
vt 0.640136 0.137219
vt 0.608739 0.161768
vt 0.590986 0.168771
vt 0.590406 0.168975
vt 0.608595 0.162580
vt 0.573554 0.171908
vt 0.594722 0.168099
vt 0.552387 0.168498
vt 0.464788 0.967231
vt 0.453955 0.954789
vt 0.479586 0.937793
vt 0.479586 0.971785
vt 0.494384 0.967231
vt 0.505217 0.954789
vt 0.509182 0.937793
vt 0.505217 0.920797
vt 0.494384 0.908355
vt 0.479586 0.903801
vt 0.464788 0.908355
vt 0.453955 0.920797
vt 0.449990 0.937793
vt 0.538592 0.161846
vt 0.608595 0.162580
vn 0.294560 -0.644252 -0.705814
vn 0.294560 -0.644252 -0.705814
vn 0.269546 -0.656693 -0.704344
vn 0.266490 -0.658170 -0.704127
vn 0.107987 -0.236185 -0.965689
vn 0.107987 -0.236185 -0.965689
vn 0.099206 -0.241064 -0.965426
vn 0.097705 -0.241895 -0.965371
vn -0.107985 0.236185 -0.965689
vn -0.107985 0.236185 -0.965689
vn -0.099205 0.241064 -0.965426
vn -0.097705 0.241895 -0.965371
vn -0.294560 0.644250 -0.705816
vn -0.294560 0.644250 -0.705816
vn -0.269546 0.656692 -0.704344
vn -0.266490 0.658170 -0.704127
vn -0.401743 0.878676 -0.257937
vn -0.401743 0.878676 -0.257937
vn -0.365585 0.894625 -0.256893
vn -0.364030 0.895274 -0.256839
vn -0.401743 0.878676 0.257937
vn -0.401743 0.878676 0.257936
vn -0.364030 0.895274 0.256839
vn -0.365585 0.894625 0.256893
vn -0.294558 0.644251 0.705816
vn -0.294558 0.644251 0.705816
vn -0.266488 0.658170 0.704128
vn -0.269545 0.656692 0.704344
vn -0.107986 0.236185 0.965689
vn -0.107986 0.236185 0.965689
vn -0.097705 0.241895 0.965371
vn -0.099205 0.241064 0.965426
vn 0.107987 -0.236185 0.965689
vn 0.107987 -0.236185 0.965689
vn 0.097705 -0.241895 0.965371
vn 0.099206 -0.241064 0.965426
vn 0.294560 -0.644252 0.705815
vn 0.294560 -0.644252 0.705815
vn 0.266490 -0.658170 0.704127
vn 0.269546 -0.656693 0.704344
vn 0.401741 -0.878676 0.257939
vn 0.401741 -0.878676 0.257939
vn 0.364029 -0.895274 0.256841
vn 0.365584 -0.894625 0.256894
vn 0.401741 -0.878676 -0.257940
vn 0.401741 -0.878676 -0.257940
vn 0.365584 -0.894625 -0.256894
vn 0.364029 -0.895274 -0.256841
vn 0.266893 -0.657976 -0.704156
vn 0.269981 -0.656482 -0.704373
vn 0.097849 -0.241815 -0.965376
vn 0.099365 -0.240976 -0.965431
vn -0.097848 0.241815 -0.965376
vn -0.099364 0.240976 -0.965431
vn -0.266893 0.657977 -0.704156
vn -0.269981 0.656482 -0.704373
vn -0.364605 0.895034 -0.256860
vn -0.366176 0.894377 -0.256914
vn -0.366176 0.894377 0.256914
vn -0.364605 0.895034 0.256860
vn -0.269980 0.656482 0.704373
vn -0.266893 0.657977 0.704156
vn -0.099364 0.240976 0.965431
vn -0.097848 0.241815 0.965376
vn 0.099364 -0.240976 0.965431
vn 0.097848 -0.241815 0.965376
vn 0.269981 -0.656482 0.704373
vn 0.266894 -0.657976 0.704155
vn 0.366175 -0.894377 0.256915
vn 0.364605 -0.895034 0.256861
vn 0.364604 -0.895034 -0.256861
vn 0.366175 -0.894377 -0.256915
vn 0.347775 -0.615676 -0.707104
vn 0.347808 -0.615657 -0.707104
vn 0.127292 -0.225352 -0.965926
vn 0.127308 -0.225342 -0.965926
vn -0.127292 0.225352 -0.965926
vn -0.127309 0.225342 -0.965926
vn -0.347775 0.615675 -0.707105
vn -0.347809 0.615656 -0.707105
vn -0.475082 0.841017 -0.258818
vn -0.475099 0.841008 -0.258819
vn -0.475099 0.841008 0.258818
vn -0.475082 0.841017 0.258819
vn -0.347808 0.615656 0.707105
vn -0.347774 0.615675 0.707105
vn -0.127309 0.225342 0.965926
vn -0.127292 0.225352 0.965926
vn 0.127309 -0.225342 0.965926
vn 0.127292 -0.225352 0.965926
vn 0.347808 -0.615657 0.707104
vn 0.347774 -0.615676 0.707104
vn 0.475098 -0.841007 0.258822
vn 0.475082 -0.841016 0.258822
vn 0.475082 -0.841017 -0.258822
vn 0.475098 -0.841007 -0.258822
vn 0.423755 -0.569545 -0.704309
vn 0.421100 -0.571269 -0.704504
vn 0.155814 -0.209078 -0.965406
vn 0.154429 -0.209876 -0.965455
vn -0.155817 0.209079 -0.965405
vn -0.154432 0.209877 -0.965455
vn -0.423755 0.569541 -0.704311
vn -0.421100 0.571266 -0.704507
vn -0.575817 0.776148 -0.256960
vn -0.574546 0.777074 -0.257008
vn -0.574546 0.777074 0.257008
vn -0.575817 0.776148 0.256960
vn -0.421099 0.571266 0.704507
vn -0.423754 0.569542 0.704312
vn -0.154432 0.209877 0.965455
vn -0.155817 0.209079 0.965405
vn 0.154430 -0.209876 0.965455
vn 0.155815 -0.209078 0.965406
vn 0.421101 -0.571269 0.704504
vn 0.423756 -0.569544 0.704308
vn 0.574545 -0.777072 0.257014
vn 0.575816 -0.776147 0.256966
vn 0.575816 -0.776147 -0.256966
vn 0.574545 -0.777072 -0.257014
vn 0.443506 -0.556446 -0.702617
vn 0.444006 -0.556108 -0.702568
vn 0.162161 -0.205413 -0.965147
vn 0.162660 -0.205124 -0.965125
vn -0.161123 0.206017 -0.965192
vn -0.161834 0.205606 -0.965161
vn -0.436316 0.561265 -0.703285
vn -0.437934 0.560184 -0.703141
vn -0.592636 0.763620 -0.256255
vn -0.593465 0.762989 -0.256217
vn -0.593464 0.762990 0.256216
vn -0.592636 0.763620 0.256255
vn -0.437934 0.560184 0.703141
vn -0.436316 0.561265 0.703285
vn -0.161834 0.205606 0.965161
vn -0.161123 0.206017 0.965192
vn 0.162660 -0.205124 0.965125
vn 0.162160 -0.205413 0.965147
vn 0.444010 -0.556107 0.702567
vn 0.443510 -0.556445 0.702615
vn 0.604820 -0.754206 0.255670
vn 0.604728 -0.754278 0.255675
vn 0.604728 -0.754278 -0.255675
vn 0.604820 -0.754205 -0.255670
vn 0.398854 -0.585390 -0.705857
vn 0.000000 -0.000000 -0.000000
vn 0.398854 -0.585390 -0.705857
vn -0.000001 -0.216923 -0.976189
vn -0.000001 -0.216923 -0.976189
vn 0.000000 0.216925 -0.976188
vn 0.000000 0.216924 -0.976188
vn -0.398856 0.585387 -0.705858
vn -0.398856 0.585387 -0.705858
vn -0.544017 0.798433 -0.257973
vn -0.544017 0.798433 -0.257973
vn -0.544016 0.798434 0.257972
vn -0.544016 0.798434 0.257972
vn -0.398856 0.585387 0.705858
vn -0.398856 0.585387 0.705858
vn -0.000001 0.216925 0.976188
vn -0.000001 0.216925 0.976188
vn 0.000000 -0.216923 0.976189
vn 0.000000 -0.216923 0.976189
vn 0.398854 -0.585390 0.705857
vn 0.000000 -0.000000 0.000000
vn 0.398854 -0.585390 0.705857
vn 0.544003 -0.798443 0.257974
vn 0.000000 -0.000000 0.000000
vn 0.544003 -0.798443 0.257974
vn 0.544003 -0.798442 -0.257975
vn 0.000000 -0.000000 -0.000000
vn 0.544003 -0.798442 -0.257975
vn -0.870681 -0.491849 -0.000001
vn -0.870682 -0.491847 0.000001
vn -0.870681 -0.491848 -0.000000
vn -0.870680 -0.491850 0.000000
vn -0.870681 -0.491849 0.000000
vn -0.870682 -0.491846 -0.000001
vn -0.870683 -0.491845 -0.000000
vn -0.870682 -0.491846 0.000001
vn -0.870681 -0.491848 0.000000
vn -0.870680 -0.491850 0.000000
vn -0.870681 -0.491849 0.000001
vn -0.870681 -0.491848 -0.000000
vn -0.870681 -0.491848 -0.000000
vn 0.000000 0.000000 0.000000
vn 0.000000 0.000000 0.000000
vn 0.000000 0.000000 0.000000
vn 0.000000 0.000000 0.000000
vn 0.000000 0.000000 0.000000
vn 0.000000 0.000000 0.000000
vn -0.294561 -0.644251 -0.705814
vn -0.266490 -0.658170 -0.704127
vn -0.269546 -0.656692 -0.704344
vn -0.294561 -0.644251 -0.705814
vn -0.107986 -0.236185 -0.965689
vn -0.097705 -0.241895 -0.965371
vn -0.099206 -0.241064 -0.965426
vn -0.107986 -0.236185 -0.965689
vn 0.107986 0.236185 -0.965689
vn 0.097705 0.241895 -0.965371
vn 0.099205 0.241064 -0.965426
vn 0.107986 0.236185 -0.965689
vn 0.294560 0.644250 -0.705816
vn 0.266489 0.658170 -0.704128
vn 0.269545 0.656692 -0.704344
vn 0.294560 0.644250 -0.705816
vn 0.401743 0.878676 -0.257936
vn 0.364030 0.895274 -0.256839
vn 0.365585 0.894625 -0.256892
vn 0.401743 0.878676 -0.257936
vn 0.401743 0.878676 0.257936
vn 0.365585 0.894625 0.256892
vn 0.364030 0.895274 0.256839
vn 0.401743 0.878676 0.257936
vn 0.294559 0.644251 0.705816
vn 0.269545 0.656692 0.704344
vn 0.266489 0.658170 0.704128
vn 0.294559 0.644251 0.705816
vn 0.107987 0.236185 0.965689
vn 0.099206 0.241064 0.965426
vn 0.097706 0.241895 0.965371
vn 0.107987 0.236185 0.965689
vn -0.107987 -0.236185 0.965689
vn -0.099206 -0.241064 0.965426
vn -0.097705 -0.241895 0.965371
vn -0.107987 -0.236185 0.965689
vn -0.294560 -0.644252 0.705814
vn -0.269546 -0.656693 0.704344
vn -0.266490 -0.658170 0.704127
vn -0.294560 -0.644252 0.705814
vn -0.401742 -0.878675 0.257940
vn -0.365585 -0.894625 0.256895
vn -0.364030 -0.895274 0.256841
vn -0.401742 -0.878675 0.257940
vn -0.401742 -0.878676 -0.257940
vn -0.364030 -0.895274 -0.256841
vn -0.365585 -0.894625 -0.256894
vn -0.401742 -0.878676 -0.257940
vn -0.269981 -0.656482 -0.704373
vn -0.266893 -0.657977 -0.704155
vn -0.099365 -0.240976 -0.965431
vn -0.097849 -0.241815 -0.965376
vn 0.099363 0.240976 -0.965431
vn 0.097848 0.241815 -0.965376
vn 0.269981 0.656482 -0.704373
vn 0.266893 0.657977 -0.704156
vn 0.366175 0.894377 -0.256914
vn 0.364605 0.895034 -0.256860
vn 0.364605 0.895034 0.256860
vn 0.366176 0.894377 0.256914
vn 0.266893 0.657977 0.704156
vn 0.269980 0.656482 0.704373
vn 0.097849 0.241815 0.965376
vn 0.099365 0.240976 0.965431
vn -0.097848 -0.241815 0.965376
vn -0.099364 -0.240976 0.965431
vn -0.266894 -0.657977 0.704155
vn -0.269981 -0.656482 0.704373
vn -0.364605 -0.895034 0.256861
vn -0.366176 -0.894377 0.256915
vn -0.366175 -0.894377 -0.256915
vn -0.364605 -0.895034 -0.256861
vn -0.347809 -0.615657 -0.707104
vn -0.347775 -0.615676 -0.707104
vn -0.127308 -0.225342 -0.965926
vn -0.127291 -0.225352 -0.965926
vn 0.127307 0.225342 -0.965926
vn 0.127290 0.225352 -0.965926
vn 0.347809 0.615656 -0.707105
vn 0.347775 0.615675 -0.707105
vn 0.475099 0.841008 -0.258818
vn 0.475082 0.841017 -0.258818
vn 0.475082 0.841017 0.258818
vn 0.475099 0.841008 0.258818
vn 0.347775 0.615675 0.707105
vn 0.347808 0.615656 0.707105
vn 0.127292 0.225352 0.965926
vn 0.127309 0.225342 0.965926
vn -0.127292 -0.225352 0.965926
vn -0.127308 -0.225342 0.965926
vn -0.347774 -0.615676 0.707104
vn -0.347808 -0.615657 0.707104
vn -0.475082 -0.841016 0.258822
vn -0.475099 -0.841007 0.258822
vn -0.475098 -0.841007 -0.258822
vn -0.475082 -0.841017 -0.258822
vn -0.421102 -0.571269 -0.704503
vn -0.423757 -0.569545 -0.704307
vn -0.154429 -0.209876 -0.965455
vn -0.155814 -0.209078 -0.965406
vn 0.154430 0.209877 -0.965455
vn 0.155816 0.209079 -0.965405
vn 0.421100 0.571266 -0.704507
vn 0.423755 0.569541 -0.704311
vn 0.574546 0.777074 -0.257008
vn 0.575817 0.776148 -0.256959
vn 0.575817 0.776149 0.256960
vn 0.574546 0.777074 0.257008
vn 0.423754 0.569542 0.704311
vn 0.421100 0.571266 0.704507
vn 0.155816 0.209079 0.965405
vn 0.154431 0.209877 0.965455
vn -0.155814 -0.209078 0.965406
vn -0.154429 -0.209876 0.965455
vn -0.423756 -0.569545 0.704308
vn -0.421101 -0.571269 0.704504
vn -0.575817 -0.776147 0.256965
vn -0.574546 -0.777072 0.257014
vn -0.574545 -0.777073 -0.257014
vn -0.575816 -0.776147 -0.256966
vn -0.444009 -0.556108 -0.702567
vn -0.443509 -0.556446 -0.702615
vn -0.162661 -0.205124 -0.965125
vn -0.162161 -0.205413 -0.965147
vn 0.161833 0.205606 -0.965161
vn 0.161122 0.206017 -0.965193
vn 0.437935 0.560185 -0.703140
vn 0.436317 0.561265 -0.703285
vn 0.593466 0.762989 -0.256216
vn 0.592637 0.763620 -0.256254
vn 0.592636 0.763620 0.256254
vn 0.593464 0.762990 0.256216
vn 0.436316 0.561265 0.703285
vn 0.437934 0.560185 0.703141
vn 0.161122 0.206017 0.965193
vn 0.161833 0.205606 0.965161
vn -0.162159 -0.205413 0.965148
vn -0.162659 -0.205124 0.965125
vn -0.443509 -0.556445 0.702615
vn -0.444010 -0.556107 0.702567
vn -0.604728 -0.754278 0.255674
vn -0.604820 -0.754205 0.255669
vn -0.604820 -0.754206 -0.255669
vn -0.604728 -0.754278 -0.255674
vn -0.398857 -0.585389 -0.705856
vn -0.000000 -0.000000 -0.000000
vn -0.398857 -0.585389 -0.705856
vn 0.398856 0.585387 -0.705859
vn 0.398856 0.585387 -0.705859
vn 0.544018 0.798433 -0.257972
vn 0.544018 0.798433 -0.257972
vn 0.544016 0.798434 0.257973
vn 0.544016 0.798434 0.257973
vn 0.398855 0.585387 0.705859
vn 0.398855 0.585387 0.705859
vn -0.398852 -0.585391 0.705858
vn -0.000000 -0.000000 0.000000
vn -0.398852 -0.585391 0.705858
vn -0.544003 -0.798443 0.257974
vn -0.000000 -0.000000 0.000000
vn -0.544003 -0.798443 0.257974
vn -0.544000 -0.798444 -0.257974
vn -0.000000 -0.000000 -0.000000
vn -0.544000 -0.798444 -0.257974
vn 0.870681 -0.491849 -0.000001
vn 0.870681 -0.491848 0.000000
vn 0.870681 -0.491848 0.000000
vn 0.870680 -0.491850 0.000000
vn 0.870681 -0.491849 0.000000
vn 0.870682 -0.491846 -0.000001
vn 0.870683 -0.491844 0.000000
vn 0.870682 -0.491846 0.000001
vn 0.870681 -0.491849 0.000000
vn 0.870680 -0.491850 0.000000
vn 0.870681 -0.491848 0.000001
vn 0.870681 -0.491848 -0.000000
vn 0.870681 -0.491849 0.000000
vn 0.000000 0.000000 0.000000
vn 0.000000 0.000000 0.000000
vn 0.000000 0.000000 0.000000
vn 0.000000 0.000000 0.000000
vn 0.000000 0.000000 0.000000
vn 0.000000 0.000000 0.000000
s 1
g TentPoles TentProxy pCylinder10
usemtl initialShadingGroup
f 569/808/1415 570/814/1416 582/815/1417 581/809/1418
s 2
f 570/814/1419 571/839/1420 583/840/1421 582/815/1422
s 3
f 571/839/1423 572/777/1424 584/778/1425 583/840/1426
s 4
f 572/777/1427 573/769/1428 585/772/1429 584/778/1430
s 5
f 573/769/1431 574/770/1432 586/771/1433 585/772/1434
s 6
f 574/770/1435 575/773/1436 587/774/1437 586/771/1438
s 7
f 575/773/1439 576/779/1440 588/780/1441 587/774/1442
s 8
f 576/846/1443 577/847/1444 589/848/1445 588/849/1446
s 9
f 577/847/1447 578/812/1448 590/813/1449 589/848/1450
s 10
f 578/812/1451 579/804/1452 591/807/1453 590/813/1454
s 11
f 579/804/1455 580/805/1456 592/806/1457 591/807/1458
s 12
f 580/805/1459 569/808/1460 581/809/1461 592/806/1462
s 1
f 581/809/1418 582/815/1417 594/820/1463 593/816/1464
s 2
f 582/815/1422 583/840/1421 595/841/1465 594/820/1466
s 3
f 583/840/1426 584/778/1425 596/784/1467 595/841/1468
s 4
f 584/778/1430 585/772/1429 597/776/1469 596/784/1470
s 5
f 585/772/1434 586/771/1433 598/775/1471 597/776/1472
s 6
f 586/771/1438 587/774/1437 599/781/1473 598/775/1474
s 7
f 587/774/1442 588/780/1441 600/785/1475 599/781/1476
s 8
f 588/849/1446 589/848/1445 601/850/1477 600/851/1478
s 9
f 589/848/1450 590/813/1449 602/819/1479 601/850/1480
s 10
f 590/813/1454 591/807/1453 603/811/1481 602/819/1482
s 11
f 591/807/1458 592/806/1457 604/810/1483 603/811/1484
s 12
f 592/806/1462 581/809/1461 593/816/1485 604/810/1486
s 1
f 593/816/1464 594/820/1463 606/825/1487 605/821/1488
s 2
f 594/820/1466 595/841/1465 607/842/1489 606/825/1490
s 3
f 595/841/1468 596/784/1467 608/789/1491 607/842/1492
s 4
f 596/784/1470 597/776/1469 609/783/1493 608/789/1494
s 5
f 597/776/1472 598/775/1471 610/782/1495 609/783/1496
s 6
f 598/775/1474 599/781/1473 611/786/1497 610/782/1498
s 7
f 599/781/1476 600/785/1475 612/790/1499 611/786/1500
s 8
f 600/851/1478 601/850/1477 613/852/1501 612/853/1502
s 9
f 601/850/1480 602/819/1479 614/824/1503 613/852/1504
s 10
f 602/819/1482 603/811/1481 615/818/1505 614/824/1506
s 11
f 603/811/1484 604/810/1483 616/817/1507 615/818/1508
s 12
f 604/810/1486 593/816/1485 605/821/1509 616/817/1510
s 1
f 605/821/1488 606/825/1487 618/830/1511 617/826/1512
s 2
f 606/825/1490 607/842/1489 619/843/1513 618/830/1514
s 3
f 607/842/1492 608/789/1491 620/794/1515 619/843/1516
s 4
f 608/789/1494 609/783/1493 621/788/1517 620/794/1518
s 5
f 609/783/1496 610/782/1495 622/787/1519 621/788/1520
s 6
f 610/782/1498 611/786/1497 623/791/1521 622/787/1522
s 7
f 611/786/1500 612/790/1499 624/795/1523 623/791/1524
s 8
f 612/853/1502 613/852/1501 625/854/1525 624/855/1526
s 9
f 613/852/1504 614/824/1503 626/829/1527 625/854/1528
s 10
f 614/824/1506 615/818/1505 627/823/1529 626/829/1530
s 11
f 615/818/1508 616/817/1507 628/822/1531 627/823/1532
s 12
f 616/817/1510 605/821/1509 617/826/1533 628/822/1534
s 1
f 617/826/1512 618/830/1511 630/835/1535 629/831/1536
s 2
f 618/830/1514 619/843/1513 631/844/1537 630/835/1538
s 3
f 619/843/1516 620/794/1515 632/799/1539 631/844/1540
s 4
f 620/794/1518 621/788/1517 633/793/1541 632/799/1542
s 5
f 621/788/1520 622/787/1519 634/792/1543 633/793/1544
s 6
f 622/787/1522 623/791/1521 635/796/1545 634/792/1546
s 7
f 623/791/1524 624/795/1523 636/800/1547 635/796/1548
s 8
f 624/855/1526 625/854/1525 637/856/1549 636/857/1550
s 9
f 625/854/1528 626/829/1527 638/834/1551 637/856/1552
s 10
f 626/829/1530 627/823/1529 639/828/1553 638/834/1554
s 11
f 627/823/1532 628/822/1531 640/827/1555 639/828/1556
s 12
f 628/822/1534 617/826/1533 629/831/1557 640/827/1558
s 1
f 629/831/1536 630/835/1535 643/838/1559 654/861/1560 642/836/1561
s 2
f 630/835/1538 631/844/1537 644/845/1562 643/838/1563
s 3
f 631/844/1540 632/799/1539 645/802/1564 644/845/1565
s 4
f 632/799/1542 633/793/1541 646/798/1566 645/802/1567
s 5
f 633/793/1544 634/792/1543 647/797/1568 646/798/1569
s 6
f 634/792/1546 635/796/1545 648/801/1570 647/797/1571
s 7
f 635/796/1548 636/800/1547 649/803/1572 648/801/1573
s 8
f 636/857/1550 637/856/1549 650/858/1574 649/859/1575
s 9
f 637/856/1552 638/834/1551 651/860/1576 650/858/1577
s 10
f 638/834/1554 639/828/1553 652/833/1578 655/862/1579 651/837/1580
s 11
f 639/828/1556 640/827/1555 653/832/1581 656/863/1582 652/833/1583
s 12
f 640/827/1558 629/831/1557 642/836/1584 657/864/1585 653/832/1586
s 13
f 570/756/1587 569/757/1588 641/758/1589
f 571/760/1590 570/756/1587 641/758/1589
f 572/762/1591 571/760/1590 641/758/1589
f 573/764/1592 572/762/1591 641/758/1589
f 574/766/1593 573/764/1592 641/758/1589
f 575/768/1594 574/766/1593 641/758/1589
f 576/767/1595 575/768/1594 641/758/1589
f 577/765/1596 576/767/1595 641/758/1589
f 578/763/1597 577/765/1596 641/758/1589
f 579/761/1598 578/763/1597 641/758/1589
f 580/759/1599 579/761/1598 641/758/1589
f 569/757/1588 580/759/1599 641/758/1589
s off
f 658/865/1600 654/861/1601 643/838/1602
f 655/862/1603 659/866/1604 651/837/1605
s 14
f 660/867/1606 672/870/1607 673/869/1608 661/868/1609
s 2
f 661/868/1610 673/869/1611 674/872/1612 662/871/1613
s 3
f 662/871/1614 674/872/1615 675/874/1616 663/873/1617
s 17
f 663/873/1618 675/874/1619 676/876/1620 664/875/1621
s 18
f 664/875/1622 676/876/1623 677/878/1624 665/877/1625
s 19
f 665/877/1626 677/878/1627 678/880/1628 666/879/1629
s 20
f 666/879/1630 678/880/1631 679/882/1632 667/881/1633
s 8
f 667/883/1634 679/886/1635 680/885/1636 668/884/1637
s 9
f 668/884/1638 680/885/1639 681/888/1640 669/887/1641
s 23
f 669/887/1642 681/888/1643 682/890/1644 670/889/1645
s 24
f 670/889/1646 682/890/1647 683/892/1648 671/891/1649
s 25
f 671/891/1650 683/892/1651 672/870/1652 660/867/1653
s 14
f 672/870/1607 684/894/1654 685/893/1655 673/869/1608
s 2
f 673/869/1611 685/893/1656 686/895/1657 674/872/1612
s 3
f 674/872/1615 686/895/1658 687/896/1659 675/874/1616
s 17
f 675/874/1619 687/896/1660 688/897/1661 676/876/1620
s 18
f 676/876/1623 688/897/1662 689/898/1663 677/878/1624
s 19
f 677/878/1627 689/898/1664 690/899/1665 678/880/1628
s 20
f 678/880/1631 690/899/1666 691/900/1667 679/882/1632
s 8
f 679/886/1635 691/902/1668 692/901/1669 680/885/1636
s 9
f 680/885/1639 692/901/1670 693/903/1671 681/888/1640
s 23
f 681/888/1643 693/903/1672 694/904/1673 682/890/1644
s 24
f 682/890/1647 694/904/1674 695/905/1675 683/892/1648
s 25
f 683/892/1651 695/905/1676 684/894/1677 672/870/1652
s 14
f 684/894/1654 696/907/1678 697/906/1679 685/893/1655
s 2
f 685/893/1656 697/906/1680 698/908/1681 686/895/1657
s 3
f 686/895/1658 698/908/1682 699/909/1683 687/896/1659
s 17
f 687/896/1660 699/909/1684 700/910/1685 688/897/1661
s 18
f 688/897/1662 700/910/1686 701/911/1687 689/898/1663
s 19
f 689/898/1664 701/911/1688 702/912/1689 690/899/1665
s 20
f 690/899/1666 702/912/1690 703/913/1691 691/900/1667
s 8
f 691/902/1668 703/915/1692 704/914/1693 692/901/1669
s 9
f 692/901/1670 704/914/1694 705/916/1695 693/903/1671
s 23
f 693/903/1672 705/916/1696 706/917/1697 694/904/1673
s 24
f 694/904/1674 706/917/1698 707/918/1699 695/905/1675
s 25
f 695/905/1676 707/918/1700 696/907/1701 684/894/1677
s 14
f 696/907/1678 708/920/1702 709/919/1703 697/906/1679
s 2
f 697/906/1680 709/919/1704 710/921/1705 698/908/1681
s 3
f 698/908/1682 710/921/1706 711/922/1707 699/909/1683
s 17
f 699/909/1684 711/922/1708 712/923/1709 700/910/1685
s 18
f 700/910/1686 712/923/1710 713/924/1711 701/911/1687
s 19
f 701/911/1688 713/924/1712 714/925/1713 702/912/1689
s 20
f 702/912/1690 714/925/1714 715/926/1715 703/913/1691
s 8
f 703/915/1692 715/928/1716 716/927/1717 704/914/1693
s 9
f 704/914/1694 716/927/1718 717/929/1719 705/916/1695
s 23
f 705/916/1696 717/929/1720 718/930/1721 706/917/1697
s 24
f 706/917/1698 718/930/1722 719/931/1723 707/918/1699
s 25
f 707/918/1700 719/931/1724 708/920/1725 696/907/1701
s 14
f 708/920/1702 720/933/1726 721/932/1727 709/919/1703
s 2
f 709/919/1704 721/932/1728 722/934/1729 710/921/1705
s 3
f 710/921/1706 722/934/1730 723/935/1731 711/922/1707
s 17
f 711/922/1708 723/935/1732 724/936/1733 712/923/1709
s 18
f 712/923/1710 724/936/1734 725/937/1735 713/924/1711
s 19
f 713/924/1712 725/937/1736 726/938/1737 714/925/1713
s 20
f 714/925/1714 726/938/1738 727/939/1739 715/926/1715
s 8
f 715/928/1716 727/941/1740 728/940/1741 716/927/1717
s 9
f 716/927/1718 728/940/1742 729/942/1743 717/929/1719
s 23
f 717/929/1720 729/942/1744 730/943/1745 718/930/1721
s 24
f 718/930/1722 730/943/1746 731/944/1747 719/931/1723
s 25
f 719/931/1724 731/944/1748 720/933/1749 708/920/1725
s 14
f 720/933/1726 642/947/1750 654/946/1751 643/945/1752 721/932/1727
s 2
f 721/932/1728 643/945/1563 644/948/1562 722/934/1729
s 3
f 722/934/1730 644/948/1565 645/949/1564 723/935/1731
s 17
f 723/935/1732 645/949/1753 646/950/1754 724/936/1733
s 18
f 724/936/1734 646/950/1755 647/951/1756 725/937/1735
s 19
f 725/937/1736 647/951/1757 648/952/1758 726/938/1737
s 20
f 726/938/1738 648/952/1759 649/953/1760 727/939/1739
s 8
f 727/941/1740 649/955/1575 650/954/1574 728/940/1741
s 9
f 728/940/1742 650/954/1577 651/956/1576 729/942/1743
s 23
f 729/942/1744 651/959/1761 655/958/1762 652/957/1763 730/943/1745
s 24
f 730/943/1746 652/957/1764 656/961/1765 653/960/1766 731/944/1747
s 25
f 731/944/1748 653/960/1767 657/962/1768 642/947/1769 720/933/1749
s 26
f 661/963/1770 732/965/1771 660/964/1772
f 662/966/1773 732/965/1771 661/963/1770
f 663/967/1774 732/965/1771 662/966/1773
f 664/968/1775 732/965/1771 663/967/1774
f 665/969/1776 732/965/1771 664/968/1775
f 666/970/1777 732/965/1771 665/969/1776
f 667/971/1778 732/965/1771 666/970/1777
f 668/972/1779 732/965/1771 667/971/1778
f 669/973/1780 732/965/1771 668/972/1779
f 670/974/1781 732/965/1771 669/973/1780
f 671/975/1782 732/965/1771 670/974/1781
f 660/964/1772 732/965/1771 671/975/1782
s off
f 658/976/1783 643/945/1784 654/946/1785
f 655/958/1786 651/959/1787 659/977/1788
g default
v -540.418030 400.991455 -684.831590
v -560.669922 400.991455 -705.185960
v -588.474548 400.991455 -712.636155
v -616.381714 400.991455 -705.185960
v -636.784729 400.991455 -684.831590
v -644.234863 400.991455 -657.026963
v -636.784729 400.991455 -629.222337
v -616.381714 400.991455 -608.867967
v -588.474548 400.991455 -601.417771
v -560.669922 400.991455 -608.867967
v -540.418030 400.991455 -629.222337
v -533.016357 400.991455 -657.026963
v -588.844360 400.991455 -657.026963
v -511.763000 -0.309256 -676.406602
v -506.696991 -0.266978 -657.026963
v -511.763000 -0.309256 -637.647324
v -525.601624 -0.451530 -623.460435
v -544.405212 -0.719521 -618.267686
v -563.382019 -1.009389 -623.460435
v -577.367981 -1.200816 -637.647324
v -582.605225 -1.291428 -657.026963
v -577.367981 -1.200816 -676.406602
v -563.382019 -1.009389 -690.593491
v -544.405212 -0.719521 -695.786240
v -525.601624 -0.451530 -690.593491
v -524.109558 223.916962 -677.395554
v -518.651794 223.916962 -657.026963
v -524.109558 223.916962 -636.658372
v -539.020386 223.916962 -621.747483
v -559.388916 223.916962 -616.289719
v -579.757568 223.916962 -621.747483
v -594.668335 223.916962 -636.658372
v -600.126160 223.916962 -657.026963
v -594.668335 223.916962 -677.395554
v -579.757568 223.916962 -692.306443
v -559.388916 223.916962 -697.764146
v -539.020386 223.916962 -692.306443
v -508.214539 -159.279892 -678.497544
v -502.601898 -159.233093 -657.026963
v -508.214539 -159.279892 -635.556321
v -523.546265 -159.437515 -619.838731
v -544.378723 -159.734451 -614.085740
v -565.402954 -160.055588 -619.838731
v -580.897949 -160.267654 -635.556321
v -586.700256 -160.368042 -657.026963
v -580.897949 -160.267654 -678.497544
v -565.402954 -160.055588 -694.215196
v -544.378723 -159.734451 -699.968186
v -523.546265 -159.437515 -694.215196
v -534.483459 -299.474640 -680.607224
v -528.319275 -299.423248 -657.026963
v -534.483459 -299.474640 -633.446702
v -551.321655 -299.647736 -616.184678
v -574.200989 -299.973877 -609.866502
v -597.291138 -300.326508 -616.184678
v -614.308594 -300.559448 -633.446702
v -620.681030 -300.669739 -657.026963
v -614.308594 -300.559448 -680.607224
v -597.291138 -300.326508 -697.869187
v -574.200989 -299.973877 -704.187425
v -551.321655 -299.647736 -697.869187
v -539.369812 -401.709961 -687.717393
v -531.346985 -401.643158 -657.026963
v -539.369812 -401.709961 -626.336533
v -561.285217 -401.935211 -603.869553
v -591.063477 -402.359741 -595.646104
v -621.115967 -402.818726 -603.869553
v -643.264771 -403.121918 -626.336533
v -651.558655 -403.265381 -657.026963
v -643.264771 -403.121918 -687.717393
v -621.115967 -402.818726 -710.184373
v -591.063477 -402.359741 -718.407823
v -561.285217 -401.935211 -710.184373
vt 0.115559 0.514364
vt 0.136414 0.514267
vt 0.128135 0.741642
vt 0.106428 0.738691
vt 0.347826 0.742716
vt 0.321144 0.515190
vt 0.326104 0.746060
vt 0.300871 0.515200
vt 0.304326 0.749622
vt 0.280462 0.515257
vt 0.282385 0.752809
vt 0.259837 0.515314
vt 0.081825 0.658287
vt 0.070498 0.646960
vt 0.055025 0.642814
vt 0.039552 0.646960
vt 0.028225 0.658287
vt 0.024079 0.673760
vt 0.028225 0.689233
vt 0.039552 0.700559
vt 0.055025 0.704705
vt 0.070498 0.700559
vt 0.081825 0.689233
vt 0.085971 0.673760
vt 0.055025 0.673760
vt 0.260226 0.754980
vt 0.239090 0.515251
vt 0.237915 0.755648
vt 0.218344 0.515111
vt 0.215611 0.754762
vt 0.197719 0.514852
vt 0.193474 0.752374
vt 0.177312 0.514596
vt 0.171565 0.748973
vt 0.157040 0.514388
vt 0.149823 0.745198
vt 0.095398 0.920407
vt 0.066509 0.913819
vt 0.350461 0.928922
vt 0.322357 0.936230
vt 0.294124 0.942676
vt 0.265667 0.947104
vt 0.236971 0.948661
vt 0.208291 0.946823
vt 0.179879 0.942117
vt 0.151710 0.935396
vt 0.123679 0.927813
vt 0.103485 0.357730
vt 0.126408 0.355608
vt 0.330862 0.353575
vt 0.308814 0.350004
vt 0.286406 0.346643
vt 0.263385 0.344257
vt 0.239931 0.343307
vt 0.216468 0.344027
vt 0.193425 0.346188
vt 0.170985 0.349330
vt 0.148903 0.352685
vt 0.092285 0.217933
vt 0.117211 0.212977
vt 0.339459 0.207790
vt 0.315519 0.200897
vt 0.291216 0.194596
vt 0.266209 0.190176
vt 0.240688 0.188492
vt 0.215151 0.189926
vt 0.190102 0.194102
vt 0.165739 0.200164
vt 0.141733 0.206823
vt 0.060849 0.120103
vt 0.091816 0.110837
vt 0.360626 0.102356
vt 0.331819 0.092556
vt 0.302524 0.083979
vt 0.272247 0.078000
vt 0.241240 0.075544
vt 0.210211 0.077697
vt 0.179877 0.083380
vt 0.150499 0.091670
vt 0.121598 0.101187
vt 0.362624 0.515572
vt 0.369561 0.739977
vt 0.407765 0.915487
vt 0.378812 0.921793
vt 0.341771 0.515271
vt 0.376229 0.359064
vt 0.353328 0.356718
vt 0.388795 0.219383
vt 0.363919 0.214183
vt 0.390312 0.112296
vt 0.421186 0.121865
vn 0.000000 1.000000 0.000000
vn 0.000000 1.000000 0.000000
vn 0.000000 1.000000 -0.000000
vn 0.000000 1.000000 0.000000
vn 0.000000 1.000000 0.000000
vn 0.000000 1.000000 -0.000001
vn 0.000000 1.000000 0.000000
vn 0.000000 1.000000 0.000001
vn 0.000000 1.000000 -0.000001
vn 0.000000 1.000000 -0.000001
vn 0.000000 1.000000 -0.000000
vn 0.000000 1.000000 0.000000
vn 0.000000 1.000000 0.000000
vn 0.965383 0.051754 -0.255650
vn 0.965383 0.051754 -0.255650
vn 0.964382 0.064964 -0.256413
vn 0.964422 0.064478 -0.256386
vn 0.965383 0.051755 0.255651
vn 0.965383 0.051755 0.255651
vn 0.964421 0.064478 0.256387
vn 0.964381 0.064964 0.256414
vn 0.710784 0.036593 0.702457
vn 0.710784 0.036593 0.702458
vn 0.709339 0.036022 0.703947
vn 0.709182 0.035961 0.704108
vn 0.262307 0.008660 0.964946
vn 0.262307 0.008660 0.964946
vn 0.260685 -0.013091 0.965335
vn 0.260429 -0.016378 0.965354
vn -0.261026 -0.026130 0.964978
vn -0.261026 -0.026130 0.964978
vn -0.259174 -0.070719 0.963238
vn -0.258848 -0.077480 0.962806
vn -0.708201 -0.057218 0.703688
vn -0.708201 -0.057218 0.703688
vn -0.702801 -0.121922 0.700860
vn -0.702033 -0.128949 0.700373
vn -0.962891 -0.075024 0.259256
vn -0.962890 -0.075024 0.259256
vn -0.954371 -0.153148 0.256364
vn -0.953925 -0.156133 0.256221
vn -0.962890 -0.075024 -0.259256
vn -0.962891 -0.075024 -0.259256
vn -0.953925 -0.156133 -0.256221
vn -0.954371 -0.153148 -0.256364
vn -0.708203 -0.057218 -0.703687
vn -0.708203 -0.057218 -0.703687
vn -0.702034 -0.128948 -0.700372
vn -0.702803 -0.121922 -0.700859
vn -0.261020 -0.026130 -0.964980
vn -0.261020 -0.026130 -0.964980
vn -0.258846 -0.077480 -0.962806
vn -0.259172 -0.070719 -0.963239
vn 0.262297 0.008660 -0.964948
vn 0.262297 0.008660 -0.964948
vn 0.260425 -0.016379 -0.965355
vn 0.260680 -0.013092 -0.965336
vn 0.710784 0.036594 -0.702458
vn 0.710784 0.036594 -0.702457
vn 0.709183 0.035961 -0.704107
vn 0.709339 0.036022 -0.703946
vn 0.963223 0.078026 -0.257124
vn 0.963223 0.078026 -0.257124
vn 0.963223 0.078026 0.257124
vn 0.963223 0.078026 0.257124
vn 0.707692 0.035373 0.705635
vn 0.707691 0.035373 0.705636
vn 0.258625 -0.038584 0.965207
vn 0.258625 -0.038584 0.965207
vn -0.256352 -0.122694 0.958765
vn -0.256352 -0.122694 0.958765
vn -0.693203 -0.193945 0.694158
vn -0.693203 -0.193945 0.694158
vn -0.939124 -0.233933 0.251637
vn -0.939124 -0.233933 0.251637
vn -0.939124 -0.233933 -0.251637
vn -0.939124 -0.233933 -0.251637
vn -0.693203 -0.193945 -0.694157
vn -0.693203 -0.193945 -0.694157
vn -0.256354 -0.122694 -0.958764
vn -0.256354 -0.122694 -0.958764
vn 0.258626 -0.038584 -0.965207
vn 0.258626 -0.038584 -0.965207
vn 0.707692 0.035373 -0.705635
vn 0.707692 0.035373 -0.705635
vn 0.967176 0.024915 -0.252884
vn 0.967176 0.024915 -0.252884
vn 0.967176 0.024915 -0.252884
vn 0.967176 0.024915 -0.252884
vn 0.967176 0.024915 0.252883
vn 0.967176 0.024915 0.252883
vn 0.967176 0.024915 0.252883
vn 0.967176 0.024915 0.252883
vn 0.715486 0.025154 0.698175
vn 0.715486 0.025154 0.698175
vn 0.715485 0.025154 0.698175
vn 0.715486 0.025154 0.698175
vn 0.265766 0.025389 0.963703
vn 0.265766 0.025389 0.963703
vn 0.265766 0.025389 0.963703
vn 0.265766 0.025389 0.963703
vn -0.264205 0.025312 0.964134
vn -0.264205 0.025312 0.964135
vn -0.264205 0.025312 0.964134
vn -0.264205 0.025312 0.964134
vn -0.712077 0.025026 0.701655
vn -0.712077 0.025026 0.701655
vn -0.712077 0.025026 0.701655
vn -0.712077 0.025026 0.701655
vn -0.965101 0.024844 0.260697
vn -0.965101 0.024844 0.260697
vn -0.965101 0.024844 0.260697
vn -0.965101 0.024844 0.260697
vn -0.965101 0.024844 -0.260697
vn -0.965101 0.024844 -0.260697
vn -0.965101 0.024844 -0.260697
vn -0.965101 0.024844 -0.260697
vn -0.712076 0.025026 -0.701656
vn -0.712076 0.025026 -0.701656
vn -0.712076 0.025026 -0.701656
vn -0.712076 0.025026 -0.701656
vn -0.264209 0.025312 -0.964133
vn -0.264209 0.025312 -0.964133
vn -0.264209 0.025312 -0.964133
vn -0.264209 0.025312 -0.964133
vn 0.265772 0.025389 -0.963701
vn 0.265772 0.025389 -0.963701
vn 0.265772 0.025389 -0.963701
vn 0.265772 0.025389 -0.963701
vn 0.715485 0.025154 -0.698175
vn 0.715486 0.025154 -0.698175
vn 0.715486 0.025154 -0.698175
vn 0.715486 0.025154 -0.698175
vn 0.952692 -0.174768 -0.248664
vn 0.952692 -0.174768 -0.248664
vn 0.952692 -0.174768 -0.248664
vn 0.952692 -0.174768 -0.248664
vn 0.952692 -0.174768 0.248663
vn 0.952692 -0.174768 0.248663
vn 0.952692 -0.174768 0.248663
vn 0.952692 -0.174768 0.248663
vn 0.711035 -0.122812 0.692348
vn 0.711035 -0.122812 0.692348
vn 0.711035 -0.122812 0.692348
vn 0.711035 -0.122812 0.692348
vn 0.266454 -0.027676 0.963450
vn 0.266454 -0.027676 0.963450
vn 0.266454 -0.027676 0.963450
vn 0.266454 -0.027676 0.963450
vn -0.264183 0.085083 0.960712
vn -0.264183 0.085083 0.960712
vn -0.264183 0.085083 0.960712
vn -0.264183 0.085083 0.960712
vn -0.702014 0.177557 0.689674
vn -0.702014 0.177557 0.689674
vn -0.702014 0.177557 0.689674
vn -0.702014 0.177557 0.689674
vn -0.940271 0.227732 0.253038
vn -0.940271 0.227732 0.253038
vn -0.940271 0.227732 0.253038
vn -0.940271 0.227732 0.253038
vn -0.940271 0.227732 -0.253038
vn -0.940271 0.227732 -0.253038
vn -0.940271 0.227732 -0.253038
vn -0.940271 0.227732 -0.253038
vn -0.702015 0.177556 -0.689673
vn -0.702015 0.177556 -0.689673
vn -0.702015 0.177556 -0.689673
vn -0.702015 0.177556 -0.689673
vn -0.264181 0.085084 -0.960713
vn -0.264181 0.085084 -0.960713
vn -0.264181 0.085084 -0.960713
vn -0.264181 0.085084 -0.960713
vn 0.266454 -0.027676 -0.963450
vn 0.266454 -0.027676 -0.963450
vn 0.266454 -0.027676 -0.963450
vn 0.266454 -0.027676 -0.963450
vn 0.711037 -0.122812 -0.692346
vn 0.711037 -0.122812 -0.692346
vn 0.711037 -0.122812 -0.692346
vn 0.711038 -0.122812 -0.692346
vn 0.967107 -0.028645 -0.252751
vn 0.967107 -0.028645 -0.252751
vn 0.967107 -0.028645 -0.252751
vn 0.967107 -0.028645 -0.252751
vn 0.967107 -0.028645 0.252751
vn 0.967107 -0.028645 0.252751
vn 0.967107 -0.028645 0.252751
vn 0.967107 -0.028645 0.252751
vn 0.715694 0.014356 0.698267
vn 0.715694 0.014356 0.698267
vn 0.715694 0.014356 0.698267
vn 0.715694 0.014356 0.698267
vn 0.263920 0.089915 0.960345
vn 0.263920 0.089915 0.960345
vn 0.263920 0.089915 0.960345
vn 0.263920 0.089915 0.960345
vn -0.262340 0.175009 0.948973
vn -0.262340 0.175009 0.948973
vn -0.262340 0.175009 0.948973
vn -0.262340 0.175009 0.948973
vn -0.692492 0.242609 0.679409
vn -0.692492 0.242609 0.679409
vn -0.692492 0.242609 0.679409
vn -0.692492 0.242609 0.679409
vn -0.927337 0.279095 0.249303
vn -0.927337 0.279095 0.249303
vn -0.927337 0.279095 0.249303
vn -0.927337 0.279095 0.249303
vn -0.927337 0.279095 -0.249302
vn -0.927337 0.279095 -0.249302
vn -0.927337 0.279095 -0.249302
vn -0.927337 0.279095 -0.249302
vn -0.692492 0.242609 -0.679409
vn -0.692492 0.242609 -0.679409
vn -0.692492 0.242609 -0.679409
vn -0.692492 0.242609 -0.679409
vn -0.262345 0.175010 -0.948971
vn -0.262345 0.175010 -0.948971
vn -0.262345 0.175010 -0.948971
vn -0.262345 0.175010 -0.948971
vn 0.263922 0.089915 -0.960344
vn 0.263922 0.089915 -0.960344
vn 0.263922 0.089915 -0.960344
vn 0.263922 0.089915 -0.960344
vn 0.715693 0.014356 -0.698268
vn 0.715693 0.014356 -0.698268
vn 0.715693 0.014356 -0.698268
vn 0.715693 0.014356 -0.698268
s 1
g TentPoles TentProxy pCylinder11
usemtl initialShadingGroup
f 733/1000/1789 734/999/1790 745/1002/1791
f 734/999/1790 735/998/1792 745/1002/1791
f 735/998/1792 736/997/1793 745/1002/1791
f 736/997/1793 737/996/1794 745/1002/1791
f 737/996/1794 738/995/1795 745/1002/1791
f 738/995/1795 739/994/1796 745/1002/1791
f 739/994/1796 740/993/1797 745/1002/1791
f 740/993/1797 741/992/1798 745/1002/1791
f 741/992/1798 742/991/1799 745/1002/1791
f 742/991/1799 743/990/1800 745/1002/1791
f 743/990/1800 744/1001/1801 745/1002/1791
f 744/1001/1801 733/1000/1789 745/1002/1791
s 2
f 747/978/1802 746/979/1803 758/980/1804 759/981/1805
s 3
f 748/1062/1806 747/1058/1807 759/1059/1808 760/982/1809
s 4
f 749/983/1810 748/1062/1811 760/982/1812 761/984/1813
s 5
f 750/985/1814 749/983/1815 761/984/1816 762/986/1817
s 6
f 751/987/1818 750/985/1819 762/986/1820 763/988/1821
s 7
f 752/989/1822 751/987/1823 763/988/1824 764/1003/1825
s 8
f 753/1004/1826 752/989/1827 764/1003/1828 765/1005/1829
s 9
f 754/1006/1830 753/1004/1831 765/1005/1832 766/1007/1833
s 10
f 755/1008/1834 754/1006/1835 766/1007/1836 767/1009/1837
s 11
f 756/1010/1838 755/1008/1839 767/1009/1840 768/1011/1841
s 12
f 757/1012/1842 756/1010/1843 768/1011/1844 769/1013/1845
s 13
f 746/979/1846 757/1012/1847 769/1013/1848 758/980/1849
s 2
f 759/981/1805 758/980/1804 733/1014/1850 744/1015/1851
s 3
f 760/982/1809 759/1059/1808 744/1060/1852 743/1061/1853
s 4
f 761/984/1813 760/982/1812 743/1061/1854 742/1016/1855
s 5
f 762/986/1817 761/984/1816 742/1016/1856 741/1017/1857
s 6
f 763/988/1821 762/986/1820 741/1017/1858 740/1018/1859
s 7
f 764/1003/1825 763/988/1824 740/1018/1860 739/1019/1861
s 8
f 765/1005/1829 764/1003/1828 739/1019/1862 738/1020/1863
s 9
f 766/1007/1833 765/1005/1832 738/1020/1864 737/1021/1865
s 10
f 767/1009/1837 766/1007/1836 737/1021/1866 736/1022/1867
s 11
f 768/1011/1841 767/1009/1840 736/1022/1868 735/1023/1869
s 12
f 769/1013/1845 768/1011/1844 735/1023/1870 734/1024/1871
s 13
f 758/980/1849 769/1013/1848 734/1024/1872 733/1014/1873
s off
f 746/979/1874 747/978/1875 771/1025/1876 770/1026/1877
f 747/1058/1878 748/1062/1879 772/1064/1880 771/1063/1881
f 748/1062/1882 749/983/1883 773/1027/1884 772/1064/1885
f 749/983/1886 750/985/1887 774/1028/1888 773/1027/1889
f 750/985/1890 751/987/1891 775/1029/1892 774/1028/1893
f 751/987/1894 752/989/1895 776/1030/1896 775/1029/1897
f 752/989/1898 753/1004/1899 777/1031/1900 776/1030/1901
f 753/1004/1902 754/1006/1903 778/1032/1904 777/1031/1905
f 754/1006/1906 755/1008/1907 779/1033/1908 778/1032/1909
f 755/1008/1910 756/1010/1911 780/1034/1912 779/1033/1913
f 756/1010/1914 757/1012/1915 781/1035/1916 780/1034/1917
f 757/1012/1918 746/979/1919 770/1026/1920 781/1035/1921
f 770/1026/1922 771/1025/1923 783/1036/1924 782/1037/1925
f 771/1063/1926 772/1064/1927 784/1066/1928 783/1065/1929
f 772/1064/1930 773/1027/1931 785/1038/1932 784/1066/1933
f 773/1027/1934 774/1028/1935 786/1039/1936 785/1038/1937
f 774/1028/1938 775/1029/1939 787/1040/1940 786/1039/1941
f 775/1029/1942 776/1030/1943 788/1041/1944 787/1040/1945
f 776/1030/1946 777/1031/1947 789/1042/1948 788/1041/1949
f 777/1031/1950 778/1032/1951 790/1043/1952 789/1042/1953
f 778/1032/1954 779/1033/1955 791/1044/1956 790/1043/1957
f 779/1033/1958 780/1034/1959 792/1045/1960 791/1044/1961
f 780/1034/1962 781/1035/1963 793/1046/1964 792/1045/1965
f 781/1035/1966 770/1026/1967 782/1037/1968 793/1046/1969
f 782/1037/1970 783/1036/1971 795/1047/1972 794/1048/1973
f 783/1065/1974 784/1066/1975 796/1067/1976 795/1068/1977
f 784/1066/1978 785/1038/1979 797/1049/1980 796/1067/1981
f 785/1038/1982 786/1039/1983 798/1050/1984 797/1049/1985
f 786/1039/1986 787/1040/1987 799/1051/1988 798/1050/1989
f 787/1040/1990 788/1041/1991 800/1052/1992 799/1051/1993
f 788/1041/1994 789/1042/1995 801/1053/1996 800/1052/1997
f 789/1042/1998 790/1043/1999 802/1054/2000 801/1053/2001
f 790/1043/2002 791/1044/2003 803/1055/2004 802/1054/2005
f 791/1044/2006 792/1045/2007 804/1056/2008 803/1055/2009
f 792/1045/2010 793/1046/2011 805/1057/2012 804/1056/2013
f 793/1046/2014 782/1037/2015 794/1048/2016 805/1057/2017
g default
v 568.977264 400.991455 -614.248032
v 593.779084 400.991455 -599.780508
v 622.564489 400.991455 -599.724527
v 647.620499 400.991455 -614.095041
v 662.108704 400.991455 -639.008397
v 662.164626 400.991455 -667.793786
v 647.820517 400.991455 -692.750715
v 622.872648 400.991455 -707.179409
v 593.988147 400.991455 -707.209044
v 569.031234 400.991455 -692.864876
v 554.689078 400.991455 -667.990350
v 554.679990 400.991455 -639.217412
v 608.633714 400.991455 -653.561805
v 539.119545 -0.309256 -615.027578
v 529.244228 -0.266978 -632.454940
v 529.160774 -0.309256 -652.485614
v 538.889636 -0.451530 -669.751898
v 555.727724 -0.719521 -679.601690
v 575.401654 -1.009389 -679.459156
v 592.563239 -1.200816 -669.342093
v 602.604041 -1.291428 -651.958727
v 602.522010 -1.200816 -631.884057
v 592.650755 -1.009389 -614.579916
v 575.645265 -0.719521 -604.685617
v 556.138738 -0.451530 -604.872658
v 551.305699 223.916962 -617.244139
v 540.797680 223.916962 -635.526596
v 540.838728 223.916962 -656.613677
v 551.417774 223.916962 -674.855145
v 569.700172 223.916962 -685.363149
v 590.787313 223.916962 -685.322117
v 609.028678 223.916962 -674.742980
v 619.536757 223.916962 -656.460539
v 619.495650 223.916962 -635.373442
v 608.916663 223.916962 -617.131989
v 590.634131 223.916962 -606.624013
v 569.547124 223.916962 -606.665018
v 536.227458 -159.279892 -612.095095
v 525.286617 -159.233093 -631.402751
v 525.194182 -159.279892 -653.594679
v 535.972723 -159.437515 -672.723911
v 554.627619 -159.734451 -683.636431
v 576.424184 -160.055588 -683.478528
v 595.437438 -160.267654 -672.269883
v 606.561593 -160.368042 -653.010901
v 606.470713 -160.267654 -630.770299
v 595.534400 -160.055588 -611.599058
v 576.694170 -159.734451 -600.637263
v 555.082939 -159.437515 -600.844441
v 562.156528 -299.474640 -616.805752
v 550.140600 -299.423248 -638.010549
v 550.039149 -299.474640 -662.382984
v 561.876759 -299.647736 -683.391870
v 582.364593 -299.973877 -695.376523
v 606.302937 -300.326508 -695.203224
v 627.184364 -300.559448 -682.893175
v 639.401551 -300.669739 -661.741887
v 639.301742 -300.559448 -637.315944
v 627.290874 -300.326508 -616.261058
v 606.599318 -299.973877 -604.222179
v 582.864697 -299.647736 -604.449704
v 568.705713 -401.709961 -611.189784
v 553.066663 -401.643158 -638.788485
v 552.934576 -401.709961 -670.509942
v 568.341585 -401.935211 -697.853574
v 595.007192 -402.359741 -713.452140
v 626.163674 -402.818726 -713.226428
v 653.341533 -403.121918 -697.204610
v 669.242541 -403.265381 -669.675554
v 669.112671 -403.121918 -637.884452
v 653.480099 -402.818726 -610.480851
v 626.549467 -402.359741 -594.811824
v 595.658010 -401.935211 -595.107997
vt 0.115559 0.514364
vt 0.136414 0.514267
vt 0.128135 0.741642
vt 0.106428 0.738691
vt 0.347826 0.742716
vt 0.321144 0.515190
vt 0.326104 0.746060
vt 0.300871 0.515200
vt 0.304326 0.749622
vt 0.280462 0.515257
vt 0.282385 0.752809
vt 0.259837 0.515314
vt 0.081825 0.658287
vt 0.070498 0.646960
vt 0.055025 0.642814
vt 0.039552 0.646960
vt 0.028225 0.658287
vt 0.024079 0.673760
vt 0.028225 0.689233
vt 0.039552 0.700559
vt 0.055025 0.704705
vt 0.070498 0.700559
vt 0.081825 0.689233
vt 0.085971 0.673760
vt 0.055025 0.673760
vt 0.260226 0.754980
vt 0.239090 0.515251
vt 0.237915 0.755648
vt 0.218344 0.515111
vt 0.215611 0.754762
vt 0.197719 0.514852
vt 0.193474 0.752374
vt 0.177312 0.514596
vt 0.171565 0.748973
vt 0.157040 0.514388
vt 0.149823 0.745198
vt 0.095398 0.920407
vt 0.066509 0.913819
vt 0.350461 0.928922
vt 0.322357 0.936230
vt 0.294124 0.942676
vt 0.265667 0.947104
vt 0.236971 0.948661
vt 0.208291 0.946823
vt 0.179879 0.942117
vt 0.151710 0.935396
vt 0.123679 0.927813
vt 0.103485 0.357730
vt 0.126408 0.355608
vt 0.330862 0.353575
vt 0.308814 0.350004
vt 0.286406 0.346643
vt 0.263385 0.344257
vt 0.239931 0.343307
vt 0.216468 0.344027
vt 0.193425 0.346188
vt 0.170985 0.349330
vt 0.148903 0.352685
vt 0.092285 0.217933
vt 0.117211 0.212977
vt 0.339459 0.207790
vt 0.315519 0.200897
vt 0.291216 0.194596
vt 0.266209 0.190176
vt 0.240688 0.188492
vt 0.215151 0.189926
vt 0.190102 0.194102
vt 0.165739 0.200164
vt 0.141733 0.206823
vt 0.060849 0.120103
vt 0.091816 0.110837
vt 0.360626 0.102356
vt 0.331819 0.092556
vt 0.302524 0.083979
vt 0.272247 0.078000
vt 0.241240 0.075544
vt 0.210211 0.077697
vt 0.179877 0.083380
vt 0.150499 0.091670
vt 0.121598 0.101187
vt 0.362624 0.515572
vt 0.369561 0.739977
vt 0.407765 0.915487
vt 0.378812 0.921793
vt 0.341771 0.515271
vt 0.376229 0.359064
vt 0.353328 0.356718
vt 0.388795 0.219383
vt 0.363919 0.214183
vt 0.390312 0.112296
vt 0.421186 0.121865
vn -0.000000 1.000000 0.000000
vn -0.000000 1.000000 0.000000
vn 0.000000 1.000000 0.000000
vn -0.000000 1.000000 -0.000000
vn -0.000000 1.000000 -0.000000
vn 0.000000 1.000000 0.000001
vn -0.000000 1.000000 0.000000
vn -0.000000 1.000000 -0.000001
vn 0.000000 1.000000 0.000001
vn 0.000000 1.000000 0.000001
vn 0.000000 1.000000 0.000000
vn -0.000000 1.000000 0.000000
vn -0.000000 1.000000 0.000000
vn -0.867287 0.051754 0.495112
vn -0.867287 0.051754 0.495111
vn -0.866123 0.064964 0.495592
vn -0.866168 0.064478 0.495576
vn -0.998659 0.051755 0.000976
vn -0.998659 0.051755 0.000976
vn -0.997919 0.064478 0.000018
vn -0.997888 0.064964 -0.000018
vn -0.867410 0.036593 -0.496246
vn -0.867410 0.036593 -0.496246
vn -0.866396 0.036022 -0.498057
vn -0.866286 0.035961 -0.498252
vn -0.501433 0.008660 -0.865153
vn -0.501433 0.008660 -0.865153
vn -0.499965 -0.013091 -0.865947
vn -0.499723 -0.016378 -0.866031
vn 0.004322 -0.026130 -0.999649
vn 0.004322 -0.026130 -0.999649
vn 0.002980 -0.070719 -0.997492
vn 0.002775 -0.077480 -0.996990
vn 0.503620 -0.057218 -0.862028
vn 0.503620 -0.057218 -0.862028
vn 0.499128 -0.121922 -0.857908
vn 0.498511 -0.128949 -0.857239
vn 0.863951 -0.075024 -0.497956
vn 0.863951 -0.075024 -0.497956
vn 0.856460 -0.153148 -0.492972
vn 0.856066 -0.156133 -0.492720
vn 0.997177 -0.075024 0.003148
vn 0.997177 -0.075024 0.003148
vn 0.987733 -0.156133 0.002518
vn 0.988200 -0.153148 0.002542
vn 0.865231 -0.057218 0.498097
vn 0.865231 -0.057218 0.498097
vn 0.858418 -0.128948 0.496478
vn 0.859286 -0.121922 0.496752
vn 0.500198 -0.026130 0.865517
vn 0.500198 -0.026130 0.865517
vn 0.497538 -0.077480 0.863975
vn 0.497964 -0.070719 0.864309
vn -0.005559 0.008660 0.999947
vn -0.005559 0.008660 0.999947
vn -0.003645 -0.016379 0.999859
vn -0.003896 -0.013092 0.999907
vn -0.506433 0.036594 0.861503
vn -0.506433 0.036594 0.861503
vn -0.504461 0.035961 0.862685
vn -0.504654 0.036022 0.862570
vn -0.864821 0.078026 0.495981
vn -0.864821 0.078026 0.495981
vn -0.996951 0.078026 -0.001002
vn -0.996951 0.078026 -0.001002
vn -0.865238 0.035373 -0.500112
vn -0.865238 0.035373 -0.500112
vn -0.497942 -0.038584 -0.866352
vn -0.497942 -0.038584 -0.866352
vn 0.001402 -0.122694 -0.992444
vn 0.001402 -0.122694 -0.992444
vn 0.491574 -0.193945 -0.848964
vn 0.491574 -0.193945 -0.848964
vn 0.842940 -0.233933 -0.484487
vn 0.842940 -0.233933 -0.484487
vn 0.972251 -0.233933 0.001891
vn 0.972251 -0.233933 0.001891
vn 0.848287 -0.193945 0.492742
vn 0.848287 -0.193945 0.492742
vn 0.494092 -0.122694 0.860709
vn 0.494092 -0.122694 0.860709
vn -0.001945 -0.038584 0.999254
vn -0.001945 -0.038584 0.999254
vn -0.502628 0.035373 0.863779
vn -0.502628 0.035373 0.863779
vn -0.869729 0.024915 0.492900
vn -0.869729 0.024915 0.492900
vn -0.869729 0.024915 0.492900
vn -0.869729 0.024915 0.492900
vn -0.999681 0.024915 0.004113
vn -0.999681 0.024915 0.004113
vn -0.999681 0.024915 0.004113
vn -0.999681 0.024915 0.004113
vn -0.870853 0.025154 -0.490899
vn -0.870853 0.025154 -0.490899
vn -0.870853 0.025154 -0.490899
vn -0.870853 0.025154 -0.490899
vn -0.504456 0.025389 -0.863064
vn -0.504456 0.025389 -0.863064
vn -0.504456 0.025389 -0.863064
vn -0.504456 0.025389 -0.863064
vn 0.007611 0.025312 -0.999651
vn 0.007611 0.025312 -0.999651
vn 0.007611 0.025312 -0.999651
vn 0.007611 0.025312 -0.999651
vn 0.507889 0.025026 -0.861059
vn 0.507889 0.025026 -0.861059
vn 0.507889 0.025026 -0.861059
vn 0.507889 0.025026 -0.861059
vn 0.865717 0.024844 -0.499917
vn 0.865717 0.024844 -0.499917
vn 0.865717 0.024844 -0.499916
vn 0.865717 0.024844 -0.499917
vn 0.999683 0.024844 0.003972
vn 0.999683 0.024844 0.003972
vn 0.999683 0.024844 0.003972
vn 0.999683 0.024844 0.003972
vn 0.868453 0.025026 0.495140
vn 0.868453 0.025026 0.495140
vn 0.868453 0.025026 0.495140
vn 0.868453 0.025026 0.495140
vn 0.503062 0.025312 0.863879
vn 0.503062 0.025312 0.863879
vn 0.503062 0.025312 0.863879
vn 0.503062 0.025312 0.863879
vn -0.009237 0.025389 0.999635
vn -0.009237 0.025389 0.999635
vn -0.009237 0.025389 0.999635
vn -0.009237 0.025389 0.999635
vn -0.512077 0.025154 0.858571
vn -0.512077 0.025154 0.858571
vn -0.512077 0.025154 0.858571
vn -0.512077 0.025154 0.858571
vn -0.856816 -0.174768 0.485100
vn -0.856816 -0.174768 0.485100
vn -0.856816 -0.174768 0.485100
vn -0.856816 -0.174768 0.485100
vn -0.984600 -0.174768 0.004469
vn -0.984600 -0.174768 0.004469
vn -0.984600 -0.174768 0.004469
vn -0.984600 -0.174768 0.004469
vn -0.865055 -0.122812 -0.486412
vn -0.865055 -0.122812 -0.486412
vn -0.865055 -0.122812 -0.486412
vn -0.865055 -0.122812 -0.486412
vn -0.505056 -0.027676 -0.862643
vn -0.505056 -0.027676 -0.862643
vn -0.505056 -0.027676 -0.862643
vn -0.505056 -0.027676 -0.862643
vn 0.008470 0.085083 -0.996338
vn 0.008470 0.085083 -0.996338
vn 0.008470 0.085083 -0.996338
vn 0.008470 0.085083 -0.996338
vn 0.501241 0.177557 -0.846895
vn 0.501241 0.177557 -0.846895
vn 0.501241 0.177557 -0.846895
vn 0.501241 0.177557 -0.846895
vn 0.843688 0.227732 -0.486136
vn 0.843688 0.227732 -0.486136
vn 0.843688 0.227732 -0.486136
vn 0.843688 0.227732 -0.486136
vn 0.973719 0.227732 0.002951
vn 0.973719 0.227732 0.002951
vn 0.973719 0.227732 0.002951
vn 0.973719 0.227732 0.002951
vn 0.855650 0.177556 0.486144
vn 0.855651 0.177556 0.486144
vn 0.855651 0.177556 0.486144
vn 0.855650 0.177556 0.486144
vn 0.502157 0.085084 0.860581
vn 0.502157 0.085084 0.860581
vn 0.502157 0.085084 0.860581
vn 0.502157 0.085084 0.860581
vn -0.009960 -0.027676 0.999567
vn -0.009960 -0.027676 0.999567
vn -0.009960 -0.027676 0.999567
vn -0.009960 -0.027676 0.999567
vn -0.509276 -0.122812 0.851796
vn -0.509275 -0.122812 0.851796
vn -0.509275 -0.122812 0.851796
vn -0.509276 -0.122812 0.851796
vn -0.869698 -0.028645 0.492753
vn -0.869698 -0.028645 0.492753
vn -0.869698 -0.028645 0.492753
vn -0.869698 -0.028645 0.492753
vn -0.999581 -0.028645 0.004222
vn -0.999581 -0.028645 0.004222
vn -0.999581 -0.028645 0.004222
vn -0.999581 -0.028645 0.004222
vn -0.871078 0.014356 -0.490934
vn -0.871078 0.014356 -0.490934
vn -0.871078 0.014356 -0.490934
vn -0.871078 0.014356 -0.490934
vn -0.501809 0.089915 -0.860292
vn -0.501809 0.089915 -0.860292
vn -0.501809 0.089915 -0.860292
vn -0.501809 0.089915 -0.860292
vn 0.009704 0.175009 -0.984519
vn 0.009704 0.175009 -0.984519
vn 0.009705 0.175009 -0.984519
vn 0.009704 0.175009 -0.984519
vn 0.494676 0.242609 -0.834528
vn 0.494676 0.242609 -0.834528
vn 0.494676 0.242609 -0.834528
vn 0.494676 0.242609 -0.834528
vn 0.832149 0.279095 -0.479202
vn 0.832149 0.279095 -0.479202
vn 0.832149 0.279095 -0.479202
vn 0.832149 0.279095 -0.479202
vn 0.960260 0.279095 0.002664
vn 0.960260 0.279095 0.002664
vn 0.960260 0.279095 0.002664
vn 0.960260 0.279095 0.002664
vn 0.843810 0.242609 0.478671
vn 0.843810 0.242609 0.478671
vn 0.843810 0.242609 0.478671
vn 0.843810 0.242609 0.478671
vn 0.497365 0.175010 0.849705
vn 0.497365 0.175010 0.849706
vn 0.497365 0.175010 0.849705
vn 0.497365 0.175010 0.849706
vn -0.008312 0.089915 0.995915
vn -0.008312 0.089915 0.995915
vn -0.008312 0.089915 0.995915
vn -0.008312 0.089915 0.995915
vn -0.512253 0.014356 0.858715
vn -0.512253 0.014356 0.858715
vn -0.512253 0.014356 0.858715
vn -0.512253 0.014356 0.858715
s 1
g TentPoles TentProxy pCylinder12
usemtl initialShadingGroup
f 806/1091/2018 807/1090/2019 818/1093/2020
f 807/1090/2019 808/1089/2021 818/1093/2020
f 808/1089/2021 809/1088/2022 818/1093/2020
f 809/1088/2022 810/1087/2023 818/1093/2020
f 810/1087/2023 811/1086/2024 818/1093/2020
f 811/1086/2024 812/1085/2025 818/1093/2020
f 812/1085/2025 813/1084/2026 818/1093/2020
f 813/1084/2026 814/1083/2027 818/1093/2020
f 814/1083/2027 815/1082/2028 818/1093/2020
f 815/1082/2028 816/1081/2029 818/1093/2020
f 816/1081/2029 817/1092/2030 818/1093/2020
f 817/1092/2030 806/1091/2018 818/1093/2020
s 2
f 820/1069/2031 819/1070/2032 831/1071/2033 832/1072/2034
s 3
f 821/1153/2035 820/1149/2036 832/1150/2037 833/1073/2038
s 4
f 822/1074/2039 821/1153/2040 833/1073/2041 834/1075/2042
s 5
f 823/1076/2043 822/1074/2044 834/1075/2045 835/1077/2046
s 6
f 824/1078/2047 823/1076/2048 835/1077/2049 836/1079/2050
s 7
f 825/1080/2051 824/1078/2052 836/1079/2053 837/1094/2054
s 8
f 826/1095/2055 825/1080/2056 837/1094/2057 838/1096/2058
s 9
f 827/1097/2059 826/1095/2060 838/1096/2061 839/1098/2062
s 10
f 828/1099/2063 827/1097/2064 839/1098/2065 840/1100/2066
s 11
f 829/1101/2067 828/1099/2068 840/1100/2069 841/1102/2070
s 12
f 830/1103/2071 829/1101/2072 841/1102/2073 842/1104/2074
s 13
f 819/1070/2075 830/1103/2076 842/1104/2077 831/1071/2078
s 2
f 832/1072/2034 831/1071/2033 806/1105/2079 817/1106/2080
s 3
f 833/1073/2038 832/1150/2037 817/1151/2081 816/1152/2082
s 4
f 834/1075/2042 833/1073/2041 816/1152/2083 815/1107/2084
s 5
f 835/1077/2046 834/1075/2045 815/1107/2085 814/1108/2086
s 6
f 836/1079/2050 835/1077/2049 814/1108/2087 813/1109/2088
s 7
f 837/1094/2054 836/1079/2053 813/1109/2089 812/1110/2090
s 8
f 838/1096/2058 837/1094/2057 812/1110/2091 811/1111/2092
s 9
f 839/1098/2062 838/1096/2061 811/1111/2093 810/1112/2094
s 10
f 840/1100/2066 839/1098/2065 810/1112/2095 809/1113/2096
s 11
f 841/1102/2070 840/1100/2069 809/1113/2097 808/1114/2098
s 12
f 842/1104/2074 841/1102/2073 808/1114/2099 807/1115/2100
s 13
f 831/1071/2078 842/1104/2077 807/1115/2101 806/1105/2102
s off
f 819/1070/2103 820/1069/2104 844/1116/2105 843/1117/2106
f 820/1149/2107 821/1153/2108 845/1155/2109 844/1154/2110
f 821/1153/2111 822/1074/2112 846/1118/2113 845/1155/2114
f 822/1074/2115 823/1076/2116 847/1119/2117 846/1118/2118
f 823/1076/2119 824/1078/2120 848/1120/2121 847/1119/2122
f 824/1078/2123 825/1080/2124 849/1121/2125 848/1120/2126
f 825/1080/2127 826/1095/2128 850/1122/2129 849/1121/2130
f 826/1095/2131 827/1097/2132 851/1123/2133 850/1122/2134
f 827/1097/2135 828/1099/2136 852/1124/2137 851/1123/2138
f 828/1099/2139 829/1101/2140 853/1125/2141 852/1124/2142
f 829/1101/2143 830/1103/2144 854/1126/2145 853/1125/2146
f 830/1103/2147 819/1070/2148 843/1117/2149 854/1126/2150
f 843/1117/2151 844/1116/2152 856/1127/2153 855/1128/2154
f 844/1154/2155 845/1155/2156 857/1157/2157 856/1156/2158
f 845/1155/2159 846/1118/2160 858/1129/2161 857/1157/2162
f 846/1118/2163 847/1119/2164 859/1130/2165 858/1129/2166
f 847/1119/2167 848/1120/2168 860/1131/2169 859/1130/2170
f 848/1120/2171 849/1121/2172 861/1132/2173 860/1131/2174
f 849/1121/2175 850/1122/2176 862/1133/2177 861/1132/2178
f 850/1122/2179 851/1123/2180 863/1134/2181 862/1133/2182
f 851/1123/2183 852/1124/2184 864/1135/2185 863/1134/2186
f 852/1124/2187 853/1125/2188 865/1136/2189 864/1135/2190
f 853/1125/2191 854/1126/2192 866/1137/2193 865/1136/2194
f 854/1126/2195 843/1117/2196 855/1128/2197 866/1137/2198
f 855/1128/2199 856/1127/2200 868/1138/2201 867/1139/2202
f 856/1156/2203 857/1157/2204 869/1158/2205 868/1159/2206
f 857/1157/2207 858/1129/2208 870/1140/2209 869/1158/2210
f 858/1129/2211 859/1130/2212 871/1141/2213 870/1140/2214
f 859/1130/2215 860/1131/2216 872/1142/2217 871/1141/2218
f 860/1131/2219 861/1132/2220 873/1143/2221 872/1142/2222
f 861/1132/2223 862/1133/2224 874/1144/2225 873/1143/2226
f 862/1133/2227 863/1134/2228 875/1145/2229 874/1144/2230
f 863/1134/2231 864/1135/2232 876/1146/2233 875/1145/2234
f 864/1135/2235 865/1136/2236 877/1147/2237 876/1146/2238
f 865/1136/2239 866/1137/2240 878/1148/2241 877/1147/2242
f 866/1137/2243 855/1128/2244 867/1139/2245 878/1148/2246
g default
v -755.568726 -390.050415 369.514618
v -755.568726 -390.050385 0.000000
v -755.568726 -390.050415 -369.514618
v -13.261165 535.127625 369.514618
v -13.261165 505.687683 0.000000
v -13.261165 535.127625 -369.514618
v -166.737000 411.773193 369.514618
v -166.737000 382.333252 0.000000
v -166.737000 411.773193 -369.514618
v -769.750061 -373.052979 369.514618
v -769.750061 -373.052948 0.000000
v -769.750061 -373.052979 -369.514618
v -27.442495 552.125061 369.514618
v -27.442495 522.685120 0.000000
v -27.442495 552.125061 -369.514618
v -180.918335 428.770630 369.514618
v -180.918335 399.330688 0.000000
v -180.918335 428.770630 -369.514618
v 0.000000 552.125061 -369.514618
v 0.000000 522.685120 0.000000
v 0.000000 552.125061 369.514618
v -584.415588 147.776459 0.000000
v -577.042542 172.897690 0.000000
v -557.617065 190.391663 0.000000
v -584.419617 177.437668 373.171051
v -577.023010 202.403442 370.502625
v -557.554321 219.862427 369.514618
v -557.554321 219.862427 -369.514618
v -577.023010 202.403442 -370.502625
v -584.419617 177.437668 -373.171051
v -598.596924 164.773895 0.000000
v -591.223877 189.895126 0.000000
v -571.798401 207.389099 0.000000
v -571.735657 236.859863 369.514618
v -591.204346 219.400879 370.502625
v -598.600952 194.435104 373.171051
v -598.600952 194.435104 -373.171051
v -591.204346 219.400879 -370.502625
v -571.735657 236.859863 -369.514618
v -758.805786 -386.170563 739.103149
v -755.568726 -390.050415 734.512451
v -758.805786 -386.170563 -739.103149
v -755.568726 -390.050415 -734.512451
v -13.261165 597.142517 -734.875000
v -14.757041 602.109131 -739.103149
v -166.737000 473.784027 734.851196
v -169.048737 478.138397 739.103149
v -13.261165 597.142517 734.875000
v -14.784973 602.188416 739.103149
v -169.048737 478.138397 -739.103149
v -166.737000 473.784027 -734.851196
v -766.513000 -376.932831 739.103149
v -769.750061 -373.052979 734.512451
v -766.513000 -376.932831 -739.103149
v -769.750061 -373.052979 -734.512451
v -27.442495 614.023438 -734.188660
v -25.703812 609.919006 -739.103149
v -0.000000 614.015747 -734.143188
v -178.227707 487.275116 739.103149
v -180.918335 490.671478 734.203186
v -27.442495 614.023438 734.188660
v -25.671320 609.826721 739.103149
v -180.918335 490.671478 -734.203186
v -178.227707 487.275116 -739.103149
v -0.000000 614.015747 734.143188
v -584.425476 238.193771 734.570251
v -589.008362 239.633087 739.103149
v -576.872681 264.144989 734.722107
v -580.835999 267.371216 739.103149
v -559.396362 286.458282 739.103149
v -556.977905 282.155060 734.843872
v -556.977905 282.155060 -734.843872
v -559.396362 286.458282 -739.103149
v -576.872681 264.144989 -734.722107
v -580.684143 267.276093 -739.103149
v -589.008362 239.633087 -739.103149
v -584.425476 238.193771 -734.570251
v -571.160217 299.044678 734.211487
v -568.329895 295.715515 739.103149
v -591.054138 281.075653 734.328369
v -586.730591 279.178253 739.103149
v -594.016296 255.274826 739.103149
v -598.606812 255.172409 734.458496
v -598.606812 255.172409 -734.458496
v -594.016296 255.274826 -739.103149
v -591.054138 281.075653 -734.328369
v -586.896179 279.281982 -739.103149
v -568.329895 295.715515 -739.103149
v -571.160217 299.044678 -734.211487
v -596.543213 -115.344490 369.514618
v -586.982178 -80.580650 367.203461
v -597.326111 -144.361145 -0.000000
v -586.981812 -109.817307 0.000000
v -586.982178 -80.580650 -367.203461
v -596.543213 -115.344490 -369.514618
v -601.163513 -63.583221 367.203461
v -610.724548 -98.347061 369.514618
v -611.507446 -127.363716 0.000000
v -601.163147 -92.819878 0.000000
v -610.724548 -98.347061 -369.514618
v -601.163513 -63.583221 -367.203461
v -603.185303 -59.312962 739.103149
v -591.500671 -7.856984 739.103149
v -586.982422 -18.464241 734.624573
v -595.125793 -53.851261 734.623047
v -595.125793 -53.851280 -734.623047
v -586.982422 -18.464260 -734.624573
v -591.500671 -7.857001 -739.103149
v -603.185303 -59.312981 -739.103149
v -609.405884 -37.088253 734.461060
v -601.165894 -1.709784 734.458496
v -596.474243 5.832874 739.103149
v -608.463257 -45.114098 739.103149
v -608.463257 -45.114117 -739.103149
v -596.474243 5.832860 -739.103149
v -601.165894 -1.709801 -734.458496
v -609.405884 -37.088272 -734.461060
v 0.000000 535.127625 369.514618
v 0.000000 535.127625 -369.514618
v 0.000000 505.687683 0.000000
v 0.000000 602.109131 -739.103149
v 0.000000 597.145752 -734.893921
v 0.000000 597.145752 734.893921
v 0.000000 602.142273 739.103149
v -0.000000 614.015747 -734.143188
v 0.000000 609.839661 -739.103149
v 0.000000 609.826721 739.103149
v -0.000000 614.015747 734.143188
v 755.568726 -390.050415 369.514618
v 755.568726 -390.050385 -0.000000
v 755.568726 -390.050415 -369.514618
v 13.261165 535.127625 369.514618
v 13.261165 505.687683 -0.000000
v 13.261165 535.127625 -369.514618
v 166.737000 411.773193 369.514618
v 166.737000 382.333252 -0.000000
v 166.737000 411.773193 -369.514618
v 769.750061 -373.052979 369.514618
v 769.750061 -373.052948 0.000000
v 769.750061 -373.052979 -369.514618
v 27.442495 552.125061 369.514618
v 27.442495 522.685120 0.000000
v 27.442495 552.125061 -369.514618
v 180.918335 428.770630 369.514618
v 180.918335 399.330688 -0.000000
v 180.918335 428.770630 -369.514618
v 584.415588 147.776459 -0.000000
v 577.042542 172.897690 0.000000
v 557.617065 190.391663 0.000000
v 584.419617 177.437668 373.171051
v 577.023010 202.403442 370.502625
v 557.554321 219.862427 369.514618
v 557.554321 219.862427 -369.514618
v 577.023010 202.403442 -370.502625
v 584.419617 177.437668 -373.171051
v 598.596924 164.773895 0.000000
v 591.223877 189.895126 0.000000
v 571.798401 207.389099 0.000000
v 571.735657 236.859863 369.514618
v 591.204346 219.400879 370.502625
v 598.600952 194.435104 373.171051
v 598.600952 194.435104 -373.171051
v 591.204346 219.400879 -370.502625
v 571.735657 236.859863 -369.514618
v 758.805786 -386.170563 739.103149
v 755.568726 -390.050415 734.512451
v 758.805786 -386.170563 -739.103149
v 755.568726 -390.050415 -734.512451
v 13.261165 597.142517 -734.875000
v 14.757041 602.109131 -739.103149
v 166.737000 473.784027 734.851196
v 169.048737 478.138397 739.103149
v 13.261165 597.142517 734.875000
v 14.784973 602.188416 739.103149
v 169.048737 478.138397 -739.103149
v 166.737000 473.784027 -734.851196
v 766.513000 -376.932831 739.103149
v 769.750061 -373.052979 734.512451
v 766.513000 -376.932831 -739.103149
v 769.750061 -373.052979 -734.512451
v 27.442495 614.023438 -734.188660
v 25.703812 609.919006 -739.103149
v 178.227707 487.275116 739.103149
v 180.918335 490.671478 734.203186
v 27.442495 614.023438 734.188660
v 25.671320 609.826721 739.103149
v 180.918335 490.671478 -734.203186
v 178.227707 487.275116 -739.103149
v 584.425476 238.193771 734.570251
v 589.008362 239.633087 739.103149
v 576.872681 264.144989 734.722107
v 580.835999 267.371216 739.103149
v 559.396362 286.458282 739.103149
v 556.977905 282.155060 734.843872
v 556.977905 282.155060 -734.843872
v 559.396362 286.458282 -739.103149
v 576.872681 264.144989 -734.722107
v 580.684143 267.276093 -739.103149
v 589.008362 239.633087 -739.103149
v 584.425476 238.193771 -734.570251
v 571.160217 299.044678 734.211487
v 568.329895 295.715515 739.103149
v 591.054138 281.075653 734.328369
v 586.730591 279.178253 739.103149
v 594.016296 255.274826 739.103149
v 598.606812 255.172409 734.458496
v 598.606812 255.172409 -734.458496
v 594.016296 255.274826 -739.103149
v 591.054138 281.075653 -734.328369
v 586.896179 279.281982 -739.103149
v 568.329895 295.715515 -739.103149
v 571.160217 299.044678 -734.211487
v 596.543213 -115.344490 369.514618
v 586.982178 -80.580650 367.203461
v 597.326111 -144.361145 -0.000000
v 586.981812 -109.817307 0.000000
v 586.982178 -80.580650 -367.203461
v 596.543213 -115.344490 -369.514618
v 601.163513 -63.583221 367.203461
v 610.724548 -98.347061 369.514618
v 611.507446 -127.363716 0.000000
v 601.163147 -92.819878 -0.000000
v 610.724548 -98.347061 -369.514618
v 601.163513 -63.583221 -367.203461
v 603.185303 -59.312962 739.103149
v 591.500671 -7.856984 739.103149
v 586.982422 -18.464241 734.624573
v 595.125793 -53.851261 734.623047
v 595.125793 -53.851280 -734.623047
v 586.982422 -18.464260 -734.624573
v 591.500671 -7.857001 -739.103149
v 603.185303 -59.312981 -739.103149
v 609.405884 -37.088253 734.461060
v 601.165894 -1.709784 734.458496
v 596.474243 5.832874 739.103149
v 608.463257 -45.114098 739.103149
v 608.463257 -45.114117 -739.103149
v 596.474243 5.832860 -739.103149
v 601.165894 -1.709801 -734.458496
v 609.405884 -37.088272 -734.461060
vt 0.966324 0.079129
vt 0.964050 0.079155
vt 0.966041 0.046518
vt 0.968298 0.046673
vt 0.969034 0.111532
vt 0.966780 0.111739
vt 0.941505 0.079411
vt 0.943470 0.047818
vt 0.969744 0.014493
vt 0.972081 0.014430
vt 0.968591 0.079103
vt 0.970563 0.046766
vt 0.971296 0.111388
vt 0.973547 0.143681
vt 0.971209 0.143671
vt 0.944186 0.110950
vt 0.938357 0.079446
vt 0.940298 0.047668
vt 0.948077 0.016306
vt 0.972245 0.013882
vt 0.969774 0.013928
vt 0.974406 0.014434
vt 0.975872 0.143625
vt 0.971252 0.144235
vt 0.973728 0.144236
vt 0.949507 0.142350
vt 0.941018 0.111172
vt 0.913043 0.079733
vt 0.912763 0.047462
vt 0.945038 0.016370
vt 0.948870 0.015672
vt 0.950314 0.142966
vt 0.946467 0.142355
vt 0.913496 0.112003
vt 0.913033 0.015524
vt 0.944379 0.015769
vt 0.945822 0.142970
vt 0.914490 0.143927
vt 0.913255 0.014967
vt 0.914724 0.144478
vt 0.356720 0.327239
vt 0.356720 0.315058
vt 0.528007 0.315058
vt 0.528007 0.327239
vt 0.185747 0.327239
vt 0.185747 0.315058
vt 0.356720 0.194601
vt 0.528007 0.194601
vt 0.698460 0.315058
vt 0.698460 0.327239
vt 0.356720 0.339815
vt 0.528007 0.339815
vt 0.185747 0.339815
vt 0.017718 0.327239
vt 0.017718 0.315058
vt 0.185747 0.194601
vt 0.528007 0.177588
vt 0.356720 0.177588
vt 0.698460 0.194601
vt 0.704161 0.327239
vt 0.704161 0.315058
vt 0.698460 0.339815
vt 0.017718 0.339815
vt 0.015518 0.315058
vt 0.015518 0.327239
vt 0.017718 0.194601
vt 0.185747 0.177588
vt 0.698460 0.177588
vt 0.356720 0.019468
vt 0.528007 0.019468
vt 0.704161 0.216731
vt 0.015518 0.339815
vt 0.015518 0.204684
vt 0.017718 0.177588
vt 0.185747 0.019468
vt 0.698460 0.019468
vt 0.704161 0.192065
vt 0.356720 0.009267
vt 0.528007 0.009267
vt 0.015518 0.180119
vt 0.017718 0.019468
vt 0.185747 0.009267
vt 0.699126 0.009267
vt 0.704161 0.017885
vt 0.704161 0.019468
vt 0.015518 0.012138
vt 0.015518 0.006414
vt 0.025429 0.009267
vt 0.967880 0.076777
vt 0.967288 0.045271
vt 0.970416 0.108200
vt 0.951316 0.077600
vt 0.950792 0.046638
vt 0.967480 0.013728
vt 0.973719 0.139573
vt 0.953866 0.108461
vt 0.914340 0.048501
vt 0.914831 0.079422
vt 0.951264 0.015764
vt 0.967512 0.013182
vt 0.957388 0.139138
vt 0.973806 0.140119
vt 0.917414 0.110229
vt 0.914989 0.017534
vt 0.951234 0.015222
vt 0.921129 0.140976
vt 0.957411 0.139681
vt 0.914941 0.016990
vt 0.921136 0.141523
vt 0.356720 0.646909
vt 0.185747 0.646909
vt 0.185747 0.634188
vt 0.356720 0.634188
vt 0.009853 0.646909
vt 0.017718 0.634188
vt 0.185747 0.542289
vt 0.356720 0.542289
vt 0.528007 0.646909
vt 0.528007 0.634188
vt 0.006568 0.634188
vt 0.017718 0.542289
vt 0.528007 0.542289
vt 0.698460 0.634188
vt 0.690847 0.646909
vt 0.006568 0.542289
vt 0.698460 0.542289
vt 0.701364 0.634188
vt 0.006568 0.339815
vt 0.701364 0.542289
vt 0.701364 0.339815
vt 0.698460 0.345967
vt 0.701364 0.345967
vt 0.971522 0.108091
vt 0.968396 0.045269
vt 0.968990 0.076722
vt 0.968704 0.013287
vt 0.968593 0.013817
vt 0.974813 0.139377
vt 0.974977 0.139895
vt 0.017718 0.649591
vt 0.006568 0.649591
vt 0.701364 0.663474
vt 0.698460 0.663474
vt 0.918900 0.108200
vt 0.935450 0.108461
vt 0.938001 0.077600
vt 0.921436 0.076777
vt 0.938524 0.046638
vt 0.922028 0.045271
vt 0.198038 0.638660
vt 0.369863 0.638660
vt 0.369863 0.546797
vt 0.198038 0.546797
vt 0.541525 0.638660
vt 0.541525 0.546797
vt 0.369863 0.651375
vt 0.541525 0.651375
vt 0.198038 0.651375
vt 0.541525 0.015642
vt 0.369863 0.015642
vt 0.369863 0.025004
vt 0.541525 0.025004
vt 0.198038 0.015642
vt 0.198038 0.025004
vt 0.036627 0.015642
vt 0.027010 0.013755
vt 0.027010 0.025004
vt 0.028785 0.025004
vt 0.920044 0.079103
vt 0.922311 0.079129
vt 0.920337 0.046673
vt 0.918072 0.046766
vt 0.924585 0.079155
vt 0.922595 0.046518
vt 0.369863 0.344798
vt 0.369863 0.332374
vt 0.198038 0.332374
vt 0.198038 0.344798
vt 0.369863 0.320260
vt 0.198038 0.320260
vt 0.974977 0.048501
vt 0.974486 0.079422
vt 0.971903 0.110229
vt 0.541525 0.344798
vt 0.919602 0.111532
vt 0.921855 0.111739
vt 0.917339 0.111388
vt 0.541525 0.332374
vt 0.541525 0.320260
vt 0.715724 0.023216
vt 0.710664 0.015642
vt 0.711510 0.025004
vt 0.715724 0.025004
vt 0.921837 0.013728
vt 0.921804 0.013182
vt 0.920613 0.013287
vt 0.920723 0.013817
vt 0.938052 0.015764
vt 0.938083 0.015222
vt 0.931929 0.139138
vt 0.931906 0.139681
vt 0.968181 0.141523
vt 0.968188 0.140976
vt 0.915597 0.139573
vt 0.915511 0.140119
vt 0.914503 0.139377
vt 0.914340 0.139895
vt 0.974328 0.017534
vt 0.974376 0.016990
vt 0.711510 0.638660
vt 0.713946 0.638660
vt 0.713946 0.546797
vt 0.711510 0.546797
vt 0.711510 0.666120
vt 0.713946 0.666120
vt 0.019872 0.546797
vt 0.028785 0.546797
vt 0.028785 0.344798
vt 0.019872 0.344798
vt 0.019872 0.638660
vt 0.028785 0.638660
vt 0.019872 0.659628
vt 0.028785 0.659628
vt 0.713946 0.344798
vt 0.711510 0.344798
vt 0.917383 0.144235
vt 0.917426 0.143671
vt 0.915088 0.143681
vt 0.914908 0.144236
vt 0.916390 0.013882
vt 0.916554 0.014430
vt 0.918891 0.014493
vt 0.918861 0.013928
vt 0.028785 0.341766
vt 0.019872 0.341766
vt 0.027010 0.332374
vt 0.028785 0.332374
vt 0.028785 0.320260
vt 0.027010 0.320260
vt 0.715724 0.320260
vt 0.711510 0.320260
vt 0.711510 0.332374
vt 0.715724 0.332374
vt 0.715724 0.344798
vt 0.920921 0.045269
vt 0.917795 0.108091
vt 0.711510 0.651375
vt 0.028785 0.651375
vt 0.912764 0.143625
vt 0.914229 0.014434
vt 0.947617 0.111172
vt 0.944449 0.110950
vt 0.939128 0.142350
vt 0.942168 0.142355
vt 0.950278 0.079446
vt 0.947130 0.079411
vt 0.948337 0.047668
vt 0.945165 0.047818
vt 0.943597 0.016370
vt 0.940558 0.016306
vt 0.198038 0.200104
vt 0.198038 0.183126
vt 0.028785 0.183126
vt 0.028785 0.200104
vt 0.369863 0.200104
vt 0.369863 0.183126
vt 0.541525 0.200104
vt 0.541525 0.183126
vt 0.711510 0.200104
vt 0.711510 0.183126
vt 0.938321 0.142966
vt 0.942813 0.142970
vt 0.944256 0.015769
vt 0.939765 0.015672
vt 0.027010 0.187886
vt 0.027010 0.212535
vt 0.715724 0.221627
vt 0.715724 0.197059
vt 0.975140 0.112003
vt 0.975592 0.079733
vt 0.975872 0.047462
vt 0.973912 0.144478
vt 0.974145 0.143927
vt 0.975602 0.015524
vt 0.975381 0.014967
vt 0.920326 0.076722
vt 0.821095 0.298511
vt 0.820765 0.298106
vt 0.822605 0.296074
vt 0.823044 0.296321
vt 0.823990 0.297234
vt 0.822301 0.299113
vt 0.842625 0.256447
vt 0.843558 0.257384
vt 0.818261 0.299346
vt 0.819859 0.299857
vt 0.855296 0.240688
vt 0.856077 0.241800
vt 0.792980 0.299601
vt 0.794378 0.300109
vt 0.855292 0.239178
vt 0.856077 0.239178
vt 0.787723 0.300794
vt 0.789174 0.301333
vt 0.855296 0.237668
vt 0.856077 0.236556
vt 0.754335 0.316691
vt 0.755278 0.317478
vt 0.842625 0.221910
vt 0.843558 0.220972
vt 0.823044 0.182035
vt 0.823990 0.181123
vt 0.821095 0.179845
vt 0.822301 0.179243
vt 0.818261 0.179010
vt 0.819859 0.178499
vt 0.822605 0.182282
vt 0.820765 0.180250
vt 0.792980 0.178756
vt 0.794378 0.178248
vt 0.787723 0.177562
vt 0.789174 0.177023
vt 0.754335 0.161665
vt 0.755278 0.160878
vt 0.890644 0.296321
vt 0.891084 0.296074
vt 0.892923 0.298106
vt 0.892604 0.298496
vt 0.891377 0.299130
vt 0.889699 0.297234
vt 0.895427 0.299346
vt 0.893830 0.299857
vt 0.871064 0.256447
vt 0.870130 0.257384
vt 0.920709 0.299601
vt 0.919310 0.300109
vt 0.858400 0.240686
vt 0.857602 0.241804
vt 0.925965 0.300794
vt 0.924515 0.301333
vt 0.857610 0.239178
vt 0.858400 0.239178
vt 0.959354 0.316691
vt 0.958410 0.317478
vt 0.857602 0.236552
vt 0.858400 0.237671
vt 0.870130 0.220972
vt 0.871064 0.221910
vt 0.889699 0.181123
vt 0.890644 0.182035
vt 0.891377 0.179226
vt 0.892604 0.179861
vt 0.893830 0.178499
vt 0.895427 0.179010
vt 0.892923 0.180250
vt 0.891084 0.182282
vt 0.919310 0.178248
vt 0.920709 0.178756
vt 0.924515 0.177023
vt 0.925965 0.177562
vt 0.958410 0.160878
vt 0.959354 0.161665
vn 0.623441 -0.775676 0.098224
vn 0.497121 -0.860989 0.107561
vn 0.499006 -0.866599 0.000000
vn 0.626470 -0.779445 0.000000
vn 0.497121 -0.860989 -0.107561
vn 0.623441 -0.775676 -0.098224
vn -0.623443 0.775679 -0.098192
vn -0.626470 0.779445 0.000000
vn -0.499006 0.866599 0.000000
vn -0.497124 0.860991 -0.107527
vn -0.623443 0.775679 0.098192
vn -0.497124 0.860991 0.107527
vn 0.000000 1.000000 0.000000
vn 0.000000 0.992350 0.123454
vn -0.000000 0.992350 0.123454
vn 0.000000 1.000000 0.000000
vn -0.000000 0.992350 -0.123454
vn -0.000000 0.992350 -0.123454
vn -0.767847 -0.640633 0.000000
vn -0.767847 -0.640633 0.000000
vn -0.767847 -0.640633 0.000000
vn -0.767847 -0.640633 0.000000
vn -0.767847 -0.640633 -0.000000
vn -0.767847 -0.640633 -0.000000
vn -0.767847 -0.640633 -0.000000
vn -0.767847 -0.640633 -0.000000
vn -0.767849 -0.640631 -0.000000
vn -0.767849 -0.640631 -0.000000
vn -0.767849 -0.640631 -0.000000
vn -0.767849 -0.640631 -0.000000
vn -0.767849 -0.640631 -0.000000
vn -0.767849 -0.640631 -0.000000
vn 0.455425 -0.890274 -0.000000
vn 0.669248 -0.743039 -0.000000
vn 0.667286 -0.739231 -0.090924
vn 0.452531 -0.885083 -0.108828
vn 0.959490 -0.281742 0.000000
vn 0.999453 -0.033084 0.000000
vn 0.999408 -0.034126 -0.004249
vn 0.959230 -0.280479 -0.034777
vn -0.455425 0.890274 0.000000
vn -0.669249 0.743038 -0.000000
vn -0.667287 0.739233 -0.090900
vn -0.452534 0.885086 -0.108793
vn -0.959490 0.281742 -0.000000
vn -0.999453 0.033084 -0.000000
vn -0.999409 0.034118 -0.004248
vn -0.959230 0.280479 -0.034773
vn 0.452531 -0.885083 0.108828
vn -0.452534 0.885086 0.108793
vn 0.959230 -0.280478 0.034777
vn 0.999408 -0.034126 0.004249
vn 0.667286 -0.739231 0.090924
vn -0.959230 0.280479 0.034773
vn -0.999409 0.034118 0.004248
vn -0.667287 0.739233 0.090900
vn -0.767849 -0.640631 0.000000
vn -0.767849 -0.640631 0.000000
vn -0.767849 -0.640631 0.000000
vn -0.767849 -0.640631 0.000000
vn -0.767849 -0.640631 0.000000
vn -0.767849 -0.640631 0.000000
vn 0.388862 -0.526178 -0.756256
vn 0.386642 -0.527202 -0.756680
vn -0.000000 -0.647554 -0.762020
vn -0.000000 -0.647554 -0.762020
vn 0.325450 -0.566798 -0.756851
vn 0.329559 -0.564532 -0.756766
vn 0.325042 -0.566006 0.757618
vn 0.329105 -0.563653 0.757618
vn 0.296752 -0.581827 0.757242
vn 0.298154 -0.581038 0.757297
vn 0.387024 -0.523628 0.758964
vn 0.384860 -0.524615 0.759382
vn -0.000001 -0.643408 0.765523
vn -0.000001 -0.643408 0.765523
vn 0.298446 -0.581343 -0.756948
vn 0.296976 -0.582104 -0.756941
vn -0.423311 0.613636 -0.666527
vn -0.418562 0.616304 -0.667064
vn -0.380240 0.649796 -0.658166
vn -0.375014 0.653170 -0.657824
vn -0.000000 0.766395 -0.642369
vn -0.000000 0.766395 -0.642369
vn -0.379603 0.648814 0.659501
vn -0.374451 0.652298 0.659010
vn -0.343836 0.672021 0.655870
vn -0.342169 0.673117 0.655618
vn -0.416593 0.613295 0.671059
vn -0.421230 0.610703 0.670528
vn -0.000000 0.762282 0.647245
vn -0.000000 0.762282 0.647245
vn -0.342213 0.673543 -0.655157
vn -0.343920 0.672509 -0.655325
vn 0.695224 -0.028616 0.718223
vn 0.696114 -0.023594 0.717543
vn 0.562611 -0.340429 0.753377
vn 0.549521 -0.358378 0.754713
vn 0.568584 -0.343928 -0.747279
vn 0.555274 -0.362193 -0.748657
vn 0.696659 -0.023779 -0.717008
vn 0.695939 -0.028809 -0.717523
vn -0.613534 0.374788 0.695061
vn -0.600690 0.397928 0.693416
vn -0.709726 0.023218 0.704095
vn -0.709520 0.028371 0.704114
vn -0.710324 0.028094 -0.703314
vn -0.710336 0.023045 -0.703485
vn -0.619814 0.378102 -0.687654
vn -0.606439 0.402176 -0.685920
vn 0.500631 -0.853454 0.144862
vn 0.621059 -0.772712 0.131157
vn 0.500631 -0.853454 -0.144862
vn 0.621059 -0.772712 -0.131157
vn 0.000000 -0.992345 -0.123497
vn 0.000001 -0.985899 -0.167343
vn 0.000000 -0.985899 -0.167343
vn 0.000000 -0.992345 -0.123497
vn 0.000000 -0.985899 0.167343
vn 0.000000 -0.992345 0.123497
vn -0.000000 -0.992345 0.123497
vn -0.000000 -0.985899 0.167343
vn -0.500622 0.853459 -0.144863
vn -0.621059 0.772712 -0.131157
vn -0.621059 0.772712 0.131157
vn -0.500622 0.853459 0.144863
vn 0.000000 0.985899 0.167343
vn 0.000000 0.985899 0.167343
vn -0.000000 0.985899 0.167343
vn -0.000000 0.985899 -0.167343
vn -0.000000 0.985899 -0.167343
vn -0.000000 0.985899 -0.167343
vn -0.000000 0.000000 1.000000
vn 0.000003 0.000000 1.000000
vn 0.000003 0.000000 1.000000
vn -0.000001 0.000000 1.000000
vn -0.000000 0.000000 1.000000
vn -0.000000 0.000000 1.000000
vn 0.000001 0.000000 -1.000000
vn -0.000001 0.000000 -1.000000
vn -0.000001 0.000000 -1.000000
vn 0.000000 0.000000 -1.000000
vn 0.448259 -0.881302 0.149566
vn 0.448259 -0.881303 -0.149566
vn -0.448336 0.881264 -0.149559
vn -0.448336 0.881264 0.149559
vn -0.000002 0.000000 1.000000
vn -0.000002 0.000000 1.000000
vn -0.000002 0.000000 -1.000000
vn -0.000002 0.000000 -1.000000
vn 0.959066 -0.279263 0.046954
vn 0.999146 -0.040737 0.006861
vn 0.665709 -0.735765 0.124428
vn 0.665709 -0.735765 -0.124428
vn 0.999146 -0.040737 -0.006861
vn 0.959066 -0.279263 -0.046954
vn -0.665710 0.735764 -0.124427
vn -0.999154 0.040556 -0.006830
vn -0.959066 0.279263 -0.046954
vn -0.959066 0.279263 0.046954
vn -0.999154 0.040556 0.006830
vn -0.665709 0.735764 0.124427
vn -0.000001 0.000000 1.000000
vn -0.000003 0.000000 1.000000
vn -0.000003 0.000000 1.000000
vn -0.000003 0.000000 1.000000
vn 0.000000 0.000000 -1.000000
vn 0.000000 0.000000 -1.000000
vn 0.000001 0.000000 -1.000000
vn 0.000000 0.000000 -1.000000
vn 0.883270 -0.467930 0.029599
vn 0.999090 -0.042355 0.004984
vn 0.999400 -0.034184 0.005580
vn 0.897634 -0.439134 0.037607
vn 0.867038 -0.498243 0.000000
vn 0.998960 -0.045607 -0.000000
vn 0.883270 -0.467930 -0.029599
vn 0.999090 -0.042355 -0.004984
vn 0.897634 -0.439134 -0.037607
vn 0.999400 -0.034184 -0.005580
vn -0.999087 0.042428 -0.004996
vn -0.883237 0.467992 -0.029595
vn -0.897551 0.439303 -0.037613
vn -0.999395 0.034328 -0.005603
vn -0.998960 0.045607 -0.000000
vn -0.867038 0.498243 0.000000
vn -0.999087 0.042428 0.004996
vn -0.883237 0.467992 0.029595
vn -0.999395 0.034328 0.005603
vn -0.897551 0.439303 0.037613
vn -0.000001 0.000000 1.000000
vn -0.000008 0.000000 1.000000
vn -0.000001 0.000000 1.000000
vn -0.000004 0.000000 1.000000
vn 0.690883 -0.013640 0.722838
vn 0.619554 -0.288923 0.729847
vn 0.598615 -0.239742 0.764320
vn 0.625208 -0.065090 0.777739
vn 0.625211 -0.065090 -0.777737
vn 0.598617 -0.239742 -0.764318
vn 0.619558 -0.288921 -0.729844
vn 0.690888 -0.013640 -0.722833
vn 0.000000 0.000000 -1.000000
vn 0.000003 0.000000 -1.000000
vn 0.000002 0.000000 -1.000000
vn 0.000001 0.000000 -1.000000
vn -0.760148 0.072462 0.645697
vn -0.702153 0.282845 0.653437
vn -0.655274 0.307326 0.690048
vn -0.715339 0.013304 0.698651
vn -0.715343 0.013304 -0.698647
vn -0.655274 0.307326 -0.690048
vn -0.702153 0.282845 -0.653437
vn -0.760150 0.072462 -0.645695
vn 0.870987 -0.490455 0.028919
vn 0.853830 -0.520552 0.000000
vn 0.870987 -0.490455 -0.028919
vn -0.853830 0.520553 0.000000
vn -0.870977 0.490473 -0.028906
vn -0.870977 0.490473 0.028906
vn 0.622796 -0.296993 0.723824
vn 0.622796 -0.296993 0.723824
vn 0.622800 -0.296992 -0.723821
vn 0.622800 -0.296992 -0.723821
vn -0.649947 0.309944 0.693905
vn -0.649947 0.309944 0.693905
vn -0.649947 0.309944 -0.693905
vn -0.649947 0.309944 -0.693905
vn 0.885528 -0.463087 0.037284
vn 0.885528 -0.463087 -0.037284
vn -0.885519 0.463107 -0.037265
vn -0.885519 0.463107 0.037265
vn -0.000001 0.000000 1.000000
vn -0.000001 0.000000 1.000000
vn 0.000003 0.000000 -1.000000
vn 0.000003 0.000000 -1.000000
vn 0.000000 -1.000000 0.000000
vn 0.000000 -1.000000 0.000000
vn -0.000000 0.000000 -1.000000
vn -0.000000 0.000000 -1.000000
vn -0.623441 -0.775676 0.098224
vn -0.626470 -0.779445 0.000000
vn -0.499006 -0.866599 0.000000
vn -0.497121 -0.860989 0.107561
vn -0.623441 -0.775676 -0.098224
vn -0.497121 -0.860989 -0.107561
vn 0.623443 0.775679 -0.098192
vn 0.497124 0.860991 -0.107527
vn 0.499006 0.866599 0.000000
vn 0.626470 0.779445 0.000000
vn 0.497124 0.860991 0.107527
vn 0.623443 0.775679 0.098192
vn 0.000000 1.000000 0.000000
vn 0.000000 0.992350 0.123454
vn 0.000000 0.992350 -0.123454
vn 0.767847 -0.640633 0.000000
vn 0.767847 -0.640633 0.000000
vn 0.767847 -0.640633 0.000000
vn 0.767847 -0.640633 0.000000
vn 0.767847 -0.640633 -0.000000
vn 0.767847 -0.640633 -0.000000
vn 0.767847 -0.640633 -0.000000
vn 0.767847 -0.640633 -0.000000
vn 0.767849 -0.640631 0.000000
vn 0.767849 -0.640631 0.000000
vn 0.767849 -0.640631 0.000000
vn 0.767849 -0.640631 0.000000
vn 0.767849 -0.640631 0.000000
vn 0.767849 -0.640631 0.000000
vn -0.455425 -0.890274 -0.000000
vn -0.452531 -0.885083 -0.108828
vn -0.667286 -0.739231 -0.090924
vn -0.669248 -0.743039 0.000000
vn -0.959490 -0.281742 0.000000
vn -0.959230 -0.280479 -0.034777
vn -0.999408 -0.034126 -0.004249
vn -0.999453 -0.033084 -0.000000
vn 0.455425 0.890274 0.000000
vn 0.452534 0.885086 -0.108793
vn 0.667287 0.739232 -0.090900
vn 0.669249 0.743038 0.000000
vn 0.959490 0.281742 -0.000000
vn 0.959230 0.280479 -0.034773
vn 0.999409 0.034118 -0.004248
vn 0.999453 0.033084 -0.000000
vn -0.452531 -0.885083 0.108828
vn 0.452534 0.885086 0.108793
vn -0.999408 -0.034126 0.004249
vn -0.959230 -0.280479 0.034777
vn -0.667286 -0.739231 0.090924
vn 0.999409 0.034118 0.004248
vn 0.959230 0.280479 0.034773
vn 0.667287 0.739232 0.090900
vn 0.767848 -0.640632 -0.000000
vn 0.767848 -0.640632 -0.000000
vn 0.767848 -0.640632 -0.000000
vn 0.767848 -0.640632 -0.000000
vn 0.767848 -0.640632 -0.000000
vn 0.767848 -0.640632 -0.000000
vn -0.388865 -0.526178 -0.756255
vn -0.386645 -0.527203 -0.756679
vn -0.329561 -0.564532 -0.756765
vn -0.325452 -0.566798 -0.756850
vn -0.325044 -0.566005 0.757618
vn -0.298156 -0.581038 0.757297
vn -0.296754 -0.581826 0.757242
vn -0.329106 -0.563652 0.757618
vn -0.384861 -0.524615 0.759382
vn -0.387025 -0.523627 0.758964
vn -0.296978 -0.582103 -0.756941
vn -0.298448 -0.581343 -0.756947
vn 0.423309 0.613637 -0.666528
vn 0.375014 0.653169 -0.657825
vn 0.380240 0.649796 -0.658167
vn 0.418560 0.616305 -0.667065
vn 0.379603 0.648813 0.659502
vn 0.342170 0.673115 0.655618
vn 0.343836 0.672020 0.655870
vn 0.374450 0.652297 0.659011
vn 0.421227 0.610703 0.670530
vn 0.416590 0.613294 0.671061
vn 0.343921 0.672508 -0.655326
vn 0.342213 0.673542 -0.655157
vn -0.695223 -0.028616 0.718225
vn -0.549520 -0.358378 0.754714
vn -0.562611 -0.340429 0.753377
vn -0.696113 -0.023594 0.717545
vn -0.555273 -0.362194 -0.748658
vn -0.568582 -0.343929 -0.747280
vn -0.695938 -0.028809 -0.717524
vn -0.696659 -0.023779 -0.717009
vn 0.600691 0.397928 0.693415
vn 0.613535 0.374788 0.695060
vn 0.709522 0.028371 0.704112
vn 0.709728 0.023217 0.704094
vn 0.710326 0.028094 -0.703312
vn 0.606440 0.402175 -0.685920
vn 0.619815 0.378102 -0.687654
vn 0.710338 0.023045 -0.703484
vn -0.500631 -0.853454 0.144862
vn -0.621059 -0.772712 0.131157
vn -0.621059 -0.772712 -0.131157
vn -0.500631 -0.853454 -0.144862
vn -0.000000 -0.992345 -0.123497
vn -0.000001 -0.985899 -0.167343
vn -0.000001 -0.985899 0.167343
vn -0.000000 -0.992345 0.123497
vn 0.500622 0.853459 -0.144863
vn 0.621059 0.772712 -0.131157
vn 0.500622 0.853459 0.144863
vn 0.621059 0.772712 0.131157
vn 0.000000 0.985899 0.167343
vn 0.000000 0.985899 -0.167343
vn 0.000001 0.000000 1.000000
vn 0.000001 0.000000 1.000000
vn -0.000003 0.000000 1.000000
vn -0.000003 0.000000 1.000000
vn -0.000000 0.000000 -1.000000
vn -0.000000 0.000000 -1.000000
vn 0.000002 0.000000 -1.000000
vn 0.000002 0.000000 -1.000000
vn -0.448259 -0.881302 0.149566
vn -0.448259 -0.881302 -0.149566
vn 0.448337 0.881264 -0.149559
vn 0.448337 0.881264 0.149559
vn 0.000003 0.000000 1.000000
vn 0.000003 0.000000 1.000000
vn 0.000003 0.000000 -1.000000
vn 0.000003 0.000000 -1.000000
vn -0.999146 -0.040737 0.006861
vn -0.959066 -0.279263 0.046954
vn -0.665709 -0.735765 0.124428
vn -0.665709 -0.735765 -0.124428
vn -0.959066 -0.279263 -0.046954
vn -0.999146 -0.040737 -0.006861
vn 0.665710 0.735764 -0.124427
vn 0.959066 0.279263 -0.046954
vn 0.999154 0.040556 -0.006830
vn 0.999154 0.040556 0.006830
vn 0.959066 0.279263 0.046954
vn 0.665710 0.735764 0.124427
vn -0.000000 0.000000 1.000000
vn -0.000005 0.000000 1.000000
vn 0.000003 0.000000 1.000000
vn -0.000002 0.000000 1.000000
vn 0.000000 0.000000 -1.000000
vn 0.000000 0.000000 -1.000000
vn 0.000000 0.000000 -1.000000
vn 0.000000 0.000000 -1.000000
vn -0.883270 -0.467930 0.029599
vn -0.897634 -0.439134 0.037607
vn -0.999400 -0.034184 0.005580
vn -0.999090 -0.042355 0.004984
vn -0.998960 -0.045607 -0.000000
vn -0.867038 -0.498243 0.000000
vn -0.999090 -0.042355 -0.004984
vn -0.883270 -0.467930 -0.029599
vn -0.999400 -0.034184 -0.005580
vn -0.897634 -0.439134 -0.037607
vn 0.999087 0.042428 -0.004996
vn 0.999395 0.034327 -0.005603
vn 0.897551 0.439303 -0.037613
vn 0.883237 0.467992 -0.029595
vn 0.867038 0.498243 0.000000
vn 0.998960 0.045607 0.000000
vn 0.883237 0.467992 0.029595
vn 0.999087 0.042428 0.004996
vn 0.897551 0.439303 0.037613
vn 0.999395 0.034328 0.005603
vn 0.000000 0.000000 1.000000
vn 0.000002 0.000000 1.000000
vn 0.000001 0.000000 1.000000
vn 0.000006 0.000000 1.000000
vn -0.690882 -0.013640 0.722839
vn -0.625211 -0.065090 0.777737
vn -0.598618 -0.239742 0.764317
vn -0.619555 -0.288922 0.729846
vn -0.625210 -0.065090 -0.777738
vn -0.690887 -0.013640 -0.722834
vn -0.619558 -0.288921 -0.729844
vn -0.598617 -0.239742 -0.764318
vn 0.000000 0.000000 -1.000000
vn 0.000000 0.000000 -1.000000
vn -0.000003 0.000000 -1.000000
vn -0.000004 0.000000 -1.000000
vn 0.760149 0.072462 0.645695
vn 0.715340 0.013304 0.698650
vn 0.655274 0.307326 0.690049
vn 0.702154 0.282845 0.653436
vn 0.715345 0.013304 -0.698645
vn 0.760152 0.072462 -0.645692
vn 0.702154 0.282845 -0.653436
vn 0.655274 0.307326 -0.690049
vn -0.853830 -0.520552 0.000000
vn -0.870987 -0.490455 0.028919
vn -0.870987 -0.490455 -0.028919
vn 0.870977 0.490473 -0.028906
vn 0.853830 0.520553 0.000000
vn 0.870977 0.490473 0.028906
vn -0.622796 -0.296993 0.723823
vn -0.622796 -0.296993 0.723823
vn -0.622800 -0.296992 -0.723820
vn -0.622800 -0.296992 -0.723820
vn 0.649946 0.309944 0.693905
vn 0.649946 0.309944 0.693905
vn 0.649946 0.309944 -0.693905
vn 0.649946 0.309944 -0.693905
vn -0.885528 -0.463087 0.037284
vn -0.885528 -0.463087 -0.037284
vn 0.885519 0.463107 -0.037265
vn 0.885519 0.463107 0.037265
vn 0.000000 0.000000 1.000000
vn 0.000000 0.000000 1.000000
vn -0.000004 0.000000 -1.000000
vn -0.000004 0.000000 -1.000000
vn 0.000000 -1.000000 0.000000
s 1
g TentProxy TentDrape
usemtl initialShadingGroup
f 882/1250/2247 885/1255/2248 886/1251/2249 883/1248/2250
f 883/1248/2250 886/1251/2249 887/1252/2251 884/1249/2252
s 2
f 891/1278/2253 892/1272/2254 895/1276/2255 894/1281/2256
f 892/1272/2254 893/1271/2257 896/1275/2258 895/1276/2255
s 3
f 898/1269/2259 897/1270/2260 893/1271/2261 892/1272/2262
f 899/1277/2263 898/1269/2259 892/1272/2262 891/1278/2264
s off
f 881/1241/2265 880/1237/2266 889/1228/2267 890/1234/2268
f 880/1237/2269 879/1238/2270 888/1229/2271 889/1228/2272
f 879/1238/2273 919/1242/2274 918/1243/2275 930/1244/2276 931/1235/2277 888/1229/2278
s 1
f 902/1170/2279 901/1160/2280 907/1163/2281 906/1171/2282
s 5
f 901/1160/2283 900/1161/2284 908/1162/2285 907/1163/2286
s 2
f 911/1210/2287 910/1200/2288 913/1203/2289 912/1211/2290
s 7
f 910/1200/2291 909/1201/2292 914/1202/2293 913/1203/2294
s 1
f 906/1256/2282 887/1252/2251 886/1251/2249 902/1257/2279
f 902/1257/2279 886/1251/2249 885/1255/2248 905/1262/2295
s 2
f 917/1212/2296 911/1210/2287 895/1276/2255 896/1275/2258
f 911/1210/2287 912/1211/2290 894/1281/2256 895/1276/2255
s 5
f 900/1161/2284 901/1160/2283 904/1164/2297 903/1165/2298
s 1
f 901/1160/2280 902/1170/2279 905/1172/2295 904/1164/2299
s 7
f 909/1201/2292 910/1200/2291 916/1204/2300 915/1205/2301
s 2
f 910/1200/2288 911/1210/2287 917/1212/2296 916/1204/2302
s off
f 920/1246/2303 921/1247/2304 881/1241/2305 890/1234/2306 933/1240/2307 932/1245/2308
s 8
f 922/1253/2309 923/1259/2310 999/1295/2311 1000/1296/2312
f 923/1259/2310 922/1253/2309 929/1258/2313 928/1264/2314
s 9
f 924/1260/2315 925/1266/2316 948/1268/2317 949/1265/2318
f 925/1266/2316 924/1260/2315 926/1254/2319 927/1261/2320
f 927/1261/2320 926/1254/2319 1001/1297/2321 1002/1298/2322
s 8
f 928/1264/2314 929/1258/2313 950/1263/2323 951/1267/2324
s 10
f 934/1274/2325 935/1279/2326 942/1284/2327 941/1280/2328
f 935/1279/2326 934/1274/2325 1003/1299/2329 1004/1300/2330
s 11
f 937/1288/2331 938/1285/2332 956/1221/2333 957/1289/2334
f 938/1285/2332 937/1288/2331 940/1286/2335 939/1282/2336
f 939/1282/2336 940/1286/2335 1005/1301/2337 1006/1302/2338
s 10
f 941/1280/2328 942/1284/2327 966/1287/2339 967/1222/2340
s 9
f 945/1183/2341 944/1174/2342 946/1173/2343 947/1184/2344
f 947/1446/2344 946/1447/2343 949/1448/2318 948/1449/2317
s 8
f 951/1484/2324 950/1485/2323 952/1486/2345 953/1487/2346
f 953/1179/2346 952/1169/2345 955/1168/2347 954/1180/2348
s 11
f 957/1289/2334 956/1221/2333 958/1290/2349 959/1291/2350
f 959/1219/2350 958/1209/2349 961/1208/2351 960/1220/2352
s 10
f 963/1223/2353 962/1214/2354 964/1213/2355 965/1224/2356
f 965/1224/2356 964/1213/2355 967/1222/2340 966/1231/2339
s 1
f 924/1260/2357 885/1255/2248 882/1250/2247 926/1254/2358
f 887/1252/2251 929/1258/2359 922/1253/2360 884/1249/2252
s 14
f 884/1249/2361 922/1253/2362 1000/1296/2363 997/1293/2364
f 926/1254/2365 882/1250/2366 996/1292/2367 1001/1297/2368
s 2
f 938/1285/2369 939/1282/2370 891/1278/2253 894/1281/2256
f 896/1275/2258 893/1271/2257 934/1274/2371 941/1280/2372
s 3
f 893/1271/2261 897/1270/2260 936/1273/2373 1003/1299/2374 934/1274/2375
f 939/1282/2376 1006/1302/2377 943/1283/2378 899/1277/2263 891/1278/2264
s 16
f 925/1452/2379 927/1456/2380 940/1457/2381 937/1453/2382
f 927/1456/2380 1002/1460/2383 1005/1461/2384 940/1457/2381
s 17
f 923/1496/2385 928/1492/2386 942/1493/2387 935/1497/2388
s 1
f 885/1255/2248 924/1260/2357 949/1265/2389 905/1262/2295
f 950/1263/2390 929/1258/2359 887/1252/2251 906/1256/2282
s 2
f 894/1281/2256 912/1211/2290 956/1221/2391 938/1285/2369
f 967/1222/2392 917/1212/2296 896/1275/2258 941/1280/2372
s 16
f 948/1449/2393 925/1452/2379 937/1453/2382 957/1450/2394
s 17
f 928/1492/2386 951/1484/2395 966/1489/2396 942/1493/2387
s 5
f 903/1165/2298 904/1164/2297 946/1173/2397 944/1174/2398
s 1
f 904/1164/2299 905/1172/2295 949/1182/2389 946/1173/2399
f 906/1171/2282 907/1163/2281 952/1169/2400 950/1181/2390
s 5
f 907/1163/2286 908/1162/2285 955/1168/2401 952/1169/2402
s 2
f 912/1211/2290 913/1203/2289 958/1209/2403 956/1221/2391
s 7
f 913/1203/2294 914/1202/2293 961/1208/2404 958/1209/2405
f 915/1205/2301 916/1204/2300 964/1213/2406 962/1214/2407
s 2
f 916/1204/2302 917/1212/2296 967/1222/2392 964/1213/2408
s 16
f 945/1454/2409 947/1446/2410 959/1451/2411 960/1455/2412
f 947/1446/2410 948/1449/2393 957/1450/2394 959/1451/2411
s 17
f 951/1484/2395 953/1487/2413 965/1488/2414 966/1489/2396
f 953/1487/2413 954/1490/2415 963/1491/2416 965/1488/2414
s 5
f 968/1186/2417 969/1175/2418 982/1185/2419 983/1192/2420
f 969/1175/2418 968/1186/2417 970/1176/2421 971/1166/2422
f 971/1166/2422 970/1176/2421 973/1177/2423 972/1167/2424
f 972/1167/2424 973/1177/2423 984/1189/2425 985/1178/2426
s 7
f 974/1207/2427 975/1216/2428 988/1227/2429 989/1218/2430
f 975/1216/2428 974/1207/2427 977/1206/2431 976/1217/2432
f 976/1217/2432 977/1206/2431 979/1215/2433 978/1226/2434
f 978/1226/2434 979/1215/2433 994/1225/2435 995/1233/2436
s 16
f 980/1462/2437 981/1458/2438 990/1459/2439 991/1463/2440
s 9
f 981/1191/2441 980/1196/2442 983/1192/2443 982/1185/2444
s 8
f 985/1178/2445 984/1189/2446 987/1195/2447 986/1190/2448
s 17
f 986/1494/2449 987/1498/2450 992/1499/2451 993/1495/2452
s 11
f 989/1218/2453 988/1227/2454 991/1236/2455 990/1230/2456
s 10
f 993/1232/2457 992/1239/2458 995/1233/2459 994/1225/2460
s 5
f 968/1186/2417 879/1193/2461 880/1187/2462 970/1176/2421
f 970/1176/2421 880/1187/2462 881/1188/2463 973/1177/2423
s 7
f 975/1216/2428 976/1217/2432 889/1228/2464 888/1229/2465
f 976/1217/2432 978/1226/2434 890/1234/2466 889/1228/2464
s 5
f 903/1165/2298 969/1175/2418 971/1166/2422 900/1161/2284
f 900/1161/2284 971/1166/2422 972/1167/2424 908/1162/2285
s 7
f 914/1202/2293 909/1201/2292 977/1206/2431 974/1207/2427
f 909/1201/2292 915/1205/2301 979/1215/2433 977/1206/2431
s 9
f 918/1199/2467 919/1197/2468 983/1192/2443 980/1196/2442
f 981/1191/2441 982/1185/2444 944/1174/2342 945/1183/2341
s 8
f 921/1194/2469 920/1198/2470 987/1195/2447 984/1189/2446
f 985/1178/2445 986/1190/2448 954/1180/2348 955/1168/2347
s 11
f 931/1235/2471 930/1244/2472 991/1236/2455 988/1227/2454
f 989/1218/2453 990/1230/2456 960/1220/2352 961/1208/2351
s 10
f 932/1245/2473 933/1240/2474 995/1233/2459 992/1239/2458
f 993/1232/2457 994/1225/2460 962/1214/2354 963/1223/2353
s 5
f 968/1186/2417 983/1192/2420 919/1197/2475 879/1193/2461
f 921/1194/2476 984/1189/2425 973/1177/2423 881/1188/2463
s 7
f 975/1216/2428 888/1229/2465 931/1235/2477 988/1227/2429
f 995/1233/2436 933/1240/2478 890/1234/2466 978/1226/2434
s 16
f 918/1466/2479 980/1462/2437 991/1463/2440 930/1467/2480
s 17
f 987/1498/2450 920/1502/2481 932/1503/2482 992/1499/2451
s 5
f 903/1165/2298 944/1174/2398 982/1185/2419 969/1175/2418
f 985/1178/2426 955/1168/2401 908/1162/2285 972/1167/2424
s 7
f 914/1202/2293 974/1207/2427 989/1218/2430 961/1208/2404
f 994/1225/2435 979/1215/2433 915/1205/2301 962/1214/2407
s 16
f 981/1458/2438 945/1454/2409 960/1455/2412 990/1459/2439
s 17
f 954/1490/2415 986/1494/2449 993/1495/2452 963/1491/2416
s 14
f 997/1293/2364 998/1294/2483 883/1248/2484 884/1249/2361
f 998/1294/2483 996/1292/2367 882/1250/2366 883/1248/2484
s 17
f 1004/1500/2485 999/1501/2486 923/1496/2385 935/1497/2388
s 25
f 1010/1303/2487 1011/1306/2488 1014/1305/2489 1013/1304/2490
f 1011/1306/2488 1012/1308/2491 1015/1307/2492 1014/1305/2489
s 26
f 1019/1309/2493 1022/1312/2494 1023/1311/2495 1020/1310/2496
f 1020/1310/2496 1023/1311/2495 1024/1314/2497 1021/1313/2498
s 3
f 898/1315/2259 1020/1310/2499 1021/1313/2500 897/1316/2260
f 899/1317/2263 1019/1309/2501 1020/1310/2499 898/1315/2259
s off
f 1009/1318/2502 1018/1321/2503 1017/1320/2504 1008/1319/2505
f 1008/1319/2506 1017/1320/2507 1016/1323/2508 1007/1322/2509
f 1007/1322/2510 1016/1323/2511 1056/1327/2512 1055/1326/2513 1043/1325/2514 1044/1324/2515
s 25
f 1027/1328/2516 1031/1331/2517 1032/1330/2518 1026/1329/2519
s 27
f 1026/1329/2520 1032/1330/2521 1033/1333/2522 1025/1332/2523
s 26
f 1036/1334/2524 1037/1337/2525 1038/1336/2526 1035/1335/2527
s 28
f 1035/1335/2528 1038/1336/2529 1039/1339/2530 1034/1338/2531
s 25
f 1031/1340/2517 1027/1341/2516 1014/1305/2489 1015/1307/2492
f 1027/1341/2516 1030/1342/2532 1013/1304/2490 1014/1305/2489
s 26
f 1042/1343/2533 1024/1314/2497 1023/1311/2495 1036/1334/2524
f 1036/1334/2524 1023/1311/2495 1022/1312/2494 1037/1337/2525
s 27
f 1025/1332/2523 1028/1345/2534 1029/1344/2535 1026/1329/2520
s 25
f 1026/1329/2519 1029/1344/2536 1030/1346/2532 1027/1328/2516
s 28
f 1034/1338/2531 1040/1348/2537 1041/1347/2538 1035/1335/2528
s 26
f 1035/1335/2527 1041/1347/2539 1042/1343/2533 1036/1334/2524
s off
f 1045/1349/2540 1057/1352/2541 1058/1351/2542 1018/1321/2543 1009/1318/2544 1046/1350/2545
s 8
f 1047/1353/2546 1000/1356/2312 999/1355/2311 1048/1354/2547
f 1048/1354/2547 1053/1358/2548 1054/1357/2549 1047/1353/2546
s 9
f 1049/1359/2550 1072/1362/2551 1071/1361/2552 1050/1360/2553
f 1050/1360/2553 1052/1364/2554 1051/1363/2555 1049/1359/2550
f 1052/1364/2554 1002/1366/2322 1001/1365/2321 1051/1363/2555
s 8
f 1053/1358/2548 1074/1368/2556 1073/1367/2557 1054/1357/2549
s 10
f 1059/1369/2558 1065/1372/2559 1066/1371/2560 1060/1370/2561
f 1060/1370/2561 1004/1374/2330 1003/1373/2329 1059/1369/2558
s 11
f 1061/1375/2562 1080/1378/2563 1079/1377/2564 1062/1376/2565
f 1062/1376/2565 1063/1380/2566 1064/1379/2567 1061/1375/2562
f 1063/1380/2566 1006/1382/2338 1005/1381/2337 1064/1379/2567
s 10
f 1065/1372/2559 1090/1384/2568 1089/1383/2569 1066/1371/2560
s 9
f 1068/1385/2570 1070/1388/2571 1069/1387/2572 1067/1386/2573
f 1070/1472/2571 1071/1470/2552 1072/1476/2551 1069/1477/2572
s 8
f 1074/1509/2556 1076/1511/2574 1075/1514/2575 1073/1515/2557
f 1076/1389/2574 1077/1392/2576 1078/1391/2577 1075/1390/2575
s 11
f 1080/1378/2563 1082/1394/2578 1081/1393/2579 1079/1377/2564
f 1082/1395/2578 1083/1398/2580 1084/1397/2581 1081/1396/2579
s 10
f 1086/1399/2582 1088/1402/2583 1087/1401/2584 1085/1400/2585
f 1088/1402/2583 1089/1403/2569 1090/1384/2568 1087/1401/2584
s 25
f 1049/1359/2586 1051/1363/2587 1010/1303/2487 1013/1304/2490
f 1015/1307/2492 1012/1308/2491 1047/1353/2588 1054/1357/2589
s 14
f 1012/1308/2590 997/1404/2364 1000/1356/2363 1047/1353/2591
f 1051/1363/2592 1001/1365/2368 996/1405/2367 1010/1303/2593
s 26
f 1062/1376/2594 1022/1312/2494 1019/1309/2493 1063/1380/2595
f 1024/1314/2497 1065/1372/2596 1059/1369/2597 1021/1313/2498
s 3
f 1021/1313/2500 1059/1369/2598 1003/1373/2374 936/1406/2373 897/1316/2260
f 1063/1380/2599 1019/1309/2501 899/1317/2263 943/1407/2378 1006/1382/2377
s 16
f 1050/1468/2600 1061/1469/2601 1064/1465/2602 1052/1464/2603
f 1052/1464/2603 1064/1465/2602 1005/1461/2384 1002/1460/2383
s 17
f 1048/1505/2604 1060/1504/2605 1066/1506/2606 1053/1507/2607
s 25
f 1013/1304/2490 1030/1342/2532 1072/1362/2608 1049/1359/2586
f 1073/1367/2609 1031/1340/2517 1015/1307/2492 1054/1357/2589
s 26
f 1022/1312/2494 1062/1376/2594 1079/1377/2610 1037/1337/2525
f 1090/1384/2611 1065/1372/2596 1024/1314/2497 1042/1343/2533
s 16
f 1071/1470/2612 1080/1471/2613 1061/1469/2601 1050/1468/2600
s 17
f 1053/1507/2607 1066/1506/2606 1089/1508/2614 1074/1509/2615
s 27
f 1028/1345/2534 1067/1386/2616 1069/1387/2617 1029/1344/2535
s 25
f 1029/1344/2536 1069/1387/2618 1072/1408/2608 1030/1346/2532
f 1031/1331/2517 1073/1409/2609 1075/1390/2619 1032/1330/2518
s 27
f 1032/1330/2521 1075/1390/2620 1078/1391/2621 1033/1333/2522
s 26
f 1037/1337/2525 1079/1377/2610 1081/1396/2622 1038/1336/2526
s 28
f 1038/1336/2529 1081/1396/2623 1084/1397/2624 1039/1339/2530
f 1040/1348/2537 1085/1400/2625 1087/1401/2626 1041/1347/2538
s 26
f 1041/1347/2539 1087/1401/2627 1090/1384/2611 1042/1343/2533
s 16
f 1068/1474/2628 1083/1475/2629 1082/1473/2630 1070/1472/2631
f 1070/1472/2631 1082/1473/2630 1080/1471/2613 1071/1470/2612
s 17
f 1074/1509/2615 1089/1508/2614 1088/1510/2632 1076/1511/2633
f 1076/1511/2633 1088/1510/2632 1086/1512/2634 1077/1513/2635
s 27
f 1091/1410/2636 1106/1413/2637 1105/1412/2638 1092/1411/2639
f 1092/1411/2639 1094/1415/2640 1093/1414/2641 1091/1410/2636
f 1094/1415/2640 1095/1417/2642 1096/1416/2643 1093/1414/2641
f 1095/1417/2642 1108/1419/2644 1107/1418/2645 1096/1416/2643
s 28
f 1097/1420/2646 1112/1423/2647 1111/1422/2648 1098/1421/2649
f 1098/1421/2649 1099/1425/2650 1100/1424/2651 1097/1420/2646
f 1099/1425/2650 1101/1427/2652 1102/1426/2653 1100/1424/2651
f 1101/1427/2652 1118/1429/2654 1117/1428/2655 1102/1426/2653
s 16
f 1103/1480/2656 1114/1481/2657 1113/1479/2658 1104/1478/2659
s 9
f 1104/1430/2660 1105/1412/2661 1106/1413/2662 1103/1431/2663
s 8
f 1108/1419/2664 1109/1433/2665 1110/1432/2666 1107/1418/2667
s 17
f 1109/1517/2668 1116/1516/2669 1115/1518/2670 1110/1519/2671
s 11
f 1112/1423/2672 1113/1435/2673 1114/1434/2674 1111/1422/2675
s 10
f 1116/1436/2676 1117/1428/2677 1118/1429/2678 1115/1437/2679
s 27
f 1091/1410/2636 1093/1414/2641 1008/1439/2680 1007/1438/2681
f 1093/1414/2641 1096/1416/2643 1009/1440/2682 1008/1439/2680
s 28
f 1098/1421/2649 1016/1323/2683 1017/1320/2684 1099/1425/2650
f 1099/1425/2650 1017/1320/2684 1018/1321/2685 1101/1427/2652
s 27
f 1028/1345/2534 1025/1332/2523 1094/1415/2640 1092/1411/2639
f 1025/1332/2523 1033/1333/2522 1095/1417/2642 1094/1415/2640
s 28
f 1039/1339/2530 1097/1420/2646 1100/1424/2651 1034/1338/2531
f 1034/1338/2531 1100/1424/2651 1102/1426/2653 1040/1348/2537
s 9
f 1043/1441/2686 1103/1431/2663 1106/1413/2662 1044/1442/2687
f 1104/1430/2660 1068/1385/2570 1067/1386/2573 1105/1412/2661
s 8
f 1046/1443/2688 1107/1418/2667 1110/1432/2666 1045/1444/2689
f 1108/1419/2664 1078/1391/2577 1077/1392/2576 1109/1433/2665
s 11
f 1056/1327/2690 1111/1422/2675 1114/1434/2674 1055/1326/2691
f 1112/1423/2672 1084/1397/2581 1083/1398/2580 1113/1435/2673
s 10
f 1057/1352/2692 1115/1437/2679 1118/1429/2678 1058/1351/2693
f 1116/1436/2676 1086/1399/2582 1085/1400/2585 1117/1428/2677
s 27
f 1091/1410/2636 1007/1438/2681 1044/1442/2694 1106/1413/2637
f 1046/1443/2695 1009/1440/2682 1096/1416/2643 1107/1418/2645
s 28
f 1098/1421/2649 1111/1422/2648 1056/1327/2696 1016/1323/2683
f 1118/1429/2654 1101/1427/2652 1018/1321/2685 1058/1351/2697
s 16
f 1043/1482/2698 1055/1483/2699 1114/1481/2657 1103/1480/2656
s 17
f 1110/1519/2671 1115/1518/2670 1057/1520/2700 1045/1521/2701
s 27
f 1028/1345/2534 1092/1411/2639 1105/1412/2638 1067/1386/2616
f 1108/1419/2644 1095/1417/2642 1033/1333/2522 1078/1391/2621
s 28
f 1039/1339/2530 1084/1397/2624 1112/1423/2647 1097/1420/2646
f 1117/1428/2655 1085/1400/2625 1040/1348/2537 1102/1426/2653
s 16
f 1104/1478/2659 1113/1479/2658 1083/1475/2629 1068/1474/2628
s 17
f 1077/1513/2635 1086/1512/2634 1116/1516/2669 1109/1517/2668
s 14
f 997/1404/2364 1012/1308/2590 1011/1306/2702 998/1445/2483
f 998/1445/2483 1011/1306/2702 1010/1303/2593 996/1405/2367
s 17
f 1004/1500/2485 1060/1504/2605 1048/1505/2604 999/1501/2486
g default
v -519.389771 249.539490 731.384827
v -538.916748 267.060150 703.221680
v -569.000610 281.871216 694.265381
v -599.555481 295.421753 703.221680
v -623.119812 305.341400 727.690308
v -639.528564 308.972290 764.809570
v -637.415222 305.341370 811.044373
v -615.975037 295.421753 853.069519
v -579.953369 281.871216 870.625000
v -541.012573 268.320679 861.668762
v -517.522217 254.536316 828.600769
v -512.781494 241.683807 777.619629
v -512.684082 258.209015 729.046509
v -533.040710 276.625610 700.636108
v -564.483765 292.056183 691.280151
v -596.403198 306.211853 700.636108
v -620.985596 316.574524 726.197632
v -638.160400 320.367554 763.963867
v -636.224365 316.574493 811.182495
v -613.716736 306.211853 854.932373
v -575.836365 292.056183 873.610413
v -535.069519 277.900513 864.254150
v -510.777832 263.309753 829.370911
v -505.948212 249.554535 776.265015
v -503.016052 262.545807 723.262878
v -525.904724 282.699615 693.572632
v -561.177185 299.512085 683.123779
v -596.824585 315.321014 693.572632
v -623.877869 326.893982 722.119507
v -642.470764 331.130035 762.258423
v -640.599304 326.893951 812.367432
v -615.117615 315.321014 860.155640
v -572.382385 299.512085 881.766541
v -527.420715 283.703156 871.317688
v -501.150421 267.537842 831.608887
v -495.800446 252.058746 773.371826
v -493.023041 261.262207 716.623596
v -519.454224 283.565979 683.923706
v -559.966858 302.241119 671.982239
v -600.706726 320.308533 683.923706
v -631.107117 333.534729 716.548706
v -651.564209 338.375885 761.190063
v -649.518066 333.534760 814.351257
v -620.008118 320.308533 867.321594
v -570.528992 302.241150 892.908142
v -520.318054 284.173828 880.966736
v -491.234711 266.047363 834.696655
v -485.054108 248.534973 769.784912
v -485.407684 254.635422 710.977783
v -515.448608 278.908508 674.274841
v -561.177185 299.512085 660.840637
v -607.009583 319.837891 674.274841
v -640.819946 334.717407 710.977783
v -663.032471 340.163635 761.115051
v -660.636963 334.717438 816.762268
v -627.155701 319.837891 873.893311
v -570.814697 299.512085 904.049744
v -515.818176 279.186310 890.615479
v -483.742218 259.091797 837.190369
v -476.565155 239.989166 766.625000
v -482.147980 244.608170 706.899780
v -514.959778 269.979767 667.211365
v -564.483765 292.056183 652.684387
v -614.044006 314.035217 667.211365
v -650.411011 330.125000 706.899780
v -673.552246 336.014343 761.115051
v -670.845459 330.125000 818.816467
v -634.564819 314.035217 878.169373
v -573.191528 292.056152 912.205933
v -515.083191 270.077118 897.679138
v -480.667755 248.568848 838.481018
v -472.593903 228.750290 764.601135
v -484.206207 233.629593 705.406982
v -518.088806 259.251923 664.626038
v -569.000610 281.871216 649.699036
v -619.925537 304.455444 664.626038
v -657.233276 320.988281 705.406982
v -680.296509 327.039612 761.115051
v -677.240601 320.988251 819.724731
v -639.975281 304.455414 879.333984
v -577.009949 281.871216 915.191345
v -518.137085 259.287048 900.264526
v -482.782928 237.438141 838.552979
v -474.381714 217.355042 764.016724
v -491.058319 224.568314 706.899780
v -523.975525 249.658020 667.211365
v -573.517456 271.686249 652.684387
v -623.077698 293.665283 667.211365
v -659.386658 309.755096 706.899780
v -681.476074 315.644379 761.115051
v -678.088989 309.755066 818.816467
v -641.808228 293.665314 878.169373
v -581.206665 271.686279 912.205933
v -524.018433 249.707214 897.679138
v -489.528381 228.662018 838.481018
v -481.454315 208.843842 764.601135
v -500.745392 220.180405 710.977783
v -531.044617 243.762695 674.274841
v -576.824036 264.230377 660.840637
v -622.656250 284.556122 674.274841
v -656.294250 299.435638 710.977783
v -676.779114 304.881927 761.115051
v -673.295776 299.435638 816.762268
v -639.807495 284.556152 873.893311
v -584.629578 264.230347 904.049744
v -531.190491 243.904572 890.615479
v -499.103088 224.574936 837.190369
v -491.750885 205.941284 766.625000
v -510.679138 221.622849 716.623596
v -537.426147 243.081497 683.923706
v -578.034180 261.501251 671.982239
v -618.774170 279.568573 683.923706
v -648.826355 292.794861 716.548706
v -667.469482 297.636017 761.190063
v -664.290588 292.794861 814.351257
v -634.743896 279.568634 867.321594
v -586.372131 261.501282 892.908142
v -537.871033 243.433884 880.966736
v -508.967896 226.201645 834.696655
v -502.522858 209.396851 769.784912
v -518.255188 228.354706 723.262878
v -541.425964 247.754059 693.572632
v -576.824036 264.230377 683.123779
v -612.471375 280.039276 693.572632
v -639.096863 291.612152 722.119507
v -656.241028 295.848206 762.258423
v -653.504700 291.612152 812.367432
v -627.963379 280.039276 860.155640
v -586.006592 264.230377 881.766541
v -542.414795 248.421371 871.317688
v -516.482178 233.098969 831.608887
v -510.884460 218.283173 773.371826
v -521.418396 238.640228 729.046509
v -541.960266 256.561096 700.636108
v -573.517456 271.686249 691.280151
v -605.436890 285.841888 700.636108
v -629.715210 296.204590 726.197632
v -646.092224 299.997589 763.963867
v -643.714111 296.204590 811.182495
v -621.153198 285.841919 854.932373
v -583.660889 271.686310 873.610413
v -543.634033 257.530579 864.254150
v -519.575867 243.570389 829.370911
v -514.588989 230.235809 776.265015
v 519.389832 249.539429 731.384827
v 538.916809 267.060211 703.221680
v 569.000610 281.871216 694.265381
v 599.555542 295.421753 703.221680
v 623.119873 305.341431 727.690308
v 639.528687 308.972260 764.809570
v 637.415283 305.341370 811.044373
v 615.975159 295.421722 853.069519
v 579.953369 281.871216 870.625000
v 541.012634 268.320648 861.668762
v 517.522278 254.536301 828.600769
v 512.781555 241.683823 777.619629
v 512.684204 258.208954 729.046509
v 533.040771 276.625610 700.636108
v 564.483765 292.056183 691.280151
v 596.403198 306.211884 700.636108
v 620.985657 316.574493 726.197632
v 638.160461 320.367554 763.963867
v 636.224426 316.574524 811.182495
v 613.716797 306.211823 854.932373
v 575.836365 292.056183 873.610413
v 535.069519 277.900543 864.254150
v 510.777863 263.309753 829.370911
v 505.948242 249.554504 776.265015
v 503.016052 262.545837 723.262878
v 525.904785 282.699585 693.572632
v 561.177246 299.512054 683.123779
v 596.824524 315.321045 693.572632
v 623.877869 326.894012 722.119507
v 642.470764 331.130035 762.258423
v 640.599365 326.893982 812.367432
v 615.117676 315.321014 860.155640
v 572.382446 299.512085 881.766541
v 527.420715 283.703156 871.317688
v 501.150513 267.537842 831.608887
v 495.800507 252.058762 773.371826
v 493.023132 261.262238 716.623596
v 519.454224 283.565979 683.923706
v 559.966858 302.241180 671.982239
v 600.706848 320.308502 683.923706
v 631.107117 333.534790 716.548706
v 651.564270 338.375885 761.190063
v 649.518066 333.534729 814.351257
v 620.008118 320.308563 867.321594
v 570.528992 302.241150 892.908142
v 520.318054 284.173859 880.966736
v 491.234802 266.047363 834.696655
v 485.054138 248.534988 769.784912
v 485.407715 254.635437 710.977783
v 515.448669 278.908508 674.274841
v 561.177246 299.512054 660.840637
v 607.009644 319.837921 674.274841
v 640.820007 334.717407 710.977783
v 663.032532 340.163696 761.115051
v 660.637024 334.717407 816.762268
v 627.155762 319.837921 873.893311
v 570.814636 299.512085 904.049744
v 515.818176 279.186279 890.615479
v 483.742249 259.091797 837.190369
v 476.565186 239.989212 766.625000
v 482.148010 244.608200 706.899780
v 514.959900 269.979797 667.211365
v 564.483765 292.056183 652.684387
v 614.044128 314.035248 667.211365
v 650.411072 330.125031 706.899780
v 673.552307 336.014282 761.115051
v 670.845520 330.125000 818.816467
v 634.564819 314.035248 878.169373
v 573.191528 292.056183 912.205933
v 515.083313 270.077087 897.679138
v 480.667755 248.568893 838.481018
v 472.593964 228.750290 764.601135
v 484.206268 233.629623 705.406982
v 518.088867 259.251923 664.626038
v 569.000610 281.871216 649.699036
v 619.925537 304.455475 664.626038
v 657.233276 320.988220 705.406982
v 680.296570 327.039581 761.115051
v 677.240662 320.988220 819.724731
v 639.975403 304.455383 879.333984
v 577.009949 281.871216 915.191345
v 518.137146 259.287018 900.264526
v 482.782959 237.438171 838.552979
v 474.381775 217.355057 764.016724
v 491.058380 224.568329 706.899780
v 523.975586 249.658035 667.211365
v 573.517456 271.686279 652.684387
v 623.077820 293.665283 667.211365
v 659.386658 309.755096 706.899780
v 681.476074 315.644409 761.115051
v 678.088989 309.755096 818.816467
v 641.808289 293.665283 878.169373
v 581.206665 271.686279 912.205933
v 524.018494 249.707214 897.679138
v 489.528473 228.662033 838.481018
v 481.454346 208.843887 764.601135
v 500.745483 220.180420 710.977783
v 531.044678 243.762665 674.274841
v 576.824036 264.230347 660.840637
v 622.656372 284.556091 674.274841
v 656.294189 299.435608 710.977783
v 676.779175 304.881927 761.115051
v 673.295776 299.435669 816.762268
v 639.807495 284.556122 873.893311
v 584.629578 264.230408 904.049744
v 531.190552 243.904526 890.615479
v 499.103180 224.574921 837.190369
v 491.750885 205.941299 766.625000
v 510.679199 221.622818 716.623596
v 537.426147 243.081467 683.923706
v 578.034302 261.501251 671.982239
v 618.774170 279.568604 683.923706
v 648.826416 292.794891 716.548706
v 667.469421 297.636047 761.190063
v 664.290710 292.794830 814.351257
v 634.743896 279.568634 867.321594
v 586.372131 261.501282 892.908142
v 537.871094 243.433929 880.966736
v 508.968018 226.201645 834.696655
v 502.522827 209.396835 769.784912
v 518.255310 228.354706 723.262878
v 541.426025 247.754074 693.572632
v 576.824036 264.230347 683.123779
v 612.471375 280.039337 693.572632
v 639.096924 291.612213 722.119507
v 656.240906 295.848206 762.258423
v 653.504761 291.612122 812.367432
v 627.963440 280.039307 860.155640
v 586.006592 264.230377 881.766541
v 542.414917 248.421387 871.317688
v 516.482239 233.098907 831.608887
v 510.884460 218.283157 773.371826
v 521.418396 238.640228 729.046509
v 541.960327 256.561127 700.636108
v 573.517456 271.686279 691.280151
v 605.436890 285.841888 700.636108
v 629.715332 296.204590 726.197632
v 646.092224 299.997620 763.963867
v 643.714111 296.204620 811.182495
v 621.153259 285.841919 854.932373
v 583.660950 271.686249 873.610413
v 543.634155 257.530548 864.254150
v 519.575867 243.570404 829.370911
v 514.589111 230.235794 776.265015
vt 1.048795 0.968647
vt 1.122888 0.968647
vt 1.196980 0.968647
vt 1.271073 0.968647
vt 1.345165 0.968647
vt 1.419258 0.968647
vt 1.493350 0.968647
vt 1.567443 0.968647
vt 1.641536 0.968647
vt 1.715628 0.968647
vt 1.789721 0.968647
vt 1.863813 0.968647
vt 1.937906 0.968647
vt 1.048795 0.962719
vt 1.122888 0.962719
vt 1.196980 0.962719
vt 1.271073 0.962719
vt 1.345165 0.962719
vt 1.419258 0.962719
vt 1.493350 0.962719
vt 1.567443 0.962719
vt 1.641536 0.962719
vt 1.715628 0.962719
vt 1.789721 0.962719
vt 1.863813 0.962719
vt 1.937906 0.962719
vt 1.048795 0.956791
vt 1.122888 0.956791
vt 1.196980 0.956791
vt 1.271073 0.956791
vt 1.345165 0.956791
vt 1.419258 0.956791
vt 1.493350 0.956791
vt 1.567443 0.956791
vt 1.641536 0.956791
vt 1.715628 0.956791
vt 1.789721 0.956791
vt 1.863813 0.956791
vt 1.937906 0.956791
vt 1.048795 0.950862
vt 1.122888 0.950862
vt 1.196980 0.950862
vt 1.271073 0.950862
vt 1.345165 0.950862
vt 1.419258 0.950862
vt 1.493350 0.950862
vt 1.567443 0.950862
vt 1.641536 0.950862
vt 1.715628 0.950862
vt 1.789721 0.950862
vt 1.863813 0.950862
vt 1.937906 0.950862
vt 1.048795 0.944934
vt 1.122888 0.944934
vt 1.196980 0.944934
vt 1.271073 0.944934
vt 1.345165 0.944934
vt 1.419258 0.944934
vt 1.493350 0.944934
vt 1.567443 0.944934
vt 1.641536 0.944934
vt 1.715628 0.944934
vt 1.789721 0.944934
vt 1.863813 0.944934
vt 1.937906 0.944934
vt 1.048795 0.939005
vt 1.122888 0.939005
vt 1.196980 0.939005
vt 1.271073 0.939005
vt 1.345165 0.939005
vt 1.419258 0.939005
vt 1.493350 0.939005
vt 1.567443 0.939005
vt 1.641536 0.939005
vt 1.715628 0.939005
vt 1.789721 0.939005
vt 1.863813 0.939005
vt 1.937906 0.939005
vt 1.048795 0.933077
vt 1.122888 0.933077
vt 1.196980 0.933077
vt 1.271073 0.933077
vt 1.345165 0.933077
vt 1.419258 0.933077
vt 1.493350 0.933077
vt 1.567443 0.933077
vt 1.641536 0.933077
vt 1.715628 0.933077
vt 1.789721 0.933077
vt 1.863813 0.933077
vt 1.937906 0.933077
vt 1.048795 0.927148
vt 1.122888 0.927148
vt 1.196980 0.927148
vt 1.271073 0.927148
vt 1.345165 0.927148
vt 1.419258 0.927148
vt 1.493350 0.927148
vt 1.567443 0.927148
vt 1.641536 0.927148
vt 1.715628 0.927148
vt 1.789721 0.927148
vt 1.863813 0.927148
vt 1.937906 0.927148
vt 1.048795 0.921220
vt 1.122888 0.921220
vt 1.196980 0.921220
vt 1.271073 0.921220
vt 1.345165 0.921220
vt 1.419258 0.921220
vt 1.493350 0.921220
vt 1.567443 0.921220
vt 1.641536 0.921220
vt 1.715628 0.921220
vt 1.789721 0.921220
vt 1.863813 0.921220
vt 1.937906 0.921220
vt 1.048795 0.915291
vt 1.122888 0.915291
vt 1.196980 0.915291
vt 1.271073 0.915291
vt 1.345165 0.915291
vt 1.419258 0.915291
vt 1.493350 0.915291
vt 1.567443 0.915291
vt 1.641536 0.915291
vt 1.715628 0.915291
vt 1.789721 0.915291
vt 1.863813 0.915291
vt 1.937906 0.915291
vt 1.048795 0.909363
vt 1.122888 0.909363
vt 1.196980 0.909363
vt 1.271073 0.909363
vt 1.345165 0.909363
vt 1.419258 0.909363
vt 1.493350 0.909363
vt 1.567443 0.909363
vt 1.641536 0.909363
vt 1.715628 0.909363
vt 1.789721 0.909363
vt 1.863813 0.909363
vt 1.937906 0.909363
vt 1.048795 0.903434
vt 1.122888 0.903434
vt 1.196980 0.903434
vt 1.271073 0.903434
vt 1.345165 0.903434
vt 1.419258 0.903434
vt 1.493350 0.903434
vt 1.567443 0.903434
vt 1.641536 0.903434
vt 1.715628 0.903434
vt 1.789721 0.903434
vt 1.863813 0.903434
vt 1.937906 0.903434
vt 1.048795 0.897506
vt 1.122888 0.897506
vt 1.196980 0.897506
vt 1.271073 0.897506
vt 1.345165 0.897506
vt 1.419258 0.897506
vt 1.493350 0.897506
vt 1.567443 0.897506
vt 1.641536 0.897506
vt 1.715628 0.897506
vt 1.789721 0.897506
vt 1.863813 0.897506
vt 1.937906 0.897506
vt 1.122888 0.968647
vt 1.048795 0.968647
vt 1.048795 0.962719
vt 1.122888 0.962719
vt 1.196980 0.968647
vt 1.196980 0.962719
vt 1.271073 0.968647
vt 1.271073 0.962719
vt 1.345165 0.968647
vt 1.345165 0.962719
vt 1.419258 0.968647
vt 1.419258 0.962719
vt 1.493350 0.968647
vt 1.493350 0.962719
vt 1.567443 0.968647
vt 1.567443 0.962719
vt 1.641536 0.968647
vt 1.641536 0.962719
vt 1.715628 0.968647
vt 1.715628 0.962719
vt 1.789721 0.968647
vt 1.789721 0.962719
vt 1.863813 0.968647
vt 1.863813 0.962719
vt 1.937906 0.968647
vt 1.937906 0.962719
vt 1.048795 0.956791
vt 1.122888 0.956791
vt 1.196980 0.956791
vt 1.271073 0.956791
vt 1.345165 0.956791
vt 1.419258 0.956791
vt 1.493350 0.956791
vt 1.567443 0.956791
vt 1.641536 0.956791
vt 1.715628 0.956791
vt 1.789721 0.956791
vt 1.863813 0.956791
vt 1.937906 0.956791
vt 1.048795 0.950862
vt 1.122888 0.950862
vt 1.196980 0.950862
vt 1.271073 0.950862
vt 1.345165 0.950862
vt 1.419258 0.950862
vt 1.493350 0.950862
vt 1.567443 0.950862
vt 1.641536 0.950862
vt 1.715628 0.950862
vt 1.789721 0.950862
vt 1.863813 0.950862
vt 1.937906 0.950862
vt 1.048795 0.944934
vt 1.122888 0.944934
vt 1.196980 0.944934
vt 1.271073 0.944934
vt 1.345165 0.944934
vt 1.419258 0.944934
vt 1.493350 0.944934
vt 1.567443 0.944934
vt 1.641536 0.944934
vt 1.715628 0.944934
vt 1.789721 0.944934
vt 1.863813 0.944934
vt 1.937906 0.944934
vt 1.048795 0.939005
vt 1.122888 0.939005
vt 1.196980 0.939005
vt 1.271073 0.939005
vt 1.345165 0.939005
vt 1.419258 0.939005
vt 1.493350 0.939005
vt 1.567443 0.939005
vt 1.641536 0.939005
vt 1.715628 0.939005
vt 1.789721 0.939005
vt 1.863813 0.939005
vt 1.937906 0.939005
vt 1.048795 0.933077
vt 1.122888 0.933077
vt 1.196980 0.933077
vt 1.271073 0.933077
vt 1.345165 0.933077
vt 1.419258 0.933077
vt 1.493350 0.933077
vt 1.567443 0.933077
vt 1.641536 0.933077
vt 1.715628 0.933077
vt 1.789721 0.933077
vt 1.863813 0.933077
vt 1.937906 0.933077
vt 1.048795 0.927148
vt 1.122888 0.927148
vt 1.196980 0.927148
vt 1.271073 0.927148
vt 1.345165 0.927148
vt 1.419258 0.927148
vt 1.493350 0.927148
vt 1.567443 0.927148
vt 1.641536 0.927148
vt 1.715628 0.927148
vt 1.789721 0.927148
vt 1.863813 0.927148
vt 1.937906 0.927148
vt 1.048795 0.921220
vt 1.122888 0.921220
vt 1.196980 0.921220
vt 1.271073 0.921220
vt 1.345165 0.921220
vt 1.419258 0.921220
vt 1.493350 0.921220
vt 1.567443 0.921220
vt 1.641536 0.921220
vt 1.715628 0.921220
vt 1.789721 0.921220
vt 1.863813 0.921220
vt 1.937906 0.921220
vt 1.048795 0.915291
vt 1.122888 0.915291
vt 1.196980 0.915291
vt 1.271073 0.915291
vt 1.345165 0.915291
vt 1.419258 0.915291
vt 1.493350 0.915291
vt 1.567443 0.915291
vt 1.641536 0.915291
vt 1.715628 0.915291
vt 1.789721 0.915291
vt 1.863813 0.915291
vt 1.937906 0.915291
vt 1.048795 0.909363
vt 1.122888 0.909363
vt 1.196980 0.909363
vt 1.271073 0.909363
vt 1.345165 0.909363
vt 1.419258 0.909363
vt 1.493350 0.909363
vt 1.567443 0.909363
vt 1.641536 0.909363
vt 1.715628 0.909363
vt 1.789721 0.909363
vt 1.863813 0.909363
vt 1.937906 0.909363
vt 1.048795 0.903434
vt 1.122888 0.903434
vt 1.196980 0.903434
vt 1.271073 0.903434
vt 1.345165 0.903434
vt 1.419258 0.903434
vt 1.493350 0.903434
vt 1.567443 0.903434
vt 1.641536 0.903434
vt 1.715628 0.903434
vt 1.789721 0.903434
vt 1.863813 0.903434
vt 1.937906 0.903434
vt 1.048795 0.897506
vt 1.122888 0.897506
vt 1.196980 0.897506
vt 1.271073 0.897506
vt 1.345165 0.897506
vt 1.419258 0.897506
vt 1.493350 0.897506
vt 1.567443 0.897506
vt 1.641536 0.897506
vt 1.715628 0.897506
vt 1.789721 0.897506
vt 1.863813 0.897506
vt 1.937906 0.897506
vn -0.473526 0.228603 0.850596
vn -0.835085 0.365009 0.411584
vn -0.386858 0.811142 0.438623
vn -0.112611 0.651508 0.750238
vn 0.002538 0.002326 0.999994
vn 0.220696 0.477679 0.850362
vn 0.451831 -0.196532 0.870186
vn 0.594184 0.308772 0.742701
vn 0.760987 -0.312436 0.568580
vn 0.837690 0.200171 0.508140
vn 0.919836 -0.360404 0.154953
vn 0.969063 0.171646 0.177355
vn 0.893306 -0.334576 -0.300107
vn 0.958823 0.161713 -0.233468
vn 0.649896 -0.242054 -0.720448
vn 0.742334 0.239982 -0.625579
vn 0.109409 -0.039681 -0.993204
vn 0.270014 0.453221 -0.849519
vn -0.477576 0.216855 -0.851408
vn -0.190396 0.670190 -0.717353
vn -0.831080 0.378400 -0.407578
vn -0.469721 0.778984 -0.415387
vn -0.921838 0.387241 -0.016133
vn -0.545727 0.836876 -0.042666
vn 0.143734 0.935674 0.322265
vn 0.229926 0.861912 0.451931
vn 0.367260 0.807411 0.461745
vn 0.566005 0.719833 0.401843
vn 0.695323 0.649376 0.307955
vn 0.751987 0.643062 0.144868
vn 0.758297 0.643932 -0.101675
vn 0.629635 0.694324 -0.348531
vn 0.349307 0.816732 -0.459275
vn 0.136857 0.910815 -0.389470
vn 0.024077 0.953211 -0.301345
vn 0.029121 0.998560 -0.045062
vn 0.560391 0.820745 0.111081
vn 0.494379 0.868522 0.035497
vn 0.408817 0.911303 -0.048947
vn 0.378642 0.924369 -0.046608
vn 0.363618 0.931411 0.016008
vn 0.342469 0.937699 0.058611
vn 0.334881 0.939627 0.070399
vn 0.317867 0.946389 0.057514
vn 0.323128 0.944369 0.061282
vn 0.435942 0.899608 0.025691
vn 0.506611 0.856102 -0.102146
vn 0.545561 0.837545 -0.029699
vn 0.832132 0.537447 -0.136776
vn 0.639449 0.653988 -0.404233
vn 0.342525 0.769885 -0.538473
vn 0.092552 0.877675 -0.470235
vn -0.074293 0.958149 -0.276463
vn -0.155556 0.987156 -0.036398
vn -0.163412 0.959639 0.228886
vn -0.075777 0.892788 0.444058
vn 0.204761 0.804658 0.557313
vn 0.634094 0.643495 0.428764
vn 0.843520 0.524425 0.115984
vn 0.873095 0.487291 -0.015912
vn 0.924586 0.118687 -0.362014
vn 0.626326 0.263590 -0.733646
vn 0.192826 0.435056 -0.879514
vn -0.210080 0.611502 -0.762845
vn -0.484468 0.731586 -0.479658
vn -0.618321 0.777885 -0.112132
vn -0.602153 0.726013 0.332139
vn -0.413164 0.608395 0.677607
vn 0.036765 0.465031 0.884531
vn 0.667293 0.225704 0.709773
vn 0.955780 0.074662 0.284449
vn 0.999295 0.036225 -0.009869
vn 0.794131 -0.350622 -0.496408
vn 0.461820 -0.189434 -0.866508
vn -0.000095 0.000095 -1.000000
vn -0.457051 0.202259 -0.866138
vn -0.763303 0.331395 -0.554567
vn -0.918509 0.363577 -0.155415
vn -0.879528 0.316933 0.354942
vn -0.632414 0.226028 0.740921
vn -0.133645 0.047623 0.989884
vn 0.541254 -0.224364 0.810373
vn 0.851820 -0.366617 0.374159
vn 0.900405 -0.435033 -0.004143
vn 0.452451 -0.739443 -0.498510
vn 0.189303 -0.586935 -0.787193
vn -0.192160 -0.433252 -0.880549
vn -0.594519 -0.255024 -0.762568
vn -0.855329 -0.142003 -0.498244
vn -0.978053 -0.132057 -0.161164
vn -0.944759 -0.159294 0.286452
vn -0.718725 -0.201912 0.665332
vn -0.280285 -0.374863 0.883696
vn 0.294117 -0.618479 0.728683
vn 0.554816 -0.730897 0.397452
vn 0.568007 -0.823005 0.005514
vn -0.025233 -0.930209 -0.366163
vn -0.135604 -0.842171 -0.521882
vn -0.340095 -0.765675 -0.545965
vn -0.588652 -0.656526 -0.471659
vn -0.741219 -0.587462 -0.324783
vn -0.802031 -0.582317 -0.132864
vn -0.786247 -0.599011 0.151666
vn -0.654426 -0.624539 0.426238
vn -0.371891 -0.737201 0.564120
vn -0.034577 -0.881035 0.471786
vn 0.085833 -0.943770 0.319266
vn 0.051434 -0.998230 0.029849
vn -0.481090 -0.864211 -0.147284
vn -0.440395 -0.889221 -0.123850
vn -0.406647 -0.911190 -0.066116
vn -0.432083 -0.900273 -0.053042
vn -0.432208 -0.899637 -0.062036
vn -0.432666 -0.898569 -0.073311
vn -0.423308 -0.905798 -0.018440
vn -0.406254 -0.912612 0.045803
vn -0.370487 -0.925340 0.080537
vn -0.358902 -0.929525 0.084698
vn -0.428986 -0.892149 0.141568
vn -0.464735 -0.884143 0.048097
vn -0.800991 -0.592897 0.082985
vn -0.643678 -0.698437 0.312834
vn -0.367330 -0.815433 0.447368
vn -0.153394 -0.906276 0.393870
vn 0.010407 -0.972599 0.232258
vn 0.073132 -0.997223 0.014089
vn 0.090754 -0.978918 -0.182984
vn -0.012284 -0.933873 -0.357394
vn -0.266086 -0.856707 -0.441873
vn -0.583466 -0.734440 -0.346648
vn -0.810143 -0.581067 -0.077648
vn -0.827837 -0.559096 0.045803
vn -0.946134 -0.172792 0.273811
vn -0.674640 -0.294973 0.676648
vn -0.218892 -0.481335 0.848766
vn 0.175187 -0.649029 0.740318
vn 0.458692 -0.754943 0.468682
vn 0.588534 -0.802592 0.097334
vn 0.592156 -0.754158 -0.283895
vn 0.386954 -0.668333 -0.635294
vn -0.087001 -0.526973 -0.845417
vn -0.631469 -0.316260 -0.707973
vn -0.952862 -0.120620 -0.278399
vn -0.992456 -0.120172 0.024290
vn 0.473526 0.228602 0.850596
vn 0.112611 0.651508 0.750238
vn 0.386859 0.811141 0.438624
vn 0.835085 0.365009 0.411584
vn -0.002539 0.002325 0.999994
vn -0.220697 0.477678 0.850362
vn -0.451831 -0.196532 0.870186
vn -0.594183 0.308770 0.742703
vn -0.760986 -0.312437 0.568580
vn -0.837689 0.200170 0.508143
vn -0.919837 -0.360403 0.154952
vn -0.969063 0.171645 0.177355
vn -0.893306 -0.334576 -0.300106
vn -0.958824 0.161711 -0.233467
vn -0.649895 -0.242057 -0.720447
vn -0.742334 0.239982 -0.625579
vn -0.109407 -0.039680 -0.993205
vn -0.270014 0.453221 -0.849519
vn 0.477575 0.216853 -0.851409
vn 0.190398 0.670189 -0.717353
vn 0.831079 0.378401 -0.407578
vn 0.469723 0.778982 -0.415388
vn 0.921836 0.387245 -0.016134
vn 0.545729 0.836875 -0.042666
vn -0.229925 0.861911 0.451933
vn -0.143732 0.935674 0.322266
vn -0.367260 0.807410 0.461745
vn -0.566006 0.719834 0.401842
vn -0.695323 0.649376 0.307955
vn -0.751988 0.643061 0.144869
vn -0.758298 0.643931 -0.101675
vn -0.629636 0.694322 -0.348533
vn -0.349308 0.816730 -0.459277
vn -0.136856 0.910814 -0.389471
vn -0.024077 0.953211 -0.301346
vn -0.029119 0.998560 -0.045061
vn -0.494381 0.868520 0.035497
vn -0.560391 0.820745 0.111081
vn -0.408818 0.911303 -0.048948
vn -0.378641 0.924369 -0.046610
vn -0.363618 0.931410 0.016007
vn -0.342469 0.937699 0.058612
vn -0.334881 0.939627 0.070399
vn -0.317867 0.946389 0.057515
vn -0.323128 0.944369 0.061282
vn -0.435942 0.899608 0.025690
vn -0.506610 0.856103 -0.102146
vn -0.545559 0.837546 -0.029699
vn -0.639450 0.653988 -0.404233
vn -0.832132 0.537447 -0.136776
vn -0.342524 0.769886 -0.538473
vn -0.092551 0.877675 -0.470235
vn 0.074294 0.958149 -0.276462
vn 0.155557 0.987156 -0.036398
vn 0.163411 0.959640 0.228885
vn 0.075776 0.892789 0.444056
vn -0.204763 0.804658 0.557313
vn -0.634096 0.643494 0.428764
vn -0.843520 0.524425 0.115984
vn -0.873094 0.487292 -0.015912
vn -0.626325 0.263591 -0.733646
vn -0.924586 0.118687 -0.362015
vn -0.192826 0.435056 -0.879514
vn 0.210083 0.611502 -0.762844
vn 0.484471 0.731585 -0.479658
vn 0.618323 0.777884 -0.112133
vn 0.602153 0.726014 0.332138
vn 0.413163 0.608396 0.677607
vn -0.036763 0.465030 0.884531
vn -0.667291 0.225703 0.709775
vn -0.955779 0.074660 0.284450
vn -0.999295 0.036223 -0.009869
vn -0.461822 -0.189436 -0.866507
vn -0.794131 -0.350623 -0.496407
vn 0.000095 0.000095 -1.000000
vn 0.457050 0.202260 -0.866139
vn 0.763304 0.331395 -0.554568
vn 0.918510 0.363575 -0.155415
vn 0.879528 0.316931 0.354943
vn 0.632415 0.226026 0.740921
vn 0.133647 0.047623 0.989884
vn -0.541254 -0.224364 0.810373
vn -0.851820 -0.366617 0.374159
vn -0.900405 -0.435033 -0.004143
vn -0.189304 -0.586935 -0.787192
vn -0.452452 -0.739443 -0.498510
vn 0.192159 -0.433251 -0.880550
vn 0.594519 -0.255021 -0.762569
vn 0.855330 -0.142000 -0.498244
vn 0.978053 -0.132058 -0.161165
vn 0.944759 -0.159298 0.286452
vn 0.718725 -0.201915 0.665331
vn 0.280286 -0.374864 0.883695
vn -0.294117 -0.618480 0.728682
vn -0.554817 -0.730897 0.397452
vn -0.568008 -0.823005 0.005514
vn 0.135603 -0.842170 -0.521883
vn 0.025232 -0.930208 -0.366164
vn 0.340093 -0.765675 -0.545966
vn 0.588652 -0.656526 -0.471658
vn 0.741218 -0.587463 -0.324782
vn 0.802033 -0.582315 -0.132865
vn 0.786249 -0.599008 0.151666
vn 0.654426 -0.624537 0.426239
vn 0.371891 -0.737201 0.564120
vn 0.034577 -0.881035 0.471786
vn -0.085835 -0.943770 0.319266
vn -0.051437 -0.998230 0.029849
vn 0.440395 -0.889221 -0.123849
vn 0.481089 -0.864211 -0.147284
vn 0.406648 -0.911190 -0.066114
vn 0.432081 -0.900274 -0.053039
vn 0.432205 -0.899639 -0.062035
vn 0.432665 -0.898569 -0.073311
vn 0.423310 -0.905797 -0.018439
vn 0.406255 -0.912611 0.045805
vn 0.370486 -0.925340 0.080538
vn 0.358902 -0.929525 0.084698
vn 0.428986 -0.892149 0.141567
vn 0.464734 -0.884143 0.048096
vn 0.643678 -0.698435 0.312837
vn 0.800990 -0.592898 0.082986
vn 0.367331 -0.815431 0.447371
vn 0.153395 -0.906276 0.393871
vn -0.010407 -0.972599 0.232258
vn -0.073133 -0.997223 0.014090
vn -0.090756 -0.978918 -0.182983
vn 0.012284 -0.933874 -0.357393
vn 0.266087 -0.856708 -0.441871
vn 0.583466 -0.734441 -0.346647
vn 0.810143 -0.581068 -0.077648
vn 0.827836 -0.559098 0.045803
vn 0.674639 -0.294973 0.676649
vn 0.946134 -0.172793 0.273811
vn 0.218892 -0.481335 0.848766
vn -0.175185 -0.649030 0.740318
vn -0.458691 -0.754945 0.468679
vn -0.588536 -0.802591 0.097333
vn -0.592157 -0.754159 -0.283894
vn -0.386951 -0.668334 -0.635293
vn 0.087001 -0.526972 -0.845418
vn 0.631469 -0.316260 -0.707974
vn 0.952862 -0.120620 -0.278398
vn 0.992456 -0.120174 0.024290
s 1
g TentProxy Ring
usemtl initialShadingGroup
f 1120/1523/2703 1119/1522/2704 1131/1535/2705 1132/1536/2706
f 1121/1524/2707 1120/1523/2703 1132/1536/2706 1133/1537/2708
f 1122/1525/2709 1121/1524/2707 1133/1537/2708 1134/1538/2710
f 1123/1526/2711 1122/1525/2709 1134/1538/2710 1135/1539/2712
f 1124/1527/2713 1123/1526/2711 1135/1539/2712 1136/1540/2714
f 1125/1528/2715 1124/1527/2713 1136/1540/2714 1137/1541/2716
f 1126/1529/2717 1125/1528/2715 1137/1541/2716 1138/1542/2718
f 1127/1530/2719 1126/1529/2717 1138/1542/2718 1139/1543/2720
f 1128/1531/2721 1127/1530/2719 1139/1543/2720 1140/1544/2722
f 1129/1532/2723 1128/1531/2721 1140/1544/2722 1141/1545/2724
f 1130/1533/2725 1129/1532/2723 1141/1545/2724 1142/1546/2726
f 1119/1534/2704 1130/1533/2725 1142/1546/2726 1131/1547/2705
f 1132/1536/2706 1131/1535/2705 1143/1548/2727 1144/1549/2728
f 1133/1537/2708 1132/1536/2706 1144/1549/2728 1145/1550/2729
f 1134/1538/2710 1133/1537/2708 1145/1550/2729 1146/1551/2730
f 1135/1539/2712 1134/1538/2710 1146/1551/2730 1147/1552/2731
f 1136/1540/2714 1135/1539/2712 1147/1552/2731 1148/1553/2732
f 1137/1541/2716 1136/1540/2714 1148/1553/2732 1149/1554/2733
f 1138/1542/2718 1137/1541/2716 1149/1554/2733 1150/1555/2734
f 1139/1543/2720 1138/1542/2718 1150/1555/2734 1151/1556/2735
f 1140/1544/2722 1139/1543/2720 1151/1556/2735 1152/1557/2736
f 1141/1545/2724 1140/1544/2722 1152/1557/2736 1153/1558/2737
f 1142/1546/2726 1141/1545/2724 1153/1558/2737 1154/1559/2738
f 1131/1547/2705 1142/1546/2726 1154/1559/2738 1143/1560/2727
f 1144/1549/2728 1143/1548/2727 1155/1561/2739 1156/1562/2740
f 1145/1550/2729 1144/1549/2728 1156/1562/2740 1157/1563/2741
f 1146/1551/2730 1145/1550/2729 1157/1563/2741 1158/1564/2742
f 1147/1552/2731 1146/1551/2730 1158/1564/2742 1159/1565/2743
f 1148/1553/2732 1147/1552/2731 1159/1565/2743 1160/1566/2744
f 1149/1554/2733 1148/1553/2732 1160/1566/2744 1161/1567/2745
f 1150/1555/2734 1149/1554/2733 1161/1567/2745 1162/1568/2746
f 1151/1556/2735 1150/1555/2734 1162/1568/2746 1163/1569/2747
f 1152/1557/2736 1151/1556/2735 1163/1569/2747 1164/1570/2748
f 1153/1558/2737 1152/1557/2736 1164/1570/2748 1165/1571/2749
f 1154/1559/2738 1153/1558/2737 1165/1571/2749 1166/1572/2750
f 1143/1560/2727 1154/1559/2738 1166/1572/2750 1155/1573/2739
f 1156/1562/2740 1155/1561/2739 1167/1574/2751 1168/1575/2752
f 1157/1563/2741 1156/1562/2740 1168/1575/2752 1169/1576/2753
f 1158/1564/2742 1157/1563/2741 1169/1576/2753 1170/1577/2754
f 1159/1565/2743 1158/1564/2742 1170/1577/2754 1171/1578/2755
f 1160/1566/2744 1159/1565/2743 1171/1578/2755 1172/1579/2756
f 1161/1567/2745 1160/1566/2744 1172/1579/2756 1173/1580/2757
f 1162/1568/2746 1161/1567/2745 1173/1580/2757 1174/1581/2758
f 1163/1569/2747 1162/1568/2746 1174/1581/2758 1175/1582/2759
f 1164/1570/2748 1163/1569/2747 1175/1582/2759 1176/1583/2760
f 1165/1571/2749 1164/1570/2748 1176/1583/2760 1177/1584/2761
f 1166/1572/2750 1165/1571/2749 1177/1584/2761 1178/1585/2762
f 1155/1573/2739 1166/1572/2750 1178/1585/2762 1167/1586/2751
f 1168/1575/2752 1167/1574/2751 1179/1587/2763 1180/1588/2764
f 1169/1576/2753 1168/1575/2752 1180/1588/2764 1181/1589/2765
f 1170/1577/2754 1169/1576/2753 1181/1589/2765 1182/1590/2766
f 1171/1578/2755 1170/1577/2754 1182/1590/2766 1183/1591/2767
f 1172/1579/2756 1171/1578/2755 1183/1591/2767 1184/1592/2768
f 1173/1580/2757 1172/1579/2756 1184/1592/2768 1185/1593/2769
f 1174/1581/2758 1173/1580/2757 1185/1593/2769 1186/1594/2770
f 1175/1582/2759 1174/1581/2758 1186/1594/2770 1187/1595/2771
f 1176/1583/2760 1175/1582/2759 1187/1595/2771 1188/1596/2772
f 1177/1584/2761 1176/1583/2760 1188/1596/2772 1189/1597/2773
f 1178/1585/2762 1177/1584/2761 1189/1597/2773 1190/1598/2774
f 1167/1586/2751 1178/1585/2762 1190/1598/2774 1179/1599/2763
f 1180/1588/2764 1179/1587/2763 1191/1600/2775 1192/1601/2776
f 1181/1589/2765 1180/1588/2764 1192/1601/2776 1193/1602/2777
f 1182/1590/2766 1181/1589/2765 1193/1602/2777 1194/1603/2778
f 1183/1591/2767 1182/1590/2766 1194/1603/2778 1195/1604/2779
f 1184/1592/2768 1183/1591/2767 1195/1604/2779 1196/1605/2780
f 1185/1593/2769 1184/1592/2768 1196/1605/2780 1197/1606/2781
f 1186/1594/2770 1185/1593/2769 1197/1606/2781 1198/1607/2782
f 1187/1595/2771 1186/1594/2770 1198/1607/2782 1199/1608/2783
f 1188/1596/2772 1187/1595/2771 1199/1608/2783 1200/1609/2784
f 1189/1597/2773 1188/1596/2772 1200/1609/2784 1201/1610/2785
f 1190/1598/2774 1189/1597/2773 1201/1610/2785 1202/1611/2786
f 1179/1599/2763 1190/1598/2774 1202/1611/2786 1191/1612/2775
f 1192/1601/2776 1191/1600/2775 1203/1613/2787 1204/1614/2788
f 1193/1602/2777 1192/1601/2776 1204/1614/2788 1205/1615/2789
f 1194/1603/2778 1193/1602/2777 1205/1615/2789 1206/1616/2790
f 1195/1604/2779 1194/1603/2778 1206/1616/2790 1207/1617/2791
f 1196/1605/2780 1195/1604/2779 1207/1617/2791 1208/1618/2792
f 1197/1606/2781 1196/1605/2780 1208/1618/2792 1209/1619/2793
f 1198/1607/2782 1197/1606/2781 1209/1619/2793 1210/1620/2794
f 1199/1608/2783 1198/1607/2782 1210/1620/2794 1211/1621/2795
f 1200/1609/2784 1199/1608/2783 1211/1621/2795 1212/1622/2796
f 1201/1610/2785 1200/1609/2784 1212/1622/2796 1213/1623/2797
f 1202/1611/2786 1201/1610/2785 1213/1623/2797 1214/1624/2798
f 1191/1612/2775 1202/1611/2786 1214/1624/2798 1203/1625/2787
f 1204/1614/2788 1203/1613/2787 1215/1626/2799 1216/1627/2800
f 1205/1615/2789 1204/1614/2788 1216/1627/2800 1217/1628/2801
f 1206/1616/2790 1205/1615/2789 1217/1628/2801 1218/1629/2802
f 1207/1617/2791 1206/1616/2790 1218/1629/2802 1219/1630/2803
f 1208/1618/2792 1207/1617/2791 1219/1630/2803 1220/1631/2804
f 1209/1619/2793 1208/1618/2792 1220/1631/2804 1221/1632/2805
f 1210/1620/2794 1209/1619/2793 1221/1632/2805 1222/1633/2806
f 1211/1621/2795 1210/1620/2794 1222/1633/2806 1223/1634/2807
f 1212/1622/2796 1211/1621/2795 1223/1634/2807 1224/1635/2808
f 1213/1623/2797 1212/1622/2796 1224/1635/2808 1225/1636/2809
f 1214/1624/2798 1213/1623/2797 1225/1636/2809 1226/1637/2810
f 1203/1625/2787 1214/1624/2798 1226/1637/2810 1215/1638/2799
f 1216/1627/2800 1215/1626/2799 1227/1639/2811 1228/1640/2812
f 1217/1628/2801 1216/1627/2800 1228/1640/2812 1229/1641/2813
f 1218/1629/2802 1217/1628/2801 1229/1641/2813 1230/1642/2814
f 1219/1630/2803 1218/1629/2802 1230/1642/2814 1231/1643/2815
f 1220/1631/2804 1219/1630/2803 1231/1643/2815 1232/1644/2816
f 1221/1632/2805 1220/1631/2804 1232/1644/2816 1233/1645/2817
f 1222/1633/2806 1221/1632/2805 1233/1645/2817 1234/1646/2818
f 1223/1634/2807 1222/1633/2806 1234/1646/2818 1235/1647/2819
f 1224/1635/2808 1223/1634/2807 1235/1647/2819 1236/1648/2820
f 1225/1636/2809 1224/1635/2808 1236/1648/2820 1237/1649/2821
f 1226/1637/2810 1225/1636/2809 1237/1649/2821 1238/1650/2822
f 1215/1638/2799 1226/1637/2810 1238/1650/2822 1227/1651/2811
f 1228/1640/2812 1227/1639/2811 1239/1652/2823 1240/1653/2824
f 1229/1641/2813 1228/1640/2812 1240/1653/2824 1241/1654/2825
f 1230/1642/2814 1229/1641/2813 1241/1654/2825 1242/1655/2826
f 1231/1643/2815 1230/1642/2814 1242/1655/2826 1243/1656/2827
f 1232/1644/2816 1231/1643/2815 1243/1656/2827 1244/1657/2828
f 1233/1645/2817 1232/1644/2816 1244/1657/2828 1245/1658/2829
f 1234/1646/2818 1233/1645/2817 1245/1658/2829 1246/1659/2830
f 1235/1647/2819 1234/1646/2818 1246/1659/2830 1247/1660/2831
f 1236/1648/2820 1235/1647/2819 1247/1660/2831 1248/1661/2832
f 1237/1649/2821 1236/1648/2820 1248/1661/2832 1249/1662/2833
f 1238/1650/2822 1237/1649/2821 1249/1662/2833 1250/1663/2834
f 1227/1651/2811 1238/1650/2822 1250/1663/2834 1239/1664/2823
f 1240/1653/2824 1239/1652/2823 1251/1665/2835 1252/1666/2836
f 1241/1654/2825 1240/1653/2824 1252/1666/2836 1253/1667/2837
f 1242/1655/2826 1241/1654/2825 1253/1667/2837 1254/1668/2838
f 1243/1656/2827 1242/1655/2826 1254/1668/2838 1255/1669/2839
f 1244/1657/2828 1243/1656/2827 1255/1669/2839 1256/1670/2840
f 1245/1658/2829 1244/1657/2828 1256/1670/2840 1257/1671/2841
f 1246/1659/2830 1245/1658/2829 1257/1671/2841 1258/1672/2842
f 1247/1660/2831 1246/1659/2830 1258/1672/2842 1259/1673/2843
f 1248/1661/2832 1247/1660/2831 1259/1673/2843 1260/1674/2844
f 1249/1662/2833 1248/1661/2832 1260/1674/2844 1261/1675/2845
f 1250/1663/2834 1249/1662/2833 1261/1675/2845 1262/1676/2846
f 1239/1664/2823 1250/1663/2834 1262/1676/2846 1251/1677/2835
f 1252/1666/2836 1251/1665/2835 1119/1678/2704 1120/1679/2703
f 1253/1667/2837 1252/1666/2836 1120/1679/2703 1121/1680/2707
f 1254/1668/2838 1253/1667/2837 1121/1680/2707 1122/1681/2709
f 1255/1669/2839 1254/1668/2838 1122/1681/2709 1123/1682/2711
f 1256/1670/2840 1255/1669/2839 1123/1682/2711 1124/1683/2713
f 1257/1671/2841 1256/1670/2840 1124/1683/2713 1125/1684/2715
f 1258/1672/2842 1257/1671/2841 1125/1684/2715 1126/1685/2717
f 1259/1673/2843 1258/1672/2842 1126/1685/2717 1127/1686/2719
f 1260/1674/2844 1259/1673/2843 1127/1686/2719 1128/1687/2721
f 1261/1675/2845 1260/1674/2844 1128/1687/2721 1129/1688/2723
f 1262/1676/2846 1261/1675/2845 1129/1688/2723 1130/1689/2725
f 1251/1677/2835 1262/1676/2846 1130/1689/2725 1119/1690/2704
s 2
f 1264/1691/2847 1276/1694/2848 1275/1693/2849 1263/1692/2850
f 1265/1695/2851 1277/1696/2852 1276/1694/2848 1264/1691/2847
f 1266/1697/2853 1278/1698/2854 1277/1696/2852 1265/1695/2851
f 1267/1699/2855 1279/1700/2856 1278/1698/2854 1266/1697/2853
f 1268/1701/2857 1280/1702/2858 1279/1700/2856 1267/1699/2855
f 1269/1703/2859 1281/1704/2860 1280/1702/2858 1268/1701/2857
f 1270/1705/2861 1282/1706/2862 1281/1704/2860 1269/1703/2859
f 1271/1707/2863 1283/1708/2864 1282/1706/2862 1270/1705/2861
f 1272/1709/2865 1284/1710/2866 1283/1708/2864 1271/1707/2863
f 1273/1711/2867 1285/1712/2868 1284/1710/2866 1272/1709/2865
f 1274/1713/2869 1286/1714/2870 1285/1712/2868 1273/1711/2867
f 1263/1715/2850 1275/1716/2849 1286/1714/2870 1274/1713/2869
f 1276/1694/2848 1288/1718/2871 1287/1717/2872 1275/1693/2849
f 1277/1696/2852 1289/1719/2873 1288/1718/2871 1276/1694/2848
f 1278/1698/2854 1290/1720/2874 1289/1719/2873 1277/1696/2852
f 1279/1700/2856 1291/1721/2875 1290/1720/2874 1278/1698/2854
f 1280/1702/2858 1292/1722/2876 1291/1721/2875 1279/1700/2856
f 1281/1704/2860 1293/1723/2877 1292/1722/2876 1280/1702/2858
f 1282/1706/2862 1294/1724/2878 1293/1723/2877 1281/1704/2860
f 1283/1708/2864 1295/1725/2879 1294/1724/2878 1282/1706/2862
f 1284/1710/2866 1296/1726/2880 1295/1725/2879 1283/1708/2864
f 1285/1712/2868 1297/1727/2881 1296/1726/2880 1284/1710/2866
f 1286/1714/2870 1298/1728/2882 1297/1727/2881 1285/1712/2868
f 1275/1716/2849 1287/1729/2872 1298/1728/2882 1286/1714/2870
f 1288/1718/2871 1300/1731/2883 1299/1730/2884 1287/1717/2872
f 1289/1719/2873 1301/1732/2885 1300/1731/2883 1288/1718/2871
f 1290/1720/2874 1302/1733/2886 1301/1732/2885 1289/1719/2873
f 1291/1721/2875 1303/1734/2887 1302/1733/2886 1290/1720/2874
f 1292/1722/2876 1304/1735/2888 1303/1734/2887 1291/1721/2875
f 1293/1723/2877 1305/1736/2889 1304/1735/2888 1292/1722/2876
f 1294/1724/2878 1306/1737/2890 1305/1736/2889 1293/1723/2877
f 1295/1725/2879 1307/1738/2891 1306/1737/2890 1294/1724/2878
f 1296/1726/2880 1308/1739/2892 1307/1738/2891 1295/1725/2879
f 1297/1727/2881 1309/1740/2893 1308/1739/2892 1296/1726/2880
f 1298/1728/2882 1310/1741/2894 1309/1740/2893 1297/1727/2881
f 1287/1729/2872 1299/1742/2884 1310/1741/2894 1298/1728/2882
f 1300/1731/2883 1312/1744/2895 1311/1743/2896 1299/1730/2884
f 1301/1732/2885 1313/1745/2897 1312/1744/2895 1300/1731/2883
f 1302/1733/2886 1314/1746/2898 1313/1745/2897 1301/1732/2885
f 1303/1734/2887 1315/1747/2899 1314/1746/2898 1302/1733/2886
f 1304/1735/2888 1316/1748/2900 1315/1747/2899 1303/1734/2887
f 1305/1736/2889 1317/1749/2901 1316/1748/2900 1304/1735/2888
f 1306/1737/2890 1318/1750/2902 1317/1749/2901 1305/1736/2889
f 1307/1738/2891 1319/1751/2903 1318/1750/2902 1306/1737/2890
f 1308/1739/2892 1320/1752/2904 1319/1751/2903 1307/1738/2891
f 1309/1740/2893 1321/1753/2905 1320/1752/2904 1308/1739/2892
f 1310/1741/2894 1322/1754/2906 1321/1753/2905 1309/1740/2893
f 1299/1742/2884 1311/1755/2896 1322/1754/2906 1310/1741/2894
f 1312/1744/2895 1324/1757/2907 1323/1756/2908 1311/1743/2896
f 1313/1745/2897 1325/1758/2909 1324/1757/2907 1312/1744/2895
f 1314/1746/2898 1326/1759/2910 1325/1758/2909 1313/1745/2897
f 1315/1747/2899 1327/1760/2911 1326/1759/2910 1314/1746/2898
f 1316/1748/2900 1328/1761/2912 1327/1760/2911 1315/1747/2899
f 1317/1749/2901 1329/1762/2913 1328/1761/2912 1316/1748/2900
f 1318/1750/2902 1330/1763/2914 1329/1762/2913 1317/1749/2901
f 1319/1751/2903 1331/1764/2915 1330/1763/2914 1318/1750/2902
f 1320/1752/2904 1332/1765/2916 1331/1764/2915 1319/1751/2903
f 1321/1753/2905 1333/1766/2917 1332/1765/2916 1320/1752/2904
f 1322/1754/2906 1334/1767/2918 1333/1766/2917 1321/1753/2905
f 1311/1755/2896 1323/1768/2908 1334/1767/2918 1322/1754/2906
f 1324/1757/2907 1336/1770/2919 1335/1769/2920 1323/1756/2908
f 1325/1758/2909 1337/1771/2921 1336/1770/2919 1324/1757/2907
f 1326/1759/2910 1338/1772/2922 1337/1771/2921 1325/1758/2909
f 1327/1760/2911 1339/1773/2923 1338/1772/2922 1326/1759/2910
f 1328/1761/2912 1340/1774/2924 1339/1773/2923 1327/1760/2911
f 1329/1762/2913 1341/1775/2925 1340/1774/2924 1328/1761/2912
f 1330/1763/2914 1342/1776/2926 1341/1775/2925 1329/1762/2913
f 1331/1764/2915 1343/1777/2927 1342/1776/2926 1330/1763/2914
f 1332/1765/2916 1344/1778/2928 1343/1777/2927 1331/1764/2915
f 1333/1766/2917 1345/1779/2929 1344/1778/2928 1332/1765/2916
f 1334/1767/2918 1346/1780/2930 1345/1779/2929 1333/1766/2917
f 1323/1768/2908 1335/1781/2920 1346/1780/2930 1334/1767/2918
f 1336/1770/2919 1348/1783/2931 1347/1782/2932 1335/1769/2920
f 1337/1771/2921 1349/1784/2933 1348/1783/2931 1336/1770/2919
f 1338/1772/2922 1350/1785/2934 1349/1784/2933 1337/1771/2921
f 1339/1773/2923 1351/1786/2935 1350/1785/2934 1338/1772/2922
f 1340/1774/2924 1352/1787/2936 1351/1786/2935 1339/1773/2923
f 1341/1775/2925 1353/1788/2937 1352/1787/2936 1340/1774/2924
f 1342/1776/2926 1354/1789/2938 1353/1788/2937 1341/1775/2925
f 1343/1777/2927 1355/1790/2939 1354/1789/2938 1342/1776/2926
f 1344/1778/2928 1356/1791/2940 1355/1790/2939 1343/1777/2927
f 1345/1779/2929 1357/1792/2941 1356/1791/2940 1344/1778/2928
f 1346/1780/2930 1358/1793/2942 1357/1792/2941 1345/1779/2929
f 1335/1781/2920 1347/1794/2932 1358/1793/2942 1346/1780/2930
f 1348/1783/2931 1360/1796/2943 1359/1795/2944 1347/1782/2932
f 1349/1784/2933 1361/1797/2945 1360/1796/2943 1348/1783/2931
f 1350/1785/2934 1362/1798/2946 1361/1797/2945 1349/1784/2933
f 1351/1786/2935 1363/1799/2947 1362/1798/2946 1350/1785/2934
f 1352/1787/2936 1364/1800/2948 1363/1799/2947 1351/1786/2935
f 1353/1788/2937 1365/1801/2949 1364/1800/2948 1352/1787/2936
f 1354/1789/2938 1366/1802/2950 1365/1801/2949 1353/1788/2937
f 1355/1790/2939 1367/1803/2951 1366/1802/2950 1354/1789/2938
f 1356/1791/2940 1368/1804/2952 1367/1803/2951 1355/1790/2939
f 1357/1792/2941 1369/1805/2953 1368/1804/2952 1356/1791/2940
f 1358/1793/2942 1370/1806/2954 1369/1805/2953 1357/1792/2941
f 1347/1794/2932 1359/1807/2944 1370/1806/2954 1358/1793/2942
f 1360/1796/2943 1372/1809/2955 1371/1808/2956 1359/1795/2944
f 1361/1797/2945 1373/1810/2957 1372/1809/2955 1360/1796/2943
f 1362/1798/2946 1374/1811/2958 1373/1810/2957 1361/1797/2945
f 1363/1799/2947 1375/1812/2959 1374/1811/2958 1362/1798/2946
f 1364/1800/2948 1376/1813/2960 1375/1812/2959 1363/1799/2947
f 1365/1801/2949 1377/1814/2961 1376/1813/2960 1364/1800/2948
f 1366/1802/2950 1378/1815/2962 1377/1814/2961 1365/1801/2949
f 1367/1803/2951 1379/1816/2963 1378/1815/2962 1366/1802/2950
f 1368/1804/2952 1380/1817/2964 1379/1816/2963 1367/1803/2951
f 1369/1805/2953 1381/1818/2965 1380/1817/2964 1368/1804/2952
f 1370/1806/2954 1382/1819/2966 1381/1818/2965 1369/1805/2953
f 1359/1807/2944 1371/1820/2956 1382/1819/2966 1370/1806/2954
f 1372/1809/2955 1384/1822/2967 1383/1821/2968 1371/1808/2956
f 1373/1810/2957 1385/1823/2969 1384/1822/2967 1372/1809/2955
f 1374/1811/2958 1386/1824/2970 1385/1823/2969 1373/1810/2957
f 1375/1812/2959 1387/1825/2971 1386/1824/2970 1374/1811/2958
f 1376/1813/2960 1388/1826/2972 1387/1825/2971 1375/1812/2959
f 1377/1814/2961 1389/1827/2973 1388/1826/2972 1376/1813/2960
f 1378/1815/2962 1390/1828/2974 1389/1827/2973 1377/1814/2961
f 1379/1816/2963 1391/1829/2975 1390/1828/2974 1378/1815/2962
f 1380/1817/2964 1392/1830/2976 1391/1829/2975 1379/1816/2963
f 1381/1818/2965 1393/1831/2977 1392/1830/2976 1380/1817/2964
f 1382/1819/2966 1394/1832/2978 1393/1831/2977 1381/1818/2965
f 1371/1820/2956 1383/1833/2968 1394/1832/2978 1382/1819/2966
f 1384/1822/2967 1396/1835/2979 1395/1834/2980 1383/1821/2968
f 1385/1823/2969 1397/1836/2981 1396/1835/2979 1384/1822/2967
f 1386/1824/2970 1398/1837/2982 1397/1836/2981 1385/1823/2969
f 1387/1825/2971 1399/1838/2983 1398/1837/2982 1386/1824/2970
f 1388/1826/2972 1400/1839/2984 1399/1838/2983 1387/1825/2971
f 1389/1827/2973 1401/1840/2985 1400/1839/2984 1388/1826/2972
f 1390/1828/2974 1402/1841/2986 1401/1840/2985 1389/1827/2973
f 1391/1829/2975 1403/1842/2987 1402/1841/2986 1390/1828/2974
f 1392/1830/2976 1404/1843/2988 1403/1842/2987 1391/1829/2975
f 1393/1831/2977 1405/1844/2989 1404/1843/2988 1392/1830/2976
f 1394/1832/2978 1406/1845/2990 1405/1844/2989 1393/1831/2977
f 1383/1833/2968 1395/1846/2980 1406/1845/2990 1394/1832/2978
f 1396/1835/2979 1264/1848/2847 1263/1847/2850 1395/1834/2980
f 1397/1836/2981 1265/1849/2851 1264/1848/2847 1396/1835/2979
f 1398/1837/2982 1266/1850/2853 1265/1849/2851 1397/1836/2981
f 1399/1838/2983 1267/1851/2855 1266/1850/2853 1398/1837/2982
f 1400/1839/2984 1268/1852/2857 1267/1851/2855 1399/1838/2983
f 1401/1840/2985 1269/1853/2859 1268/1852/2857 1400/1839/2984
f 1402/1841/2986 1270/1854/2861 1269/1853/2859 1401/1840/2985
f 1403/1842/2987 1271/1855/2863 1270/1854/2861 1402/1841/2986
f 1404/1843/2988 1272/1856/2865 1271/1855/2863 1403/1842/2987
f 1405/1844/2989 1273/1857/2867 1272/1856/2865 1404/1843/2988
f 1406/1845/2990 1274/1858/2869 1273/1857/2867 1405/1844/2989
f 1395/1846/2980 1263/1859/2850 1274/1858/2869 1406/1845/2990
g default
v -536.223572 331.189026 731.384827
v -553.919312 311.820496 703.221680
v -569.000671 281.871246 694.265381
v -582.825745 251.439590 703.221680
v -592.957275 227.965668 731.761902
v -596.735657 211.590118 780.036194
v -593.085938 213.670670 834.186279
v -582.973572 235.020706 876.211182
v -569.099304 270.918945 893.766846
v -555.198669 309.736115 884.270142
v -541.203369 333.101379 844.450500
v -528.308655 337.726227 779.842651
v -544.832275 337.972412 729.046509
v -563.431519 317.782379 700.636108
v -579.144470 286.479614 691.280151
v -593.587036 254.688950 700.636108
v -604.170593 230.200760 729.676086
v -608.118103 213.060928 778.292847
v -604.307861 214.962662 833.783875
v -593.742920 237.376083 878.074219
v -579.246704 275.127533 896.752075
v -564.724609 315.765198 885.409790
v -549.915710 339.924500 844.048767
v -536.117615 344.630127 778.012268
v -549.081909 347.679138 723.262878
v -569.440979 324.972656 693.572632
v -586.570312 289.853149 683.123779
v -602.699585 254.349579 693.572632
v -614.515747 227.401550 724.496033
v -618.918945 208.847656 774.748718
v -614.666260 210.680801 833.570007
v -602.864319 236.057281 883.297363
v -586.671326 278.648560 904.908447
v -570.458069 323.465912 890.524719
v -554.056946 349.589630 844.381104
v -538.530396 354.799896 774.171021
v -547.708435 357.660126 716.623596
v -570.249329 331.430939 683.923706
v -589.288391 291.087952 671.982239
v -607.721924 250.512421 683.923706
v -621.221252 220.232391 717.869141
v -626.246460 199.819809 771.800781
v -621.387085 201.822296 833.727356
v -607.895569 231.211823 890.046326
v -589.383423 280.526398 916.049988
v -570.864868 330.572601 898.258606
v -552.477295 359.491516 845.523499
v -534.909912 365.514160 769.898743
v -541.013306 365.215546 710.977783
v -565.555908 335.394318 674.274841
v -586.570312 289.853149 660.840637
v -607.308044 244.205673 674.274841
v -622.491333 210.530746 711.615540
v -628.137390 188.367981 770.313354
v -622.669800 190.714447 834.394897
v -607.489380 224.060333 895.583130
v -586.657166 280.216095 927.191589
v -565.836975 335.027344 906.544983
v -545.454590 366.921082 846.480896
v -526.288025 373.925812 766.625000
v -530.957153 368.384827 706.899780
v -556.623047 335.802765 667.211365
v -579.144470 286.479614 652.684387
v -601.568970 237.119186 667.211365
v -617.985474 200.898575 707.230103
v -624.082886 177.811432 769.467163
v -618.169495 180.464951 835.226990
v -601.753723 216.599274 898.483276
v -579.222900 277.772125 935.347778
v -556.721558 335.680176 913.696045
v -534.904297 369.900574 846.898926
v -515.013794 377.795715 764.601135
v -519.997559 366.227783 705.406982
v -545.923828 332.577209 664.626038
v -569.000671 281.871246 649.699036
v -592.042480 231.151810 664.626038
v -608.910461 193.994415 705.682617
v -615.169373 170.986496 769.331177
v -609.090637 173.987976 835.757202
v -592.223022 211.102753 898.151001
v -569.072815 273.862274 938.333191
v -545.959351 332.529358 917.513062
v -523.793030 367.685333 846.882202
v -503.635193 375.905396 764.016724
v -510.998352 359.294403 706.899780
v -536.383423 326.604492 667.211365
v -558.856812 277.262848 652.684387
v -581.281128 227.902451 667.211365
v -597.697205 191.739960 707.333862
v -603.785156 169.704483 769.906799
v -597.865723 173.038391 835.421387
v -581.449829 209.172714 897.265442
v -558.926025 269.573914 935.347778
v -536.432861 326.561951 916.748535
v -515.078125 360.861145 847.902649
v -495.188019 368.756439 764.601135
v -506.697845 349.568176 710.977783
v -530.551880 319.482544 674.274841
v -551.430969 273.889374 660.840637
v -572.168579 228.241837 674.274841
v -587.350342 194.739304 711.875854
v -592.980835 174.304230 771.068298
v -587.503357 177.738449 834.676086
v -572.322998 211.091476 894.188965
v -551.501221 266.084167 927.191589
v -530.695068 319.337952 911.650818
v -511.077362 351.249939 848.229736
v -492.378235 358.434143 766.625000
v -508.229675 339.647888 716.623596
v -529.928162 313.095184 683.923706
v -548.712891 272.654510 671.982239
v -567.146362 232.078964 683.923706
v -580.642639 202.147141 718.303528
v -585.651428 183.548309 772.651672
v -580.781860 186.683411 833.957703
v -567.290100 216.109863 888.917114
v -548.787964 264.317078 916.049988
v -530.284668 312.653442 903.532410
v -512.792847 341.400238 847.517822
v -495.930634 347.693726 769.823242
v -515.029358 332.132660 723.262878
v -534.636658 309.137573 693.572632
v -551.430969 273.889374 683.123779
v -567.560181 238.385757 693.572632
v -579.372375 211.865555 724.989319
v -583.762695 194.760391 775.450256
v -579.502136 197.458282 833.677917
v -567.699707 222.894379 882.850586
v -551.513611 264.707062 904.908447
v -535.312805 308.154724 894.459595
v -519.757507 333.948364 846.070068
v -504.891907 339.412537 774.009521
v -525.342896 329.062286 729.046509
v -543.448059 308.682526 700.636108
v -558.856812 277.262848 691.280151
v -573.299255 245.472214 700.636108
v -583.880066 221.288086 730.008606
v -587.820374 204.945999 778.670776
v -584.006165 207.289780 833.812012
v -573.440796 229.756470 878.074219
v -558.948120 267.119873 896.752075
v -544.432556 307.017548 887.395996
v -530.256348 330.949097 845.127625
v -516.877441 335.815674 777.923767
v 536.223572 331.188995 731.384827
v 553.919312 311.820465 703.221680
v 569.000671 281.871185 694.265381
v 582.825623 251.439575 703.221680
v 592.957275 227.965637 731.761902
v 596.735596 211.590118 780.036194
v 593.085938 213.670624 834.186279
v 582.973572 235.020676 876.211182
v 569.099182 270.918945 893.766846
v 555.198669 309.736115 884.270142
v 541.203369 333.101318 844.450500
v 528.308594 337.726196 779.842651
v 544.832214 337.972412 729.046509
v 563.431580 317.782379 700.636108
v 579.144531 286.479584 691.280151
v 593.586914 254.688904 700.636108
v 604.170593 230.200760 729.676086
v 608.118042 213.060913 778.292847
v 604.307861 214.962662 833.783875
v 593.742981 237.376022 878.074219
v 579.246643 275.127533 896.752075
v 564.724609 315.765167 885.409790
v 549.915710 339.924469 844.048767
v 536.117615 344.630127 778.012268
v 549.081909 347.679138 723.262878
v 569.440918 324.972656 693.572632
v 586.570251 289.853149 683.123779
v 602.699524 254.349548 693.572632
v 614.515747 227.401520 724.496033
v 618.918945 208.847656 774.748718
v 614.666138 210.680847 833.570007
v 602.864319 236.057266 883.297363
v 586.671265 278.648529 904.908447
v 570.458130 323.465881 890.524719
v 554.056824 349.589600 844.381104
v 538.530334 354.799896 774.171021
v 547.708374 357.660095 716.623596
v 570.249207 331.430908 683.923706
v 589.288330 291.087952 671.982239
v 607.721924 250.512451 683.923706
v 621.221252 220.232376 717.869141
v 626.246521 199.819809 771.800781
v 621.387024 201.822281 833.727356
v 607.895691 231.211777 890.046326
v 589.383423 280.526428 916.049988
v 570.864807 330.572510 898.258606
v 552.477295 359.491455 845.523499
v 534.909912 365.514160 769.898743
v 541.013306 365.215546 710.977783
v 565.555908 335.394287 674.274841
v 586.570251 289.853149 660.840637
v 607.308105 244.205627 674.274841
v 622.491394 210.530670 711.615540
v 628.137451 188.367935 770.313354
v 622.669800 190.714417 834.394897
v 607.489319 224.060303 895.583130
v 586.657227 280.216064 927.191589
v 565.836975 335.027313 906.544983
v 545.454468 366.921082 846.480896
v 526.288086 373.925751 766.625000
v 530.957092 368.384827 706.899780
v 556.623108 335.802734 667.211365
v 579.144531 286.479584 652.684387
v 601.568970 237.119156 667.211365
v 617.985535 200.898529 707.230103
v 624.082886 177.811432 769.467163
v 618.169556 180.464920 835.226990
v 601.753723 216.599243 898.483276
v 579.222961 277.772095 935.347778
v 556.721497 335.680176 913.696045
v 534.904236 369.900543 846.898926
v 515.013794 377.795715 764.601135
v 519.997559 366.227692 705.406982
v 545.923889 332.577209 664.626038
v 569.000671 281.871185 649.699036
v 592.042480 231.151779 664.626038
v 608.910461 193.994431 705.682617
v 615.169250 170.986481 769.331177
v 609.090637 173.987900 835.757202
v 592.222961 211.102737 898.151001
v 569.072815 273.862213 938.333191
v 545.959412 332.529327 917.513062
v 523.793030 367.685272 846.882202
v 503.635193 375.905426 764.016724
v 510.998322 359.294403 706.899780
v 536.383423 326.604431 667.211365
v 558.856812 277.262817 652.684387
v 581.281128 227.902405 667.211365
v 597.697205 191.739944 707.333862
v 603.785156 169.704437 769.906799
v 597.865723 173.038330 835.421387
v 581.449890 209.172668 897.265442
v 558.926025 269.573883 935.347778
v 536.432800 326.561920 916.748535
v 515.078125 360.861145 847.902649
v 495.188049 368.756378 764.601135
v 506.697845 349.568115 710.977783
v 530.551819 319.482544 674.274841
v 551.431030 273.889343 660.840637
v 572.168518 228.241821 674.274841
v 587.350342 194.739288 711.875854
v 592.980774 174.304214 771.068298
v 587.503357 177.738464 834.676086
v 572.322998 211.091461 894.188965
v 551.501221 266.084229 927.191589
v 530.695129 319.337921 911.650818
v 511.077362 351.249939 848.229736
v 492.378235 358.434113 766.625000
v 508.229706 339.647888 716.623596
v 529.928162 313.095184 683.923706
v 548.712891 272.654480 671.982239
v 567.146362 232.078979 683.923706
v 580.642700 202.147064 718.303528
v 585.651367 183.548325 772.651672
v 580.781860 186.683365 833.957703
v 567.290100 216.109863 888.917114
v 548.787964 264.317047 916.049988
v 530.284668 312.653412 903.532410
v 512.792908 341.400238 847.517822
v 495.930634 347.693726 769.823242
v 515.029358 332.132660 723.262878
v 534.636597 309.137512 693.572632
v 551.431030 273.889343 683.123779
v 567.560181 238.385742 693.572632
v 579.372375 211.865494 724.989319
v 583.762695 194.760345 775.450256
v 579.502197 197.458237 833.677917
v 567.699707 222.894348 882.850586
v 551.513611 264.707062 904.908447
v 535.312866 308.154755 894.459595
v 519.757507 333.948364 846.070068
v 504.891846 339.412537 774.009521
v 525.342896 329.062256 729.046509
v 543.448120 308.682495 700.636108
v 558.856812 277.262817 691.280151
v 573.299194 245.472137 700.636108
v 583.880066 221.288101 730.008606
v 587.820435 204.945984 778.670776
v 584.006165 207.289734 833.812012
v 573.440796 229.756454 878.074219
v 558.948059 267.119873 896.752075
v 544.432617 307.017487 887.395996
v 530.256287 330.949097 845.127625
v 516.877380 335.815674 777.923767
vt 1.048795 0.968647
vt 1.122888 0.968647
vt 1.196980 0.968647
vt 1.271073 0.968647
vt 1.345165 0.968647
vt 1.419258 0.968647
vt 1.493350 0.968647
vt 1.567443 0.968647
vt 1.641536 0.968647
vt 1.715628 0.968647
vt 1.789721 0.968647
vt 1.863813 0.968647
vt 1.937906 0.968647
vt 1.048795 0.962719
vt 1.122888 0.962719
vt 1.196980 0.962719
vt 1.271073 0.962719
vt 1.345165 0.962719
vt 1.419258 0.962719
vt 1.493350 0.962719
vt 1.567443 0.962719
vt 1.641536 0.962719
vt 1.715628 0.962719
vt 1.789721 0.962719
vt 1.863813 0.962719
vt 1.937906 0.962719
vt 1.048795 0.956791
vt 1.122888 0.956791
vt 1.196980 0.956791
vt 1.271073 0.956791
vt 1.345165 0.956791
vt 1.419258 0.956791
vt 1.493350 0.956791
vt 1.567443 0.956791
vt 1.641536 0.956791
vt 1.715628 0.956791
vt 1.789721 0.956791
vt 1.863813 0.956791
vt 1.937906 0.956791
vt 1.048795 0.950862
vt 1.122888 0.950862
vt 1.196980 0.950862
vt 1.271073 0.950862
vt 1.345165 0.950862
vt 1.419258 0.950862
vt 1.493350 0.950862
vt 1.567443 0.950862
vt 1.641536 0.950862
vt 1.715628 0.950862
vt 1.789721 0.950862
vt 1.863813 0.950862
vt 1.937906 0.950862
vt 1.048795 0.944934
vt 1.122888 0.944934
vt 1.196980 0.944934
vt 1.271073 0.944934
vt 1.345165 0.944934
vt 1.419258 0.944934
vt 1.493350 0.944934
vt 1.567443 0.944934
vt 1.641536 0.944934
vt 1.715628 0.944934
vt 1.789721 0.944934
vt 1.863813 0.944934
vt 1.937906 0.944934
vt 1.048795 0.939005
vt 1.122888 0.939005
vt 1.196980 0.939005
vt 1.271073 0.939005
vt 1.345165 0.939005
vt 1.419258 0.939005
vt 1.493350 0.939005
vt 1.567443 0.939005
vt 1.641536 0.939005
vt 1.715628 0.939005
vt 1.789721 0.939005
vt 1.863813 0.939005
vt 1.937906 0.939005
vt 1.048795 0.933077
vt 1.122888 0.933077
vt 1.196980 0.933077
vt 1.271073 0.933077
vt 1.345165 0.933077
vt 1.419258 0.933077
vt 1.493350 0.933077
vt 1.567443 0.933077
vt 1.641536 0.933077
vt 1.715628 0.933077
vt 1.789721 0.933077
vt 1.863813 0.933077
vt 1.937906 0.933077
vt 1.048795 0.927148
vt 1.122888 0.927148
vt 1.196980 0.927148
vt 1.271073 0.927148
vt 1.345165 0.927148
vt 1.419258 0.927148
vt 1.493350 0.927148
vt 1.567443 0.927148
vt 1.641536 0.927148
vt 1.715628 0.927148
vt 1.789721 0.927148
vt 1.863813 0.927148
vt 1.937906 0.927148
vt 1.048795 0.921220
vt 1.122888 0.921220
vt 1.196980 0.921220
vt 1.271073 0.921220
vt 1.345165 0.921220
vt 1.419258 0.921220
vt 1.493350 0.921220
vt 1.567443 0.921220
vt 1.641536 0.921220
vt 1.715628 0.921220
vt 1.789721 0.921220
vt 1.863813 0.921220
vt 1.937906 0.921220
vt 1.048795 0.915291
vt 1.122888 0.915291
vt 1.196980 0.915291
vt 1.271073 0.915291
vt 1.345165 0.915291
vt 1.419258 0.915291
vt 1.493350 0.915291
vt 1.567443 0.915291
vt 1.641536 0.915291
vt 1.715628 0.915291
vt 1.789721 0.915291
vt 1.863813 0.915291
vt 1.937906 0.915291
vt 1.048795 0.909363
vt 1.122888 0.909363
vt 1.196980 0.909363
vt 1.271073 0.909363
vt 1.345165 0.909363
vt 1.419258 0.909363
vt 1.493350 0.909363
vt 1.567443 0.909363
vt 1.641536 0.909363
vt 1.715628 0.909363
vt 1.789721 0.909363
vt 1.863813 0.909363
vt 1.937906 0.909363
vt 1.048795 0.903434
vt 1.122888 0.903434
vt 1.196980 0.903434
vt 1.271073 0.903434
vt 1.345165 0.903434
vt 1.419258 0.903434
vt 1.493350 0.903434
vt 1.567443 0.903434
vt 1.641536 0.903434
vt 1.715628 0.903434
vt 1.789721 0.903434
vt 1.863813 0.903434
vt 1.937906 0.903434
vt 1.048795 0.897506
vt 1.122888 0.897506
vt 1.196980 0.897506
vt 1.271073 0.897506
vt 1.345165 0.897506
vt 1.419258 0.897506
vt 1.493350 0.897506
vt 1.567443 0.897506
vt 1.641536 0.897506
vt 1.715628 0.897506
vt 1.789721 0.897506
vt 1.863813 0.897506
vt 1.937906 0.897506
vt 1.122888 0.968647
vt 1.048795 0.968647
vt 1.048795 0.962719
vt 1.122888 0.962719
vt 1.196980 0.968647
vt 1.196980 0.962719
vt 1.271073 0.968647
vt 1.271073 0.962719
vt 1.345165 0.968647
vt 1.345165 0.962719
vt 1.419258 0.968647
vt 1.419258 0.962719
vt 1.493350 0.968647
vt 1.493350 0.962719
vt 1.567443 0.968647
vt 1.567443 0.962719
vt 1.641536 0.968647
vt 1.641536 0.962719
vt 1.715628 0.968647
vt 1.715628 0.962719
vt 1.789721 0.968647
vt 1.789721 0.962719
vt 1.863813 0.968647
vt 1.863813 0.962719
vt 1.937906 0.968647
vt 1.937906 0.962719
vt 1.048795 0.956791
vt 1.122888 0.956791
vt 1.196980 0.956791
vt 1.271073 0.956791
vt 1.345165 0.956791
vt 1.419258 0.956791
vt 1.493350 0.956791
vt 1.567443 0.956791
vt 1.641536 0.956791
vt 1.715628 0.956791
vt 1.789721 0.956791
vt 1.863813 0.956791
vt 1.937906 0.956791
vt 1.048795 0.950862
vt 1.122888 0.950862
vt 1.196980 0.950862
vt 1.271073 0.950862
vt 1.345165 0.950862
vt 1.419258 0.950862
vt 1.493350 0.950862
vt 1.567443 0.950862
vt 1.641536 0.950862
vt 1.715628 0.950862
vt 1.789721 0.950862
vt 1.863813 0.950862
vt 1.937906 0.950862
vt 1.048795 0.944934
vt 1.122888 0.944934
vt 1.196980 0.944934
vt 1.271073 0.944934
vt 1.345165 0.944934
vt 1.419258 0.944934
vt 1.493350 0.944934
vt 1.567443 0.944934
vt 1.641536 0.944934
vt 1.715628 0.944934
vt 1.789721 0.944934
vt 1.863813 0.944934
vt 1.937906 0.944934
vt 1.048795 0.939005
vt 1.122888 0.939005
vt 1.196980 0.939005
vt 1.271073 0.939005
vt 1.345165 0.939005
vt 1.419258 0.939005
vt 1.493350 0.939005
vt 1.567443 0.939005
vt 1.641536 0.939005
vt 1.715628 0.939005
vt 1.789721 0.939005
vt 1.863813 0.939005
vt 1.937906 0.939005
vt 1.048795 0.933077
vt 1.122888 0.933077
vt 1.196980 0.933077
vt 1.271073 0.933077
vt 1.345165 0.933077
vt 1.419258 0.933077
vt 1.493350 0.933077
vt 1.567443 0.933077
vt 1.641536 0.933077
vt 1.715628 0.933077
vt 1.789721 0.933077
vt 1.863813 0.933077
vt 1.937906 0.933077
vt 1.048795 0.927148
vt 1.122888 0.927148
vt 1.196980 0.927148
vt 1.271073 0.927148
vt 1.345165 0.927148
vt 1.419258 0.927148
vt 1.493350 0.927148
vt 1.567443 0.927148
vt 1.641536 0.927148
vt 1.715628 0.927148
vt 1.789721 0.927148
vt 1.863813 0.927148
vt 1.937906 0.927148
vt 1.048795 0.921220
vt 1.122888 0.921220
vt 1.196980 0.921220
vt 1.271073 0.921220
vt 1.345165 0.921220
vt 1.419258 0.921220
vt 1.493350 0.921220
vt 1.567443 0.921220
vt 1.641536 0.921220
vt 1.715628 0.921220
vt 1.789721 0.921220
vt 1.863813 0.921220
vt 1.937906 0.921220
vt 1.048795 0.915291
vt 1.122888 0.915291
vt 1.196980 0.915291
vt 1.271073 0.915291
vt 1.345165 0.915291
vt 1.419258 0.915291
vt 1.493350 0.915291
vt 1.567443 0.915291
vt 1.641536 0.915291
vt 1.715628 0.915291
vt 1.789721 0.915291
vt 1.863813 0.915291
vt 1.937906 0.915291
vt 1.048795 0.909363
vt 1.122888 0.909363
vt 1.196980 0.909363
vt 1.271073 0.909363
vt 1.345165 0.909363
vt 1.419258 0.909363
vt 1.493350 0.909363
vt 1.567443 0.909363
vt 1.641536 0.909363
vt 1.715628 0.909363
vt 1.789721 0.909363
vt 1.863813 0.909363
vt 1.937906 0.909363
vt 1.048795 0.903434
vt 1.122888 0.903434
vt 1.196980 0.903434
vt 1.271073 0.903434
vt 1.345165 0.903434
vt 1.419258 0.903434
vt 1.493350 0.903434
vt 1.567443 0.903434
vt 1.641536 0.903434
vt 1.715628 0.903434
vt 1.789721 0.903434
vt 1.863813 0.903434
vt 1.937906 0.903434
vt 1.048795 0.897506
vt 1.122888 0.897506
vt 1.196980 0.897506
vt 1.271073 0.897506
vt 1.345165 0.897506
vt 1.419258 0.897506
vt 1.493350 0.897506
vt 1.567443 0.897506
vt 1.641536 0.897506
vt 1.715628 0.897506
vt 1.789721 0.897506
vt 1.863813 0.897506
vt 1.937906 0.897506
vn -0.232856 -0.471449 0.850597
vn -0.374295 -0.835476 0.402347
vn -0.818517 -0.379393 0.431382
vn -0.652495 -0.106742 0.750237
vn -0.002301 0.002559 0.999994
vn -0.475673 0.224988 0.850362
vn 0.215270 0.489235 0.845167
vn -0.305973 0.625720 0.717534
vn 0.334923 0.809389 0.482406
vn -0.205276 0.877269 0.433891
vn 0.368531 0.922034 0.118484
vn -0.165988 0.975762 0.142610
vn 0.344807 0.894909 -0.283278
vn -0.139915 0.965450 -0.219841
vn 0.248447 0.649140 -0.718952
vn -0.223267 0.747341 -0.625807
vn 0.057900 0.092960 -0.993985
vn -0.435978 0.248508 -0.864967
vn -0.200380 -0.552143 -0.809312
vn -0.645365 -0.286788 -0.707995
vn -0.374424 -0.861888 -0.341989
vn -0.763747 -0.536630 -0.358774
vn -0.395994 -0.918067 -0.018492
vn -0.834337 -0.549840 -0.039477
vn -0.935111 0.153989 0.319147
vn -0.859806 0.237674 0.451935
vn -0.804071 0.374514 0.461746
vn -0.717191 0.579709 0.386750
vn -0.655693 0.706814 0.265483
vn -0.640413 0.757889 0.124400
vn -0.627411 0.773083 -0.093265
vn -0.679985 0.642852 -0.352651
vn -0.814322 0.340031 -0.470381
vn -0.913413 0.076462 -0.399789
vn -0.961748 -0.032589 -0.271989
vn -0.999041 0.021939 -0.037882
vn -0.815536 0.568025 0.110675
vn -0.864034 0.502181 0.035497
vn -0.907584 0.417007 -0.048947
vn -0.920882 0.387036 -0.046687
vn -0.929886 0.367581 0.014015
vn -0.934613 0.351214 0.056102
vn -0.938219 0.338612 0.071328
vn -0.945290 0.320401 0.061393
vn -0.939310 0.335255 0.072803
vn -0.894770 0.445935 0.022971
vn -0.862065 0.498096 -0.093509
vn -0.837456 0.545936 -0.024943
vn -0.529977 0.836921 -0.136703
vn -0.648204 0.645310 -0.404235
vn -0.766769 0.349442 -0.538476
vn -0.879206 0.100911 -0.465634
vn -0.965111 -0.068399 -0.252749
vn -0.989138 -0.144282 -0.028081
vn -0.959486 -0.179648 0.217058
vn -0.883273 -0.106440 0.456617
vn -0.783196 0.229414 0.577905
vn -0.605947 0.682868 0.408069
vn -0.509343 0.854204 0.104430
vn -0.481546 0.876285 -0.015389
vn -0.110358 0.925616 -0.362016
vn -0.257941 0.628673 -0.733646
vn -0.433302 0.196736 -0.879514
vn -0.616162 -0.205060 -0.760457
vn -0.747937 -0.488214 -0.449709
vn -0.785491 -0.610621 -0.100732
vn -0.720075 -0.622913 0.305730
vn -0.580900 -0.458420 0.672611
vn -0.445685 0.061361 0.893085
vn -0.202987 0.728675 0.654087
vn -0.063764 0.965396 0.252872
vn -0.027574 0.999571 -0.009858
vn 0.357759 0.790941 -0.496408
vn 0.193586 0.460095 -0.866508
vn -0.000096 -0.000094 -1.000000
vn -0.206448 -0.457559 -0.864881
vn -0.342622 -0.779789 -0.523965
vn -0.371173 -0.917696 -0.141652
vn -0.323813 -0.889405 0.322651
vn -0.227086 -0.664692 0.711770
vn -0.060909 -0.111571 0.991888
vn 0.209042 0.621646 0.754889
vn 0.361871 0.871329 0.331415
vn 0.439353 0.898307 -0.003795
vn 0.743486 0.445776 -0.498510
vn 0.588616 0.184012 -0.787192
vn 0.431504 -0.196053 -0.880550
vn 0.252632 -0.600049 -0.759024
vn 0.141960 -0.873864 -0.464982
vn 0.130321 -0.981093 -0.143087
vn 0.132059 -0.954878 0.266024
vn 0.156680 -0.741251 0.652685
vn 0.331503 -0.267694 0.904680
vn 0.593133 0.384092 0.707578
vn 0.721681 0.591423 0.359716
vn 0.821987 0.569476 0.005905
vn 0.929957 -0.033706 -0.366121
vn 0.840914 -0.143179 -0.521884
vn 0.762582 -0.346973 -0.545965
vn 0.653773 -0.596615 -0.465438
vn 0.589442 -0.752640 -0.293413
vn 0.585862 -0.802676 -0.111700
vn 0.578882 -0.801950 0.147555
vn 0.585987 -0.681117 0.438975
vn 0.708286 -0.377922 0.596243
vn 0.877725 0.026080 0.478454
vn 0.949019 0.114850 0.293551
vn 0.998080 0.055202 0.028098
vn 0.859402 -0.489749 -0.146884
vn 0.885219 -0.448384 -0.123849
vn 0.907491 -0.414836 -0.066115
vn 0.896267 -0.440332 -0.053042
vn 0.896236 -0.440407 -0.052939
vn 0.901090 -0.430015 -0.055900
vn 0.904866 -0.425522 -0.012200
vn 0.908416 -0.415059 0.050070
vn 0.920089 -0.381832 0.087410
vn 0.931510 -0.352575 0.089327
vn 0.891638 -0.434359 0.127725
vn 0.883762 -0.465964 0.042918
vn 0.584806 -0.807017 0.082003
vn 0.692611 -0.649942 0.312835
vn 0.812090 -0.374660 0.447369
vn 0.912554 -0.157439 0.377436
vn 0.980393 0.003100 0.197027
vn 0.997184 0.073242 0.016114
vn 0.979351 0.108782 -0.170404
vn 0.929195 0.003734 -0.369572
vn 0.850624 -0.269142 -0.451665
vn 0.717342 -0.612567 -0.331936
vn 0.554678 -0.829246 -0.068427
vn 0.552696 -0.832309 0.042295
vn 0.164625 -0.949224 0.268091
vn 0.288885 -0.677268 0.676648
vn 0.479345 -0.223215 0.848766
vn 0.673066 0.190402 0.714653
vn 0.786511 0.475273 0.394356
vn 0.806077 0.586826 0.076650
vn 0.751157 0.604088 -0.266159
vn 0.659860 0.394894 -0.639252
vn 0.526089 -0.091957 -0.845443
vn 0.298566 -0.680264 -0.669402
vn 0.092277 -0.967027 -0.237368
vn 0.106384 -0.994094 0.021416
vn 0.232856 -0.471449 0.850596
vn 0.652497 -0.106739 0.750236
vn 0.818517 -0.379393 0.431382
vn 0.374296 -0.835475 0.402348
vn 0.002303 0.002559 0.999994
vn 0.475675 0.224988 0.850361
vn -0.215268 0.489236 0.845167
vn 0.305973 0.625719 0.717535
vn -0.334923 0.809389 0.482407
vn 0.205277 0.877268 0.433892
vn -0.368534 0.922033 0.118484
vn 0.165987 0.975762 0.142611
vn -0.344808 0.894908 -0.283279
vn 0.139913 0.965450 -0.219841
vn -0.248446 0.649138 -0.718953
vn 0.223266 0.747342 -0.625806
vn -0.057900 0.092959 -0.993985
vn 0.435978 0.248508 -0.864967
vn 0.200381 -0.552143 -0.809312
vn 0.645366 -0.286788 -0.707994
vn 0.374422 -0.861888 -0.341989
vn 0.763750 -0.536626 -0.358775
vn 0.395992 -0.918068 -0.018492
vn 0.834339 -0.549836 -0.039477
vn 0.859807 0.237678 0.451931
vn 0.935111 0.153991 0.319146
vn 0.804071 0.374515 0.461745
vn 0.717189 0.579709 0.386753
vn 0.655692 0.706814 0.265484
vn 0.640412 0.757890 0.124401
vn 0.627411 0.773083 -0.093265
vn 0.679983 0.642852 -0.352654
vn 0.814320 0.340033 -0.470384
vn 0.913413 0.076464 -0.399788
vn 0.961749 -0.032587 -0.271989
vn 0.999042 0.021935 -0.037882
vn 0.864034 0.502180 0.035499
vn 0.815538 0.568021 0.110676
vn 0.907584 0.417007 -0.048945
vn 0.920881 0.387038 -0.046685
vn 0.929884 0.367585 0.014016
vn 0.934611 0.351219 0.056102
vn 0.938218 0.338614 0.071329
vn 0.945291 0.320400 0.061393
vn 0.939310 0.335256 0.072803
vn 0.894770 0.445935 0.022970
vn 0.862067 0.498093 -0.093509
vn 0.837457 0.545934 -0.024943
vn 0.648206 0.645310 -0.404232
vn 0.529978 0.836920 -0.136702
vn 0.766771 0.349444 -0.538471
vn 0.879207 0.100910 -0.465631
vn 0.965111 -0.068400 -0.252748
vn 0.989138 -0.144284 -0.028080
vn 0.959486 -0.179648 0.217058
vn 0.883274 -0.106438 0.456616
vn 0.783197 0.229415 0.577903
vn 0.605946 0.682868 0.408069
vn 0.509343 0.854204 0.104430
vn 0.481548 0.876285 -0.015389
vn 0.257941 0.628673 -0.733646
vn 0.110356 0.925617 -0.362015
vn 0.433303 0.196735 -0.879514
vn 0.616161 -0.205061 -0.760457
vn 0.747933 -0.488219 -0.449709
vn 0.785487 -0.610626 -0.100732
vn 0.720073 -0.622916 0.305729
vn 0.580898 -0.458424 0.672610
vn 0.445684 0.061359 0.893085
vn 0.202987 0.728675 0.654086
vn 0.063766 0.965396 0.252872
vn 0.027574 0.999571 -0.009859
vn -0.193584 0.460096 -0.866508
vn -0.357759 0.790940 -0.496409
vn 0.000097 -0.000095 -1.000000
vn 0.206448 -0.457559 -0.864881
vn 0.342621 -0.779789 -0.523966
vn 0.371172 -0.917696 -0.141653
vn 0.323814 -0.889405 0.322651
vn 0.227085 -0.664692 0.711771
vn 0.060910 -0.111571 0.991888
vn -0.209040 0.621645 0.754891
vn -0.361872 0.871328 0.331416
vn -0.439355 0.898306 -0.003795
vn -0.588614 0.184013 -0.787193
vn -0.743486 0.445776 -0.498510
vn -0.431503 -0.196053 -0.880550
vn -0.252631 -0.600051 -0.759024
vn -0.141960 -0.873865 -0.464982
vn -0.130323 -0.981092 -0.143088
vn -0.132060 -0.954878 0.266024
vn -0.156683 -0.741251 0.652685
vn -0.331502 -0.267692 0.904681
vn -0.593132 0.384093 0.707579
vn -0.721681 0.591423 0.359716
vn -0.821987 0.569476 0.005905
vn -0.840915 -0.143180 -0.521883
vn -0.929957 -0.033708 -0.366120
vn -0.762583 -0.346973 -0.545965
vn -0.653774 -0.596614 -0.465437
vn -0.589443 -0.752639 -0.293413
vn -0.585863 -0.802676 -0.111700
vn -0.578881 -0.801951 0.147555
vn -0.585987 -0.681117 0.438975
vn -0.708288 -0.377922 0.596241
vn -0.877726 0.026079 0.478453
vn -0.949019 0.114851 0.293551
vn -0.998080 0.055203 0.028098
vn -0.885219 -0.448386 -0.123849
vn -0.859401 -0.489750 -0.146883
vn -0.907491 -0.414837 -0.066115
vn -0.896268 -0.440330 -0.053041
vn -0.896238 -0.440404 -0.052939
vn -0.901090 -0.430014 -0.055900
vn -0.904866 -0.425522 -0.012200
vn -0.908415 -0.415060 0.050070
vn -0.920089 -0.381833 0.087411
vn -0.931510 -0.352576 0.089327
vn -0.891638 -0.434360 0.127726
vn -0.883762 -0.465964 0.042919
vn -0.692612 -0.649941 0.312834
vn -0.584807 -0.807017 0.082002
vn -0.812091 -0.374660 0.447369
vn -0.912555 -0.157440 0.377435
vn -0.980393 0.003100 0.197027
vn -0.997184 0.073246 0.016114
vn -0.979351 0.108786 -0.170405
vn -0.929195 0.003735 -0.369572
vn -0.850624 -0.269142 -0.451664
vn -0.717343 -0.612566 -0.331936
vn -0.554680 -0.829245 -0.068427
vn -0.552698 -0.832308 0.042295
vn -0.288886 -0.677267 0.676649
vn -0.164626 -0.949224 0.268091
vn -0.479346 -0.223216 0.848765
vn -0.673068 0.190402 0.714652
vn -0.786511 0.475273 0.394356
vn -0.806077 0.586826 0.076650
vn -0.751158 0.604087 -0.266160
vn -0.659861 0.394894 -0.639252
vn -0.526091 -0.091957 -0.845442
vn -0.298568 -0.680264 -0.669401
vn -0.092279 -0.967027 -0.237366
vn -0.106386 -0.994094 0.021416
s 1
g TentProxy Ring1
usemtl initialShadingGroup
f 1408/1861/2991 1407/1860/2992 1419/1873/2993 1420/1874/2994
f 1409/1862/2995 1408/1861/2991 1420/1874/2994 1421/1875/2996
f 1410/1863/2997 1409/1862/2995 1421/1875/2996 1422/1876/2998
f 1411/1864/2999 1410/1863/2997 1422/1876/2998 1423/1877/3000
f 1412/1865/3001 1411/1864/2999 1423/1877/3000 1424/1878/3002
f 1413/1866/3003 1412/1865/3001 1424/1878/3002 1425/1879/3004
f 1414/1867/3005 1413/1866/3003 1425/1879/3004 1426/1880/3006
f 1415/1868/3007 1414/1867/3005 1426/1880/3006 1427/1881/3008
f 1416/1869/3009 1415/1868/3007 1427/1881/3008 1428/1882/3010
f 1417/1870/3011 1416/1869/3009 1428/1882/3010 1429/1883/3012
f 1418/1871/3013 1417/1870/3011 1429/1883/3012 1430/1884/3014
f 1407/1872/2992 1418/1871/3013 1430/1884/3014 1419/1885/2993
f 1420/1874/2994 1419/1873/2993 1431/1886/3015 1432/1887/3016
f 1421/1875/2996 1420/1874/2994 1432/1887/3016 1433/1888/3017
f 1422/1876/2998 1421/1875/2996 1433/1888/3017 1434/1889/3018
f 1423/1877/3000 1422/1876/2998 1434/1889/3018 1435/1890/3019
f 1424/1878/3002 1423/1877/3000 1435/1890/3019 1436/1891/3020
f 1425/1879/3004 1424/1878/3002 1436/1891/3020 1437/1892/3021
f 1426/1880/3006 1425/1879/3004 1437/1892/3021 1438/1893/3022
f 1427/1881/3008 1426/1880/3006 1438/1893/3022 1439/1894/3023
f 1428/1882/3010 1427/1881/3008 1439/1894/3023 1440/1895/3024
f 1429/1883/3012 1428/1882/3010 1440/1895/3024 1441/1896/3025
f 1430/1884/3014 1429/1883/3012 1441/1896/3025 1442/1897/3026
f 1419/1885/2993 1430/1884/3014 1442/1897/3026 1431/1898/3015
f 1432/1887/3016 1431/1886/3015 1443/1899/3027 1444/1900/3028
f 1433/1888/3017 1432/1887/3016 1444/1900/3028 1445/1901/3029
f 1434/1889/3018 1433/1888/3017 1445/1901/3029 1446/1902/3030
f 1435/1890/3019 1434/1889/3018 1446/1902/3030 1447/1903/3031
f 1436/1891/3020 1435/1890/3019 1447/1903/3031 1448/1904/3032
f 1437/1892/3021 1436/1891/3020 1448/1904/3032 1449/1905/3033
f 1438/1893/3022 1437/1892/3021 1449/1905/3033 1450/1906/3034
f 1439/1894/3023 1438/1893/3022 1450/1906/3034 1451/1907/3035
f 1440/1895/3024 1439/1894/3023 1451/1907/3035 1452/1908/3036
f 1441/1896/3025 1440/1895/3024 1452/1908/3036 1453/1909/3037
f 1442/1897/3026 1441/1896/3025 1453/1909/3037 1454/1910/3038
f 1431/1898/3015 1442/1897/3026 1454/1910/3038 1443/1911/3027
f 1444/1900/3028 1443/1899/3027 1455/1912/3039 1456/1913/3040
f 1445/1901/3029 1444/1900/3028 1456/1913/3040 1457/1914/3041
f 1446/1902/3030 1445/1901/3029 1457/1914/3041 1458/1915/3042
f 1447/1903/3031 1446/1902/3030 1458/1915/3042 1459/1916/3043
f 1448/1904/3032 1447/1903/3031 1459/1916/3043 1460/1917/3044
f 1449/1905/3033 1448/1904/3032 1460/1917/3044 1461/1918/3045
f 1450/1906/3034 1449/1905/3033 1461/1918/3045 1462/1919/3046
f 1451/1907/3035 1450/1906/3034 1462/1919/3046 1463/1920/3047
f 1452/1908/3036 1451/1907/3035 1463/1920/3047 1464/1921/3048
f 1453/1909/3037 1452/1908/3036 1464/1921/3048 1465/1922/3049
f 1454/1910/3038 1453/1909/3037 1465/1922/3049 1466/1923/3050
f 1443/1911/3027 1454/1910/3038 1466/1923/3050 1455/1924/3039
f 1456/1913/3040 1455/1912/3039 1467/1925/3051 1468/1926/3052
f 1457/1914/3041 1456/1913/3040 1468/1926/3052 1469/1927/3053
f 1458/1915/3042 1457/1914/3041 1469/1927/3053 1470/1928/3054
f 1459/1916/3043 1458/1915/3042 1470/1928/3054 1471/1929/3055
f 1460/1917/3044 1459/1916/3043 1471/1929/3055 1472/1930/3056
f 1461/1918/3045 1460/1917/3044 1472/1930/3056 1473/1931/3057
f 1462/1919/3046 1461/1918/3045 1473/1931/3057 1474/1932/3058
f 1463/1920/3047 1462/1919/3046 1474/1932/3058 1475/1933/3059
f 1464/1921/3048 1463/1920/3047 1475/1933/3059 1476/1934/3060
f 1465/1922/3049 1464/1921/3048 1476/1934/3060 1477/1935/3061
f 1466/1923/3050 1465/1922/3049 1477/1935/3061 1478/1936/3062
f 1455/1924/3039 1466/1923/3050 1478/1936/3062 1467/1937/3051
f 1468/1926/3052 1467/1925/3051 1479/1938/3063 1480/1939/3064
f 1469/1927/3053 1468/1926/3052 1480/1939/3064 1481/1940/3065
f 1470/1928/3054 1469/1927/3053 1481/1940/3065 1482/1941/3066
f 1471/1929/3055 1470/1928/3054 1482/1941/3066 1483/1942/3067
f 1472/1930/3056 1471/1929/3055 1483/1942/3067 1484/1943/3068
f 1473/1931/3057 1472/1930/3056 1484/1943/3068 1485/1944/3069
f 1474/1932/3058 1473/1931/3057 1485/1944/3069 1486/1945/3070
f 1475/1933/3059 1474/1932/3058 1486/1945/3070 1487/1946/3071
f 1476/1934/3060 1475/1933/3059 1487/1946/3071 1488/1947/3072
f 1477/1935/3061 1476/1934/3060 1488/1947/3072 1489/1948/3073
f 1478/1936/3062 1477/1935/3061 1489/1948/3073 1490/1949/3074
f 1467/1937/3051 1478/1936/3062 1490/1949/3074 1479/1950/3063
f 1480/1939/3064 1479/1938/3063 1491/1951/3075 1492/1952/3076
f 1481/1940/3065 1480/1939/3064 1492/1952/3076 1493/1953/3077
f 1482/1941/3066 1481/1940/3065 1493/1953/3077 1494/1954/3078
f 1483/1942/3067 1482/1941/3066 1494/1954/3078 1495/1955/3079
f 1484/1943/3068 1483/1942/3067 1495/1955/3079 1496/1956/3080
f 1485/1944/3069 1484/1943/3068 1496/1956/3080 1497/1957/3081
f 1486/1945/3070 1485/1944/3069 1497/1957/3081 1498/1958/3082
f 1487/1946/3071 1486/1945/3070 1498/1958/3082 1499/1959/3083
f 1488/1947/3072 1487/1946/3071 1499/1959/3083 1500/1960/3084
f 1489/1948/3073 1488/1947/3072 1500/1960/3084 1501/1961/3085
f 1490/1949/3074 1489/1948/3073 1501/1961/3085 1502/1962/3086
f 1479/1950/3063 1490/1949/3074 1502/1962/3086 1491/1963/3075
f 1492/1952/3076 1491/1951/3075 1503/1964/3087 1504/1965/3088
f 1493/1953/3077 1492/1952/3076 1504/1965/3088 1505/1966/3089
f 1494/1954/3078 1493/1953/3077 1505/1966/3089 1506/1967/3090
f 1495/1955/3079 1494/1954/3078 1506/1967/3090 1507/1968/3091
f 1496/1956/3080 1495/1955/3079 1507/1968/3091 1508/1969/3092
f 1497/1957/3081 1496/1956/3080 1508/1969/3092 1509/1970/3093
f 1498/1958/3082 1497/1957/3081 1509/1970/3093 1510/1971/3094
f 1499/1959/3083 1498/1958/3082 1510/1971/3094 1511/1972/3095
f 1500/1960/3084 1499/1959/3083 1511/1972/3095 1512/1973/3096
f 1501/1961/3085 1500/1960/3084 1512/1973/3096 1513/1974/3097
f 1502/1962/3086 1501/1961/3085 1513/1974/3097 1514/1975/3098
f 1491/1963/3075 1502/1962/3086 1514/1975/3098 1503/1976/3087
f 1504/1965/3088 1503/1964/3087 1515/1977/3099 1516/1978/3100
f 1505/1966/3089 1504/1965/3088 1516/1978/3100 1517/1979/3101
f 1506/1967/3090 1505/1966/3089 1517/1979/3101 1518/1980/3102
f 1507/1968/3091 1506/1967/3090 1518/1980/3102 1519/1981/3103
f 1508/1969/3092 1507/1968/3091 1519/1981/3103 1520/1982/3104
f 1509/1970/3093 1508/1969/3092 1520/1982/3104 1521/1983/3105
f 1510/1971/3094 1509/1970/3093 1521/1983/3105 1522/1984/3106
f 1511/1972/3095 1510/1971/3094 1522/1984/3106 1523/1985/3107
f 1512/1973/3096 1511/1972/3095 1523/1985/3107 1524/1986/3108
f 1513/1974/3097 1512/1973/3096 1524/1986/3108 1525/1987/3109
f 1514/1975/3098 1513/1974/3097 1525/1987/3109 1526/1988/3110
f 1503/1976/3087 1514/1975/3098 1526/1988/3110 1515/1989/3099
f 1516/1978/3100 1515/1977/3099 1527/1990/3111 1528/1991/3112
f 1517/1979/3101 1516/1978/3100 1528/1991/3112 1529/1992/3113
f 1518/1980/3102 1517/1979/3101 1529/1992/3113 1530/1993/3114
f 1519/1981/3103 1518/1980/3102 1530/1993/3114 1531/1994/3115
f 1520/1982/3104 1519/1981/3103 1531/1994/3115 1532/1995/3116
f 1521/1983/3105 1520/1982/3104 1532/1995/3116 1533/1996/3117
f 1522/1984/3106 1521/1983/3105 1533/1996/3117 1534/1997/3118
f 1523/1985/3107 1522/1984/3106 1534/1997/3118 1535/1998/3119
f 1524/1986/3108 1523/1985/3107 1535/1998/3119 1536/1999/3120
f 1525/1987/3109 1524/1986/3108 1536/1999/3120 1537/2000/3121
f 1526/1988/3110 1525/1987/3109 1537/2000/3121 1538/2001/3122
f 1515/1989/3099 1526/1988/3110 1538/2001/3122 1527/2002/3111
f 1528/1991/3112 1527/1990/3111 1539/2003/3123 1540/2004/3124
f 1529/1992/3113 1528/1991/3112 1540/2004/3124 1541/2005/3125
f 1530/1993/3114 1529/1992/3113 1541/2005/3125 1542/2006/3126
f 1531/1994/3115 1530/1993/3114 1542/2006/3126 1543/2007/3127
f 1532/1995/3116 1531/1994/3115 1543/2007/3127 1544/2008/3128
f 1533/1996/3117 1532/1995/3116 1544/2008/3128 1545/2009/3129
f 1534/1997/3118 1533/1996/3117 1545/2009/3129 1546/2010/3130
f 1535/1998/3119 1534/1997/3118 1546/2010/3130 1547/2011/3131
f 1536/1999/3120 1535/1998/3119 1547/2011/3131 1548/2012/3132
f 1537/2000/3121 1536/1999/3120 1548/2012/3132 1549/2013/3133
f 1538/2001/3122 1537/2000/3121 1549/2013/3133 1550/2014/3134
f 1527/2002/3111 1538/2001/3122 1550/2014/3134 1539/2015/3123
f 1540/2004/3124 1539/2003/3123 1407/2016/2992 1408/2017/2991
f 1541/2005/3125 1540/2004/3124 1408/2017/2991 1409/2018/2995
f 1542/2006/3126 1541/2005/3125 1409/2018/2995 1410/2019/2997
f 1543/2007/3127 1542/2006/3126 1410/2019/2997 1411/2020/2999
f 1544/2008/3128 1543/2007/3127 1411/2020/2999 1412/2021/3001
f 1545/2009/3129 1544/2008/3128 1412/2021/3001 1413/2022/3003
f 1546/2010/3130 1545/2009/3129 1413/2022/3003 1414/2023/3005
f 1547/2011/3131 1546/2010/3130 1414/2023/3005 1415/2024/3007
f 1548/2012/3132 1547/2011/3131 1415/2024/3007 1416/2025/3009
f 1549/2013/3133 1548/2012/3132 1416/2025/3009 1417/2026/3011
f 1550/2014/3134 1549/2013/3133 1417/2026/3011 1418/2027/3013
f 1539/2015/3123 1550/2014/3134 1418/2027/3013 1407/2028/2992
s 2
f 1552/2029/3135 1564/2032/3136 1563/2031/3137 1551/2030/3138
f 1553/2033/3139 1565/2034/3140 1564/2032/3136 1552/2029/3135
f 1554/2035/3141 1566/2036/3142 1565/2034/3140 1553/2033/3139
f 1555/2037/3143 1567/2038/3144 1566/2036/3142 1554/2035/3141
f 1556/2039/3145 1568/2040/3146 1567/2038/3144 1555/2037/3143
f 1557/2041/3147 1569/2042/3148 1568/2040/3146 1556/2039/3145
f 1558/2043/3149 1570/2044/3150 1569/2042/3148 1557/2041/3147
f 1559/2045/3151 1571/2046/3152 1570/2044/3150 1558/2043/3149
f 1560/2047/3153 1572/2048/3154 1571/2046/3152 1559/2045/3151
f 1561/2049/3155 1573/2050/3156 1572/2048/3154 1560/2047/3153
f 1562/2051/3157 1574/2052/3158 1573/2050/3156 1561/2049/3155
f 1551/2053/3138 1563/2054/3137 1574/2052/3158 1562/2051/3157
f 1564/2032/3136 1576/2056/3159 1575/2055/3160 1563/2031/3137
f 1565/2034/3140 1577/2057/3161 1576/2056/3159 1564/2032/3136
f 1566/2036/3142 1578/2058/3162 1577/2057/3161 1565/2034/3140
f 1567/2038/3144 1579/2059/3163 1578/2058/3162 1566/2036/3142
f 1568/2040/3146 1580/2060/3164 1579/2059/3163 1567/2038/3144
f 1569/2042/3148 1581/2061/3165 1580/2060/3164 1568/2040/3146
f 1570/2044/3150 1582/2062/3166 1581/2061/3165 1569/2042/3148
f 1571/2046/3152 1583/2063/3167 1582/2062/3166 1570/2044/3150
f 1572/2048/3154 1584/2064/3168 1583/2063/3167 1571/2046/3152
f 1573/2050/3156 1585/2065/3169 1584/2064/3168 1572/2048/3154
f 1574/2052/3158 1586/2066/3170 1585/2065/3169 1573/2050/3156
f 1563/2054/3137 1575/2067/3160 1586/2066/3170 1574/2052/3158
f 1576/2056/3159 1588/2069/3171 1587/2068/3172 1575/2055/3160
f 1577/2057/3161 1589/2070/3173 1588/2069/3171 1576/2056/3159
f 1578/2058/3162 1590/2071/3174 1589/2070/3173 1577/2057/3161
f 1579/2059/3163 1591/2072/3175 1590/2071/3174 1578/2058/3162
f 1580/2060/3164 1592/2073/3176 1591/2072/3175 1579/2059/3163
f 1581/2061/3165 1593/2074/3177 1592/2073/3176 1580/2060/3164
f 1582/2062/3166 1594/2075/3178 1593/2074/3177 1581/2061/3165
f 1583/2063/3167 1595/2076/3179 1594/2075/3178 1582/2062/3166
f 1584/2064/3168 1596/2077/3180 1595/2076/3179 1583/2063/3167
f 1585/2065/3169 1597/2078/3181 1596/2077/3180 1584/2064/3168
f 1586/2066/3170 1598/2079/3182 1597/2078/3181 1585/2065/3169
f 1575/2067/3160 1587/2080/3172 1598/2079/3182 1586/2066/3170
f 1588/2069/3171 1600/2082/3183 1599/2081/3184 1587/2068/3172
f 1589/2070/3173 1601/2083/3185 1600/2082/3183 1588/2069/3171
f 1590/2071/3174 1602/2084/3186 1601/2083/3185 1589/2070/3173
f 1591/2072/3175 1603/2085/3187 1602/2084/3186 1590/2071/3174
f 1592/2073/3176 1604/2086/3188 1603/2085/3187 1591/2072/3175
f 1593/2074/3177 1605/2087/3189 1604/2086/3188 1592/2073/3176
f 1594/2075/3178 1606/2088/3190 1605/2087/3189 1593/2074/3177
f 1595/2076/3179 1607/2089/3191 1606/2088/3190 1594/2075/3178
f 1596/2077/3180 1608/2090/3192 1607/2089/3191 1595/2076/3179
f 1597/2078/3181 1609/2091/3193 1608/2090/3192 1596/2077/3180
f 1598/2079/3182 1610/2092/3194 1609/2091/3193 1597/2078/3181
f 1587/2080/3172 1599/2093/3184 1610/2092/3194 1598/2079/3182
f 1600/2082/3183 1612/2095/3195 1611/2094/3196 1599/2081/3184
f 1601/2083/3185 1613/2096/3197 1612/2095/3195 1600/2082/3183
f 1602/2084/3186 1614/2097/3198 1613/2096/3197 1601/2083/3185
f 1603/2085/3187 1615/2098/3199 1614/2097/3198 1602/2084/3186
f 1604/2086/3188 1616/2099/3200 1615/2098/3199 1603/2085/3187
f 1605/2087/3189 1617/2100/3201 1616/2099/3200 1604/2086/3188
f 1606/2088/3190 1618/2101/3202 1617/2100/3201 1605/2087/3189
f 1607/2089/3191 1619/2102/3203 1618/2101/3202 1606/2088/3190
f 1608/2090/3192 1620/2103/3204 1619/2102/3203 1607/2089/3191
f 1609/2091/3193 1621/2104/3205 1620/2103/3204 1608/2090/3192
f 1610/2092/3194 1622/2105/3206 1621/2104/3205 1609/2091/3193
f 1599/2093/3184 1611/2106/3196 1622/2105/3206 1610/2092/3194
f 1612/2095/3195 1624/2108/3207 1623/2107/3208 1611/2094/3196
f 1613/2096/3197 1625/2109/3209 1624/2108/3207 1612/2095/3195
f 1614/2097/3198 1626/2110/3210 1625/2109/3209 1613/2096/3197
f 1615/2098/3199 1627/2111/3211 1626/2110/3210 1614/2097/3198
f 1616/2099/3200 1628/2112/3212 1627/2111/3211 1615/2098/3199
f 1617/2100/3201 1629/2113/3213 1628/2112/3212 1616/2099/3200
f 1618/2101/3202 1630/2114/3214 1629/2113/3213 1617/2100/3201
f 1619/2102/3203 1631/2115/3215 1630/2114/3214 1618/2101/3202
f 1620/2103/3204 1632/2116/3216 1631/2115/3215 1619/2102/3203
f 1621/2104/3205 1633/2117/3217 1632/2116/3216 1620/2103/3204
f 1622/2105/3206 1634/2118/3218 1633/2117/3217 1621/2104/3205
f 1611/2106/3196 1623/2119/3208 1634/2118/3218 1622/2105/3206
f 1624/2108/3207 1636/2121/3219 1635/2120/3220 1623/2107/3208
f 1625/2109/3209 1637/2122/3221 1636/2121/3219 1624/2108/3207
f 1626/2110/3210 1638/2123/3222 1637/2122/3221 1625/2109/3209
f 1627/2111/3211 1639/2124/3223 1638/2123/3222 1626/2110/3210
f 1628/2112/3212 1640/2125/3224 1639/2124/3223 1627/2111/3211
f 1629/2113/3213 1641/2126/3225 1640/2125/3224 1628/2112/3212
f 1630/2114/3214 1642/2127/3226 1641/2126/3225 1629/2113/3213
f 1631/2115/3215 1643/2128/3227 1642/2127/3226 1630/2114/3214
f 1632/2116/3216 1644/2129/3228 1643/2128/3227 1631/2115/3215
f 1633/2117/3217 1645/2130/3229 1644/2129/3228 1632/2116/3216
f 1634/2118/3218 1646/2131/3230 1645/2130/3229 1633/2117/3217
f 1623/2119/3208 1635/2132/3220 1646/2131/3230 1634/2118/3218
f 1636/2121/3219 1648/2134/3231 1647/2133/3232 1635/2120/3220
f 1637/2122/3221 1649/2135/3233 1648/2134/3231 1636/2121/3219
f 1638/2123/3222 1650/2136/3234 1649/2135/3233 1637/2122/3221
f 1639/2124/3223 1651/2137/3235 1650/2136/3234 1638/2123/3222
f 1640/2125/3224 1652/2138/3236 1651/2137/3235 1639/2124/3223
f 1641/2126/3225 1653/2139/3237 1652/2138/3236 1640/2125/3224
f 1642/2127/3226 1654/2140/3238 1653/2139/3237 1641/2126/3225
f 1643/2128/3227 1655/2141/3239 1654/2140/3238 1642/2127/3226
f 1644/2129/3228 1656/2142/3240 1655/2141/3239 1643/2128/3227
f 1645/2130/3229 1657/2143/3241 1656/2142/3240 1644/2129/3228
f 1646/2131/3230 1658/2144/3242 1657/2143/3241 1645/2130/3229
f 1635/2132/3220 1647/2145/3232 1658/2144/3242 1646/2131/3230
f 1648/2134/3231 1660/2147/3243 1659/2146/3244 1647/2133/3232
f 1649/2135/3233 1661/2148/3245 1660/2147/3243 1648/2134/3231
f 1650/2136/3234 1662/2149/3246 1661/2148/3245 1649/2135/3233
f 1651/2137/3235 1663/2150/3247 1662/2149/3246 1650/2136/3234
f 1652/2138/3236 1664/2151/3248 1663/2150/3247 1651/2137/3235
f 1653/2139/3237 1665/2152/3249 1664/2151/3248 1652/2138/3236
f 1654/2140/3238 1666/2153/3250 1665/2152/3249 1653/2139/3237
f 1655/2141/3239 1667/2154/3251 1666/2153/3250 1654/2140/3238
f 1656/2142/3240 1668/2155/3252 1667/2154/3251 1655/2141/3239
f 1657/2143/3241 1669/2156/3253 1668/2155/3252 1656/2142/3240
f 1658/2144/3242 1670/2157/3254 1669/2156/3253 1657/2143/3241
f 1647/2145/3232 1659/2158/3244 1670/2157/3254 1658/2144/3242
f 1660/2147/3243 1672/2160/3255 1671/2159/3256 1659/2146/3244
f 1661/2148/3245 1673/2161/3257 1672/2160/3255 1660/2147/3243
f 1662/2149/3246 1674/2162/3258 1673/2161/3257 1661/2148/3245
f 1663/2150/3247 1675/2163/3259 1674/2162/3258 1662/2149/3246
f 1664/2151/3248 1676/2164/3260 1675/2163/3259 1663/2150/3247
f 1665/2152/3249 1677/2165/3261 1676/2164/3260 1664/2151/3248
f 1666/2153/3250 1678/2166/3262 1677/2165/3261 1665/2152/3249
f 1667/2154/3251 1679/2167/3263 1678/2166/3262 1666/2153/3250
f 1668/2155/3252 1680/2168/3264 1679/2167/3263 1667/2154/3251
f 1669/2156/3253 1681/2169/3265 1680/2168/3264 1668/2155/3252
f 1670/2157/3254 1682/2170/3266 1681/2169/3265 1669/2156/3253
f 1659/2158/3244 1671/2171/3256 1682/2170/3266 1670/2157/3254
f 1672/2160/3255 1684/2173/3267 1683/2172/3268 1671/2159/3256
f 1673/2161/3257 1685/2174/3269 1684/2173/3267 1672/2160/3255
f 1674/2162/3258 1686/2175/3270 1685/2174/3269 1673/2161/3257
f 1675/2163/3259 1687/2176/3271 1686/2175/3270 1674/2162/3258
f 1676/2164/3260 1688/2177/3272 1687/2176/3271 1675/2163/3259
f 1677/2165/3261 1689/2178/3273 1688/2177/3272 1676/2164/3260
f 1678/2166/3262 1690/2179/3274 1689/2178/3273 1677/2165/3261
f 1679/2167/3263 1691/2180/3275 1690/2179/3274 1678/2166/3262
f 1680/2168/3264 1692/2181/3276 1691/2180/3275 1679/2167/3263
f 1681/2169/3265 1693/2182/3277 1692/2181/3276 1680/2168/3264
f 1682/2170/3266 1694/2183/3278 1693/2182/3277 1681/2169/3265
f 1671/2171/3256 1683/2184/3268 1694/2183/3278 1682/2170/3266
f 1684/2173/3267 1552/2186/3135 1551/2185/3138 1683/2172/3268
f 1685/2174/3269 1553/2187/3139 1552/2186/3135 1684/2173/3267
f 1686/2175/3270 1554/2188/3141 1553/2187/3139 1685/2174/3269
f 1687/2176/3271 1555/2189/3143 1554/2188/3141 1686/2175/3270
f 1688/2177/3272 1556/2190/3145 1555/2189/3143 1687/2176/3271
f 1689/2178/3273 1557/2191/3147 1556/2190/3145 1688/2177/3272
f 1690/2179/3274 1558/2192/3149 1557/2191/3147 1689/2178/3273
f 1691/2180/3275 1559/2193/3151 1558/2192/3149 1690/2179/3274
f 1692/2181/3276 1560/2194/3153 1559/2193/3151 1691/2180/3275
f 1693/2182/3277 1561/2195/3155 1560/2194/3153 1692/2181/3276
f 1694/2183/3278 1562/2196/3157 1561/2195/3155 1693/2182/3277
f 1683/2184/3268 1551/2197/3138 1562/2196/3157 1694/2183/3278
g default
v -301.650116 355.922729 745.887268
v -299.168152 374.693939 725.561096
v -302.601532 398.650238 719.097168
v -306.977814 422.373627 725.561096
v -310.668884 440.453033 743.220825
v -315.191223 451.707703 770.010864
v -316.493256 448.969391 803.379822
v -313.667511 432.155304 833.710449
v -307.063904 405.175171 846.380737
v -299.271088 376.456024 839.916931
v -297.912415 356.846039 816.050720
v -303.637604 348.785400 779.256226
v -293.753357 355.460114 744.199524
v -291.075745 375.090607 723.695129
v -294.693787 400.108978 716.942505
v -299.265411 424.891846 723.695129
v -303.107483 443.758362 742.143494
v -307.845215 455.535217 769.400391
v -309.316071 452.836548 803.479431
v -306.319336 435.206024 835.054932
v -299.319031 406.872070 848.535400
v -291.142731 376.818634 841.782837
v -289.937958 356.402649 816.606567
v -296.164703 347.921204 778.278564
v -287.230774 351.467407 740.025330
v -284.549866 373.314240 718.597168
v -288.904846 401.176880 711.055969
v -294.010468 428.854126 718.597168
v -298.138184 449.685760 739.200195
v -303.189789 462.487915 768.169617
v -304.950867 459.647247 804.334717
v -301.463440 439.751862 838.824646
v -293.470032 407.852112 854.421936
v -284.569611 374.626099 846.880737
v -283.496765 352.389923 818.221741
v -290.538452 342.896240 776.190491
v -283.924042 344.991302 735.233704
v -281.405640 369.824341 711.633301
v -286.785950 401.567810 703.014771
v -292.620941 433.198883 711.633301
v -297.127441 456.698029 735.179565
v -302.578033 470.857361 767.398560
v -304.628448 467.666016 805.766479
v -300.484802 444.697357 843.996582
v -291.089142 407.859863 862.463074
v -281.395447 370.586517 853.844604
v -280.344788 345.875488 820.450317
v -288.259399 335.058563 773.601685
v -284.769226 337.754669 731.158997
v -282.548279 365.540466 704.669495
v -288.904846 401.176880 694.973511
v -295.469208 436.761902 704.669495
v -300.380066 462.966095 731.158997
v -306.185486 478.417816 767.344421
v -308.453979 474.771820 807.506592
v -303.677216 448.763641 848.739685
v -292.831360 406.918213 870.504395
v -282.533356 365.873810 860.808472
v -281.435852 338.578094 822.250122
v -289.891846 326.519714 771.321106
v -289.414703 331.727417 728.215698
v -287.668274 361.611511 699.571533
v -294.693787 400.108978 689.087036
v -301.792053 438.588470 699.571533
v -307.023560 466.808807 728.215698
v -312.943298 482.994202 767.344421
v -315.348999 478.982300 808.989136
v -310.152649 450.813324 851.825806
v -298.241547 405.296478 876.390930
v -287.660553 361.724701 865.906433
v -286.452118 332.459259 823.181519
v -294.969238 319.574860 769.860474
v -296.793549 328.480743 727.138367
v -295.334045 359.104828 697.705505
v -302.601532 398.650238 686.932312
v -309.895264 438.189178 697.705505
v -315.246216 467.150452 727.138367
v -321.037628 483.355591 767.344421
v -323.397614 479.069489 809.644592
v -318.064056 450.133545 852.666321
v -305.864716 403.421661 878.545593
v -295.332794 359.147766 867.772461
v -293.944885 329.184479 823.233459
v -302.486115 315.997223 769.438538
v -304.983368 328.870972 728.215698
v -303.447784 358.702881 699.571533
v -310.509308 397.191559 689.087036
v -317.607666 435.670990 699.571533
v -322.815430 463.856720 728.215698
v -328.306732 479.415527 767.344421
v -330.435181 474.998352 808.989136
v -325.238831 446.829346 851.825806
v -313.642120 401.772247 876.390930
v -303.436005 358.748474 865.906433
v -301.921326 329.627380 823.181519
v -310.438141 316.743042 769.860474
v -311.544189 332.854187 731.158997
v -309.839966 360.512360 704.669495
v -316.298279 396.123596 694.973511
v -322.862610 431.708649 704.669495
v -327.703247 457.810120 731.158997
v -332.804657 472.232605 767.344421
v -334.630035 467.938477 807.506592
v -329.850372 441.926086 848.739685
v -319.478394 400.773560 870.504395
v -309.814850 360.657074 860.808472
v -308.257080 333.666229 822.250122
v -316.362274 321.694489 771.321106
v -314.732086 339.359650 735.233704
v -312.845703 364.036469 711.633301
v -318.417114 395.732727 703.014771
v -324.252106 427.363892 711.633301
v -328.616730 450.655640 735.179565
v -333.328308 463.734436 767.398560
v -334.917236 459.868256 805.766479
v -330.758606 436.877655 843.996582
v -321.814087 400.699860 862.463074
v -312.817047 364.445099 853.844604
v -311.307129 340.205750 820.450317
v -318.692474 329.519501 773.601685
v -313.808350 346.615723 740.025330
v -311.691803 368.323059 718.597168
v -316.298279 396.123596 711.055969
v -321.403900 423.800873 718.597168
v -325.357208 444.377594 739.200195
v -329.818604 456.316711 768.169617
v -331.227325 452.960846 804.334717
v -327.715637 433.029968 838.824646
v -320.039429 401.593994 854.421936
v -311.697052 369.184021 846.880737
v -310.259644 347.492340 818.221741
v -316.805237 338.121307 776.190491
v -308.969696 352.690643 744.199524
v -306.662811 372.229553 723.695129
v -310.509308 397.191559 716.942505
v -315.081055 421.974304 723.695129
v -318.799164 440.659729 742.143494
v -323.211884 451.961365 769.400391
v -324.502625 448.999268 803.479431
v -321.484192 431.337036 835.054932
v -314.642029 403.234222 848.535400
v -306.767181 373.621643 841.782837
v -305.281921 353.601654 816.606567
v -311.194031 345.198059 778.278564
v 301.650116 355.922699 745.887268
v 299.168182 374.694000 725.561096
v 302.601562 398.650269 719.097168
v 306.977844 422.373596 725.561096
v 310.668915 440.453064 743.220825
v 315.191254 451.707703 770.010864
v 316.493225 448.969421 803.379822
v 313.667511 432.155273 833.710449
v 307.063904 405.175110 846.380737
v 299.271088 376.456055 839.916931
v 297.912445 356.846039 816.050720
v 303.637604 348.785370 779.256226
v 293.753387 355.460083 744.199524
v 291.075714 375.090637 723.695129
v 294.693787 400.108978 716.942505
v 299.265381 424.891785 723.695129
v 303.107483 443.758331 742.143494
v 307.845215 455.535187 769.400391
v 309.316071 452.836548 803.479431
v 306.319366 435.205994 835.054932
v 299.319031 406.872070 848.535400
v 291.142792 376.818634 841.782837
v 289.937988 356.402618 816.606567
v 296.164673 347.921234 778.278564
v 287.230743 351.467468 740.025330
v 284.549896 373.314209 718.597168
v 288.904846 401.176880 711.055969
v 294.010468 428.854126 718.597168
v 298.138153 449.685760 739.200195
v 303.189819 462.487915 768.169617
v 304.950897 459.647278 804.334717
v 301.463470 439.751862 838.824646
v 293.470062 407.852112 854.421936
v 284.569580 374.626160 846.880737
v 283.496735 352.389862 818.221741
v 290.538452 342.896271 776.190491
v 283.924072 344.991272 735.233704
v 281.405609 369.824341 711.633301
v 286.785919 401.567780 703.014771
v 292.620941 433.198853 711.633301
v 297.127441 456.698029 735.179565
v 302.578003 470.857361 767.398560
v 304.628448 467.666016 805.766479
v 300.484802 444.697357 843.996582
v 291.089142 407.859833 862.463074
v 281.395477 370.586487 853.844604
v 280.344757 345.875488 820.450317
v 288.259399 335.058563 773.601685
v 284.769226 337.754639 731.158997
v 282.548279 365.540436 704.669495
v 288.904846 401.176880 694.973511
v 295.469177 436.761902 704.669495
v 300.380096 462.966095 731.158997
v 306.185455 478.417786 767.344421
v 308.453949 474.771820 807.506592
v 303.677216 448.763611 848.739685
v 292.831360 406.918213 870.504395
v 282.533356 365.873810 860.808472
v 281.435883 338.578064 822.250122
v 289.891846 326.519684 771.321106
v 289.414734 331.727448 728.215698
v 287.668304 361.611511 699.571533
v 294.693787 400.108978 689.087036
v 301.792053 438.588470 699.571533
v 307.023590 466.808838 728.215698
v 312.943359 482.994202 767.344421
v 315.348999 478.982300 808.989136
v 310.152679 450.813324 851.825806
v 298.241547 405.296478 876.390930
v 287.660583 361.724701 865.906433
v 286.452118 332.459259 823.181519
v 294.969238 319.574890 769.860474
v 296.793610 328.480713 727.138367
v 295.334076 359.104828 697.705505
v 302.601562 398.650269 686.932312
v 309.895233 438.189178 697.705505
v 315.246216 467.150482 727.138367
v 321.037628 483.355591 767.344421
v 323.397675 479.069489 809.644592
v 318.064056 450.133545 852.666321
v 305.864746 403.421631 878.545593
v 295.332794 359.147797 867.772461
v 293.944855 329.184479 823.233459
v 302.486115 315.997223 769.438538
v 304.983398 328.870972 728.215698
v 303.447784 358.702911 699.571533
v 310.509308 397.191528 689.087036
v 317.607666 435.670990 699.571533
v 322.815460 463.856720 728.215698
v 328.306732 479.415497 767.344421
v 330.435211 474.998352 808.989136
v 325.238892 446.829376 851.825806
v 313.642120 401.772247 876.390930
v 303.436005 358.748505 865.906433
v 301.921326 329.627350 823.181519
v 310.438110 316.743073 769.860474
v 311.544220 332.854156 731.158997
v 309.839996 360.512329 704.669495
v 316.298279 396.123596 694.973511
v 322.862610 431.708679 704.669495
v 327.703217 457.810089 731.158997
v 332.804688 472.232635 767.344421
v 334.630035 467.938446 807.506592
v 329.850342 441.926086 848.739685
v 319.478394 400.773560 870.504395
v 309.814880 360.657043 860.808472
v 308.257141 333.666229 822.250122
v 316.362274 321.694458 771.321106
v 314.732086 339.359619 735.233704
v 312.845703 364.036438 711.633301
v 318.417145 395.732758 703.014771
v 324.252167 427.363861 711.633301
v 328.616760 450.655609 735.179565
v 333.328308 463.734406 767.398560
v 334.917267 459.868256 805.766479
v 330.758636 436.877625 843.996582
v 321.814056 400.699890 862.463074
v 312.817047 364.445129 853.844604
v 311.307190 340.205750 820.450317
v 318.692474 329.519562 773.601685
v 313.808350 346.615723 740.025330
v 311.691742 368.323029 718.597168
v 316.298279 396.123596 711.055969
v 321.403900 423.800842 718.597168
v 325.357239 444.377563 739.200195
v 329.818604 456.316681 768.169617
v 331.227325 452.960876 804.334717
v 327.715637 433.029968 838.824646
v 320.039429 401.593994 854.421936
v 311.697083 369.184021 846.880737
v 310.259644 347.492371 818.221741
v 316.805237 338.121338 776.190491
v 308.969727 352.690674 744.199524
v 306.662842 372.229553 723.695129
v 310.509308 397.191528 716.942505
v 315.081024 421.974335 723.695129
v 318.799164 440.659729 742.143494
v 323.211853 451.961365 769.400391
v 324.502655 448.999298 803.479431
v 321.484253 431.337006 835.054932
v 314.642029 403.234253 848.535400
v 306.767181 373.621643 841.782837
v 305.281891 353.601654 816.606567
v 311.194061 345.198090 778.278564
vt 1.048795 0.968647
vt 1.122888 0.968647
vt 1.196980 0.968647
vt 1.271073 0.968647
vt 1.345165 0.968647
vt 1.419258 0.968647
vt 1.493350 0.968647
vt 1.567443 0.968647
vt 1.641536 0.968647
vt 1.715628 0.968647
vt 1.789721 0.968647
vt 1.863813 0.968647
vt 1.937906 0.968647
vt 1.048795 0.962719
vt 1.122888 0.962719
vt 1.196980 0.962719
vt 1.271073 0.962719
vt 1.345165 0.962719
vt 1.419258 0.962719
vt 1.493350 0.962719
vt 1.567443 0.962719
vt 1.641536 0.962719
vt 1.715628 0.962719
vt 1.789721 0.962719
vt 1.863813 0.962719
vt 1.937906 0.962719
vt 1.048795 0.956791
vt 1.122888 0.956791
vt 1.196980 0.956791
vt 1.271073 0.956791
vt 1.345165 0.956791
vt 1.419258 0.956791
vt 1.493350 0.956791
vt 1.567443 0.956791
vt 1.641536 0.956791
vt 1.715628 0.956791
vt 1.789721 0.956791
vt 1.863813 0.956791
vt 1.937906 0.956791
vt 1.048795 0.950862
vt 1.122888 0.950862
vt 1.196980 0.950862
vt 1.271073 0.950862
vt 1.345165 0.950862
vt 1.419258 0.950862
vt 1.493350 0.950862
vt 1.567443 0.950862
vt 1.641536 0.950862
vt 1.715628 0.950862
vt 1.789721 0.950862
vt 1.863813 0.950862
vt 1.937906 0.950862
vt 1.048795 0.944934
vt 1.122888 0.944934
vt 1.196980 0.944934
vt 1.271073 0.944934
vt 1.345165 0.944934
vt 1.419258 0.944934
vt 1.493350 0.944934
vt 1.567443 0.944934
vt 1.641536 0.944934
vt 1.715628 0.944934
vt 1.789721 0.944934
vt 1.863813 0.944934
vt 1.937906 0.944934
vt 1.048795 0.939005
vt 1.122888 0.939005
vt 1.196980 0.939005
vt 1.271073 0.939005
vt 1.345165 0.939005
vt 1.419258 0.939005
vt 1.493350 0.939005
vt 1.567443 0.939005
vt 1.641536 0.939005
vt 1.715628 0.939005
vt 1.789721 0.939005
vt 1.863813 0.939005
vt 1.937906 0.939005
vt 1.048795 0.933077
vt 1.122888 0.933077
vt 1.196980 0.933077
vt 1.271073 0.933077
vt 1.345165 0.933077
vt 1.419258 0.933077
vt 1.493350 0.933077
vt 1.567443 0.933077
vt 1.641536 0.933077
vt 1.715628 0.933077
vt 1.789721 0.933077
vt 1.863813 0.933077
vt 1.937906 0.933077
vt 1.048795 0.927148
vt 1.122888 0.927148
vt 1.196980 0.927148
vt 1.271073 0.927148
vt 1.345165 0.927148
vt 1.419258 0.927148
vt 1.493350 0.927148
vt 1.567443 0.927148
vt 1.641536 0.927148
vt 1.715628 0.927148
vt 1.789721 0.927148
vt 1.863813 0.927148
vt 1.937906 0.927148
vt 1.048795 0.921220
vt 1.122888 0.921220
vt 1.196980 0.921220
vt 1.271073 0.921220
vt 1.345165 0.921220
vt 1.419258 0.921220
vt 1.493350 0.921220
vt 1.567443 0.921220
vt 1.641536 0.921220
vt 1.715628 0.921220
vt 1.789721 0.921220
vt 1.863813 0.921220
vt 1.937906 0.921220
vt 1.048795 0.915291
vt 1.122888 0.915291
vt 1.196980 0.915291
vt 1.271073 0.915291
vt 1.345165 0.915291
vt 1.419258 0.915291
vt 1.493350 0.915291
vt 1.567443 0.915291
vt 1.641536 0.915291
vt 1.715628 0.915291
vt 1.789721 0.915291
vt 1.863813 0.915291
vt 1.937906 0.915291
vt 1.048795 0.909363
vt 1.122888 0.909363
vt 1.196980 0.909363
vt 1.271073 0.909363
vt 1.345165 0.909363
vt 1.419258 0.909363
vt 1.493350 0.909363
vt 1.567443 0.909363
vt 1.641536 0.909363
vt 1.715628 0.909363
vt 1.789721 0.909363
vt 1.863813 0.909363
vt 1.937906 0.909363
vt 1.048795 0.903434
vt 1.122888 0.903434
vt 1.196980 0.903434
vt 1.271073 0.903434
vt 1.345165 0.903434
vt 1.419258 0.903434
vt 1.493350 0.903434
vt 1.567443 0.903434
vt 1.641536 0.903434
vt 1.715628 0.903434
vt 1.789721 0.903434
vt 1.863813 0.903434
vt 1.937906 0.903434
vt 1.048795 0.897506
vt 1.122888 0.897506
vt 1.196980 0.897506
vt 1.271073 0.897506
vt 1.345165 0.897506
vt 1.419258 0.897506
vt 1.493350 0.897506
vt 1.567443 0.897506
vt 1.641536 0.897506
vt 1.715628 0.897506
vt 1.789721 0.897506
vt 1.863813 0.897506
vt 1.937906 0.897506
vt 1.122888 0.968647
vt 1.048795 0.968647
vt 1.048795 0.962719
vt 1.122888 0.962719
vt 1.196980 0.968647
vt 1.196980 0.962719
vt 1.271073 0.968647
vt 1.271073 0.962719
vt 1.345165 0.968647
vt 1.345165 0.962719
vt 1.419258 0.968647
vt 1.419258 0.962719
vt 1.493350 0.968647
vt 1.493350 0.962719
vt 1.567443 0.968647
vt 1.567443 0.962719
vt 1.641536 0.968647
vt 1.641536 0.962719
vt 1.715628 0.968647
vt 1.715628 0.962719
vt 1.789721 0.968647
vt 1.789721 0.962719
vt 1.863813 0.968647
vt 1.863813 0.962719
vt 1.937906 0.968647
vt 1.937906 0.962719
vt 1.048795 0.956791
vt 1.122888 0.956791
vt 1.196980 0.956791
vt 1.271073 0.956791
vt 1.345165 0.956791
vt 1.419258 0.956791
vt 1.493350 0.956791
vt 1.567443 0.956791
vt 1.641536 0.956791
vt 1.715628 0.956791
vt 1.789721 0.956791
vt 1.863813 0.956791
vt 1.937906 0.956791
vt 1.048795 0.950862
vt 1.122888 0.950862
vt 1.196980 0.950862
vt 1.271073 0.950862
vt 1.345165 0.950862
vt 1.419258 0.950862
vt 1.493350 0.950862
vt 1.567443 0.950862
vt 1.641536 0.950862
vt 1.715628 0.950862
vt 1.789721 0.950862
vt 1.863813 0.950862
vt 1.937906 0.950862
vt 1.048795 0.944934
vt 1.122888 0.944934
vt 1.196980 0.944934
vt 1.271073 0.944934
vt 1.345165 0.944934
vt 1.419258 0.944934
vt 1.493350 0.944934
vt 1.567443 0.944934
vt 1.641536 0.944934
vt 1.715628 0.944934
vt 1.789721 0.944934
vt 1.863813 0.944934
vt 1.937906 0.944934
vt 1.048795 0.939005
vt 1.122888 0.939005
vt 1.196980 0.939005
vt 1.271073 0.939005
vt 1.345165 0.939005
vt 1.419258 0.939005
vt 1.493350 0.939005
vt 1.567443 0.939005
vt 1.641536 0.939005
vt 1.715628 0.939005
vt 1.789721 0.939005
vt 1.863813 0.939005
vt 1.937906 0.939005
vt 1.048795 0.933077
vt 1.122888 0.933077
vt 1.196980 0.933077
vt 1.271073 0.933077
vt 1.345165 0.933077
vt 1.419258 0.933077
vt 1.493350 0.933077
vt 1.567443 0.933077
vt 1.641536 0.933077
vt 1.715628 0.933077
vt 1.789721 0.933077
vt 1.863813 0.933077
vt 1.937906 0.933077
vt 1.048795 0.927148
vt 1.122888 0.927148
vt 1.196980 0.927148
vt 1.271073 0.927148
vt 1.345165 0.927148
vt 1.419258 0.927148
vt 1.493350 0.927148
vt 1.567443 0.927148
vt 1.641536 0.927148
vt 1.715628 0.927148
vt 1.789721 0.927148
vt 1.863813 0.927148
vt 1.937906 0.927148
vt 1.048795 0.921220
vt 1.122888 0.921220
vt 1.196980 0.921220
vt 1.271073 0.921220
vt 1.345165 0.921220
vt 1.419258 0.921220
vt 1.493350 0.921220
vt 1.567443 0.921220
vt 1.641536 0.921220
vt 1.715628 0.921220
vt 1.789721 0.921220
vt 1.863813 0.921220
vt 1.937906 0.921220
vt 1.048795 0.915291
vt 1.122888 0.915291
vt 1.196980 0.915291
vt 1.271073 0.915291
vt 1.345165 0.915291
vt 1.419258 0.915291
vt 1.493350 0.915291
vt 1.567443 0.915291
vt 1.641536 0.915291
vt 1.715628 0.915291
vt 1.789721 0.915291
vt 1.863813 0.915291
vt 1.937906 0.915291
vt 1.048795 0.909363
vt 1.122888 0.909363
vt 1.196980 0.909363
vt 1.271073 0.909363
vt 1.345165 0.909363
vt 1.419258 0.909363
vt 1.493350 0.909363
vt 1.567443 0.909363
vt 1.641536 0.909363
vt 1.715628 0.909363
vt 1.789721 0.909363
vt 1.863813 0.909363
vt 1.937906 0.909363
vt 1.048795 0.903434
vt 1.122888 0.903434
vt 1.196980 0.903434
vt 1.271073 0.903434
vt 1.345165 0.903434
vt 1.419258 0.903434
vt 1.493350 0.903434
vt 1.567443 0.903434
vt 1.641536 0.903434
vt 1.715628 0.903434
vt 1.789721 0.903434
vt 1.863813 0.903434
vt 1.937906 0.903434
vt 1.048795 0.897506
vt 1.122888 0.897506
vt 1.196980 0.897506
vt 1.271073 0.897506
vt 1.345165 0.897506
vt 1.419258 0.897506
vt 1.493350 0.897506
vt 1.567443 0.897506
vt 1.641536 0.897506
vt 1.715628 0.897506
vt 1.789721 0.897506
vt 1.863813 0.897506
vt 1.937906 0.897506
vn -0.078615 0.519909 0.850597
vn -0.170123 0.895354 0.411583
vn 0.451152 0.777219 0.438626
vn 0.474198 0.460735 0.750240
vn 0.003352 -0.000782 0.999994
vn 0.518873 0.087485 0.850363
vn 0.092839 -0.483897 0.870186
vn 0.590291 -0.316151 0.742701
vn 0.171690 -0.804512 0.568580
vn 0.638113 -0.578451 0.508140
vn 0.221767 -0.962710 0.154950
vn 0.688726 -0.702994 0.177356
vn 0.228111 -0.926230 -0.300107
vn 0.674744 -0.700153 -0.233466
vn 0.167073 -0.673085 -0.720447
vn 0.617139 -0.477273 -0.625580
vn 0.029008 -0.112713 -0.993204
vn 0.526527 0.032967 -0.849519
vn -0.090601 0.516619 -0.851408
vn 0.445712 0.535484 -0.717354
vn -0.156809 0.899606 -0.407577
vn 0.377829 0.827465 -0.415389
vn -0.200741 0.979511 -0.016134
vn 0.382711 0.922882 -0.042668
vn 0.853468 0.409556 0.322268
vn 0.841239 0.296770 0.451934
vn 0.873779 0.152644 0.461747
vn 0.913685 -0.060844 0.401844
vn 0.928529 -0.207361 0.307955
vn 0.955304 -0.257697 0.144868
vn 0.959586 -0.262407 -0.101674
vn 0.928549 -0.127761 -0.348530
vn 0.871339 0.172725 -0.459275
vn 0.829067 0.401199 -0.389471
vn 0.800398 0.518223 -0.301345
vn 0.840676 0.539660 -0.045062
vn 0.993811 0.000757 0.111081
vn 0.995982 0.082214 0.035497
vn 0.982995 0.176990 -0.048947
vn 0.976746 0.209273 -0.046607
vn 0.974078 0.225646 0.016008
vn 0.967329 0.246656 0.058611
vn 0.964636 0.254011 0.070399
vn 0.960614 0.271871 0.057515
vn 0.961916 0.266385 0.061283
vn 0.988654 0.147999 0.025692
vn 0.992637 0.065107 -0.102146
vn 0.999306 0.022481 -0.029699
vn 0.913369 -0.383470 -0.136776
vn 0.900794 -0.158637 -0.404234
vn 0.828840 0.151878 -0.538477
vn 0.776702 0.419062 -0.470236
vn 0.748944 0.602207 -0.276461
vn 0.727013 0.685659 -0.036398
vn 0.699866 0.676608 0.228886
vn 0.694158 0.566532 0.444057
vn 0.779778 0.285219 0.557312
vn 0.889108 -0.160140 0.428767
vn 0.909048 -0.400223 0.115986
vn 0.895093 -0.445595 -0.015912
vn 0.619907 -0.696176 -0.362015
vn 0.571144 -0.368185 -0.733644
vn 0.467963 0.086430 -0.879512
vn 0.386158 0.518608 -0.762842
vn 0.330383 0.812880 -0.479659
vn 0.293039 0.949502 -0.112133
vn 0.259348 0.906875 0.332140
vn 0.268949 0.684480 0.677608
vn 0.404604 0.232167 0.884530
vn 0.562996 -0.423390 0.709773
vn 0.601173 -0.746779 0.284449
vn 0.594012 -0.804395 -0.009867
vn 0.158880 -0.853427 -0.496408
vn 0.104337 -0.488135 -0.866509
vn 0.000024 0.000131 -1.000000
vn -0.091060 0.491437 -0.866140
vn -0.157352 0.817126 -0.554568
vn -0.218403 0.963404 -0.155415
vn -0.234896 0.904898 0.354942
vn -0.170431 0.649607 0.740921
vn -0.036132 0.137198 0.989884
vn 0.120348 -0.573422 0.810372
vn 0.178245 -0.910073 0.374159
vn 0.149197 -0.988799 -0.004146
vn -0.354945 -0.790886 -0.498510
vn -0.377610 -0.487588 -0.787190
vn -0.466097 -0.085961 -0.880548
vn -0.546116 0.346769 -0.762568
vn -0.600052 0.625851 -0.498244
vn -0.661123 0.732764 -0.161164
vn -0.664811 0.689907 0.286453
vn -0.572387 0.479276 0.665333
vn -0.467645 0.019744 0.883696
vn -0.344482 -0.591909 0.728681
vn -0.290107 -0.870558 0.397451
vn -0.358687 -0.933442 0.005516
vn -0.782064 -0.504283 -0.366163
vn -0.771699 -0.363481 -0.521883
vn -0.823994 -0.151509 -0.545967
vn -0.874214 0.115275 -0.471659
vn -0.903331 0.280196 -0.324781
vn -0.933413 0.333297 -0.132864
vn -0.938282 0.310845 0.151668
vn -0.884939 0.187623 0.426239
vn -0.818444 -0.109190 0.564116
vn -0.746751 -0.468809 0.471784
vn -0.730560 -0.603615 0.319267
vn -0.794931 -0.605966 0.029849
vn -0.984922 -0.090749 -0.147285
vn -0.982594 -0.138460 -0.123850
vn -0.981677 -0.178717 -0.066116
vn -0.987024 -0.151562 -0.053040
vn -0.986570 -0.151105 -0.062034
vn -0.985946 -0.150123 -0.073310
vn -0.986631 -0.161925 -0.018442
vn -0.982628 -0.179846 0.045800
vn -0.972943 -0.216555 0.080535
vn -0.969858 -0.228478 0.084698
vn -0.978570 -0.149529 0.141569
vn -0.992142 -0.115501 0.048097
vn -0.941561 0.326461 0.082984
vn -0.939871 0.137033 0.312834
vn -0.880442 -0.157113 0.447367
vn -0.834659 -0.384983 0.393868
vn -0.796935 -0.557631 0.232256
vn -0.781851 -0.623306 0.014088
vn -0.756795 -0.627518 -0.182984
vn -0.777778 -0.517041 -0.357393
vn -0.857356 -0.263988 -0.441871
vn -0.935599 0.067011 -0.346648
vn -0.936962 0.340695 -0.077647
vn -0.928815 0.367703 0.045804
vn -0.676728 0.683422 0.273812
vn -0.624314 0.390354 0.676651
vn -0.520871 -0.091040 0.848767
vn -0.436834 -0.510986 0.740317
vn -0.364219 -0.804788 0.468679
vn -0.330250 -0.938862 0.097334
vn -0.288225 -0.914511 -0.283893
vn -0.333222 -0.696680 -0.635295
vn -0.484090 -0.225669 -0.845417
vn -0.617520 0.342699 -0.707974
vn -0.637465 0.718424 -0.278398
vn -0.659447 0.751359 0.024290
vn 0.078614 0.519908 0.850597
vn -0.474199 0.460735 0.750239
vn -0.451149 0.777221 0.438625
vn 0.170122 0.895354 0.411583
vn -0.003354 -0.000783 0.999994
vn -0.518875 0.087485 0.850362
vn -0.092839 -0.483898 0.870186
vn -0.590292 -0.316150 0.742701
vn -0.171690 -0.804511 0.568581
vn -0.638113 -0.578450 0.508142
vn -0.221766 -0.962710 0.154951
vn -0.688727 -0.702994 0.177358
vn -0.228110 -0.926230 -0.300107
vn -0.674747 -0.700150 -0.233466
vn -0.167073 -0.673084 -0.720448
vn -0.617140 -0.477271 -0.625580
vn -0.029008 -0.112711 -0.993204
vn -0.526524 0.032968 -0.849521
vn 0.090600 0.516619 -0.851409
vn -0.445709 0.535486 -0.717355
vn 0.156808 0.899606 -0.407578
vn -0.377829 0.827465 -0.415388
vn 0.200740 0.979512 -0.016134
vn -0.382709 0.922883 -0.042667
vn -0.841238 0.296771 0.451935
vn -0.853468 0.409555 0.322268
vn -0.873779 0.152644 0.461746
vn -0.913686 -0.060842 0.401842
vn -0.928529 -0.207358 0.307954
vn -0.955304 -0.257698 0.144868
vn -0.959585 -0.262409 -0.101674
vn -0.928549 -0.127763 -0.348531
vn -0.871339 0.172725 -0.459276
vn -0.829067 0.401199 -0.389471
vn -0.800398 0.518222 -0.301346
vn -0.840676 0.539661 -0.045062
vn -0.995982 0.082215 0.035497
vn -0.993811 0.000756 0.111081
vn -0.982995 0.176991 -0.048947
vn -0.976746 0.209274 -0.046607
vn -0.974077 0.225648 0.016007
vn -0.967330 0.246654 0.058611
vn -0.964637 0.254005 0.070399
vn -0.960614 0.271868 0.057514
vn -0.961917 0.266385 0.061282
vn -0.988654 0.147997 0.025693
vn -0.992637 0.065104 -0.102145
vn -0.999306 0.022478 -0.029698
vn -0.900793 -0.158638 -0.404235
vn -0.913368 -0.383472 -0.136777
vn -0.828840 0.151878 -0.538477
vn -0.776701 0.419063 -0.470236
vn -0.748942 0.602208 -0.276463
vn -0.727011 0.685660 -0.036398
vn -0.699865 0.676610 0.228886
vn -0.694157 0.566533 0.444057
vn -0.779778 0.285220 0.557312
vn -0.889108 -0.160141 0.428767
vn -0.909048 -0.400225 0.115986
vn -0.895092 -0.445597 -0.015912
vn -0.571144 -0.368186 -0.733644
vn -0.619906 -0.696176 -0.362016
vn -0.467963 0.086429 -0.879512
vn -0.386158 0.518607 -0.762842
vn -0.330384 0.812880 -0.479658
vn -0.293039 0.949502 -0.112132
vn -0.259347 0.906875 0.332140
vn -0.268948 0.684482 0.677607
vn -0.404601 0.232168 0.884532
vn -0.562992 -0.423391 0.709775
vn -0.601173 -0.746780 0.284450
vn -0.594013 -0.804395 -0.009868
vn -0.104338 -0.488136 -0.866509
vn -0.158880 -0.853427 -0.496406
vn -0.000024 0.000132 -1.000000
vn 0.091061 0.491436 -0.866140
vn 0.157353 0.817125 -0.554568
vn 0.218405 0.963403 -0.155414
vn 0.234897 0.904897 0.354943
vn 0.170432 0.649607 0.740921
vn 0.036132 0.137197 0.989885
vn -0.120349 -0.573422 0.810372
vn -0.178246 -0.910073 0.374159
vn -0.149197 -0.988799 -0.004146
vn 0.377611 -0.487587 -0.787191
vn 0.354947 -0.790886 -0.498510
vn 0.466097 -0.085961 -0.880548
vn 0.546117 0.346767 -0.762567
vn 0.600053 0.625850 -0.498245
vn 0.661123 0.732763 -0.161165
vn 0.664812 0.689905 0.286453
vn 0.572388 0.479275 0.665333
vn 0.467643 0.019744 0.883697
vn 0.344477 -0.591911 0.728682
vn 0.290103 -0.870559 0.397451
vn 0.358686 -0.933442 0.005516
vn 0.771697 -0.363483 -0.521885
vn 0.782062 -0.504284 -0.366164
vn 0.823993 -0.151509 -0.545968
vn 0.874213 0.115276 -0.471659
vn 0.903331 0.280196 -0.324782
vn 0.933413 0.333299 -0.132864
vn 0.938282 0.310844 0.151667
vn 0.884939 0.187623 0.426240
vn 0.818445 -0.109189 0.564115
vn 0.746753 -0.468809 0.471782
vn 0.730559 -0.603615 0.319267
vn 0.794929 -0.605967 0.029849
vn 0.982594 -0.138459 -0.123849
vn 0.984922 -0.090749 -0.147284
vn 0.981677 -0.178717 -0.066115
vn 0.987024 -0.151560 -0.053041
vn 0.986570 -0.151102 -0.062035
vn 0.985946 -0.150121 -0.073311
vn 0.986631 -0.161924 -0.018442
vn 0.982628 -0.179846 0.045800
vn 0.972943 -0.216554 0.080534
vn 0.969859 -0.228475 0.084695
vn 0.978571 -0.149527 0.141568
vn 0.992142 -0.115501 0.048096
vn 0.939872 0.137032 0.312832
vn 0.941562 0.326460 0.082983
vn 0.880441 -0.157114 0.447368
vn 0.834657 -0.384984 0.393872
vn 0.796932 -0.557633 0.232258
vn 0.781849 -0.623309 0.014089
vn 0.756794 -0.627518 -0.182985
vn 0.777779 -0.517040 -0.357392
vn 0.857357 -0.263987 -0.441870
vn 0.935598 0.067012 -0.346649
vn 0.936961 0.340697 -0.077648
vn 0.928815 0.367702 0.045803
vn 0.624320 0.390352 0.676646
vn 0.676729 0.683422 0.273811
vn 0.520875 -0.091040 0.848764
vn 0.436832 -0.510986 0.740318
vn 0.364216 -0.804789 0.468681
vn 0.330246 -0.938863 0.097335
vn 0.288226 -0.914511 -0.283894
vn 0.333223 -0.696679 -0.635296
vn 0.484088 -0.225670 -0.845418
vn 0.617518 0.342700 -0.707975
vn 0.637464 0.718425 -0.278398
vn 0.659446 0.751360 0.024290
s 1
g TentProxy Ring2
usemtl initialShadingGroup
f 1696/2199/3279 1695/2198/3280 1707/2211/3281 1708/2212/3282
f 1697/2200/3283 1696/2199/3279 1708/2212/3282 1709/2213/3284
f 1698/2201/3285 1697/2200/3283 1709/2213/3284 1710/2214/3286
f 1699/2202/3287 1698/2201/3285 1710/2214/3286 1711/2215/3288
f 1700/2203/3289 1699/2202/3287 1711/2215/3288 1712/2216/3290
f 1701/2204/3291 1700/2203/3289 1712/2216/3290 1713/2217/3292
f 1702/2205/3293 1701/2204/3291 1713/2217/3292 1714/2218/3294
f 1703/2206/3295 1702/2205/3293 1714/2218/3294 1715/2219/3296
f 1704/2207/3297 1703/2206/3295 1715/2219/3296 1716/2220/3298
f 1705/2208/3299 1704/2207/3297 1716/2220/3298 1717/2221/3300
f 1706/2209/3301 1705/2208/3299 1717/2221/3300 1718/2222/3302
f 1695/2210/3280 1706/2209/3301 1718/2222/3302 1707/2223/3281
f 1708/2212/3282 1707/2211/3281 1719/2224/3303 1720/2225/3304
f 1709/2213/3284 1708/2212/3282 1720/2225/3304 1721/2226/3305
f 1710/2214/3286 1709/2213/3284 1721/2226/3305 1722/2227/3306
f 1711/2215/3288 1710/2214/3286 1722/2227/3306 1723/2228/3307
f 1712/2216/3290 1711/2215/3288 1723/2228/3307 1724/2229/3308
f 1713/2217/3292 1712/2216/3290 1724/2229/3308 1725/2230/3309
f 1714/2218/3294 1713/2217/3292 1725/2230/3309 1726/2231/3310
f 1715/2219/3296 1714/2218/3294 1726/2231/3310 1727/2232/3311
f 1716/2220/3298 1715/2219/3296 1727/2232/3311 1728/2233/3312
f 1717/2221/3300 1716/2220/3298 1728/2233/3312 1729/2234/3313
f 1718/2222/3302 1717/2221/3300 1729/2234/3313 1730/2235/3314
f 1707/2223/3281 1718/2222/3302 1730/2235/3314 1719/2236/3303
f 1720/2225/3304 1719/2224/3303 1731/2237/3315 1732/2238/3316
f 1721/2226/3305 1720/2225/3304 1732/2238/3316 1733/2239/3317
f 1722/2227/3306 1721/2226/3305 1733/2239/3317 1734/2240/3318
f 1723/2228/3307 1722/2227/3306 1734/2240/3318 1735/2241/3319
f 1724/2229/3308 1723/2228/3307 1735/2241/3319 1736/2242/3320
f 1725/2230/3309 1724/2229/3308 1736/2242/3320 1737/2243/3321
f 1726/2231/3310 1725/2230/3309 1737/2243/3321 1738/2244/3322
f 1727/2232/3311 1726/2231/3310 1738/2244/3322 1739/2245/3323
f 1728/2233/3312 1727/2232/3311 1739/2245/3323 1740/2246/3324
f 1729/2234/3313 1728/2233/3312 1740/2246/3324 1741/2247/3325
f 1730/2235/3314 1729/2234/3313 1741/2247/3325 1742/2248/3326
f 1719/2236/3303 1730/2235/3314 1742/2248/3326 1731/2249/3315
f 1732/2238/3316 1731/2237/3315 1743/2250/3327 1744/2251/3328
f 1733/2239/3317 1732/2238/3316 1744/2251/3328 1745/2252/3329
f 1734/2240/3318 1733/2239/3317 1745/2252/3329 1746/2253/3330
f 1735/2241/3319 1734/2240/3318 1746/2253/3330 1747/2254/3331
f 1736/2242/3320 1735/2241/3319 1747/2254/3331 1748/2255/3332
f 1737/2243/3321 1736/2242/3320 1748/2255/3332 1749/2256/3333
f 1738/2244/3322 1737/2243/3321 1749/2256/3333 1750/2257/3334
f 1739/2245/3323 1738/2244/3322 1750/2257/3334 1751/2258/3335
f 1740/2246/3324 1739/2245/3323 1751/2258/3335 1752/2259/3336
f 1741/2247/3325 1740/2246/3324 1752/2259/3336 1753/2260/3337
f 1742/2248/3326 1741/2247/3325 1753/2260/3337 1754/2261/3338
f 1731/2249/3315 1742/2248/3326 1754/2261/3338 1743/2262/3327
f 1744/2251/3328 1743/2250/3327 1755/2263/3339 1756/2264/3340
f 1745/2252/3329 1744/2251/3328 1756/2264/3340 1757/2265/3341
f 1746/2253/3330 1745/2252/3329 1757/2265/3341 1758/2266/3342
f 1747/2254/3331 1746/2253/3330 1758/2266/3342 1759/2267/3343
f 1748/2255/3332 1747/2254/3331 1759/2267/3343 1760/2268/3344
f 1749/2256/3333 1748/2255/3332 1760/2268/3344 1761/2269/3345
f 1750/2257/3334 1749/2256/3333 1761/2269/3345 1762/2270/3346
f 1751/2258/3335 1750/2257/3334 1762/2270/3346 1763/2271/3347
f 1752/2259/3336 1751/2258/3335 1763/2271/3347 1764/2272/3348
f 1753/2260/3337 1752/2259/3336 1764/2272/3348 1765/2273/3349
f 1754/2261/3338 1753/2260/3337 1765/2273/3349 1766/2274/3350
f 1743/2262/3327 1754/2261/3338 1766/2274/3350 1755/2275/3339
f 1756/2264/3340 1755/2263/3339 1767/2276/3351 1768/2277/3352
f 1757/2265/3341 1756/2264/3340 1768/2277/3352 1769/2278/3353
f 1758/2266/3342 1757/2265/3341 1769/2278/3353 1770/2279/3354
f 1759/2267/3343 1758/2266/3342 1770/2279/3354 1771/2280/3355
f 1760/2268/3344 1759/2267/3343 1771/2280/3355 1772/2281/3356
f 1761/2269/3345 1760/2268/3344 1772/2281/3356 1773/2282/3357
f 1762/2270/3346 1761/2269/3345 1773/2282/3357 1774/2283/3358
f 1763/2271/3347 1762/2270/3346 1774/2283/3358 1775/2284/3359
f 1764/2272/3348 1763/2271/3347 1775/2284/3359 1776/2285/3360
f 1765/2273/3349 1764/2272/3348 1776/2285/3360 1777/2286/3361
f 1766/2274/3350 1765/2273/3349 1777/2286/3361 1778/2287/3362
f 1755/2275/3339 1766/2274/3350 1778/2287/3362 1767/2288/3351
f 1768/2277/3352 1767/2276/3351 1779/2289/3363 1780/2290/3364
f 1769/2278/3353 1768/2277/3352 1780/2290/3364 1781/2291/3365
f 1770/2279/3354 1769/2278/3353 1781/2291/3365 1782/2292/3366
f 1771/2280/3355 1770/2279/3354 1782/2292/3366 1783/2293/3367
f 1772/2281/3356 1771/2280/3355 1783/2293/3367 1784/2294/3368
f 1773/2282/3357 1772/2281/3356 1784/2294/3368 1785/2295/3369
f 1774/2283/3358 1773/2282/3357 1785/2295/3369 1786/2296/3370
f 1775/2284/3359 1774/2283/3358 1786/2296/3370 1787/2297/3371
f 1776/2285/3360 1775/2284/3359 1787/2297/3371 1788/2298/3372
f 1777/2286/3361 1776/2285/3360 1788/2298/3372 1789/2299/3373
f 1778/2287/3362 1777/2286/3361 1789/2299/3373 1790/2300/3374
f 1767/2288/3351 1778/2287/3362 1790/2300/3374 1779/2301/3363
f 1780/2290/3364 1779/2289/3363 1791/2302/3375 1792/2303/3376
f 1781/2291/3365 1780/2290/3364 1792/2303/3376 1793/2304/3377
f 1782/2292/3366 1781/2291/3365 1793/2304/3377 1794/2305/3378
f 1783/2293/3367 1782/2292/3366 1794/2305/3378 1795/2306/3379
f 1784/2294/3368 1783/2293/3367 1795/2306/3379 1796/2307/3380
f 1785/2295/3369 1784/2294/3368 1796/2307/3380 1797/2308/3381
f 1786/2296/3370 1785/2295/3369 1797/2308/3381 1798/2309/3382
f 1787/2297/3371 1786/2296/3370 1798/2309/3382 1799/2310/3383
f 1788/2298/3372 1787/2297/3371 1799/2310/3383 1800/2311/3384
f 1789/2299/3373 1788/2298/3372 1800/2311/3384 1801/2312/3385
f 1790/2300/3374 1789/2299/3373 1801/2312/3385 1802/2313/3386
f 1779/2301/3363 1790/2300/3374 1802/2313/3386 1791/2314/3375
f 1792/2303/3376 1791/2302/3375 1803/2315/3387 1804/2316/3388
f 1793/2304/3377 1792/2303/3376 1804/2316/3388 1805/2317/3389
f 1794/2305/3378 1793/2304/3377 1805/2317/3389 1806/2318/3390
f 1795/2306/3379 1794/2305/3378 1806/2318/3390 1807/2319/3391
f 1796/2307/3380 1795/2306/3379 1807/2319/3391 1808/2320/3392
f 1797/2308/3381 1796/2307/3380 1808/2320/3392 1809/2321/3393
f 1798/2309/3382 1797/2308/3381 1809/2321/3393 1810/2322/3394
f 1799/2310/3383 1798/2309/3382 1810/2322/3394 1811/2323/3395
f 1800/2311/3384 1799/2310/3383 1811/2323/3395 1812/2324/3396
f 1801/2312/3385 1800/2311/3384 1812/2324/3396 1813/2325/3397
f 1802/2313/3386 1801/2312/3385 1813/2325/3397 1814/2326/3398
f 1791/2314/3375 1802/2313/3386 1814/2326/3398 1803/2327/3387
f 1804/2316/3388 1803/2315/3387 1815/2328/3399 1816/2329/3400
f 1805/2317/3389 1804/2316/3388 1816/2329/3400 1817/2330/3401
f 1806/2318/3390 1805/2317/3389 1817/2330/3401 1818/2331/3402
f 1807/2319/3391 1806/2318/3390 1818/2331/3402 1819/2332/3403
f 1808/2320/3392 1807/2319/3391 1819/2332/3403 1820/2333/3404
f 1809/2321/3393 1808/2320/3392 1820/2333/3404 1821/2334/3405
f 1810/2322/3394 1809/2321/3393 1821/2334/3405 1822/2335/3406
f 1811/2323/3395 1810/2322/3394 1822/2335/3406 1823/2336/3407
f 1812/2324/3396 1811/2323/3395 1823/2336/3407 1824/2337/3408
f 1813/2325/3397 1812/2324/3396 1824/2337/3408 1825/2338/3409
f 1814/2326/3398 1813/2325/3397 1825/2338/3409 1826/2339/3410
f 1803/2327/3387 1814/2326/3398 1826/2339/3410 1815/2340/3399
f 1816/2329/3400 1815/2328/3399 1827/2341/3411 1828/2342/3412
f 1817/2330/3401 1816/2329/3400 1828/2342/3412 1829/2343/3413
f 1818/2331/3402 1817/2330/3401 1829/2343/3413 1830/2344/3414
f 1819/2332/3403 1818/2331/3402 1830/2344/3414 1831/2345/3415
f 1820/2333/3404 1819/2332/3403 1831/2345/3415 1832/2346/3416
f 1821/2334/3405 1820/2333/3404 1832/2346/3416 1833/2347/3417
f 1822/2335/3406 1821/2334/3405 1833/2347/3417 1834/2348/3418
f 1823/2336/3407 1822/2335/3406 1834/2348/3418 1835/2349/3419
f 1824/2337/3408 1823/2336/3407 1835/2349/3419 1836/2350/3420
f 1825/2338/3409 1824/2337/3408 1836/2350/3420 1837/2351/3421
f 1826/2339/3410 1825/2338/3409 1837/2351/3421 1838/2352/3422
f 1815/2340/3399 1826/2339/3410 1838/2352/3422 1827/2353/3411
f 1828/2342/3412 1827/2341/3411 1695/2354/3280 1696/2355/3279
f 1829/2343/3413 1828/2342/3412 1696/2355/3279 1697/2356/3283
f 1830/2344/3414 1829/2343/3413 1697/2356/3283 1698/2357/3285
f 1831/2345/3415 1830/2344/3414 1698/2357/3285 1699/2358/3287
f 1832/2346/3416 1831/2345/3415 1699/2358/3287 1700/2359/3289
f 1833/2347/3417 1832/2346/3416 1700/2359/3289 1701/2360/3291
f 1834/2348/3418 1833/2347/3417 1701/2360/3291 1702/2361/3293
f 1835/2349/3419 1834/2348/3418 1702/2361/3293 1703/2362/3295
f 1836/2350/3420 1835/2349/3419 1703/2362/3295 1704/2363/3297
f 1837/2351/3421 1836/2350/3420 1704/2363/3297 1705/2364/3299
f 1838/2352/3422 1837/2351/3421 1705/2364/3299 1706/2365/3301
f 1827/2353/3411 1838/2352/3422 1706/2365/3301 1695/2366/3280
s 2
f 1840/2367/3423 1852/2370/3424 1851/2369/3425 1839/2368/3426
f 1841/2371/3427 1853/2372/3428 1852/2370/3424 1840/2367/3423
f 1842/2373/3429 1854/2374/3430 1853/2372/3428 1841/2371/3427
f 1843/2375/3431 1855/2376/3432 1854/2374/3430 1842/2373/3429
f 1844/2377/3433 1856/2378/3434 1855/2376/3432 1843/2375/3431
f 1845/2379/3435 1857/2380/3436 1856/2378/3434 1844/2377/3433
f 1846/2381/3437 1858/2382/3438 1857/2380/3436 1845/2379/3435
f 1847/2383/3439 1859/2384/3440 1858/2382/3438 1846/2381/3437
f 1848/2385/3441 1860/2386/3442 1859/2384/3440 1847/2383/3439
f 1849/2387/3443 1861/2388/3444 1860/2386/3442 1848/2385/3441
f 1850/2389/3445 1862/2390/3446 1861/2388/3444 1849/2387/3443
f 1839/2391/3426 1851/2392/3425 1862/2390/3446 1850/2389/3445
f 1852/2370/3424 1864/2394/3447 1863/2393/3448 1851/2369/3425
f 1853/2372/3428 1865/2395/3449 1864/2394/3447 1852/2370/3424
f 1854/2374/3430 1866/2396/3450 1865/2395/3449 1853/2372/3428
f 1855/2376/3432 1867/2397/3451 1866/2396/3450 1854/2374/3430
f 1856/2378/3434 1868/2398/3452 1867/2397/3451 1855/2376/3432
f 1857/2380/3436 1869/2399/3453 1868/2398/3452 1856/2378/3434
f 1858/2382/3438 1870/2400/3454 1869/2399/3453 1857/2380/3436
f 1859/2384/3440 1871/2401/3455 1870/2400/3454 1858/2382/3438
f 1860/2386/3442 1872/2402/3456 1871/2401/3455 1859/2384/3440
f 1861/2388/3444 1873/2403/3457 1872/2402/3456 1860/2386/3442
f 1862/2390/3446 1874/2404/3458 1873/2403/3457 1861/2388/3444
f 1851/2392/3425 1863/2405/3448 1874/2404/3458 1862/2390/3446
f 1864/2394/3447 1876/2407/3459 1875/2406/3460 1863/2393/3448
f 1865/2395/3449 1877/2408/3461 1876/2407/3459 1864/2394/3447
f 1866/2396/3450 1878/2409/3462 1877/2408/3461 1865/2395/3449
f 1867/2397/3451 1879/2410/3463 1878/2409/3462 1866/2396/3450
f 1868/2398/3452 1880/2411/3464 1879/2410/3463 1867/2397/3451
f 1869/2399/3453 1881/2412/3465 1880/2411/3464 1868/2398/3452
f 1870/2400/3454 1882/2413/3466 1881/2412/3465 1869/2399/3453
f 1871/2401/3455 1883/2414/3467 1882/2413/3466 1870/2400/3454
f 1872/2402/3456 1884/2415/3468 1883/2414/3467 1871/2401/3455
f 1873/2403/3457 1885/2416/3469 1884/2415/3468 1872/2402/3456
f 1874/2404/3458 1886/2417/3470 1885/2416/3469 1873/2403/3457
f 1863/2405/3448 1875/2418/3460 1886/2417/3470 1874/2404/3458
f 1876/2407/3459 1888/2420/3471 1887/2419/3472 1875/2406/3460
f 1877/2408/3461 1889/2421/3473 1888/2420/3471 1876/2407/3459
f 1878/2409/3462 1890/2422/3474 1889/2421/3473 1877/2408/3461
f 1879/2410/3463 1891/2423/3475 1890/2422/3474 1878/2409/3462
f 1880/2411/3464 1892/2424/3476 1891/2423/3475 1879/2410/3463
f 1881/2412/3465 1893/2425/3477 1892/2424/3476 1880/2411/3464
f 1882/2413/3466 1894/2426/3478 1893/2425/3477 1881/2412/3465
f 1883/2414/3467 1895/2427/3479 1894/2426/3478 1882/2413/3466
f 1884/2415/3468 1896/2428/3480 1895/2427/3479 1883/2414/3467
f 1885/2416/3469 1897/2429/3481 1896/2428/3480 1884/2415/3468
f 1886/2417/3470 1898/2430/3482 1897/2429/3481 1885/2416/3469
f 1875/2418/3460 1887/2431/3472 1898/2430/3482 1886/2417/3470
f 1888/2420/3471 1900/2433/3483 1899/2432/3484 1887/2419/3472
f 1889/2421/3473 1901/2434/3485 1900/2433/3483 1888/2420/3471
f 1890/2422/3474 1902/2435/3486 1901/2434/3485 1889/2421/3473
f 1891/2423/3475 1903/2436/3487 1902/2435/3486 1890/2422/3474
f 1892/2424/3476 1904/2437/3488 1903/2436/3487 1891/2423/3475
f 1893/2425/3477 1905/2438/3489 1904/2437/3488 1892/2424/3476
f 1894/2426/3478 1906/2439/3490 1905/2438/3489 1893/2425/3477
f 1895/2427/3479 1907/2440/3491 1906/2439/3490 1894/2426/3478
f 1896/2428/3480 1908/2441/3492 1907/2440/3491 1895/2427/3479
f 1897/2429/3481 1909/2442/3493 1908/2441/3492 1896/2428/3480
f 1898/2430/3482 1910/2443/3494 1909/2442/3493 1897/2429/3481
f 1887/2431/3472 1899/2444/3484 1910/2443/3494 1898/2430/3482
f 1900/2433/3483 1912/2446/3495 1911/2445/3496 1899/2432/3484
f 1901/2434/3485 1913/2447/3497 1912/2446/3495 1900/2433/3483
f 1902/2435/3486 1914/2448/3498 1913/2447/3497 1901/2434/3485
f 1903/2436/3487 1915/2449/3499 1914/2448/3498 1902/2435/3486
f 1904/2437/3488 1916/2450/3500 1915/2449/3499 1903/2436/3487
f 1905/2438/3489 1917/2451/3501 1916/2450/3500 1904/2437/3488
f 1906/2439/3490 1918/2452/3502 1917/2451/3501 1905/2438/3489
f 1907/2440/3491 1919/2453/3503 1918/2452/3502 1906/2439/3490
f 1908/2441/3492 1920/2454/3504 1919/2453/3503 1907/2440/3491
f 1909/2442/3493 1921/2455/3505 1920/2454/3504 1908/2441/3492
f 1910/2443/3494 1922/2456/3506 1921/2455/3505 1909/2442/3493
f 1899/2444/3484 1911/2457/3496 1922/2456/3506 1910/2443/3494
f 1912/2446/3495 1924/2459/3507 1923/2458/3508 1911/2445/3496
f 1913/2447/3497 1925/2460/3509 1924/2459/3507 1912/2446/3495
f 1914/2448/3498 1926/2461/3510 1925/2460/3509 1913/2447/3497
f 1915/2449/3499 1927/2462/3511 1926/2461/3510 1914/2448/3498
f 1916/2450/3500 1928/2463/3512 1927/2462/3511 1915/2449/3499
f 1917/2451/3501 1929/2464/3513 1928/2463/3512 1916/2450/3500
f 1918/2452/3502 1930/2465/3514 1929/2464/3513 1917/2451/3501
f 1919/2453/3503 1931/2466/3515 1930/2465/3514 1918/2452/3502
f 1920/2454/3504 1932/2467/3516 1931/2466/3515 1919/2453/3503
f 1921/2455/3505 1933/2468/3517 1932/2467/3516 1920/2454/3504
f 1922/2456/3506 1934/2469/3518 1933/2468/3517 1921/2455/3505
f 1911/2457/3496 1923/2470/3508 1934/2469/3518 1922/2456/3506
f 1924/2459/3507 1936/2472/3519 1935/2471/3520 1923/2458/3508
f 1925/2460/3509 1937/2473/3521 1936/2472/3519 1924/2459/3507
f 1926/2461/3510 1938/2474/3522 1937/2473/3521 1925/2460/3509
f 1927/2462/3511 1939/2475/3523 1938/2474/3522 1926/2461/3510
f 1928/2463/3512 1940/2476/3524 1939/2475/3523 1927/2462/3511
f 1929/2464/3513 1941/2477/3525 1940/2476/3524 1928/2463/3512
f 1930/2465/3514 1942/2478/3526 1941/2477/3525 1929/2464/3513
f 1931/2466/3515 1943/2479/3527 1942/2478/3526 1930/2465/3514
f 1932/2467/3516 1944/2480/3528 1943/2479/3527 1931/2466/3515
f 1933/2468/3517 1945/2481/3529 1944/2480/3528 1932/2467/3516
f 1934/2469/3518 1946/2482/3530 1945/2481/3529 1933/2468/3517
f 1923/2470/3508 1935/2483/3520 1946/2482/3530 1934/2469/3518
f 1936/2472/3519 1948/2485/3531 1947/2484/3532 1935/2471/3520
f 1937/2473/3521 1949/2486/3533 1948/2485/3531 1936/2472/3519
f 1938/2474/3522 1950/2487/3534 1949/2486/3533 1937/2473/3521
f 1939/2475/3523 1951/2488/3535 1950/2487/3534 1938/2474/3522
f 1940/2476/3524 1952/2489/3536 1951/2488/3535 1939/2475/3523
f 1941/2477/3525 1953/2490/3537 1952/2489/3536 1940/2476/3524
f 1942/2478/3526 1954/2491/3538 1953/2490/3537 1941/2477/3525
f 1943/2479/3527 1955/2492/3539 1954/2491/3538 1942/2478/3526
f 1944/2480/3528 1956/2493/3540 1955/2492/3539 1943/2479/3527
f 1945/2481/3529 1957/2494/3541 1956/2493/3540 1944/2480/3528
f 1946/2482/3530 1958/2495/3542 1957/2494/3541 1945/2481/3529
f 1935/2483/3520 1947/2496/3532 1958/2495/3542 1946/2482/3530
f 1948/2485/3531 1960/2498/3543 1959/2497/3544 1947/2484/3532
f 1949/2486/3533 1961/2499/3545 1960/2498/3543 1948/2485/3531
f 1950/2487/3534 1962/2500/3546 1961/2499/3545 1949/2486/3533
f 1951/2488/3535 1963/2501/3547 1962/2500/3546 1950/2487/3534
f 1952/2489/3536 1964/2502/3548 1963/2501/3547 1951/2488/3535
f 1953/2490/3537 1965/2503/3549 1964/2502/3548 1952/2489/3536
f 1954/2491/3538 1966/2504/3550 1965/2503/3549 1953/2490/3537
f 1955/2492/3539 1967/2505/3551 1966/2504/3550 1954/2491/3538
f 1956/2493/3540 1968/2506/3552 1967/2505/3551 1955/2492/3539
f 1957/2494/3541 1969/2507/3553 1968/2506/3552 1956/2493/3540
f 1958/2495/3542 1970/2508/3554 1969/2507/3553 1957/2494/3541
f 1947/2496/3532 1959/2509/3544 1970/2508/3554 1958/2495/3542
f 1960/2498/3543 1972/2511/3555 1971/2510/3556 1959/2497/3544
f 1961/2499/3545 1973/2512/3557 1972/2511/3555 1960/2498/3543
f 1962/2500/3546 1974/2513/3558 1973/2512/3557 1961/2499/3545
f 1963/2501/3547 1975/2514/3559 1974/2513/3558 1962/2500/3546
f 1964/2502/3548 1976/2515/3560 1975/2514/3559 1963/2501/3547
f 1965/2503/3549 1977/2516/3561 1976/2515/3560 1964/2502/3548
f 1966/2504/3550 1978/2517/3562 1977/2516/3561 1965/2503/3549
f 1967/2505/3551 1979/2518/3563 1978/2517/3562 1966/2504/3550
f 1968/2506/3552 1980/2519/3564 1979/2518/3563 1967/2505/3551
f 1969/2507/3553 1981/2520/3565 1980/2519/3564 1968/2506/3552
f 1970/2508/3554 1982/2521/3566 1981/2520/3565 1969/2507/3553
f 1959/2509/3544 1971/2522/3556 1982/2521/3566 1970/2508/3554
f 1972/2511/3555 1840/2524/3423 1839/2523/3426 1971/2510/3556
f 1973/2512/3557 1841/2525/3427 1840/2524/3423 1972/2511/3555
f 1974/2513/3558 1842/2526/3429 1841/2525/3427 1973/2512/3557
f 1975/2514/3559 1843/2527/3431 1842/2526/3429 1974/2513/3558
f 1976/2515/3560 1844/2528/3433 1843/2527/3431 1975/2514/3559
f 1977/2516/3561 1845/2529/3435 1844/2528/3433 1976/2515/3560
f 1978/2517/3562 1846/2530/3437 1845/2529/3435 1977/2516/3561
f 1979/2518/3563 1847/2531/3439 1846/2530/3437 1978/2517/3562
f 1980/2519/3564 1848/2532/3441 1847/2531/3439 1979/2518/3563
f 1981/2520/3565 1849/2533/3443 1848/2532/3441 1980/2519/3564
f 1982/2521/3566 1850/2534/3445 1849/2533/3443 1981/2520/3565
f 1971/2522/3556 1839/2535/3426 1850/2534/3445 1982/2521/3566
g default
v -155.053940 436.191315 752.086426
v -152.572021 454.962524 731.760376
v -156.005417 478.918823 725.296448
v -160.381683 502.642181 731.760376
v -164.072784 520.721802 749.419922
v -168.595139 531.976318 776.210083
v -169.897095 529.237976 809.579102
v -167.071381 512.423889 839.909607
v -160.467819 485.443756 852.579895
v -152.674957 456.724609 846.116089
v -151.316345 437.114685 822.250000
v -157.041473 429.053955 785.455322
v -147.157242 435.728729 750.398804
v -144.479568 455.359192 729.894409
v -148.097656 480.377563 723.141724
v -152.669296 505.160370 729.894409
v -156.511383 524.026978 748.342712
v -161.249115 535.803955 775.599670
v -162.719955 533.105164 809.678589
v -159.723267 515.474792 841.254089
v -152.722900 487.140686 854.734558
v -144.546646 457.087219 847.981934
v -143.341827 436.671234 822.805725
v -149.568573 428.189880 784.477661
v -140.634705 431.736023 746.224487
v -137.953766 453.582794 724.796387
v -142.308731 481.445496 717.255188
v -147.414368 509.122772 724.796387
v -151.542068 529.954346 745.399475
v -156.593674 542.756653 774.368774
v -158.354767 539.915955 810.533997
v -154.867325 520.020508 845.023926
v -146.873932 488.120758 860.621094
v -137.973511 454.894653 853.079895
v -136.900620 432.658447 824.421021
v -143.942352 423.164886 782.389771
v -137.327957 425.259949 741.432983
v -134.809494 450.092926 717.832458
v -140.189850 481.836365 709.213989
v -146.024841 513.467468 717.832458
v -150.531296 536.966614 741.378723
v -155.981934 551.126038 773.597839
v -158.032303 547.934692 811.965637
v -153.888641 524.965942 850.195740
v -144.493042 488.128510 868.662292
v -134.799377 450.855164 860.043884
v -133.748688 426.144135 826.649536
v -141.663239 415.327118 779.800842
v -138.173065 418.023254 737.358215
v -135.952164 445.809082 710.868591
v -142.308731 481.445496 701.172791
v -148.873093 517.030579 710.868591
v -153.783936 543.234680 737.358215
v -159.589355 558.686584 773.543701
v -161.857910 555.040405 813.705688
v -157.081116 529.032227 854.938843
v -146.235260 487.186859 876.703613
v -135.937180 446.142395 867.007751
v -134.839722 418.846710 828.449219
v -143.295700 406.788361 777.520386
v -142.818604 411.996094 734.414978
v -141.072128 441.880157 705.770691
v -148.097656 480.377563 695.286072
v -155.195938 518.857056 705.770691
v -160.427414 547.077393 734.414978
v -166.347183 563.262695 773.543701
v -168.752869 559.250977 815.188416
v -163.556564 531.081970 858.024902
v -151.645386 485.565125 882.590088
v -141.064438 441.993286 872.105652
v -139.856018 412.727875 829.380676
v -148.373108 399.843506 776.059570
v -150.197479 408.749329 733.337524
v -148.737930 439.373444 703.904785
v -156.005417 478.918823 693.131470
v -163.299164 518.457764 703.904785
v -168.650055 547.419067 733.337524
v -174.441513 563.624146 773.543701
v -176.801498 559.338196 815.843872
v -171.467926 530.402100 858.865479
v -159.268631 483.690308 884.744812
v -148.736679 439.416412 873.971619
v -147.348694 409.453094 829.432739
v -155.890030 396.265900 775.637817
v -158.387253 409.139526 734.414978
v -156.851639 438.971527 705.770691
v -163.913208 477.460144 695.286072
v -171.011505 515.939575 705.770691
v -176.219330 544.125427 734.414978
v -181.710602 559.684143 773.543701
v -183.839111 555.266968 815.188416
v -178.642761 527.097900 858.024902
v -167.045990 482.040863 882.590088
v -156.839874 439.017120 872.105652
v -155.325165 409.895996 829.380676
v -163.841949 397.011658 776.059570
v -164.948029 413.122772 737.358215
v -163.243835 440.781006 710.868591
v -169.702103 476.392212 701.172791
v -176.266479 511.977264 710.868591
v -181.107117 538.078735 737.358215
v -186.208572 552.501221 773.543701
v -188.033890 548.207153 813.705688
v -183.254227 522.194763 854.938843
v -172.882233 481.042175 876.703613
v -163.218765 440.925659 867.007751
v -161.660934 413.934814 828.449219
v -169.766190 401.963104 777.520386
v -168.135910 419.628296 741.432983
v -166.249603 444.305115 717.832458
v -171.821014 476.001312 709.213989
v -177.655975 507.632477 717.832458
v -182.020599 530.924072 741.378723
v -186.732178 544.002869 773.597839
v -188.321136 540.136841 811.965637
v -184.162415 517.146179 850.195740
v -175.217987 480.968414 868.662292
v -166.220978 444.713745 860.043884
v -164.710999 420.474396 826.649536
v -172.096329 409.788177 779.800842
v -167.212204 426.884369 746.224487
v -165.095612 448.591644 724.796387
v -169.702103 476.392212 717.255188
v -174.807724 504.069458 724.796387
v -178.761139 524.646118 745.399475
v -183.222473 536.585327 774.368774
v -184.631226 533.229492 810.533997
v -181.119507 513.298584 845.023926
v -173.443329 481.862640 860.621094
v -165.100983 449.452637 853.079895
v -163.663528 427.760986 824.421021
v -170.209137 418.389893 782.389771
v -162.373566 432.959229 750.398804
v -160.066666 452.498138 729.894409
v -163.913208 477.460144 723.141724
v -168.484894 502.242920 729.894409
v -172.203049 520.928284 748.342712
v -176.615753 532.229919 775.599670
v -177.906494 529.267944 809.678589
v -174.888092 511.605652 841.254089
v -168.045837 483.502869 854.734558
v -160.171066 453.890228 847.981934
v -158.685760 433.870239 822.805725
v -164.597900 425.466644 784.477661
v 155.053940 436.191345 752.086426
v 152.572021 454.962585 731.760376
v 156.005432 478.918854 725.296448
v 160.381683 502.642181 731.760376
v 164.072769 520.721741 749.419922
v 168.595108 531.976318 776.210083
v 169.897110 529.237976 809.579102
v 167.071396 512.423950 839.909607
v 160.467819 485.443756 852.579895
v 152.674957 456.724609 846.116089
v 151.316345 437.114685 822.250000
v 157.041489 429.053986 785.455322
v 147.157227 435.728699 750.398804
v 144.479568 455.359192 729.894409
v 148.097641 480.377563 723.141724
v 152.669312 505.160370 729.894409
v 156.511383 524.027039 748.342712
v 161.249100 535.803894 775.599670
v 162.719986 533.105103 809.678589
v 159.723267 515.474792 841.254089
v 152.722916 487.140686 854.734558
v 144.546646 457.087219 847.981934
v 143.341843 436.671265 822.805725
v 149.568588 428.189911 784.477661
v 140.634720 431.736023 746.224487
v 137.953781 453.582733 724.796387
v 142.308731 481.445496 717.255188
v 147.414383 509.122772 724.796387
v 151.542053 529.954346 745.399475
v 156.593674 542.756592 774.368774
v 158.354782 539.915955 810.533997
v 154.867340 520.020508 845.023926
v 146.873947 488.120758 860.621094
v 137.973511 454.894653 853.079895
v 136.900604 432.658447 824.421021
v 143.942352 423.164886 782.389771
v 137.327972 425.259918 741.432983
v 134.809494 450.092896 717.832458
v 140.189850 481.836365 709.213989
v 146.024857 513.467468 717.832458
v 150.531296 536.966614 741.378723
v 155.981918 551.125977 773.597839
v 158.032288 547.934692 811.965637
v 153.888641 524.965942 850.195740
v 144.493042 488.128479 868.662292
v 134.799362 450.855133 860.043884
v 133.748672 426.144104 826.649536
v 141.663254 415.327179 779.800842
v 138.173096 418.023254 737.358215
v 135.952164 445.809113 710.868591
v 142.308731 481.445496 701.172791
v 148.873077 517.030579 710.868591
v 153.783951 543.234619 737.358215
v 159.589355 558.686523 773.543701
v 161.857925 555.040405 813.705688
v 157.081116 529.032227 854.938843
v 146.235275 487.186890 876.703613
v 135.937180 446.142395 867.007751
v 134.839722 418.846741 828.449219
v 143.295715 406.788330 777.520386
v 142.818619 411.996063 734.414978
v 141.072128 441.880157 705.770691
v 148.097641 480.377563 695.286072
v 155.195938 518.857056 705.770691
v 160.427429 547.077393 734.414978
v 166.347214 563.262817 773.543701
v 168.752899 559.250916 815.188416
v 163.556580 531.081970 858.024902
v 151.645386 485.565155 882.590088
v 141.064453 441.993286 872.105652
v 139.856018 412.727936 829.380676
v 148.373108 399.843506 776.059570
v 150.197510 408.749359 733.337524
v 148.737915 439.373383 703.904785
v 156.005432 478.918854 693.131470
v 163.299179 518.457764 703.904785
v 168.650055 547.419067 733.337524
v 174.441528 563.624146 773.543701
v 176.801498 559.338135 815.843872
v 171.467941 530.402100 858.865479
v 159.268646 483.690277 884.744812
v 148.736679 439.416443 873.971619
v 147.348694 409.453064 829.432739
v 155.890030 396.265930 775.637817
v 158.387253 409.139526 734.414978
v 156.851624 438.971497 705.770691
v 163.913208 477.460083 695.286072
v 171.011505 515.939575 705.770691
v 176.219315 544.125427 734.414978
v 181.710632 559.684082 773.543701
v 183.839111 555.266968 815.188416
v 178.642761 527.097900 858.024902
v 167.046005 482.040833 882.590088
v 156.839890 439.017120 872.105652
v 155.325165 409.895996 829.380676
v 163.841965 397.011658 776.059570
v 164.948044 413.122803 737.358215
v 163.243835 440.780975 710.868591
v 169.702118 476.392212 701.172791
v 176.266479 511.977264 710.868591
v 181.107101 538.078735 737.358215
v 186.208572 552.501221 773.543701
v 188.033920 548.207153 813.705688
v 183.254211 522.194763 854.938843
v 172.882233 481.042175 876.703613
v 163.218781 440.925629 867.007751
v 161.660950 413.934814 828.449219
v 169.766190 401.963074 777.520386
v 168.135910 419.628296 741.432983
v 166.249603 444.305115 717.832458
v 171.821014 476.001312 709.213989
v 177.655991 507.632477 717.832458
v 182.020630 530.924133 741.378723
v 186.732208 544.002930 773.597839
v 188.321136 540.136780 811.965637
v 184.162399 517.146179 850.195740
v 175.218002 480.968445 868.662292
v 166.220993 444.713715 860.043884
v 164.711014 420.474365 826.649536
v 172.096298 409.788177 779.800842
v 167.212219 426.884338 746.224487
v 165.095627 448.591675 724.796387
v 169.702118 476.392212 717.255188
v 174.807739 504.069458 724.796387
v 178.761169 524.646118 745.399475
v 183.222488 536.585327 774.368774
v 184.631241 533.229492 810.533997
v 181.119522 513.298584 845.023926
v 173.443329 481.862640 860.621094
v 165.100967 449.452637 853.079895
v 163.663544 427.760986 824.421021
v 170.209137 418.389893 782.389771
v 162.373550 432.959259 750.398804
v 160.066650 452.498169 729.894409
v 163.913208 477.460083 723.141724
v 168.484894 502.242950 729.894409
v 172.203079 520.928284 748.342712
v 176.615753 532.229919 775.599670
v 177.906525 529.267944 809.678589
v 174.888092 511.605682 841.254089
v 168.045853 483.502899 854.734558
v 160.171082 453.890198 847.981934
v 158.685760 433.870239 822.805725
v 164.597900 425.466614 784.477661
vt 1.048795 0.968647
vt 1.122888 0.968647
vt 1.196980 0.968647
vt 1.271073 0.968647
vt 1.345165 0.968647
vt 1.419258 0.968647
vt 1.493350 0.968647
vt 1.567443 0.968647
vt 1.641536 0.968647
vt 1.715628 0.968647
vt 1.789721 0.968647
vt 1.863813 0.968647
vt 1.937906 0.968647
vt 1.048795 0.962719
vt 1.122888 0.962719
vt 1.196980 0.962719
vt 1.271073 0.962719
vt 1.345165 0.962719
vt 1.419258 0.962719
vt 1.493350 0.962719
vt 1.567443 0.962719
vt 1.641536 0.962719
vt 1.715628 0.962719
vt 1.789721 0.962719
vt 1.863813 0.962719
vt 1.937906 0.962719
vt 1.048795 0.956791
vt 1.122888 0.956791
vt 1.196980 0.956791
vt 1.271073 0.956791
vt 1.345165 0.956791
vt 1.419258 0.956791
vt 1.493350 0.956791
vt 1.567443 0.956791
vt 1.641536 0.956791
vt 1.715628 0.956791
vt 1.789721 0.956791
vt 1.863813 0.956791
vt 1.937906 0.956791
vt 1.048795 0.950862
vt 1.122888 0.950862
vt 1.196980 0.950862
vt 1.271073 0.950862
vt 1.345165 0.950862
vt 1.419258 0.950862
vt 1.493350 0.950862
vt 1.567443 0.950862
vt 1.641536 0.950862
vt 1.715628 0.950862
vt 1.789721 0.950862
vt 1.863813 0.950862
vt 1.937906 0.950862
vt 1.048795 0.944934
vt 1.122888 0.944934
vt 1.196980 0.944934
vt 1.271073 0.944934
vt 1.345165 0.944934
vt 1.419258 0.944934
vt 1.493350 0.944934
vt 1.567443 0.944934
vt 1.641536 0.944934
vt 1.715628 0.944934
vt 1.789721 0.944934
vt 1.863813 0.944934
vt 1.937906 0.944934
vt 1.048795 0.939005
vt 1.122888 0.939005
vt 1.196980 0.939005
vt 1.271073 0.939005
vt 1.345165 0.939005
vt 1.419258 0.939005
vt 1.493350 0.939005
vt 1.567443 0.939005
vt 1.641536 0.939005
vt 1.715628 0.939005
vt 1.789721 0.939005
vt 1.863813 0.939005
vt 1.937906 0.939005
vt 1.048795 0.933077
vt 1.122888 0.933077
vt 1.196980 0.933077
vt 1.271073 0.933077
vt 1.345165 0.933077
vt 1.419258 0.933077
vt 1.493350 0.933077
vt 1.567443 0.933077
vt 1.641536 0.933077
vt 1.715628 0.933077
vt 1.789721 0.933077
vt 1.863813 0.933077
vt 1.937906 0.933077
vt 1.048795 0.927148
vt 1.122888 0.927148
vt 1.196980 0.927148
vt 1.271073 0.927148
vt 1.345165 0.927148
vt 1.419258 0.927148
vt 1.493350 0.927148
vt 1.567443 0.927148
vt 1.641536 0.927148
vt 1.715628 0.927148
vt 1.789721 0.927148
vt 1.863813 0.927148
vt 1.937906 0.927148
vt 1.048795 0.921220
vt 1.122888 0.921220
vt 1.196980 0.921220
vt 1.271073 0.921220
vt 1.345165 0.921220
vt 1.419258 0.921220
vt 1.493350 0.921220
vt 1.567443 0.921220
vt 1.641536 0.921220
vt 1.715628 0.921220
vt 1.789721 0.921220
vt 1.863813 0.921220
vt 1.937906 0.921220
vt 1.048795 0.915291
vt 1.122888 0.915291
vt 1.196980 0.915291
vt 1.271073 0.915291
vt 1.345165 0.915291
vt 1.419258 0.915291
vt 1.493350 0.915291
vt 1.567443 0.915291
vt 1.641536 0.915291
vt 1.715628 0.915291
vt 1.789721 0.915291
vt 1.863813 0.915291
vt 1.937906 0.915291
vt 1.048795 0.909363
vt 1.122888 0.909363
vt 1.196980 0.909363
vt 1.271073 0.909363
vt 1.345165 0.909363
vt 1.419258 0.909363
vt 1.493350 0.909363
vt 1.567443 0.909363
vt 1.641536 0.909363
vt 1.715628 0.909363
vt 1.789721 0.909363
vt 1.863813 0.909363
vt 1.937906 0.909363
vt 1.048795 0.903434
vt 1.122888 0.903434
vt 1.196980 0.903434
vt 1.271073 0.903434
vt 1.345165 0.903434
vt 1.419258 0.903434
vt 1.493350 0.903434
vt 1.567443 0.903434
vt 1.641536 0.903434
vt 1.715628 0.903434
vt 1.789721 0.903434
vt 1.863813 0.903434
vt 1.937906 0.903434
vt 1.048795 0.897506
vt 1.122888 0.897506
vt 1.196980 0.897506
vt 1.271073 0.897506
vt 1.345165 0.897506
vt 1.419258 0.897506
vt 1.493350 0.897506
vt 1.567443 0.897506
vt 1.641536 0.897506
vt 1.715628 0.897506
vt 1.789721 0.897506
vt 1.863813 0.897506
vt 1.937906 0.897506
vt 1.122888 0.968647
vt 1.048795 0.968647
vt 1.048795 0.962719
vt 1.122888 0.962719
vt 1.196980 0.968647
vt 1.196980 0.962719
vt 1.271073 0.968647
vt 1.271073 0.962719
vt 1.345165 0.968647
vt 1.345165 0.962719
vt 1.419258 0.968647
vt 1.419258 0.962719
vt 1.493350 0.968647
vt 1.493350 0.962719
vt 1.567443 0.968647
vt 1.567443 0.962719
vt 1.641536 0.968647
vt 1.641536 0.962719
vt 1.715628 0.968647
vt 1.715628 0.962719
vt 1.789721 0.968647
vt 1.789721 0.962719
vt 1.863813 0.968647
vt 1.863813 0.962719
vt 1.937906 0.968647
vt 1.937906 0.962719
vt 1.048795 0.956791
vt 1.122888 0.956791
vt 1.196980 0.956791
vt 1.271073 0.956791
vt 1.345165 0.956791
vt 1.419258 0.956791
vt 1.493350 0.956791
vt 1.567443 0.956791
vt 1.641536 0.956791
vt 1.715628 0.956791
vt 1.789721 0.956791
vt 1.863813 0.956791
vt 1.937906 0.956791
vt 1.048795 0.950862
vt 1.122888 0.950862
vt 1.196980 0.950862
vt 1.271073 0.950862
vt 1.345165 0.950862
vt 1.419258 0.950862
vt 1.493350 0.950862
vt 1.567443 0.950862
vt 1.641536 0.950862
vt 1.715628 0.950862
vt 1.789721 0.950862
vt 1.863813 0.950862
vt 1.937906 0.950862
vt 1.048795 0.944934
vt 1.122888 0.944934
vt 1.196980 0.944934
vt 1.271073 0.944934
vt 1.345165 0.944934
vt 1.419258 0.944934
vt 1.493350 0.944934
vt 1.567443 0.944934
vt 1.641536 0.944934
vt 1.715628 0.944934
vt 1.789721 0.944934
vt 1.863813 0.944934
vt 1.937906 0.944934
vt 1.048795 0.939005
vt 1.122888 0.939005
vt 1.196980 0.939005
vt 1.271073 0.939005
vt 1.345165 0.939005
vt 1.419258 0.939005
vt 1.493350 0.939005
vt 1.567443 0.939005
vt 1.641536 0.939005
vt 1.715628 0.939005
vt 1.789721 0.939005
vt 1.863813 0.939005
vt 1.937906 0.939005
vt 1.048795 0.933077
vt 1.122888 0.933077
vt 1.196980 0.933077
vt 1.271073 0.933077
vt 1.345165 0.933077
vt 1.419258 0.933077
vt 1.493350 0.933077
vt 1.567443 0.933077
vt 1.641536 0.933077
vt 1.715628 0.933077
vt 1.789721 0.933077
vt 1.863813 0.933077
vt 1.937906 0.933077
vt 1.048795 0.927148
vt 1.122888 0.927148
vt 1.196980 0.927148
vt 1.271073 0.927148
vt 1.345165 0.927148
vt 1.419258 0.927148
vt 1.493350 0.927148
vt 1.567443 0.927148
vt 1.641536 0.927148
vt 1.715628 0.927148
vt 1.789721 0.927148
vt 1.863813 0.927148
vt 1.937906 0.927148
vt 1.048795 0.921220
vt 1.122888 0.921220
vt 1.196980 0.921220
vt 1.271073 0.921220
vt 1.345165 0.921220
vt 1.419258 0.921220
vt 1.493350 0.921220
vt 1.567443 0.921220
vt 1.641536 0.921220
vt 1.715628 0.921220
vt 1.789721 0.921220
vt 1.863813 0.921220
vt 1.937906 0.921220
vt 1.048795 0.915291
vt 1.122888 0.915291
vt 1.196980 0.915291
vt 1.271073 0.915291
vt 1.345165 0.915291
vt 1.419258 0.915291
vt 1.493350 0.915291
vt 1.567443 0.915291
vt 1.641536 0.915291
vt 1.715628 0.915291
vt 1.789721 0.915291
vt 1.863813 0.915291
vt 1.937906 0.915291
vt 1.048795 0.909363
vt 1.122888 0.909363
vt 1.196980 0.909363
vt 1.271073 0.909363
vt 1.345165 0.909363
vt 1.419258 0.909363
vt 1.493350 0.909363
vt 1.567443 0.909363
vt 1.641536 0.909363
vt 1.715628 0.909363
vt 1.789721 0.909363
vt 1.863813 0.909363
vt 1.937906 0.909363
vt 1.048795 0.903434
vt 1.122888 0.903434
vt 1.196980 0.903434
vt 1.271073 0.903434
vt 1.345165 0.903434
vt 1.419258 0.903434
vt 1.493350 0.903434
vt 1.567443 0.903434
vt 1.641536 0.903434
vt 1.715628 0.903434
vt 1.789721 0.903434
vt 1.863813 0.903434
vt 1.937906 0.903434
vt 1.048795 0.897506
vt 1.122888 0.897506
vt 1.196980 0.897506
vt 1.271073 0.897506
vt 1.345165 0.897506
vt 1.419258 0.897506
vt 1.493350 0.897506
vt 1.567443 0.897506
vt 1.641536 0.897506
vt 1.715628 0.897506
vt 1.789721 0.897506
vt 1.863813 0.897506
vt 1.937906 0.897506
vn -0.078615 0.519908 0.850597
vn -0.170125 0.895352 0.411585
vn 0.451153 0.777220 0.438624
vn 0.474206 0.460733 0.750236
vn 0.003352 -0.000782 0.999994
vn 0.518881 0.087486 0.850358
vn 0.092839 -0.483895 0.870187
vn 0.590292 -0.316148 0.742701
vn 0.171694 -0.804510 0.568582
vn 0.638110 -0.578453 0.508142
vn 0.221772 -0.962708 0.154951
vn 0.688727 -0.702994 0.177354
vn 0.228114 -0.926228 -0.300110
vn 0.674749 -0.700149 -0.233464
vn 0.167078 -0.673082 -0.720448
vn 0.617144 -0.477271 -0.625576
vn 0.029013 -0.112712 -0.993204
vn 0.526524 0.032969 -0.849521
vn -0.090598 0.516618 -0.851409
vn 0.445711 0.535485 -0.717355
vn -0.156810 0.899605 -0.407580
vn 0.377834 0.827464 -0.415386
vn -0.200746 0.979510 -0.016135
vn 0.382710 0.922883 -0.042665
vn 0.853469 0.409555 0.322267
vn 0.841240 0.296770 0.451932
vn 0.873782 0.152644 0.461742
vn 0.913686 -0.060842 0.401840
vn 0.928529 -0.207360 0.307955
vn 0.955304 -0.257697 0.144869
vn 0.959585 -0.262411 -0.101676
vn 0.928548 -0.127764 -0.348533
vn 0.871340 0.172725 -0.459275
vn 0.829069 0.401197 -0.389469
vn 0.800399 0.518220 -0.301345
vn 0.840676 0.539660 -0.045064
vn 0.993811 0.000760 0.111081
vn 0.995982 0.082214 0.035498
vn 0.982995 0.176990 -0.048946
vn 0.976746 0.209272 -0.046606
vn 0.974078 0.225647 0.016008
vn 0.967329 0.246656 0.058612
vn 0.964635 0.254012 0.070402
vn 0.960613 0.271873 0.057518
vn 0.961916 0.266387 0.061283
vn 0.988654 0.148001 0.025690
vn 0.992636 0.065109 -0.102146
vn 0.999306 0.022484 -0.029698
vn 0.913368 -0.383473 -0.136777
vn 0.900794 -0.158637 -0.404233
vn 0.828842 0.151880 -0.538473
vn 0.776701 0.419063 -0.470236
vn 0.748940 0.602210 -0.276464
vn 0.727008 0.685663 -0.036398
vn 0.699865 0.676609 0.228886
vn 0.694159 0.566532 0.444056
vn 0.779778 0.285221 0.557311
vn 0.889109 -0.160141 0.428765
vn 0.909048 -0.400224 0.115985
vn 0.895092 -0.445597 -0.015912
vn 0.619904 -0.696178 -0.362016
vn 0.571140 -0.368188 -0.733646
vn 0.467960 0.086429 -0.879513
vn 0.386155 0.518607 -0.762844
vn 0.330377 0.812883 -0.479659
vn 0.293036 0.949503 -0.112135
vn 0.259348 0.906875 0.332140
vn 0.268953 0.684481 0.677606
vn 0.404602 0.232168 0.884531
vn 0.562992 -0.423392 0.709774
vn 0.601174 -0.746779 0.284448
vn 0.594013 -0.804395 -0.009870
vn 0.158882 -0.853425 -0.496409
vn 0.104336 -0.488138 -0.866508
vn 0.000023 0.000131 -1.000000
vn -0.091059 0.491439 -0.866138
vn -0.157347 0.817126 -0.554569
vn -0.218398 0.963405 -0.155415
vn -0.234898 0.904897 0.354943
vn -0.170437 0.649604 0.740922
vn -0.036138 0.137199 0.989884
vn 0.120346 -0.573421 0.810373
vn 0.178245 -0.910073 0.374161
vn 0.149199 -0.988799 -0.004143
vn -0.354946 -0.790887 -0.498509
vn -0.377611 -0.487587 -0.787190
vn -0.466097 -0.085960 -0.880548
vn -0.546116 0.346770 -0.762567
vn -0.600051 0.625853 -0.498243
vn -0.661121 0.732765 -0.161165
vn -0.664811 0.689906 0.286455
vn -0.572391 0.479274 0.665331
vn -0.467647 0.019743 0.883695
vn -0.344478 -0.591910 0.728682
vn -0.290104 -0.870559 0.397451
vn -0.358688 -0.933441 0.005512
vn -0.782063 -0.504283 -0.366163
vn -0.771699 -0.363483 -0.521883
vn -0.823995 -0.151510 -0.545964
vn -0.874215 0.115275 -0.471657
vn -0.903332 0.280194 -0.324780
vn -0.933414 0.333296 -0.132864
vn -0.938283 0.310842 0.151664
vn -0.884940 0.187622 0.426238
vn -0.818441 -0.109190 0.564121
vn -0.746748 -0.468812 0.471787
vn -0.730557 -0.603618 0.319267
vn -0.794929 -0.605967 0.029852
vn -0.984922 -0.090749 -0.147284
vn -0.982593 -0.138461 -0.123849
vn -0.981677 -0.178717 -0.066115
vn -0.987024 -0.151561 -0.053041
vn -0.986570 -0.151102 -0.062034
vn -0.985946 -0.150121 -0.073311
vn -0.986631 -0.161923 -0.018440
vn -0.982628 -0.179845 0.045803
vn -0.972943 -0.216554 0.080538
vn -0.969857 -0.228480 0.084699
vn -0.978570 -0.149532 0.141569
vn -0.992142 -0.115501 0.048095
vn -0.941561 0.326461 0.082985
vn -0.939870 0.137033 0.312835
vn -0.880441 -0.157113 0.447368
vn -0.834659 -0.384984 0.393868
vn -0.796933 -0.557634 0.232256
vn -0.781848 -0.623310 0.014091
vn -0.756793 -0.627520 -0.182985
vn -0.777778 -0.517040 -0.357395
vn -0.857356 -0.263986 -0.441873
vn -0.935599 0.067009 -0.346648
vn -0.936962 0.340696 -0.077649
vn -0.928815 0.367702 0.045804
vn -0.676729 0.683422 0.273811
vn -0.624319 0.390351 0.676647
vn -0.520878 -0.091041 0.848762
vn -0.436832 -0.510987 0.740317
vn -0.364210 -0.804791 0.468682
vn -0.330245 -0.938863 0.097334
vn -0.288229 -0.914511 -0.283891
vn -0.333227 -0.696680 -0.635293
vn -0.484090 -0.225669 -0.845418
vn -0.617517 0.342701 -0.707975
vn -0.637464 0.718426 -0.278396
vn -0.659445 0.751361 0.024290
vn 0.078616 0.519908 0.850597
vn -0.474206 0.460733 0.750236
vn -0.451155 0.777219 0.438622
vn 0.170124 0.895352 0.411586
vn -0.003353 -0.000783 0.999994
vn -0.518879 0.087487 0.850359
vn -0.092843 -0.483895 0.870187
vn -0.590293 -0.316148 0.742701
vn -0.171694 -0.804509 0.568583
vn -0.638111 -0.578452 0.508141
vn -0.221769 -0.962709 0.154951
vn -0.688727 -0.702994 0.177354
vn -0.228109 -0.926229 -0.300109
vn -0.674748 -0.700150 -0.233464
vn -0.167073 -0.673083 -0.720448
vn -0.617143 -0.477272 -0.625577
vn -0.029012 -0.112712 -0.993204
vn -0.526524 0.032969 -0.849521
vn 0.090598 0.516619 -0.851409
vn -0.445711 0.535485 -0.717354
vn 0.156811 0.899606 -0.407578
vn -0.377835 0.827464 -0.415385
vn 0.200746 0.979510 -0.016133
vn -0.382712 0.922882 -0.042665
vn -0.841241 0.296769 0.451931
vn -0.853469 0.409555 0.322266
vn -0.873781 0.152644 0.461742
vn -0.913686 -0.060843 0.401840
vn -0.928528 -0.207361 0.307955
vn -0.955304 -0.257698 0.144869
vn -0.959585 -0.262411 -0.101676
vn -0.928548 -0.127764 -0.348533
vn -0.871339 0.172724 -0.459276
vn -0.829069 0.401196 -0.389470
vn -0.800400 0.518219 -0.301344
vn -0.840676 0.539661 -0.045065
vn -0.995982 0.082215 0.035499
vn -0.993811 0.000759 0.111082
vn -0.982995 0.176990 -0.048944
vn -0.976746 0.209273 -0.046606
vn -0.974077 0.225649 0.016007
vn -0.967329 0.246656 0.058611
vn -0.964635 0.254012 0.070402
vn -0.960613 0.271872 0.057517
vn -0.961917 0.266385 0.061281
vn -0.988654 0.148000 0.025689
vn -0.992637 0.065109 -0.102145
vn -0.999306 0.022484 -0.029697
vn -0.900794 -0.158636 -0.404233
vn -0.913368 -0.383472 -0.136776
vn -0.828843 0.151879 -0.538472
vn -0.776702 0.419063 -0.470234
vn -0.748941 0.602209 -0.276463
vn -0.727010 0.685662 -0.036398
vn -0.699865 0.676610 0.228887
vn -0.694156 0.566534 0.444057
vn -0.779776 0.285221 0.557313
vn -0.889108 -0.160142 0.428767
vn -0.909048 -0.400225 0.115986
vn -0.895092 -0.445597 -0.015912
vn -0.571144 -0.368186 -0.733644
vn -0.619906 -0.696177 -0.362013
vn -0.467961 0.086429 -0.879513
vn -0.386157 0.518607 -0.762843
vn -0.330379 0.812883 -0.479658
vn -0.293036 0.949503 -0.112133
vn -0.259347 0.906875 0.332141
vn -0.268950 0.684482 0.677606
vn -0.404598 0.232168 0.884533
vn -0.562991 -0.423392 0.709775
vn -0.601174 -0.746779 0.284449
vn -0.594013 -0.804395 -0.009869
vn -0.104341 -0.488139 -0.866507
vn -0.158885 -0.853425 -0.496408
vn -0.000024 0.000132 -1.000000
vn 0.091060 0.491439 -0.866138
vn 0.157351 0.817125 -0.554569
vn 0.218403 0.963404 -0.155415
vn 0.234899 0.904897 0.354942
vn 0.170436 0.649605 0.740922
vn 0.036137 0.137198 0.989884
vn -0.120346 -0.573421 0.810373
vn -0.178246 -0.910073 0.374160
vn -0.149200 -0.988798 -0.004143
vn 0.377610 -0.487588 -0.787190
vn 0.354945 -0.790888 -0.498508
vn 0.466096 -0.085962 -0.880548
vn 0.546116 0.346770 -0.762567
vn 0.600052 0.625853 -0.498243
vn 0.661121 0.732765 -0.161165
vn 0.664811 0.689906 0.286455
vn 0.572390 0.479274 0.665332
vn 0.467647 0.019744 0.883695
vn 0.344480 -0.591910 0.728681
vn 0.290105 -0.870559 0.397451
vn 0.358686 -0.933442 0.005511
vn 0.771700 -0.363481 -0.521882
vn 0.782064 -0.504281 -0.366164
vn 0.823995 -0.151509 -0.545965
vn 0.874214 0.115275 -0.471657
vn 0.903331 0.280196 -0.324781
vn 0.933413 0.333297 -0.132865
vn 0.938283 0.310842 0.151665
vn 0.884940 0.187622 0.426239
vn 0.818442 -0.109190 0.564120
vn 0.746749 -0.468812 0.471786
vn 0.730558 -0.603617 0.319267
vn 0.794929 -0.605967 0.029852
vn 0.982594 -0.138460 -0.123850
vn 0.984922 -0.090750 -0.147284
vn 0.981677 -0.178717 -0.066116
vn 0.987024 -0.151561 -0.053041
vn 0.986570 -0.151101 -0.062035
vn 0.985946 -0.150120 -0.073311
vn 0.986631 -0.161924 -0.018440
vn 0.982628 -0.179844 0.045803
vn 0.972943 -0.216553 0.080537
vn 0.969858 -0.228479 0.084698
vn 0.978570 -0.149531 0.141569
vn 0.992142 -0.115502 0.048096
vn 0.939870 0.137034 0.312835
vn 0.941561 0.326461 0.082985
vn 0.880441 -0.157114 0.447368
vn 0.834658 -0.384985 0.393869
vn 0.796932 -0.557634 0.232258
vn 0.781848 -0.623309 0.014091
vn 0.756793 -0.627519 -0.182985
vn 0.777779 -0.517038 -0.357395
vn 0.857357 -0.263985 -0.441872
vn 0.935599 0.067009 -0.346648
vn 0.936961 0.340696 -0.077650
vn 0.928815 0.367702 0.045803
vn 0.624319 0.390352 0.676648
vn 0.676729 0.683422 0.273811
vn 0.520877 -0.091040 0.848763
vn 0.436830 -0.510988 0.740318
vn 0.364210 -0.804791 0.468682
vn 0.330246 -0.938863 0.097334
vn 0.288229 -0.914511 -0.283891
vn 0.333226 -0.696680 -0.635294
vn 0.484089 -0.225669 -0.845418
vn 0.617517 0.342701 -0.707975
vn 0.637463 0.718426 -0.278396
vn 0.659445 0.751361 0.024290
s 1
g TentProxy Ring3
usemtl initialShadingGroup
f 1984/2537/3567 1983/2536/3568 1995/2549/3569 1996/2550/3570
f 1985/2538/3571 1984/2537/3567 1996/2550/3570 1997/2551/3572
f 1986/2539/3573 1985/2538/3571 1997/2551/3572 1998/2552/3574
f 1987/2540/3575 1986/2539/3573 1998/2552/3574 1999/2553/3576
f 1988/2541/3577 1987/2540/3575 1999/2553/3576 2000/2554/3578
f 1989/2542/3579 1988/2541/3577 2000/2554/3578 2001/2555/3580
f 1990/2543/3581 1989/2542/3579 2001/2555/3580 2002/2556/3582
f 1991/2544/3583 1990/2543/3581 2002/2556/3582 2003/2557/3584
f 1992/2545/3585 1991/2544/3583 2003/2557/3584 2004/2558/3586
f 1993/2546/3587 1992/2545/3585 2004/2558/3586 2005/2559/3588
f 1994/2547/3589 1993/2546/3587 2005/2559/3588 2006/2560/3590
f 1983/2548/3568 1994/2547/3589 2006/2560/3590 1995/2561/3569
f 1996/2550/3570 1995/2549/3569 2007/2562/3591 2008/2563/3592
f 1997/2551/3572 1996/2550/3570 2008/2563/3592 2009/2564/3593
f 1998/2552/3574 1997/2551/3572 2009/2564/3593 2010/2565/3594
f 1999/2553/3576 1998/2552/3574 2010/2565/3594 2011/2566/3595
f 2000/2554/3578 1999/2553/3576 2011/2566/3595 2012/2567/3596
f 2001/2555/3580 2000/2554/3578 2012/2567/3596 2013/2568/3597
f 2002/2556/3582 2001/2555/3580 2013/2568/3597 2014/2569/3598
f 2003/2557/3584 2002/2556/3582 2014/2569/3598 2015/2570/3599
f 2004/2558/3586 2003/2557/3584 2015/2570/3599 2016/2571/3600
f 2005/2559/3588 2004/2558/3586 2016/2571/3600 2017/2572/3601
f 2006/2560/3590 2005/2559/3588 2017/2572/3601 2018/2573/3602
f 1995/2561/3569 2006/2560/3590 2018/2573/3602 2007/2574/3591
f 2008/2563/3592 2007/2562/3591 2019/2575/3603 2020/2576/3604
f 2009/2564/3593 2008/2563/3592 2020/2576/3604 2021/2577/3605
f 2010/2565/3594 2009/2564/3593 2021/2577/3605 2022/2578/3606
f 2011/2566/3595 2010/2565/3594 2022/2578/3606 2023/2579/3607
f 2012/2567/3596 2011/2566/3595 2023/2579/3607 2024/2580/3608
f 2013/2568/3597 2012/2567/3596 2024/2580/3608 2025/2581/3609
f 2014/2569/3598 2013/2568/3597 2025/2581/3609 2026/2582/3610
f 2015/2570/3599 2014/2569/3598 2026/2582/3610 2027/2583/3611
f 2016/2571/3600 2015/2570/3599 2027/2583/3611 2028/2584/3612
f 2017/2572/3601 2016/2571/3600 2028/2584/3612 2029/2585/3613
f 2018/2573/3602 2017/2572/3601 2029/2585/3613 2030/2586/3614
f 2007/2574/3591 2018/2573/3602 2030/2586/3614 2019/2587/3603
f 2020/2576/3604 2019/2575/3603 2031/2588/3615 2032/2589/3616
f 2021/2577/3605 2020/2576/3604 2032/2589/3616 2033/2590/3617
f 2022/2578/3606 2021/2577/3605 2033/2590/3617 2034/2591/3618
f 2023/2579/3607 2022/2578/3606 2034/2591/3618 2035/2592/3619
f 2024/2580/3608 2023/2579/3607 2035/2592/3619 2036/2593/3620
f 2025/2581/3609 2024/2580/3608 2036/2593/3620 2037/2594/3621
f 2026/2582/3610 2025/2581/3609 2037/2594/3621 2038/2595/3622
f 2027/2583/3611 2026/2582/3610 2038/2595/3622 2039/2596/3623
f 2028/2584/3612 2027/2583/3611 2039/2596/3623 2040/2597/3624
f 2029/2585/3613 2028/2584/3612 2040/2597/3624 2041/2598/3625
f 2030/2586/3614 2029/2585/3613 2041/2598/3625 2042/2599/3626
f 2019/2587/3603 2030/2586/3614 2042/2599/3626 2031/2600/3615
f 2032/2589/3616 2031/2588/3615 2043/2601/3627 2044/2602/3628
f 2033/2590/3617 2032/2589/3616 2044/2602/3628 2045/2603/3629
f 2034/2591/3618 2033/2590/3617 2045/2603/3629 2046/2604/3630
f 2035/2592/3619 2034/2591/3618 2046/2604/3630 2047/2605/3631
f 2036/2593/3620 2035/2592/3619 2047/2605/3631 2048/2606/3632
f 2037/2594/3621 2036/2593/3620 2048/2606/3632 2049/2607/3633
f 2038/2595/3622 2037/2594/3621 2049/2607/3633 2050/2608/3634
f 2039/2596/3623 2038/2595/3622 2050/2608/3634 2051/2609/3635
f 2040/2597/3624 2039/2596/3623 2051/2609/3635 2052/2610/3636
f 2041/2598/3625 2040/2597/3624 2052/2610/3636 2053/2611/3637
f 2042/2599/3626 2041/2598/3625 2053/2611/3637 2054/2612/3638
f 2031/2600/3615 2042/2599/3626 2054/2612/3638 2043/2613/3627
f 2044/2602/3628 2043/2601/3627 2055/2614/3639 2056/2615/3640
f 2045/2603/3629 2044/2602/3628 2056/2615/3640 2057/2616/3641
f 2046/2604/3630 2045/2603/3629 2057/2616/3641 2058/2617/3642
f 2047/2605/3631 2046/2604/3630 2058/2617/3642 2059/2618/3643
f 2048/2606/3632 2047/2605/3631 2059/2618/3643 2060/2619/3644
f 2049/2607/3633 2048/2606/3632 2060/2619/3644 2061/2620/3645
f 2050/2608/3634 2049/2607/3633 2061/2620/3645 2062/2621/3646
f 2051/2609/3635 2050/2608/3634 2062/2621/3646 2063/2622/3647
f 2052/2610/3636 2051/2609/3635 2063/2622/3647 2064/2623/3648
f 2053/2611/3637 2052/2610/3636 2064/2623/3648 2065/2624/3649
f 2054/2612/3638 2053/2611/3637 2065/2624/3649 2066/2625/3650
f 2043/2613/3627 2054/2612/3638 2066/2625/3650 2055/2626/3639
f 2056/2615/3640 2055/2614/3639 2067/2627/3651 2068/2628/3652
f 2057/2616/3641 2056/2615/3640 2068/2628/3652 2069/2629/3653
f 2058/2617/3642 2057/2616/3641 2069/2629/3653 2070/2630/3654
f 2059/2618/3643 2058/2617/3642 2070/2630/3654 2071/2631/3655
f 2060/2619/3644 2059/2618/3643 2071/2631/3655 2072/2632/3656
f 2061/2620/3645 2060/2619/3644 2072/2632/3656 2073/2633/3657
f 2062/2621/3646 2061/2620/3645 2073/2633/3657 2074/2634/3658
f 2063/2622/3647 2062/2621/3646 2074/2634/3658 2075/2635/3659
f 2064/2623/3648 2063/2622/3647 2075/2635/3659 2076/2636/3660
f 2065/2624/3649 2064/2623/3648 2076/2636/3660 2077/2637/3661
f 2066/2625/3650 2065/2624/3649 2077/2637/3661 2078/2638/3662
f 2055/2626/3639 2066/2625/3650 2078/2638/3662 2067/2639/3651
f 2068/2628/3652 2067/2627/3651 2079/2640/3663 2080/2641/3664
f 2069/2629/3653 2068/2628/3652 2080/2641/3664 2081/2642/3665
f 2070/2630/3654 2069/2629/3653 2081/2642/3665 2082/2643/3666
f 2071/2631/3655 2070/2630/3654 2082/2643/3666 2083/2644/3667
f 2072/2632/3656 2071/2631/3655 2083/2644/3667 2084/2645/3668
f 2073/2633/3657 2072/2632/3656 2084/2645/3668 2085/2646/3669
f 2074/2634/3658 2073/2633/3657 2085/2646/3669 2086/2647/3670
f 2075/2635/3659 2074/2634/3658 2086/2647/3670 2087/2648/3671
f 2076/2636/3660 2075/2635/3659 2087/2648/3671 2088/2649/3672
f 2077/2637/3661 2076/2636/3660 2088/2649/3672 2089/2650/3673
f 2078/2638/3662 2077/2637/3661 2089/2650/3673 2090/2651/3674
f 2067/2639/3651 2078/2638/3662 2090/2651/3674 2079/2652/3663
f 2080/2641/3664 2079/2640/3663 2091/2653/3675 2092/2654/3676
f 2081/2642/3665 2080/2641/3664 2092/2654/3676 2093/2655/3677
f 2082/2643/3666 2081/2642/3665 2093/2655/3677 2094/2656/3678
f 2083/2644/3667 2082/2643/3666 2094/2656/3678 2095/2657/3679
f 2084/2645/3668 2083/2644/3667 2095/2657/3679 2096/2658/3680
f 2085/2646/3669 2084/2645/3668 2096/2658/3680 2097/2659/3681
f 2086/2647/3670 2085/2646/3669 2097/2659/3681 2098/2660/3682
f 2087/2648/3671 2086/2647/3670 2098/2660/3682 2099/2661/3683
f 2088/2649/3672 2087/2648/3671 2099/2661/3683 2100/2662/3684
f 2089/2650/3673 2088/2649/3672 2100/2662/3684 2101/2663/3685
f 2090/2651/3674 2089/2650/3673 2101/2663/3685 2102/2664/3686
f 2079/2652/3663 2090/2651/3674 2102/2664/3686 2091/2665/3675
f 2092/2654/3676 2091/2653/3675 2103/2666/3687 2104/2667/3688
f 2093/2655/3677 2092/2654/3676 2104/2667/3688 2105/2668/3689
f 2094/2656/3678 2093/2655/3677 2105/2668/3689 2106/2669/3690
f 2095/2657/3679 2094/2656/3678 2106/2669/3690 2107/2670/3691
f 2096/2658/3680 2095/2657/3679 2107/2670/3691 2108/2671/3692
f 2097/2659/3681 2096/2658/3680 2108/2671/3692 2109/2672/3693
f 2098/2660/3682 2097/2659/3681 2109/2672/3693 2110/2673/3694
f 2099/2661/3683 2098/2660/3682 2110/2673/3694 2111/2674/3695
f 2100/2662/3684 2099/2661/3683 2111/2674/3695 2112/2675/3696
f 2101/2663/3685 2100/2662/3684 2112/2675/3696 2113/2676/3697
f 2102/2664/3686 2101/2663/3685 2113/2676/3697 2114/2677/3698
f 2091/2665/3675 2102/2664/3686 2114/2677/3698 2103/2678/3687
f 2104/2667/3688 2103/2666/3687 2115/2679/3699 2116/2680/3700
f 2105/2668/3689 2104/2667/3688 2116/2680/3700 2117/2681/3701
f 2106/2669/3690 2105/2668/3689 2117/2681/3701 2118/2682/3702
f 2107/2670/3691 2106/2669/3690 2118/2682/3702 2119/2683/3703
f 2108/2671/3692 2107/2670/3691 2119/2683/3703 2120/2684/3704
f 2109/2672/3693 2108/2671/3692 2120/2684/3704 2121/2685/3705
f 2110/2673/3694 2109/2672/3693 2121/2685/3705 2122/2686/3706
f 2111/2674/3695 2110/2673/3694 2122/2686/3706 2123/2687/3707
f 2112/2675/3696 2111/2674/3695 2123/2687/3707 2124/2688/3708
f 2113/2676/3697 2112/2675/3696 2124/2688/3708 2125/2689/3709
f 2114/2677/3698 2113/2676/3697 2125/2689/3709 2126/2690/3710
f 2103/2678/3687 2114/2677/3698 2126/2690/3710 2115/2691/3699
f 2116/2680/3700 2115/2679/3699 1983/2692/3568 1984/2693/3567
f 2117/2681/3701 2116/2680/3700 1984/2693/3567 1985/2694/3571
f 2118/2682/3702 2117/2681/3701 1985/2694/3571 1986/2695/3573
f 2119/2683/3703 2118/2682/3702 1986/2695/3573 1987/2696/3575
f 2120/2684/3704 2119/2683/3703 1987/2696/3575 1988/2697/3577
f 2121/2685/3705 2120/2684/3704 1988/2697/3577 1989/2698/3579
f 2122/2686/3706 2121/2685/3705 1989/2698/3579 1990/2699/3581
f 2123/2687/3707 2122/2686/3706 1990/2699/3581 1991/2700/3583
f 2124/2688/3708 2123/2687/3707 1991/2700/3583 1992/2701/3585
f 2125/2689/3709 2124/2688/3708 1992/2701/3585 1993/2702/3587
f 2126/2690/3710 2125/2689/3709 1993/2702/3587 1994/2703/3589
f 2115/2691/3699 2126/2690/3710 1994/2703/3589 1983/2704/3568
s 2
f 2128/2705/3711 2140/2708/3712 2139/2707/3713 2127/2706/3714
f 2129/2709/3715 2141/2710/3716 2140/2708/3712 2128/2705/3711
f 2130/2711/3717 2142/2712/3718 2141/2710/3716 2129/2709/3715
f 2131/2713/3719 2143/2714/3720 2142/2712/3718 2130/2711/3717
f 2132/2715/3721 2144/2716/3722 2143/2714/3720 2131/2713/3719
f 2133/2717/3723 2145/2718/3724 2144/2716/3722 2132/2715/3721
f 2134/2719/3725 2146/2720/3726 2145/2718/3724 2133/2717/3723
f 2135/2721/3727 2147/2722/3728 2146/2720/3726 2134/2719/3725
f 2136/2723/3729 2148/2724/3730 2147/2722/3728 2135/2721/3727
f 2137/2725/3731 2149/2726/3732 2148/2724/3730 2136/2723/3729
f 2138/2727/3733 2150/2728/3734 2149/2726/3732 2137/2725/3731
f 2127/2729/3714 2139/2730/3713 2150/2728/3734 2138/2727/3733
f 2140/2708/3712 2152/2732/3735 2151/2731/3736 2139/2707/3713
f 2141/2710/3716 2153/2733/3737 2152/2732/3735 2140/2708/3712
f 2142/2712/3718 2154/2734/3738 2153/2733/3737 2141/2710/3716
f 2143/2714/3720 2155/2735/3739 2154/2734/3738 2142/2712/3718
f 2144/2716/3722 2156/2736/3740 2155/2735/3739 2143/2714/3720
f 2145/2718/3724 2157/2737/3741 2156/2736/3740 2144/2716/3722
f 2146/2720/3726 2158/2738/3742 2157/2737/3741 2145/2718/3724
f 2147/2722/3728 2159/2739/3743 2158/2738/3742 2146/2720/3726
f 2148/2724/3730 2160/2740/3744 2159/2739/3743 2147/2722/3728
f 2149/2726/3732 2161/2741/3745 2160/2740/3744 2148/2724/3730
f 2150/2728/3734 2162/2742/3746 2161/2741/3745 2149/2726/3732
f 2139/2730/3713 2151/2743/3736 2162/2742/3746 2150/2728/3734
f 2152/2732/3735 2164/2745/3747 2163/2744/3748 2151/2731/3736
f 2153/2733/3737 2165/2746/3749 2164/2745/3747 2152/2732/3735
f 2154/2734/3738 2166/2747/3750 2165/2746/3749 2153/2733/3737
f 2155/2735/3739 2167/2748/3751 2166/2747/3750 2154/2734/3738
f 2156/2736/3740 2168/2749/3752 2167/2748/3751 2155/2735/3739
f 2157/2737/3741 2169/2750/3753 2168/2749/3752 2156/2736/3740
f 2158/2738/3742 2170/2751/3754 2169/2750/3753 2157/2737/3741
f 2159/2739/3743 2171/2752/3755 2170/2751/3754 2158/2738/3742
f 2160/2740/3744 2172/2753/3756 2171/2752/3755 2159/2739/3743
f 2161/2741/3745 2173/2754/3757 2172/2753/3756 2160/2740/3744
f 2162/2742/3746 2174/2755/3758 2173/2754/3757 2161/2741/3745
f 2151/2743/3736 2163/2756/3748 2174/2755/3758 2162/2742/3746
f 2164/2745/3747 2176/2758/3759 2175/2757/3760 2163/2744/3748
f 2165/2746/3749 2177/2759/3761 2176/2758/3759 2164/2745/3747
f 2166/2747/3750 2178/2760/3762 2177/2759/3761 2165/2746/3749
f 2167/2748/3751 2179/2761/3763 2178/2760/3762 2166/2747/3750
f 2168/2749/3752 2180/2762/3764 2179/2761/3763 2167/2748/3751
f 2169/2750/3753 2181/2763/3765 2180/2762/3764 2168/2749/3752
f 2170/2751/3754 2182/2764/3766 2181/2763/3765 2169/2750/3753
f 2171/2752/3755 2183/2765/3767 2182/2764/3766 2170/2751/3754
f 2172/2753/3756 2184/2766/3768 2183/2765/3767 2171/2752/3755
f 2173/2754/3757 2185/2767/3769 2184/2766/3768 2172/2753/3756
f 2174/2755/3758 2186/2768/3770 2185/2767/3769 2173/2754/3757
f 2163/2756/3748 2175/2769/3760 2186/2768/3770 2174/2755/3758
f 2176/2758/3759 2188/2771/3771 2187/2770/3772 2175/2757/3760
f 2177/2759/3761 2189/2772/3773 2188/2771/3771 2176/2758/3759
f 2178/2760/3762 2190/2773/3774 2189/2772/3773 2177/2759/3761
f 2179/2761/3763 2191/2774/3775 2190/2773/3774 2178/2760/3762
f 2180/2762/3764 2192/2775/3776 2191/2774/3775 2179/2761/3763
f 2181/2763/3765 2193/2776/3777 2192/2775/3776 2180/2762/3764
f 2182/2764/3766 2194/2777/3778 2193/2776/3777 2181/2763/3765
f 2183/2765/3767 2195/2778/3779 2194/2777/3778 2182/2764/3766
f 2184/2766/3768 2196/2779/3780 2195/2778/3779 2183/2765/3767
f 2185/2767/3769 2197/2780/3781 2196/2779/3780 2184/2766/3768
f 2186/2768/3770 2198/2781/3782 2197/2780/3781 2185/2767/3769
f 2175/2769/3760 2187/2782/3772 2198/2781/3782 2186/2768/3770
f 2188/2771/3771 2200/2784/3783 2199/2783/3784 2187/2770/3772
f 2189/2772/3773 2201/2785/3785 2200/2784/3783 2188/2771/3771
f 2190/2773/3774 2202/2786/3786 2201/2785/3785 2189/2772/3773
f 2191/2774/3775 2203/2787/3787 2202/2786/3786 2190/2773/3774
f 2192/2775/3776 2204/2788/3788 2203/2787/3787 2191/2774/3775
f 2193/2776/3777 2205/2789/3789 2204/2788/3788 2192/2775/3776
f 2194/2777/3778 2206/2790/3790 2205/2789/3789 2193/2776/3777
f 2195/2778/3779 2207/2791/3791 2206/2790/3790 2194/2777/3778
f 2196/2779/3780 2208/2792/3792 2207/2791/3791 2195/2778/3779
f 2197/2780/3781 2209/2793/3793 2208/2792/3792 2196/2779/3780
f 2198/2781/3782 2210/2794/3794 2209/2793/3793 2197/2780/3781
f 2187/2782/3772 2199/2795/3784 2210/2794/3794 2198/2781/3782
f 2200/2784/3783 2212/2797/3795 2211/2796/3796 2199/2783/3784
f 2201/2785/3785 2213/2798/3797 2212/2797/3795 2200/2784/3783
f 2202/2786/3786 2214/2799/3798 2213/2798/3797 2201/2785/3785
f 2203/2787/3787 2215/2800/3799 2214/2799/3798 2202/2786/3786
f 2204/2788/3788 2216/2801/3800 2215/2800/3799 2203/2787/3787
f 2205/2789/3789 2217/2802/3801 2216/2801/3800 2204/2788/3788
f 2206/2790/3790 2218/2803/3802 2217/2802/3801 2205/2789/3789
f 2207/2791/3791 2219/2804/3803 2218/2803/3802 2206/2790/3790
f 2208/2792/3792 2220/2805/3804 2219/2804/3803 2207/2791/3791
f 2209/2793/3793 2221/2806/3805 2220/2805/3804 2208/2792/3792
f 2210/2794/3794 2222/2807/3806 2221/2806/3805 2209/2793/3793
f 2199/2795/3784 2211/2808/3796 2222/2807/3806 2210/2794/3794
f 2212/2797/3795 2224/2810/3807 2223/2809/3808 2211/2796/3796
f 2213/2798/3797 2225/2811/3809 2224/2810/3807 2212/2797/3795
f 2214/2799/3798 2226/2812/3810 2225/2811/3809 2213/2798/3797
f 2215/2800/3799 2227/2813/3811 2226/2812/3810 2214/2799/3798
f 2216/2801/3800 2228/2814/3812 2227/2813/3811 2215/2800/3799
f 2217/2802/3801 2229/2815/3813 2228/2814/3812 2216/2801/3800
f 2218/2803/3802 2230/2816/3814 2229/2815/3813 2217/2802/3801
f 2219/2804/3803 2231/2817/3815 2230/2816/3814 2218/2803/3802
f 2220/2805/3804 2232/2818/3816 2231/2817/3815 2219/2804/3803
f 2221/2806/3805 2233/2819/3817 2232/2818/3816 2220/2805/3804
f 2222/2807/3806 2234/2820/3818 2233/2819/3817 2221/2806/3805
f 2211/2808/3796 2223/2821/3808 2234/2820/3818 2222/2807/3806
f 2224/2810/3807 2236/2823/3819 2235/2822/3820 2223/2809/3808
f 2225/2811/3809 2237/2824/3821 2236/2823/3819 2224/2810/3807
f 2226/2812/3810 2238/2825/3822 2237/2824/3821 2225/2811/3809
f 2227/2813/3811 2239/2826/3823 2238/2825/3822 2226/2812/3810
f 2228/2814/3812 2240/2827/3824 2239/2826/3823 2227/2813/3811
f 2229/2815/3813 2241/2828/3825 2240/2827/3824 2228/2814/3812
f 2230/2816/3814 2242/2829/3826 2241/2828/3825 2229/2815/3813
f 2231/2817/3815 2243/2830/3827 2242/2829/3826 2230/2816/3814
f 2232/2818/3816 2244/2831/3828 2243/2830/3827 2231/2817/3815
f 2233/2819/3817 2245/2832/3829 2244/2831/3828 2232/2818/3816
f 2234/2820/3818 2246/2833/3830 2245/2832/3829 2233/2819/3817
f 2223/2821/3808 2235/2834/3820 2246/2833/3830 2234/2820/3818
f 2236/2823/3819 2248/2836/3831 2247/2835/3832 2235/2822/3820
f 2237/2824/3821 2249/2837/3833 2248/2836/3831 2236/2823/3819
f 2238/2825/3822 2250/2838/3834 2249/2837/3833 2237/2824/3821
f 2239/2826/3823 2251/2839/3835 2250/2838/3834 2238/2825/3822
f 2240/2827/3824 2252/2840/3836 2251/2839/3835 2239/2826/3823
f 2241/2828/3825 2253/2841/3837 2252/2840/3836 2240/2827/3824
f 2242/2829/3826 2254/2842/3838 2253/2841/3837 2241/2828/3825
f 2243/2830/3827 2255/2843/3839 2254/2842/3838 2242/2829/3826
f 2244/2831/3828 2256/2844/3840 2255/2843/3839 2243/2830/3827
f 2245/2832/3829 2257/2845/3841 2256/2844/3840 2244/2831/3828
f 2246/2833/3830 2258/2846/3842 2257/2845/3841 2245/2832/3829
f 2235/2834/3820 2247/2847/3832 2258/2846/3842 2246/2833/3830
f 2248/2836/3831 2260/2849/3843 2259/2848/3844 2247/2835/3832
f 2249/2837/3833 2261/2850/3845 2260/2849/3843 2248/2836/3831
f 2250/2838/3834 2262/2851/3846 2261/2850/3845 2249/2837/3833
f 2251/2839/3835 2263/2852/3847 2262/2851/3846 2250/2838/3834
f 2252/2840/3836 2264/2853/3848 2263/2852/3847 2251/2839/3835
f 2253/2841/3837 2265/2854/3849 2264/2853/3848 2252/2840/3836
f 2254/2842/3838 2266/2855/3850 2265/2854/3849 2253/2841/3837
f 2255/2843/3839 2267/2856/3851 2266/2855/3850 2254/2842/3838
f 2256/2844/3840 2268/2857/3852 2267/2856/3851 2255/2843/3839
f 2257/2845/3841 2269/2858/3853 2268/2857/3852 2256/2844/3840
f 2258/2846/3842 2270/2859/3854 2269/2858/3853 2257/2845/3841
f 2247/2847/3832 2259/2860/3844 2270/2859/3854 2258/2846/3842
f 2260/2849/3843 2128/2862/3711 2127/2861/3714 2259/2848/3844
f 2261/2850/3845 2129/2863/3715 2128/2862/3711 2260/2849/3843
f 2262/2851/3846 2130/2864/3717 2129/2863/3715 2261/2850/3845
f 2263/2852/3847 2131/2865/3719 2130/2864/3717 2262/2851/3846
f 2264/2853/3848 2132/2866/3721 2131/2865/3719 2263/2852/3847
f 2265/2854/3849 2133/2867/3723 2132/2866/3721 2264/2853/3848
f 2266/2855/3850 2134/2868/3725 2133/2867/3723 2265/2854/3849
f 2267/2856/3851 2135/2869/3727 2134/2868/3725 2266/2855/3850
f 2268/2857/3852 2136/2870/3729 2135/2869/3727 2267/2856/3851
f 2269/2858/3853 2137/2871/3731 2136/2870/3729 2268/2857/3852
f 2270/2859/3854 2138/2872/3733 2137/2871/3731 2269/2858/3853
f 2259/2860/3844 2127/2873/3714 2138/2872/3733 2270/2859/3854
g default
v -439.910431 272.926605 730.251648
v -437.428497 291.697845 702.286194
v -440.861847 315.654083 693.392883
v -445.238129 339.377441 702.286194
v -448.929230 357.456970 726.583191
v -453.451508 368.711609 763.442017
v -454.753540 365.973328 809.352295
v -451.927826 349.159241 851.082397
v -445.324280 322.179047 868.514771
v -437.531464 293.459900 859.621460
v -436.172791 273.849915 826.785461
v -441.897949 265.789246 776.162109
v -432.013672 272.463989 727.929749
v -429.335999 292.094482 699.718872
v -432.954102 317.112854 690.428467
v -437.525726 341.895660 699.718872
v -441.367859 360.762238 725.100891
v -446.105530 372.539124 762.602051
v -447.576447 369.840485 809.489380
v -444.579681 352.209900 852.932251
v -437.579407 323.875946 871.479187
v -429.403076 293.822510 862.188599
v -428.198303 273.406525 827.550171
v -434.425079 264.925110 774.816895
v -425.491150 268.471283 722.186707
v -422.810211 290.318115 692.704956
v -427.165222 318.180756 682.329468
v -432.270844 345.858032 692.704956
v -436.398529 366.689636 721.051453
v -441.450104 379.491882 760.908691
v -443.211212 376.651093 810.666138
v -439.723785 356.755768 858.118835
v -431.730408 324.856018 879.578186
v -422.829987 291.630005 869.202698
v -421.757111 269.393738 829.772339
v -428.798798 259.900177 771.944153
v -422.184418 261.995178 715.594238
v -419.665924 286.828125 683.123779
v -425.046295 318.571625 671.266052
v -430.881287 350.202759 683.123779
v -435.387726 373.701904 715.519775
v -440.838409 387.861206 759.847900
v -442.888763 384.669861 812.636047
v -438.745148 361.701233 865.234497
v -429.349518 324.863770 890.641541
v -419.655792 287.590454 878.783813
v -418.605103 262.879395 832.838562
v -426.519745 252.062454 768.382324
v -423.029572 254.758530 709.988037
v -420.808624 282.544342 673.542542
v -427.165222 318.180756 660.202637
v -433.729584 353.765747 673.542542
v -438.640411 379.970032 709.988037
v -444.445831 395.421722 759.773315
v -446.714325 391.775696 815.030029
v -441.937592 365.767548 871.760254
v -431.091766 323.922119 901.704834
v -420.793671 282.877747 888.364868
v -419.696167 255.582031 835.314758
v -428.152161 243.523621 765.244690
v -427.675079 248.731354 705.938477
v -425.928619 278.615448 666.528625
v -432.954102 317.112854 652.103638
v -440.052399 355.592377 666.528625
v -445.283875 383.812744 705.938477
v -451.203674 399.998108 759.773315
v -453.609344 395.986237 817.069885
v -448.413025 367.817230 876.006165
v -436.501862 322.300385 909.804016
v -425.920898 278.728607 895.378967
v -424.712494 249.463211 836.596375
v -433.229553 236.578796 763.234985
v -435.053894 245.484604 704.456299
v -433.594421 276.108734 663.961365
v -440.861847 315.654083 649.139160
v -448.155609 355.193085 663.961365
v -453.506500 384.154388 704.456299
v -459.298035 400.359497 759.773315
v -461.657959 396.073395 817.971619
v -456.324341 367.137451 877.162659
v -444.125031 320.425568 912.768372
v -433.593109 276.151703 897.946289
v -432.205200 246.188339 836.667786
v -440.746490 233.001160 762.654663
v -443.243713 245.874832 705.938477
v -441.708160 275.706818 666.528625
v -448.769653 314.195374 652.103638
v -455.867981 352.674896 666.528625
v -461.075775 380.860657 705.938477
v -466.567108 396.419464 759.773315
v -468.695526 392.002258 817.069885
v -463.499207 363.833282 876.006165
v -451.902435 318.776123 909.804016
v -441.696411 275.752441 895.378967
v -440.181702 246.631256 836.596375
v -448.698486 233.746948 763.234985
v -449.804565 249.858063 709.988037
v -448.100342 277.516266 673.542542
v -454.558594 313.127472 660.202637
v -461.122925 348.712524 673.542542
v -465.963501 374.814026 709.988037
v -471.065033 389.236481 759.773315
v -472.890350 384.942383 815.030029
v -468.110657 358.930023 871.760254
v -457.738678 317.777435 901.704834
v -448.075195 277.660889 888.364868
v -446.517426 250.670090 835.314758
v -454.622620 238.698318 765.244690
v -452.992401 256.363525 715.594238
v -451.106018 281.040375 683.123779
v -456.677490 312.736603 671.266052
v -462.512482 344.367767 683.123779
v -466.877106 367.659546 715.519775
v -471.588654 380.738220 759.847900
v -473.177612 376.872162 812.636047
v -469.018921 353.881439 865.234497
v -460.074463 317.703766 890.641541
v -451.077423 281.448975 878.783813
v -449.567474 257.209656 832.838562
v -456.952789 246.523392 768.382324
v -452.068695 263.619598 722.186707
v -449.952148 285.326904 692.704956
v -454.558594 313.127472 682.329468
v -459.664185 340.804779 692.704956
v -463.617615 361.381500 721.051453
v -468.078918 373.320618 760.908691
v -469.487732 369.964783 810.666138
v -465.976044 350.033875 858.118835
v -458.299805 318.597900 879.578186
v -449.957428 286.187927 869.202698
v -448.519989 264.496277 829.772339
v -455.065552 255.125214 771.944153
v -447.229980 269.694489 727.929749
v -444.923157 289.233398 699.718872
v -448.769653 314.195374 690.428467
v -453.341309 338.978149 699.718872
v -457.059509 357.663574 725.100891
v -461.472260 368.965240 762.602051
v -462.762970 366.003174 809.489380
v -459.744598 348.340942 852.932251
v -452.902313 320.238159 871.479187
v -445.027588 290.625549 862.188599
v -443.542175 270.605560 827.550171
v -449.454376 262.201904 774.816895
v 439.910400 272.926605 730.251648
v 437.428467 291.697876 702.286194
v 440.861877 315.654114 693.392883
v 445.238098 339.377441 702.286194
v 448.929230 357.456970 726.583191
v 453.451508 368.711578 763.442017
v 454.753540 365.973328 809.352295
v 451.927826 349.159180 851.082397
v 445.324249 322.179016 868.514771
v 437.531464 293.459930 859.621460
v 436.172791 273.849915 826.785461
v 441.897919 265.789246 776.162109
v 432.013641 272.463989 727.929749
v 429.336029 292.094482 699.718872
v 432.954163 317.112854 690.428467
v 437.525787 341.895630 699.718872
v 441.367859 360.762238 725.100891
v 446.105591 372.539124 762.602051
v 447.576508 369.840485 809.489380
v 444.579712 352.209900 852.932251
v 437.579437 323.875916 871.479187
v 429.403137 293.822479 862.188599
v 428.198395 273.406525 827.550171
v 434.425049 264.925140 774.816895
v 425.491211 268.471313 722.186707
v 422.810242 290.318115 692.704956
v 427.165283 318.180756 682.329468
v 432.270874 345.858063 692.704956
v 436.398560 366.689606 721.051453
v 441.450134 379.491852 760.908691
v 443.211273 376.651123 810.666138
v 439.723816 356.755768 858.118835
v 431.730408 324.856018 879.578186
v 422.830017 291.630035 869.202698
v 421.757111 269.393738 829.772339
v 428.798828 259.900177 771.944153
v 422.184448 261.995178 715.594238
v 419.665924 286.828125 683.123779
v 425.046295 318.571594 671.266052
v 430.881317 350.202759 683.123779
v 435.387756 373.701904 715.519775
v 440.838379 387.861237 759.847900
v 442.888763 384.669861 812.636047
v 438.745178 361.701202 865.234497
v 429.349518 324.863739 890.641541
v 419.655823 287.590393 878.783813
v 418.605133 262.879395 832.838562
v 426.519775 252.062454 768.382324
v 423.029602 254.758545 709.988037
v 420.808624 282.544373 673.542542
v 427.165283 318.180756 660.202637
v 433.729614 353.765778 673.542542
v 438.640472 379.970001 709.988037
v 444.445862 395.421692 759.773315
v 446.714355 391.775696 815.030029
v 441.937653 365.767548 871.760254
v 431.091736 323.922119 901.704834
v 420.793671 282.877716 888.364868
v 419.696136 255.582001 835.314758
v 428.152191 243.523605 765.244690
v 427.675079 248.731354 705.938477
v 425.928680 278.615417 666.528625
v 432.954163 317.112854 652.103638
v 440.052490 355.592407 666.528625
v 445.283875 383.812744 705.938477
v 451.203705 399.998108 759.773315
v 453.609436 395.986237 817.069885
v 448.413025 367.817261 876.006165
v 436.501892 322.300415 909.804016
v 425.920868 278.728607 895.378967
v 424.712555 249.463196 836.596375
v 433.229553 236.578781 763.234985
v 435.053955 245.484619 704.456299
v 433.594452 276.108734 663.961365
v 440.861877 315.654114 649.139160
v 448.155609 355.193085 663.961365
v 453.506531 384.154358 704.456299
v 459.298065 400.359497 759.773315
v 461.657959 396.073395 817.971619
v 456.324371 367.137421 877.162659
v 444.125031 320.425537 912.768372
v 433.593109 276.151703 897.946289
v 432.205261 246.188354 836.667786
v 440.746521 233.001144 762.654663
v 443.243713 245.874817 705.938477
v 441.708160 275.706818 666.528625
v 448.769684 314.195374 652.103638
v 455.868042 352.674866 666.528625
v 461.075775 380.860626 705.938477
v 466.567169 396.419434 759.773315
v 468.695587 392.002258 817.069885
v 463.499268 363.833282 876.006165
v 451.902435 318.776123 909.804016
v 441.696381 275.752380 895.378967
v 440.181702 246.631256 836.596375
v 448.698486 233.746948 763.234985
v 449.804565 249.858063 709.988037
v 448.100281 277.516266 673.542542
v 454.558594 313.127441 660.202637
v 461.122986 348.712524 673.542542
v 465.963593 374.814026 709.988037
v 471.065094 389.236481 759.773315
v 472.890320 384.942383 815.030029
v 468.110657 358.930023 871.760254
v 457.738708 317.777435 901.704834
v 448.075256 277.660889 888.364868
v 446.517456 250.670105 835.314758
v 454.622589 238.698334 765.244690
v 452.992371 256.363556 715.594238
v 451.106079 281.040344 683.123779
v 456.677521 312.736603 671.266052
v 462.512512 344.367767 683.123779
v 466.877136 367.659515 715.519775
v 471.588684 380.738220 759.847900
v 473.177612 376.872162 812.636047
v 469.018890 353.881470 865.234497
v 460.074463 317.703735 890.641541
v 451.077362 281.448975 878.783813
v 449.567474 257.209625 832.838562
v 456.952820 246.523422 768.382324
v 452.068726 263.619568 722.186707
v 449.952118 285.326904 692.704956
v 454.558594 313.127441 682.329468
v 459.664246 340.804810 692.704956
v 463.617645 361.381500 721.051453
v 468.078918 373.320587 760.908691
v 469.487762 369.964783 810.666138
v 465.976074 350.033875 858.118835
v 458.299866 318.597900 879.578186
v 449.957428 286.187927 869.202698
v 448.520020 264.496277 829.772339
v 455.065582 255.125198 771.944153
v 447.230011 269.694489 727.929749
v 444.923187 289.233429 699.718872
v 448.769684 314.195374 690.428467
v 453.341339 338.978180 699.718872
v 457.059509 357.663574 725.100891
v 461.472321 368.965240 762.602051
v 462.762970 366.003174 809.489380
v 459.744598 348.340912 852.932251
v 452.902313 320.238159 871.479187
v 445.027618 290.625580 862.188599
v 443.542206 270.605560 827.550171
v 449.454437 262.201904 774.816895
vt 1.048795 0.968647
vt 1.122888 0.968647
vt 1.196980 0.968647
vt 1.271073 0.968647
vt 1.345165 0.968647
vt 1.419258 0.968647
vt 1.493350 0.968647
vt 1.567443 0.968647
vt 1.641536 0.968647
vt 1.715628 0.968647
vt 1.789721 0.968647
vt 1.863813 0.968647
vt 1.937906 0.968647
vt 1.048795 0.962719
vt 1.122888 0.962719
vt 1.196980 0.962719
vt 1.271073 0.962719
vt 1.345165 0.962719
vt 1.419258 0.962719
vt 1.493350 0.962719
vt 1.567443 0.962719
vt 1.641536 0.962719
vt 1.715628 0.962719
vt 1.789721 0.962719
vt 1.863813 0.962719
vt 1.937906 0.962719
vt 1.048795 0.956791
vt 1.122888 0.956791
vt 1.196980 0.956791
vt 1.271073 0.956791
vt 1.345165 0.956791
vt 1.419258 0.956791
vt 1.493350 0.956791
vt 1.567443 0.956791
vt 1.641536 0.956791
vt 1.715628 0.956791
vt 1.789721 0.956791
vt 1.863813 0.956791
vt 1.937906 0.956791
vt 1.048795 0.950862
vt 1.122888 0.950862
vt 1.196980 0.950862
vt 1.271073 0.950862
vt 1.345165 0.950862
vt 1.419258 0.950862
vt 1.493350 0.950862
vt 1.567443 0.950862
vt 1.641536 0.950862
vt 1.715628 0.950862
vt 1.789721 0.950862
vt 1.863813 0.950862
vt 1.937906 0.950862
vt 1.048795 0.944934
vt 1.122888 0.944934
vt 1.196980 0.944934
vt 1.271073 0.944934
vt 1.345165 0.944934
vt 1.419258 0.944934
vt 1.493350 0.944934
vt 1.567443 0.944934
vt 1.641536 0.944934
vt 1.715628 0.944934
vt 1.789721 0.944934
vt 1.863813 0.944934
vt 1.937906 0.944934
vt 1.048795 0.939005
vt 1.122888 0.939005
vt 1.196980 0.939005
vt 1.271073 0.939005
vt 1.345165 0.939005
vt 1.419258 0.939005
vt 1.493350 0.939005
vt 1.567443 0.939005
vt 1.641536 0.939005
vt 1.715628 0.939005
vt 1.789721 0.939005
vt 1.863813 0.939005
vt 1.937906 0.939005
vt 1.048795 0.933077
vt 1.122888 0.933077
vt 1.196980 0.933077
vt 1.271073 0.933077
vt 1.345165 0.933077
vt 1.419258 0.933077
vt 1.493350 0.933077
vt 1.567443 0.933077
vt 1.641536 0.933077
vt 1.715628 0.933077
vt 1.789721 0.933077
vt 1.863813 0.933077
vt 1.937906 0.933077
vt 1.048795 0.927148
vt 1.122888 0.927148
vt 1.196980 0.927148
vt 1.271073 0.927148
vt 1.345165 0.927148
vt 1.419258 0.927148
vt 1.493350 0.927148
vt 1.567443 0.927148
vt 1.641536 0.927148
vt 1.715628 0.927148
vt 1.789721 0.927148
vt 1.863813 0.927148
vt 1.937906 0.927148
vt 1.048795 0.921220
vt 1.122888 0.921220
vt 1.196980 0.921220
vt 1.271073 0.921220
vt 1.345165 0.921220
vt 1.419258 0.921220
vt 1.493350 0.921220
vt 1.567443 0.921220
vt 1.641536 0.921220
vt 1.715628 0.921220
vt 1.789721 0.921220
vt 1.863813 0.921220
vt 1.937906 0.921220
vt 1.048795 0.915291
vt 1.122888 0.915291
vt 1.196980 0.915291
vt 1.271073 0.915291
vt 1.345165 0.915291
vt 1.419258 0.915291
vt 1.493350 0.915291
vt 1.567443 0.915291
vt 1.641536 0.915291
vt 1.715628 0.915291
vt 1.789721 0.915291
vt 1.863813 0.915291
vt 1.937906 0.915291
vt 1.048795 0.909363
vt 1.122888 0.909363
vt 1.196980 0.909363
vt 1.271073 0.909363
vt 1.345165 0.909363
vt 1.419258 0.909363
vt 1.493350 0.909363
vt 1.567443 0.909363
vt 1.641536 0.909363
vt 1.715628 0.909363
vt 1.789721 0.909363
vt 1.863813 0.909363
vt 1.937906 0.909363
vt 1.048795 0.903434
vt 1.122888 0.903434
vt 1.196980 0.903434
vt 1.271073 0.903434
vt 1.345165 0.903434
vt 1.419258 0.903434
vt 1.493350 0.903434
vt 1.567443 0.903434
vt 1.641536 0.903434
vt 1.715628 0.903434
vt 1.789721 0.903434
vt 1.863813 0.903434
vt 1.937906 0.903434
vt 1.048795 0.897506
vt 1.122888 0.897506
vt 1.196980 0.897506
vt 1.271073 0.897506
vt 1.345165 0.897506
vt 1.419258 0.897506
vt 1.493350 0.897506
vt 1.567443 0.897506
vt 1.641536 0.897506
vt 1.715628 0.897506
vt 1.789721 0.897506
vt 1.863813 0.897506
vt 1.937906 0.897506
vt 1.122888 0.968647
vt 1.048795 0.968647
vt 1.048795 0.962719
vt 1.122888 0.962719
vt 1.196980 0.968647
vt 1.196980 0.962719
vt 1.271073 0.968647
vt 1.271073 0.962719
vt 1.345165 0.968647
vt 1.345165 0.962719
vt 1.419258 0.968647
vt 1.419258 0.962719
vt 1.493350 0.968647
vt 1.493350 0.962719
vt 1.567443 0.968647
vt 1.567443 0.962719
vt 1.641536 0.968647
vt 1.641536 0.962719
vt 1.715628 0.968647
vt 1.715628 0.962719
vt 1.789721 0.968647
vt 1.789721 0.962719
vt 1.863813 0.968647
vt 1.863813 0.962719
vt 1.937906 0.968647
vt 1.937906 0.962719
vt 1.048795 0.956791
vt 1.122888 0.956791
vt 1.196980 0.956791
vt 1.271073 0.956791
vt 1.345165 0.956791
vt 1.419258 0.956791
vt 1.493350 0.956791
vt 1.567443 0.956791
vt 1.641536 0.956791
vt 1.715628 0.956791
vt 1.789721 0.956791
vt 1.863813 0.956791
vt 1.937906 0.956791
vt 1.048795 0.950862
vt 1.122888 0.950862
vt 1.196980 0.950862
vt 1.271073 0.950862
vt 1.345165 0.950862
vt 1.419258 0.950862
vt 1.493350 0.950862
vt 1.567443 0.950862
vt 1.641536 0.950862
vt 1.715628 0.950862
vt 1.789721 0.950862
vt 1.863813 0.950862
vt 1.937906 0.950862
vt 1.048795 0.944934
vt 1.122888 0.944934
vt 1.196980 0.944934
vt 1.271073 0.944934
vt 1.345165 0.944934
vt 1.419258 0.944934
vt 1.493350 0.944934
vt 1.567443 0.944934
vt 1.641536 0.944934
vt 1.715628 0.944934
vt 1.789721 0.944934
vt 1.863813 0.944934
vt 1.937906 0.944934
vt 1.048795 0.939005
vt 1.122888 0.939005
vt 1.196980 0.939005
vt 1.271073 0.939005
vt 1.345165 0.939005
vt 1.419258 0.939005
vt 1.493350 0.939005
vt 1.567443 0.939005
vt 1.641536 0.939005
vt 1.715628 0.939005
vt 1.789721 0.939005
vt 1.863813 0.939005
vt 1.937906 0.939005
vt 1.048795 0.933077
vt 1.122888 0.933077
vt 1.196980 0.933077
vt 1.271073 0.933077
vt 1.345165 0.933077
vt 1.419258 0.933077
vt 1.493350 0.933077
vt 1.567443 0.933077
vt 1.641536 0.933077
vt 1.715628 0.933077
vt 1.789721 0.933077
vt 1.863813 0.933077
vt 1.937906 0.933077
vt 1.048795 0.927148
vt 1.122888 0.927148
vt 1.196980 0.927148
vt 1.271073 0.927148
vt 1.345165 0.927148
vt 1.419258 0.927148
vt 1.493350 0.927148
vt 1.567443 0.927148
vt 1.641536 0.927148
vt 1.715628 0.927148
vt 1.789721 0.927148
vt 1.863813 0.927148
vt 1.937906 0.927148
vt 1.048795 0.921220
vt 1.122888 0.921220
vt 1.196980 0.921220
vt 1.271073 0.921220
vt 1.345165 0.921220
vt 1.419258 0.921220
vt 1.493350 0.921220
vt 1.567443 0.921220
vt 1.641536 0.921220
vt 1.715628 0.921220
vt 1.789721 0.921220
vt 1.863813 0.921220
vt 1.937906 0.921220
vt 1.048795 0.915291
vt 1.122888 0.915291
vt 1.196980 0.915291
vt 1.271073 0.915291
vt 1.345165 0.915291
vt 1.419258 0.915291
vt 1.493350 0.915291
vt 1.567443 0.915291
vt 1.641536 0.915291
vt 1.715628 0.915291
vt 1.789721 0.915291
vt 1.863813 0.915291
vt 1.937906 0.915291
vt 1.048795 0.909363
vt 1.122888 0.909363
vt 1.196980 0.909363
vt 1.271073 0.909363
vt 1.345165 0.909363
vt 1.419258 0.909363
vt 1.493350 0.909363
vt 1.567443 0.909363
vt 1.641536 0.909363
vt 1.715628 0.909363
vt 1.789721 0.909363
vt 1.863813 0.909363
vt 1.937906 0.909363
vt 1.048795 0.903434
vt 1.122888 0.903434
vt 1.196980 0.903434
vt 1.271073 0.903434
vt 1.345165 0.903434
vt 1.419258 0.903434
vt 1.493350 0.903434
vt 1.567443 0.903434
vt 1.641536 0.903434
vt 1.715628 0.903434
vt 1.789721 0.903434
vt 1.863813 0.903434
vt 1.937906 0.903434
vt 1.048795 0.897506
vt 1.122888 0.897506
vt 1.196980 0.897506
vt 1.271073 0.897506
vt 1.345165 0.897506
vt 1.419258 0.897506
vt 1.493350 0.897506
vt 1.567443 0.897506
vt 1.641536 0.897506
vt 1.715628 0.897506
vt 1.789721 0.897506
vt 1.863813 0.897506
vt 1.937906 0.897506
vn -0.103660 0.651892 0.751193
vn -0.177332 0.937338 0.299918
vn 0.471939 0.818087 0.328645
vn 0.555905 0.538656 0.633103
vn 0.004274 -0.001140 0.999990
vn 0.648663 0.109368 0.753177
vn 0.117606 -0.614038 0.780465
vn 0.690414 -0.369753 0.621781
vn 0.185991 -0.877560 0.441923
vn 0.679986 -0.619627 0.392022
vn 0.223375 -0.968630 0.108903
vn 0.690999 -0.711425 0.128046
vn 0.233738 -0.946910 -0.220745
vn 0.681638 -0.711709 -0.169821
vn 0.195037 -0.782147 -0.591783
vn 0.686369 -0.531558 -0.496330
vn 0.040665 -0.157718 -0.986647
vn 0.658934 0.044416 -0.750888
vn -0.116230 0.649556 -0.751377
vn 0.514253 0.618763 -0.593865
vn -0.166786 0.938420 -0.302573
vn 0.389324 0.866429 -0.312614
vn -0.195096 0.980649 -0.016287
vn 0.383115 0.923063 -0.034313
vn 0.874671 0.418944 0.243797
vn 0.887677 0.303325 0.346443
vn 0.925563 0.161922 0.342219
vn 0.951792 -0.055285 0.301722
vn 0.949115 -0.211578 0.233272
vn 0.957957 -0.265735 0.108184
vn 0.959956 -0.269466 -0.076632
vn 0.957069 -0.124328 -0.261842
vn 0.922475 0.186605 -0.337961
vn 0.865116 0.406384 -0.293983
vn 0.815106 0.532436 -0.228284
vn 0.838777 0.543500 -0.032591
vn 0.995930 -0.001393 0.090122
vn 0.997211 0.069651 0.026820
vn 0.983067 0.177134 -0.046929
vn 0.974568 0.221520 -0.033845
vn 0.973358 0.228566 0.018208
vn 0.970207 0.237910 0.045805
vn 0.968269 0.245892 0.044642
vn 0.958275 0.283646 0.035405
vn 0.961259 0.269457 0.058089
vn 0.991189 0.131401 0.016687
vn 0.994377 0.067756 -0.081380
vn 0.999377 0.029803 -0.018906
vn 0.917934 -0.385791 -0.092529
vn 0.934862 -0.174734 -0.309033
vn 0.886180 0.162435 -0.433937
vn 0.815269 0.451824 -0.362204
vn 0.762519 0.614844 -0.201325
vn 0.733271 0.679511 -0.024063
vn 0.715322 0.679421 0.163407
vn 0.726107 0.600229 0.335402
vn 0.834594 0.312112 0.453916
vn 0.927524 -0.180914 0.327061
vn 0.913076 -0.399363 0.082468
vn 0.899404 -0.437023 -0.009091
vn 0.640504 -0.717165 -0.274644
vn 0.653282 -0.423709 -0.627450
vn 0.574387 0.106107 -0.811678
vn 0.448737 0.605790 -0.657004
vn 0.350626 0.859016 -0.373032
vn 0.298713 0.950862 -0.081441
vn 0.272384 0.929263 0.249555
vn 0.303693 0.769353 0.562020
vn 0.491983 0.290244 0.820799
vn 0.638133 -0.482164 0.600254
vn 0.612469 -0.760990 0.213953
vn 0.602916 -0.797772 -0.007217
vn 0.166356 -0.903896 -0.394078
vn 0.124802 -0.595397 -0.793679
vn 0.000034 0.000179 -1.000000
vn -0.110980 0.599018 -0.793007
vn -0.170398 0.880008 -0.443340
vn -0.220384 0.968625 -0.114879
vn -0.240973 0.931504 0.272454
vn -0.195559 0.749320 0.632673
vn -0.047937 0.180283 0.982446
vn 0.140611 -0.675005 0.724291
vn 0.181285 -0.941489 0.284137
vn 0.157504 -0.987503 -0.005585
vn -0.381599 -0.837859 -0.390351
vn -0.445831 -0.578488 -0.683072
vn -0.572529 -0.105594 -0.813056
vn -0.635670 0.405826 -0.656681
vn -0.640398 0.663205 -0.387361
vn -0.669475 0.733298 -0.118649
vn -0.681186 0.700266 0.213572
vn -0.640050 0.535795 0.550690
vn -0.572715 0.030941 0.819170
vn -0.394358 -0.680915 0.617119
vn -0.306629 -0.902481 0.302501
vn -0.357044 -0.934087 0.000448
vn -0.809654 -0.520729 -0.270744
vn -0.822393 -0.399124 -0.405425
vn -0.882962 -0.162374 -0.440469
vn -0.922282 0.132135 -0.363231
vn -0.928025 0.287515 -0.236867
vn -0.940293 0.326495 -0.096179
vn -0.946110 0.306098 0.105731
vn -0.925064 0.202114 0.321570
vn -0.880921 -0.111408 0.459965
vn -0.782324 -0.507845 0.360642
vn -0.752660 -0.615323 0.234268
vn -0.798446 -0.601658 0.022174
vn -0.990626 -0.093183 -0.099888
vn -0.984442 -0.150839 -0.090123
vn -0.982085 -0.178872 -0.059285
vn -0.989509 -0.139321 -0.038218
vn -0.988070 -0.149121 -0.038476
vn -0.985914 -0.159353 -0.050789
vn -0.985287 -0.169712 -0.020182
vn -0.985384 -0.168266 0.026545
vn -0.974300 -0.213375 0.072183
vn -0.967851 -0.244279 0.059943
vn -0.984065 -0.148886 0.097203
vn -0.993516 -0.107098 0.038159
vn -0.943093 0.325949 0.065822
vn -0.964415 0.132273 0.228926
vn -0.929387 -0.166015 0.329664
vn -0.871103 -0.392554 0.295096
vn -0.807549 -0.563817 0.173134
vn -0.777427 -0.628824 0.013672
vn -0.757927 -0.637823 -0.136852
vn -0.805927 -0.526609 -0.270490
vn -0.905658 -0.274624 -0.323056
vn -0.964681 0.059965 -0.256506
vn -0.938003 0.341690 -0.058302
vn -0.925885 0.376097 0.035903
vn -0.687648 0.697795 0.200557
vn -0.712464 0.442715 0.544424
vn -0.651060 -0.113756 0.750454
vn -0.510767 -0.597080 0.618557
vn -0.384944 -0.851886 0.355118
vn -0.326812 -0.942472 0.070292
vn -0.290133 -0.934079 -0.208135
vn -0.370379 -0.778013 -0.507459
vn -0.605792 -0.278977 -0.745110
vn -0.712030 0.396745 -0.579316
vn -0.649864 0.732667 -0.202180
vn -0.653318 0.756877 0.017689
vn 0.103658 0.651893 0.751193
vn -0.555907 0.538656 0.633102
vn -0.471941 0.818086 0.328644
vn 0.177332 0.937338 0.299918
vn -0.004278 -0.001140 0.999990
vn -0.648664 0.109369 0.753176
vn -0.117607 -0.614038 0.780465
vn -0.690415 -0.369753 0.621780
vn -0.185988 -0.877561 0.441922
vn -0.679987 -0.619627 0.392021
vn -0.223374 -0.968630 0.108903
vn -0.690999 -0.711424 0.128046
vn -0.233739 -0.946910 -0.220745
vn -0.681640 -0.711707 -0.169821
vn -0.195036 -0.782146 -0.591785
vn -0.686371 -0.531557 -0.496329
vn -0.040665 -0.157717 -0.986647
vn -0.658936 0.044416 -0.750886
vn 0.116227 0.649555 -0.751378
vn -0.514255 0.618763 -0.593864
vn 0.166785 0.938420 -0.302573
vn -0.389323 0.866430 -0.312614
vn 0.195096 0.980649 -0.016286
vn -0.383115 0.923063 -0.034313
vn -0.887676 0.303326 0.346445
vn -0.874672 0.418941 0.243797
vn -0.925563 0.161922 0.342221
vn -0.951791 -0.055286 0.301723
vn -0.949114 -0.211582 0.233271
vn -0.957956 -0.265739 0.108184
vn -0.959956 -0.269468 -0.076632
vn -0.957069 -0.124329 -0.261843
vn -0.922475 0.186605 -0.337961
vn -0.865118 0.406381 -0.293982
vn -0.815106 0.532436 -0.228284
vn -0.838778 0.543498 -0.032592
vn -0.997211 0.069651 0.026821
vn -0.995930 -0.001391 0.090123
vn -0.983067 0.177135 -0.046929
vn -0.974568 0.221522 -0.033845
vn -0.973358 0.228567 0.018207
vn -0.970207 0.237910 0.045805
vn -0.968268 0.245893 0.044642
vn -0.958274 0.283649 0.035405
vn -0.961258 0.269459 0.058088
vn -0.991189 0.131404 0.016686
vn -0.994377 0.067759 -0.081380
vn -0.999377 0.029804 -0.018906
vn -0.934861 -0.174734 -0.309035
vn -0.917935 -0.385791 -0.092529
vn -0.886179 0.162435 -0.433938
vn -0.815270 0.451821 -0.362204
vn -0.762520 0.614842 -0.201325
vn -0.733270 0.679511 -0.024063
vn -0.715320 0.679423 0.163407
vn -0.726105 0.600231 0.335401
vn -0.834594 0.312113 0.453915
vn -0.927525 -0.180912 0.327060
vn -0.913076 -0.399363 0.082468
vn -0.899403 -0.437025 -0.009090
vn -0.653280 -0.423710 -0.627451
vn -0.640502 -0.717166 -0.274644
vn -0.574387 0.106106 -0.811678
vn -0.448737 0.605790 -0.657004
vn -0.350626 0.859016 -0.373033
vn -0.298714 0.950861 -0.081442
vn -0.272384 0.929263 0.249555
vn -0.303692 0.769353 0.562020
vn -0.491981 0.290247 0.820799
vn -0.638132 -0.482164 0.600254
vn -0.612467 -0.760992 0.213954
vn -0.602915 -0.797773 -0.007217
vn -0.124801 -0.595396 -0.793680
vn -0.166355 -0.903896 -0.394079
vn -0.000035 0.000180 -1.000000
vn 0.110982 0.599019 -0.793007
vn 0.170401 0.880008 -0.443339
vn 0.220385 0.968624 -0.114879
vn 0.240975 0.931504 0.272455
vn 0.195561 0.749319 0.632674
vn 0.047938 0.180281 0.982446
vn -0.140610 -0.675005 0.724291
vn -0.181285 -0.941489 0.284137
vn -0.157504 -0.987503 -0.005585
vn 0.445830 -0.578488 -0.683072
vn 0.381602 -0.837858 -0.390350
vn 0.572529 -0.105594 -0.813056
vn 0.635669 0.405827 -0.656681
vn 0.640395 0.663208 -0.387362
vn 0.669473 0.733300 -0.118649
vn 0.681185 0.700267 0.213572
vn 0.640051 0.535794 0.550690
vn 0.572716 0.030939 0.819170
vn 0.394358 -0.680917 0.617118
vn 0.306630 -0.902481 0.302500
vn 0.357046 -0.934087 0.000448
vn 0.822394 -0.399122 -0.405425
vn 0.809655 -0.520728 -0.270744
vn 0.882962 -0.162374 -0.440468
vn 0.922282 0.132135 -0.363231
vn 0.928024 0.287515 -0.236868
vn 0.940293 0.326495 -0.096179
vn 0.946111 0.306095 0.105730
vn 0.925066 0.202110 0.321568
vn 0.880921 -0.111411 0.459963
vn 0.782324 -0.507845 0.360642
vn 0.752660 -0.615322 0.234267
vn 0.798446 -0.601658 0.022174
vn 0.984442 -0.150839 -0.090125
vn 0.990626 -0.093183 -0.099889
vn 0.982085 -0.178872 -0.059286
vn 0.989509 -0.139323 -0.038217
vn 0.988070 -0.149124 -0.038475
vn 0.985914 -0.159355 -0.050788
vn 0.985287 -0.169710 -0.020181
vn 0.985385 -0.168264 0.026545
vn 0.974300 -0.213376 0.072182
vn 0.967852 -0.244275 0.059942
vn 0.984065 -0.148885 0.097203
vn 0.993516 -0.107098 0.038159
vn 0.964415 0.132273 0.228927
vn 0.943094 0.325947 0.065821
vn 0.929387 -0.166015 0.329666
vn 0.871103 -0.392554 0.295096
vn 0.807550 -0.563816 0.173134
vn 0.777428 -0.628823 0.013672
vn 0.757927 -0.637823 -0.136851
vn 0.805928 -0.526607 -0.270489
vn 0.905658 -0.274624 -0.323055
vn 0.964681 0.059962 -0.256504
vn 0.938004 0.341687 -0.058301
vn 0.925886 0.376094 0.035904
vn 0.712466 0.442715 0.544423
vn 0.687649 0.697793 0.200557
vn 0.651059 -0.113757 0.750454
vn 0.510765 -0.597080 0.618558
vn 0.384944 -0.851885 0.355119
vn 0.326812 -0.942472 0.070292
vn 0.290132 -0.934079 -0.208135
vn 0.370379 -0.778014 -0.507458
vn 0.605790 -0.278978 -0.745111
vn 0.712029 0.396746 -0.579316
vn 0.649864 0.732667 -0.202180
vn 0.653319 0.756876 0.017689
s 1
g TentProxy Ring4
usemtl initialShadingGroup
f 2272/2875/3855 2271/2874/3856 2283/2887/3857 2284/2888/3858
f 2273/2876/3859 2272/2875/3855 2284/2888/3858 2285/2889/3860
f 2274/2877/3861 2273/2876/3859 2285/2889/3860 2286/2890/3862
f 2275/2878/3863 2274/2877/3861 2286/2890/3862 2287/2891/3864
f 2276/2879/3865 2275/2878/3863 2287/2891/3864 2288/2892/3866
f 2277/2880/3867 2276/2879/3865 2288/2892/3866 2289/2893/3868
f 2278/2881/3869 2277/2880/3867 2289/2893/3868 2290/2894/3870
f 2279/2882/3871 2278/2881/3869 2290/2894/3870 2291/2895/3872
f 2280/2883/3873 2279/2882/3871 2291/2895/3872 2292/2896/3874
f 2281/2884/3875 2280/2883/3873 2292/2896/3874 2293/2897/3876
f 2282/2885/3877 2281/2884/3875 2293/2897/3876 2294/2898/3878
f 2271/2886/3856 2282/2885/3877 2294/2898/3878 2283/2899/3857
f 2284/2888/3858 2283/2887/3857 2295/2900/3879 2296/2901/3880
f 2285/2889/3860 2284/2888/3858 2296/2901/3880 2297/2902/3881
f 2286/2890/3862 2285/2889/3860 2297/2902/3881 2298/2903/3882
f 2287/2891/3864 2286/2890/3862 2298/2903/3882 2299/2904/3883
f 2288/2892/3866 2287/2891/3864 2299/2904/3883 2300/2905/3884
f 2289/2893/3868 2288/2892/3866 2300/2905/3884 2301/2906/3885
f 2290/2894/3870 2289/2893/3868 2301/2906/3885 2302/2907/3886
f 2291/2895/3872 2290/2894/3870 2302/2907/3886 2303/2908/3887
f 2292/2896/3874 2291/2895/3872 2303/2908/3887 2304/2909/3888
f 2293/2897/3876 2292/2896/3874 2304/2909/3888 2305/2910/3889
f 2294/2898/3878 2293/2897/3876 2305/2910/3889 2306/2911/3890
f 2283/2899/3857 2294/2898/3878 2306/2911/3890 2295/2912/3879
f 2296/2901/3880 2295/2900/3879 2307/2913/3891 2308/2914/3892
f 2297/2902/3881 2296/2901/3880 2308/2914/3892 2309/2915/3893
f 2298/2903/3882 2297/2902/3881 2309/2915/3893 2310/2916/3894
f 2299/2904/3883 2298/2903/3882 2310/2916/3894 2311/2917/3895
f 2300/2905/3884 2299/2904/3883 2311/2917/3895 2312/2918/3896
f 2301/2906/3885 2300/2905/3884 2312/2918/3896 2313/2919/3897
f 2302/2907/3886 2301/2906/3885 2313/2919/3897 2314/2920/3898
f 2303/2908/3887 2302/2907/3886 2314/2920/3898 2315/2921/3899
f 2304/2909/3888 2303/2908/3887 2315/2921/3899 2316/2922/3900
f 2305/2910/3889 2304/2909/3888 2316/2922/3900 2317/2923/3901
f 2306/2911/3890 2305/2910/3889 2317/2923/3901 2318/2924/3902
f 2295/2912/3879 2306/2911/3890 2318/2924/3902 2307/2925/3891
f 2308/2914/3892 2307/2913/3891 2319/2926/3903 2320/2927/3904
f 2309/2915/3893 2308/2914/3892 2320/2927/3904 2321/2928/3905
f 2310/2916/3894 2309/2915/3893 2321/2928/3905 2322/2929/3906
f 2311/2917/3895 2310/2916/3894 2322/2929/3906 2323/2930/3907
f 2312/2918/3896 2311/2917/3895 2323/2930/3907 2324/2931/3908
f 2313/2919/3897 2312/2918/3896 2324/2931/3908 2325/2932/3909
f 2314/2920/3898 2313/2919/3897 2325/2932/3909 2326/2933/3910
f 2315/2921/3899 2314/2920/3898 2326/2933/3910 2327/2934/3911
f 2316/2922/3900 2315/2921/3899 2327/2934/3911 2328/2935/3912
f 2317/2923/3901 2316/2922/3900 2328/2935/3912 2329/2936/3913
f 2318/2924/3902 2317/2923/3901 2329/2936/3913 2330/2937/3914
f 2307/2925/3891 2318/2924/3902 2330/2937/3914 2319/2938/3903
f 2320/2927/3904 2319/2926/3903 2331/2939/3915 2332/2940/3916
f 2321/2928/3905 2320/2927/3904 2332/2940/3916 2333/2941/3917
f 2322/2929/3906 2321/2928/3905 2333/2941/3917 2334/2942/3918
f 2323/2930/3907 2322/2929/3906 2334/2942/3918 2335/2943/3919
f 2324/2931/3908 2323/2930/3907 2335/2943/3919 2336/2944/3920
f 2325/2932/3909 2324/2931/3908 2336/2944/3920 2337/2945/3921
f 2326/2933/3910 2325/2932/3909 2337/2945/3921 2338/2946/3922
f 2327/2934/3911 2326/2933/3910 2338/2946/3922 2339/2947/3923
f 2328/2935/3912 2327/2934/3911 2339/2947/3923 2340/2948/3924
f 2329/2936/3913 2328/2935/3912 2340/2948/3924 2341/2949/3925
f 2330/2937/3914 2329/2936/3913 2341/2949/3925 2342/2950/3926
f 2319/2938/3903 2330/2937/3914 2342/2950/3926 2331/2951/3915
f 2332/2940/3916 2331/2939/3915 2343/2952/3927 2344/2953/3928
f 2333/2941/3917 2332/2940/3916 2344/2953/3928 2345/2954/3929
f 2334/2942/3918 2333/2941/3917 2345/2954/3929 2346/2955/3930
f 2335/2943/3919 2334/2942/3918 2346/2955/3930 2347/2956/3931
f 2336/2944/3920 2335/2943/3919 2347/2956/3931 2348/2957/3932
f 2337/2945/3921 2336/2944/3920 2348/2957/3932 2349/2958/3933
f 2338/2946/3922 2337/2945/3921 2349/2958/3933 2350/2959/3934
f 2339/2947/3923 2338/2946/3922 2350/2959/3934 2351/2960/3935
f 2340/2948/3924 2339/2947/3923 2351/2960/3935 2352/2961/3936
f 2341/2949/3925 2340/2948/3924 2352/2961/3936 2353/2962/3937
f 2342/2950/3926 2341/2949/3925 2353/2962/3937 2354/2963/3938
f 2331/2951/3915 2342/2950/3926 2354/2963/3938 2343/2964/3927
f 2344/2953/3928 2343/2952/3927 2355/2965/3939 2356/2966/3940
f 2345/2954/3929 2344/2953/3928 2356/2966/3940 2357/2967/3941
f 2346/2955/3930 2345/2954/3929 2357/2967/3941 2358/2968/3942
f 2347/2956/3931 2346/2955/3930 2358/2968/3942 2359/2969/3943
f 2348/2957/3932 2347/2956/3931 2359/2969/3943 2360/2970/3944
f 2349/2958/3933 2348/2957/3932 2360/2970/3944 2361/2971/3945
f 2350/2959/3934 2349/2958/3933 2361/2971/3945 2362/2972/3946
f 2351/2960/3935 2350/2959/3934 2362/2972/3946 2363/2973/3947
f 2352/2961/3936 2351/2960/3935 2363/2973/3947 2364/2974/3948
f 2353/2962/3937 2352/2961/3936 2364/2974/3948 2365/2975/3949
f 2354/2963/3938 2353/2962/3937 2365/2975/3949 2366/2976/3950
f 2343/2964/3927 2354/2963/3938 2366/2976/3950 2355/2977/3939
f 2356/2966/3940 2355/2965/3939 2367/2978/3951 2368/2979/3952
f 2357/2967/3941 2356/2966/3940 2368/2979/3952 2369/2980/3953
f 2358/2968/3942 2357/2967/3941 2369/2980/3953 2370/2981/3954
f 2359/2969/3943 2358/2968/3942 2370/2981/3954 2371/2982/3955
f 2360/2970/3944 2359/2969/3943 2371/2982/3955 2372/2983/3956
f 2361/2971/3945 2360/2970/3944 2372/2983/3956 2373/2984/3957
f 2362/2972/3946 2361/2971/3945 2373/2984/3957 2374/2985/3958
f 2363/2973/3947 2362/2972/3946 2374/2985/3958 2375/2986/3959
f 2364/2974/3948 2363/2973/3947 2375/2986/3959 2376/2987/3960
f 2365/2975/3949 2364/2974/3948 2376/2987/3960 2377/2988/3961
f 2366/2976/3950 2365/2975/3949 2377/2988/3961 2378/2989/3962
f 2355/2977/3939 2366/2976/3950 2378/2989/3962 2367/2990/3951
f 2368/2979/3952 2367/2978/3951 2379/2991/3963 2380/2992/3964
f 2369/2980/3953 2368/2979/3952 2380/2992/3964 2381/2993/3965
f 2370/2981/3954 2369/2980/3953 2381/2993/3965 2382/2994/3966
f 2371/2982/3955 2370/2981/3954 2382/2994/3966 2383/2995/3967
f 2372/2983/3956 2371/2982/3955 2383/2995/3967 2384/2996/3968
f 2373/2984/3957 2372/2983/3956 2384/2996/3968 2385/2997/3969
f 2374/2985/3958 2373/2984/3957 2385/2997/3969 2386/2998/3970
f 2375/2986/3959 2374/2985/3958 2386/2998/3970 2387/2999/3971
f 2376/2987/3960 2375/2986/3959 2387/2999/3971 2388/3000/3972
f 2377/2988/3961 2376/2987/3960 2388/3000/3972 2389/3001/3973
f 2378/2989/3962 2377/2988/3961 2389/3001/3973 2390/3002/3974
f 2367/2990/3951 2378/2989/3962 2390/3002/3974 2379/3003/3963
f 2380/2992/3964 2379/2991/3963 2391/3004/3975 2392/3005/3976
f 2381/2993/3965 2380/2992/3964 2392/3005/3976 2393/3006/3977
f 2382/2994/3966 2381/2993/3965 2393/3006/3977 2394/3007/3978
f 2383/2995/3967 2382/2994/3966 2394/3007/3978 2395/3008/3979
f 2384/2996/3968 2383/2995/3967 2395/3008/3979 2396/3009/3980
f 2385/2997/3969 2384/2996/3968 2396/3009/3980 2397/3010/3981
f 2386/2998/3970 2385/2997/3969 2397/3010/3981 2398/3011/3982
f 2387/2999/3971 2386/2998/3970 2398/3011/3982 2399/3012/3983
f 2388/3000/3972 2387/2999/3971 2399/3012/3983 2400/3013/3984
f 2389/3001/3973 2388/3000/3972 2400/3013/3984 2401/3014/3985
f 2390/3002/3974 2389/3001/3973 2401/3014/3985 2402/3015/3986
f 2379/3003/3963 2390/3002/3974 2402/3015/3986 2391/3016/3975
f 2392/3005/3976 2391/3004/3975 2403/3017/3987 2404/3018/3988
f 2393/3006/3977 2392/3005/3976 2404/3018/3988 2405/3019/3989
f 2394/3007/3978 2393/3006/3977 2405/3019/3989 2406/3020/3990
f 2395/3008/3979 2394/3007/3978 2406/3020/3990 2407/3021/3991
f 2396/3009/3980 2395/3008/3979 2407/3021/3991 2408/3022/3992
f 2397/3010/3981 2396/3009/3980 2408/3022/3992 2409/3023/3993
f 2398/3011/3982 2397/3010/3981 2409/3023/3993 2410/3024/3994
f 2399/3012/3983 2398/3011/3982 2410/3024/3994 2411/3025/3995
f 2400/3013/3984 2399/3012/3983 2411/3025/3995 2412/3026/3996
f 2401/3014/3985 2400/3013/3984 2412/3026/3996 2413/3027/3997
f 2402/3015/3986 2401/3014/3985 2413/3027/3997 2414/3028/3998
f 2391/3016/3975 2402/3015/3986 2414/3028/3998 2403/3029/3987
f 2404/3018/3988 2403/3017/3987 2271/3030/3856 2272/3031/3855
f 2405/3019/3989 2404/3018/3988 2272/3031/3855 2273/3032/3859
f 2406/3020/3990 2405/3019/3989 2273/3032/3859 2274/3033/3861
f 2407/3021/3991 2406/3020/3990 2274/3033/3861 2275/3034/3863
f 2408/3022/3992 2407/3021/3991 2275/3034/3863 2276/3035/3865
f 2409/3023/3993 2408/3022/3992 2276/3035/3865 2277/3036/3867
f 2410/3024/3994 2409/3023/3993 2277/3036/3867 2278/3037/3869
f 2411/3025/3995 2410/3024/3994 2278/3037/3869 2279/3038/3871
f 2412/3026/3996 2411/3025/3995 2279/3038/3871 2280/3039/3873
f 2413/3027/3997 2412/3026/3996 2280/3039/3873 2281/3040/3875
f 2414/3028/3998 2413/3027/3997 2281/3040/3875 2282/3041/3877
f 2403/3029/3987 2414/3028/3998 2282/3041/3877 2271/3042/3856
s 2
f 2416/3043/3999 2428/3046/4000 2427/3045/4001 2415/3044/4002
f 2417/3047/4003 2429/3048/4004 2428/3046/4000 2416/3043/3999
f 2418/3049/4005 2430/3050/4006 2429/3048/4004 2417/3047/4003
f 2419/3051/4007 2431/3052/4008 2430/3050/4006 2418/3049/4005
f 2420/3053/4009 2432/3054/4010 2431/3052/4008 2419/3051/4007
f 2421/3055/4011 2433/3056/4012 2432/3054/4010 2420/3053/4009
f 2422/3057/4013 2434/3058/4014 2433/3056/4012 2421/3055/4011
f 2423/3059/4015 2435/3060/4016 2434/3058/4014 2422/3057/4013
f 2424/3061/4017 2436/3062/4018 2435/3060/4016 2423/3059/4015
f 2425/3063/4019 2437/3064/4020 2436/3062/4018 2424/3061/4017
f 2426/3065/4021 2438/3066/4022 2437/3064/4020 2425/3063/4019
f 2415/3067/4002 2427/3068/4001 2438/3066/4022 2426/3065/4021
f 2428/3046/4000 2440/3070/4023 2439/3069/4024 2427/3045/4001
f 2429/3048/4004 2441/3071/4025 2440/3070/4023 2428/3046/4000
f 2430/3050/4006 2442/3072/4026 2441/3071/4025 2429/3048/4004
f 2431/3052/4008 2443/3073/4027 2442/3072/4026 2430/3050/4006
f 2432/3054/4010 2444/3074/4028 2443/3073/4027 2431/3052/4008
f 2433/3056/4012 2445/3075/4029 2444/3074/4028 2432/3054/4010
f 2434/3058/4014 2446/3076/4030 2445/3075/4029 2433/3056/4012
f 2435/3060/4016 2447/3077/4031 2446/3076/4030 2434/3058/4014
f 2436/3062/4018 2448/3078/4032 2447/3077/4031 2435/3060/4016
f 2437/3064/4020 2449/3079/4033 2448/3078/4032 2436/3062/4018
f 2438/3066/4022 2450/3080/4034 2449/3079/4033 2437/3064/4020
f 2427/3068/4001 2439/3081/4024 2450/3080/4034 2438/3066/4022
f 2440/3070/4023 2452/3083/4035 2451/3082/4036 2439/3069/4024
f 2441/3071/4025 2453/3084/4037 2452/3083/4035 2440/3070/4023
f 2442/3072/4026 2454/3085/4038 2453/3084/4037 2441/3071/4025
f 2443/3073/4027 2455/3086/4039 2454/3085/4038 2442/3072/4026
f 2444/3074/4028 2456/3087/4040 2455/3086/4039 2443/3073/4027
f 2445/3075/4029 2457/3088/4041 2456/3087/4040 2444/3074/4028
f 2446/3076/4030 2458/3089/4042 2457/3088/4041 2445/3075/4029
f 2447/3077/4031 2459/3090/4043 2458/3089/4042 2446/3076/4030
f 2448/3078/4032 2460/3091/4044 2459/3090/4043 2447/3077/4031
f 2449/3079/4033 2461/3092/4045 2460/3091/4044 2448/3078/4032
f 2450/3080/4034 2462/3093/4046 2461/3092/4045 2449/3079/4033
f 2439/3081/4024 2451/3094/4036 2462/3093/4046 2450/3080/4034
f 2452/3083/4035 2464/3096/4047 2463/3095/4048 2451/3082/4036
f 2453/3084/4037 2465/3097/4049 2464/3096/4047 2452/3083/4035
f 2454/3085/4038 2466/3098/4050 2465/3097/4049 2453/3084/4037
f 2455/3086/4039 2467/3099/4051 2466/3098/4050 2454/3085/4038
f 2456/3087/4040 2468/3100/4052 2467/3099/4051 2455/3086/4039
f 2457/3088/4041 2469/3101/4053 2468/3100/4052 2456/3087/4040
f 2458/3089/4042 2470/3102/4054 2469/3101/4053 2457/3088/4041
f 2459/3090/4043 2471/3103/4055 2470/3102/4054 2458/3089/4042
f 2460/3091/4044 2472/3104/4056 2471/3103/4055 2459/3090/4043
f 2461/3092/4045 2473/3105/4057 2472/3104/4056 2460/3091/4044
f 2462/3093/4046 2474/3106/4058 2473/3105/4057 2461/3092/4045
f 2451/3094/4036 2463/3107/4048 2474/3106/4058 2462/3093/4046
f 2464/3096/4047 2476/3109/4059 2475/3108/4060 2463/3095/4048
f 2465/3097/4049 2477/3110/4061 2476/3109/4059 2464/3096/4047
f 2466/3098/4050 2478/3111/4062 2477/3110/4061 2465/3097/4049
f 2467/3099/4051 2479/3112/4063 2478/3111/4062 2466/3098/4050
f 2468/3100/4052 2480/3113/4064 2479/3112/4063 2467/3099/4051
f 2469/3101/4053 2481/3114/4065 2480/3113/4064 2468/3100/4052
f 2470/3102/4054 2482/3115/4066 2481/3114/4065 2469/3101/4053
f 2471/3103/4055 2483/3116/4067 2482/3115/4066 2470/3102/4054
f 2472/3104/4056 2484/3117/4068 2483/3116/4067 2471/3103/4055
f 2473/3105/4057 2485/3118/4069 2484/3117/4068 2472/3104/4056
f 2474/3106/4058 2486/3119/4070 2485/3118/4069 2473/3105/4057
f 2463/3107/4048 2475/3120/4060 2486/3119/4070 2474/3106/4058
f 2476/3109/4059 2488/3122/4071 2487/3121/4072 2475/3108/4060
f 2477/3110/4061 2489/3123/4073 2488/3122/4071 2476/3109/4059
f 2478/3111/4062 2490/3124/4074 2489/3123/4073 2477/3110/4061
f 2479/3112/4063 2491/3125/4075 2490/3124/4074 2478/3111/4062
f 2480/3113/4064 2492/3126/4076 2491/3125/4075 2479/3112/4063
f 2481/3114/4065 2493/3127/4077 2492/3126/4076 2480/3113/4064
f 2482/3115/4066 2494/3128/4078 2493/3127/4077 2481/3114/4065
f 2483/3116/4067 2495/3129/4079 2494/3128/4078 2482/3115/4066
f 2484/3117/4068 2496/3130/4080 2495/3129/4079 2483/3116/4067
f 2485/3118/4069 2497/3131/4081 2496/3130/4080 2484/3117/4068
f 2486/3119/4070 2498/3132/4082 2497/3131/4081 2485/3118/4069
f 2475/3120/4060 2487/3133/4072 2498/3132/4082 2486/3119/4070
f 2488/3122/4071 2500/3135/4083 2499/3134/4084 2487/3121/4072
f 2489/3123/4073 2501/3136/4085 2500/3135/4083 2488/3122/4071
f 2490/3124/4074 2502/3137/4086 2501/3136/4085 2489/3123/4073
f 2491/3125/4075 2503/3138/4087 2502/3137/4086 2490/3124/4074
f 2492/3126/4076 2504/3139/4088 2503/3138/4087 2491/3125/4075
f 2493/3127/4077 2505/3140/4089 2504/3139/4088 2492/3126/4076
f 2494/3128/4078 2506/3141/4090 2505/3140/4089 2493/3127/4077
f 2495/3129/4079 2507/3142/4091 2506/3141/4090 2494/3128/4078
f 2496/3130/4080 2508/3143/4092 2507/3142/4091 2495/3129/4079
f 2497/3131/4081 2509/3144/4093 2508/3143/4092 2496/3130/4080
f 2498/3132/4082 2510/3145/4094 2509/3144/4093 2497/3131/4081
f 2487/3133/4072 2499/3146/4084 2510/3145/4094 2498/3132/4082
f 2500/3135/4083 2512/3148/4095 2511/3147/4096 2499/3134/4084
f 2501/3136/4085 2513/3149/4097 2512/3148/4095 2500/3135/4083
f 2502/3137/4086 2514/3150/4098 2513/3149/4097 2501/3136/4085
f 2503/3138/4087 2515/3151/4099 2514/3150/4098 2502/3137/4086
f 2504/3139/4088 2516/3152/4100 2515/3151/4099 2503/3138/4087
f 2505/3140/4089 2517/3153/4101 2516/3152/4100 2504/3139/4088
f 2506/3141/4090 2518/3154/4102 2517/3153/4101 2505/3140/4089
f 2507/3142/4091 2519/3155/4103 2518/3154/4102 2506/3141/4090
f 2508/3143/4092 2520/3156/4104 2519/3155/4103 2507/3142/4091
f 2509/3144/4093 2521/3157/4105 2520/3156/4104 2508/3143/4092
f 2510/3145/4094 2522/3158/4106 2521/3157/4105 2509/3144/4093
f 2499/3146/4084 2511/3159/4096 2522/3158/4106 2510/3145/4094
f 2512/3148/4095 2524/3161/4107 2523/3160/4108 2511/3147/4096
f 2513/3149/4097 2525/3162/4109 2524/3161/4107 2512/3148/4095
f 2514/3150/4098 2526/3163/4110 2525/3162/4109 2513/3149/4097
f 2515/3151/4099 2527/3164/4111 2526/3163/4110 2514/3150/4098
f 2516/3152/4100 2528/3165/4112 2527/3164/4111 2515/3151/4099
f 2517/3153/4101 2529/3166/4113 2528/3165/4112 2516/3152/4100
f 2518/3154/4102 2530/3167/4114 2529/3166/4113 2517/3153/4101
f 2519/3155/4103 2531/3168/4115 2530/3167/4114 2518/3154/4102
f 2520/3156/4104 2532/3169/4116 2531/3168/4115 2519/3155/4103
f 2521/3157/4105 2533/3170/4117 2532/3169/4116 2520/3156/4104
f 2522/3158/4106 2534/3171/4118 2533/3170/4117 2521/3157/4105
f 2511/3159/4096 2523/3172/4108 2534/3171/4118 2522/3158/4106
f 2524/3161/4107 2536/3174/4119 2535/3173/4120 2523/3160/4108
f 2525/3162/4109 2537/3175/4121 2536/3174/4119 2524/3161/4107
f 2526/3163/4110 2538/3176/4122 2537/3175/4121 2525/3162/4109
f 2527/3164/4111 2539/3177/4123 2538/3176/4122 2526/3163/4110
f 2528/3165/4112 2540/3178/4124 2539/3177/4123 2527/3164/4111
f 2529/3166/4113 2541/3179/4125 2540/3178/4124 2528/3165/4112
f 2530/3167/4114 2542/3180/4126 2541/3179/4125 2529/3166/4113
f 2531/3168/4115 2543/3181/4127 2542/3180/4126 2530/3167/4114
f 2532/3169/4116 2544/3182/4128 2543/3181/4127 2531/3168/4115
f 2533/3170/4117 2545/3183/4129 2544/3182/4128 2532/3169/4116
f 2534/3171/4118 2546/3184/4130 2545/3183/4129 2533/3170/4117
f 2523/3172/4108 2535/3185/4120 2546/3184/4130 2534/3171/4118
f 2536/3174/4119 2548/3187/4131 2547/3186/4132 2535/3173/4120
f 2537/3175/4121 2549/3188/4133 2548/3187/4131 2536/3174/4119
f 2538/3176/4122 2550/3189/4134 2549/3188/4133 2537/3175/4121
f 2539/3177/4123 2551/3190/4135 2550/3189/4134 2538/3176/4122
f 2540/3178/4124 2552/3191/4136 2551/3190/4135 2539/3177/4123
f 2541/3179/4125 2553/3192/4137 2552/3191/4136 2540/3178/4124
f 2542/3180/4126 2554/3193/4138 2553/3192/4137 2541/3179/4125
f 2543/3181/4127 2555/3194/4139 2554/3193/4138 2542/3180/4126
f 2544/3182/4128 2556/3195/4140 2555/3194/4139 2543/3181/4127
f 2545/3183/4129 2557/3196/4141 2556/3195/4140 2544/3182/4128
f 2546/3184/4130 2558/3197/4142 2557/3196/4141 2545/3183/4129
f 2535/3185/4120 2547/3198/4132 2558/3197/4142 2546/3184/4130
f 2548/3187/4131 2416/3200/3999 2415/3199/4002 2547/3186/4132
f 2549/3188/4133 2417/3201/4003 2416/3200/3999 2548/3187/4131
f 2550/3189/4134 2418/3202/4005 2417/3201/4003 2549/3188/4133
f 2551/3190/4135 2419/3203/4007 2418/3202/4005 2550/3189/4134
f 2552/3191/4136 2420/3204/4009 2419/3203/4007 2551/3190/4135
f 2553/3192/4137 2421/3205/4011 2420/3204/4009 2552/3191/4136
f 2554/3193/4138 2422/3206/4013 2421/3205/4011 2553/3192/4137
f 2555/3194/4139 2423/3207/4015 2422/3206/4013 2554/3193/4138
f 2556/3195/4140 2424/3208/4017 2423/3207/4015 2555/3194/4139
f 2557/3196/4141 2425/3209/4019 2424/3208/4017 2556/3195/4140
f 2558/3197/4142 2426/3210/4021 2425/3209/4019 2557/3196/4141
f 2547/3198/4132 2415/3211/4002 2426/3210/4021 2558/3197/4142
g default
v -518.601257 106.507942 742.757507
v -529.402405 120.158867 725.367554
v -547.770142 129.774017 719.837280
v -566.636902 138.141037 725.367554
v -581.262390 144.096588 740.476196
v -591.911255 145.172974 763.396301
v -590.988220 142.069977 791.945129
v -577.807861 135.813385 817.894348
v -555.221680 128.221283 828.734314
v -530.649658 121.043030 823.204163
v -516.622437 111.455338 802.785645
v -515.218933 100.082901 771.306152
v -512.810120 115.582954 741.313599
v -524.048706 129.955933 723.771179
v -543.253296 139.958969 717.994019
v -562.962646 148.699677 723.771179
v -578.217957 154.925949 739.554504
v -589.364990 156.045792 762.874084
v -588.585510 152.765686 792.030212
v -574.741760 146.245285 819.044617
v -550.976746 138.349564 830.577820
v -525.248352 130.863129 824.800598
v -510.790100 120.633362 803.261230
v -509.454254 108.427513 770.469788
v -505.617737 121.017654 737.742371
v -518.333008 136.659714 719.409546
v -539.946716 147.414871 712.957642
v -561.957886 157.176437 719.409546
v -578.722717 164.186661 737.036438
v -590.771790 165.520554 761.821045
v -590.099121 161.816223 792.762024
v -574.403381 154.583160 822.269775
v -547.570007 145.826416 835.613892
v -519.221863 137.385254 829.162048
v -503.640808 125.960373 804.643066
v -502.195374 112.212898 768.683289
v -499.001099 121.231468 733.642883
v -513.821472 138.386047 713.451599
v -538.736389 150.143906 706.078003
v -563.892151 161.300018 713.451599
v -582.699707 169.385071 733.596619
v -595.931152 171.021805 761.161438
v -595.225403 166.775131 793.986938
v -577.023682 158.563782 826.694519
v -545.922119 148.646637 842.493530
v -514.322998 138.833160 835.119995
v -497.106018 125.969284 806.549683
v -495.383759 110.434074 766.468384
v -494.759491 116.100861 730.156799
v -511.756622 134.589233 707.493652
v -539.946716 147.414871 699.198486
v -568.246948 159.965485 707.493652
v -589.139954 169.116470 730.156799
v -603.480103 171.071381 761.115173
v -602.622498 166.307144 795.475647
v -581.953064 157.109467 830.752563
v -546.503418 146.048645 849.373230
v -511.968567 134.797195 841.077881
v -492.994659 120.513184 808.089417
v -490.819794 103.628960 764.517273
v -493.963287 107.166145 727.638733
v -512.689697 126.291153 703.132202
v -543.253296 139.958969 694.162231
v -573.855408 153.530426 703.132202
v -596.316406 163.453186 727.638733
v -611.225342 165.691650 761.115173
v -610.218750 160.556335 796.744141
v -587.816467 150.621323 833.392883
v -549.177551 138.724548 854.409485
v -512.759949 126.364830 845.439514
v -492.394775 111.087654 808.886353
v -489.711304 93.659630 763.267700
v -496.919952 96.585991 726.717041
v -516.339417 115.794151 701.535767
v -547.770142 129.774017 692.318848
v -579.214661 143.719086 701.535767
v -602.252930 153.923599 726.717041
v -617.086121 156.325058 761.115173
v -615.864807 151.087311 797.304932
v -592.855530 140.876770 834.111877
v -553.219238 128.638580 856.252869
v -516.367188 115.820152 847.035950
v -495.411713 100.356850 808.930786
v -492.542999 82.727356 762.906799
v -502.866180 87.122978 727.638733
v -521.704346 105.968948 703.132202
v -552.286987 119.589043 694.162231
v -582.888977 133.160446 703.132202
v -605.310425 143.091431 727.638733
v -619.503967 145.479004 761.115173
v -618.034424 140.440125 796.744141
v -595.632202 130.505219 833.392883
v -557.518250 118.498947 854.409485
v -521.726501 106.008873 845.439514
v -501.245026 91.176239 808.886353
v -498.561401 73.748596 763.267700
v -510.078827 81.637733 730.156799
v -527.349548 99.442047 707.493652
v -555.593567 112.133118 699.198486
v -583.893616 124.683685 707.493652
v -604.669617 133.859131 730.156799
v -617.834106 136.059006 761.115173
v -616.236450 131.448944 795.475647
v -595.562256 122.252319 830.752563
v -560.903809 111.026550 849.373230
v -527.428650 99.554352 841.077881
v -508.338531 85.988777 808.089417
v -505.977966 69.568840 764.517273
v -516.632629 81.581230 733.642883
v -531.787659 97.899101 713.451599
v -556.803833 109.404053 706.078003
v -581.959534 120.560150 713.451599
v -600.530212 128.694534 733.596619
v -612.527527 130.588409 761.161438
v -611.051270 126.502296 793.986938
v -592.824402 118.296249 826.694519
v -562.476318 108.222099 842.493530
v -532.040405 98.166183 835.119995
v -514.819336 86.114761 806.549683
v -512.816772 71.280060 766.468384
v -520.832642 86.815819 737.742371
v -533.846497 101.710815 719.409546
v -555.593567 112.133118 712.957642
v -577.604675 121.894653 719.409546
v -594.078552 128.965530 737.036438
v -605.141846 130.504883 761.821045
v -603.880859 126.923035 792.762024
v -588.144531 119.698486 822.269775
v -561.840698 110.831306 835.613892
v -534.424683 102.195984 829.162048
v -518.953796 91.513176 804.643066
v -517.245667 78.422356 768.683289
v -521.526611 96.006248 741.313599
v -532.961426 109.888435 723.771179
v -552.286987 119.589043 717.994019
v -571.996338 128.329758 723.771179
v -587.044800 134.599136 739.554504
v -597.649048 135.832031 762.874084
v -596.568909 132.614639 792.030212
v -582.688843 126.101746 819.044617
v -559.187988 118.151047 830.577820
v -533.962891 110.559669 824.800598
v -519.574097 100.887665 803.261230
v -518.071655 89.098381 770.469788
v 518.601257 106.507927 742.757507
v 529.402466 120.158875 725.367554
v 547.770142 129.774017 719.837280
v 566.636963 138.141022 725.367554
v 581.262329 144.096619 740.476196
v 591.911255 145.172989 763.396301
v 590.988098 142.069977 791.945129
v 577.807861 135.813385 817.894348
v 555.221619 128.221329 828.734314
v 530.649658 121.043076 823.204163
v 516.622437 111.455322 802.785645
v 515.218933 100.082939 771.306152
v 512.810120 115.582993 741.313599
v 524.048706 129.955994 723.771179
v 543.253235 139.958969 717.994019
v 562.962646 148.699661 723.771179
v 578.218018 154.925949 739.554504
v 589.364990 156.045792 762.874084
v 588.585449 152.765717 792.030212
v 574.741699 146.245255 819.044617
v 550.976807 138.349594 830.577820
v 525.248352 130.863098 824.800598
v 510.790192 120.633316 803.261230
v 509.454254 108.427544 770.469788
v 505.617737 121.017700 737.742371
v 518.332947 136.659714 719.409546
v 539.946716 147.414886 712.957642
v 561.957886 157.176422 719.409546
v 578.722717 164.186691 737.036438
v 590.771667 165.520599 761.821045
v 590.099121 161.816223 792.762024
v 574.403381 154.583145 822.269775
v 547.569946 145.826431 835.613892
v 519.221863 137.385254 829.162048
v 503.640869 125.960335 804.643066
v 502.195374 112.212875 768.683289
v 499.001007 121.231483 733.642883
v 513.821411 138.386078 713.451599
v 538.736389 150.143921 706.078003
v 563.892212 161.300018 713.451599
v 582.699768 169.385086 733.596619
v 595.931152 171.021851 761.161438
v 595.225342 166.775146 793.986938
v 577.023621 158.563797 826.694519
v 545.922119 148.646683 842.493530
v 514.322998 138.833206 835.119995
v 497.106018 125.969292 806.549683
v 495.383759 110.434067 766.468384
v 494.759491 116.100868 730.156799
v 511.756561 134.589218 707.493652
v 539.946716 147.414886 699.198486
v 568.246948 159.965454 707.493652
v 589.139954 169.116440 730.156799
v 603.480103 171.071442 761.115173
v 602.622498 166.307159 795.475647
v 581.953064 157.109451 830.752563
v 546.503418 146.048645 849.373230
v 511.968567 134.797180 841.077881
v 492.994690 120.513168 808.089417
v 490.819794 103.628952 764.517273
v 493.963318 107.166107 727.638733
v 512.689758 126.291107 703.132202
v 543.253235 139.958969 694.162231
v 573.855347 153.530411 703.132202
v 596.316345 163.453171 727.638733
v 611.225342 165.691635 761.115173
v 610.218811 160.556290 796.744141
v 587.816345 150.621368 833.392883
v 549.177612 138.724472 854.409485
v 512.759888 126.364883 845.439514
v 492.394745 111.087677 808.886353
v 489.711334 93.659592 763.267700
v 496.919922 96.586014 726.717041
v 516.339417 115.794182 701.535767
v 547.770142 129.774017 692.318848
v 579.214661 143.719101 701.535767
v 602.252930 153.923645 726.717041
v 617.086060 156.325089 761.115173
v 615.864685 151.087357 797.304932
v 592.855469 140.876770 834.111877
v 553.219238 128.638565 856.252869
v 516.367126 115.820190 847.035950
v 495.411743 100.356804 808.930786
v 492.542999 82.727341 762.906799
v 502.866150 87.122978 727.638733
v 521.704224 105.968964 703.132202
v 552.286987 119.589058 694.162231
v 582.889038 133.160461 703.132202
v 605.310547 143.091461 727.638733
v 619.503906 145.479034 761.115173
v 618.034363 140.440155 796.744141
v 595.632141 130.505219 833.392883
v 557.518250 118.498970 854.409485
v 521.726562 106.008873 845.439514
v 501.245056 91.176216 808.886353
v 498.561401 73.748619 763.267700
v 510.078827 81.637711 730.156799
v 527.349487 99.442093 707.493652
v 555.593506 112.133133 699.198486
v 583.893677 124.683701 707.493652
v 604.669495 133.859177 730.156799
v 617.834106 136.059021 761.115173
v 616.236328 131.448975 795.475647
v 595.562134 122.252357 830.752563
v 560.903809 111.026596 849.373230
v 527.428650 99.554321 841.077881
v 508.338562 85.988777 808.089417
v 505.977997 69.568855 764.517273
v 516.632568 81.581238 733.642883
v 531.787659 97.899094 713.451599
v 556.803833 109.404060 706.078003
v 581.959534 120.560188 713.451599
v 600.530273 128.694550 733.596619
v 612.527527 130.588455 761.161438
v 611.051147 126.502335 793.986938
v 592.824341 118.296249 826.694519
v 562.476257 108.222122 842.493530
v 532.040344 98.166229 835.119995
v 514.819336 86.114746 806.549683
v 512.816711 71.280106 766.468384
v 520.832581 86.815819 737.742371
v 533.846558 101.710808 719.409546
v 555.593506 112.133133 712.957642
v 577.604736 121.894661 719.409546
v 594.078552 128.965530 737.036438
v 605.141846 130.504868 761.821045
v 603.880859 126.923050 792.762024
v 588.144653 119.698479 822.269775
v 561.840759 110.831360 835.613892
v 534.424744 102.195984 829.162048
v 518.953857 91.513153 804.643066
v 517.245605 78.422363 768.683289
v 521.526611 96.006271 741.313599
v 532.961426 109.888428 723.771179
v 552.286987 119.589058 717.994019
v 571.996277 128.329788 723.771179
v 587.044861 134.599136 739.554504
v 597.649048 135.832016 762.874084
v 596.568909 132.614609 792.030212
v 582.688843 126.101768 819.044617
v 559.187927 118.151070 830.577820
v 533.962830 110.559669 824.800598
v 519.574158 100.887657 803.261230
v 518.071777 89.098404 770.469788
vt 1.048795 0.968647
vt 1.122888 0.968647
vt 1.196980 0.968647
vt 1.271073 0.968647
vt 1.345165 0.968647
vt 1.419258 0.968647
vt 1.493350 0.968647
vt 1.567443 0.968647
vt 1.641536 0.968647
vt 1.715628 0.968647
vt 1.789721 0.968647
vt 1.863813 0.968647
vt 1.937906 0.968647
vt 1.048795 0.962719
vt 1.122888 0.962719
vt 1.196980 0.962719
vt 1.271073 0.962719
vt 1.345165 0.962719
vt 1.419258 0.962719
vt 1.493350 0.962719
vt 1.567443 0.962719
vt 1.641536 0.962719
vt 1.715628 0.962719
vt 1.789721 0.962719
vt 1.863813 0.962719
vt 1.937906 0.962719
vt 1.048795 0.956791
vt 1.122888 0.956791
vt 1.196980 0.956791
vt 1.271073 0.956791
vt 1.345165 0.956791
vt 1.419258 0.956791
vt 1.493350 0.956791
vt 1.567443 0.956791
vt 1.641536 0.956791
vt 1.715628 0.956791
vt 1.789721 0.956791
vt 1.863813 0.956791
vt 1.937906 0.956791
vt 1.048795 0.950862
vt 1.122888 0.950862
vt 1.196980 0.950862
vt 1.271073 0.950862
vt 1.345165 0.950862
vt 1.419258 0.950862
vt 1.493350 0.950862
vt 1.567443 0.950862
vt 1.641536 0.950862
vt 1.715628 0.950862
vt 1.789721 0.950862
vt 1.863813 0.950862
vt 1.937906 0.950862
vt 1.048795 0.944934
vt 1.122888 0.944934
vt 1.196980 0.944934
vt 1.271073 0.944934
vt 1.345165 0.944934
vt 1.419258 0.944934
vt 1.493350 0.944934
vt 1.567443 0.944934
vt 1.641536 0.944934
vt 1.715628 0.944934
vt 1.789721 0.944934
vt 1.863813 0.944934
vt 1.937906 0.944934
vt 1.048795 0.939005
vt 1.122888 0.939005
vt 1.196980 0.939005
vt 1.271073 0.939005
vt 1.345165 0.939005
vt 1.419258 0.939005
vt 1.493350 0.939005
vt 1.567443 0.939005
vt 1.641536 0.939005
vt 1.715628 0.939005
vt 1.789721 0.939005
vt 1.863813 0.939005
vt 1.937906 0.939005
vt 1.048795 0.933077
vt 1.122888 0.933077
vt 1.196980 0.933077
vt 1.271073 0.933077
vt 1.345165 0.933077
vt 1.419258 0.933077
vt 1.493350 0.933077
vt 1.567443 0.933077
vt 1.641536 0.933077
vt 1.715628 0.933077
vt 1.789721 0.933077
vt 1.863813 0.933077
vt 1.937906 0.933077
vt 1.048795 0.927148
vt 1.122888 0.927148
vt 1.196980 0.927148
vt 1.271073 0.927148
vt 1.345165 0.927148
vt 1.419258 0.927148
vt 1.493350 0.927148
vt 1.567443 0.927148
vt 1.641536 0.927148
vt 1.715628 0.927148
vt 1.789721 0.927148
vt 1.863813 0.927148
vt 1.937906 0.927148
vt 1.048795 0.921220
vt 1.122888 0.921220
vt 1.196980 0.921220
vt 1.271073 0.921220
vt 1.345165 0.921220
vt 1.419258 0.921220
vt 1.493350 0.921220
vt 1.567443 0.921220
vt 1.641536 0.921220
vt 1.715628 0.921220
vt 1.789721 0.921220
vt 1.863813 0.921220
vt 1.937906 0.921220
vt 1.048795 0.915291
vt 1.122888 0.915291
vt 1.196980 0.915291
vt 1.271073 0.915291
vt 1.345165 0.915291
vt 1.419258 0.915291
vt 1.493350 0.915291
vt 1.567443 0.915291
vt 1.641536 0.915291
vt 1.715628 0.915291
vt 1.789721 0.915291
vt 1.863813 0.915291
vt 1.937906 0.915291
vt 1.048795 0.909363
vt 1.122888 0.909363
vt 1.196980 0.909363
vt 1.271073 0.909363
vt 1.345165 0.909363
vt 1.419258 0.909363
vt 1.493350 0.909363
vt 1.567443 0.909363
vt 1.641536 0.909363
vt 1.715628 0.909363
vt 1.789721 0.909363
vt 1.863813 0.909363
vt 1.937906 0.909363
vt 1.048795 0.903434
vt 1.122888 0.903434
vt 1.196980 0.903434
vt 1.271073 0.903434
vt 1.345165 0.903434
vt 1.419258 0.903434
vt 1.493350 0.903434
vt 1.567443 0.903434
vt 1.641536 0.903434
vt 1.715628 0.903434
vt 1.789721 0.903434
vt 1.863813 0.903434
vt 1.937906 0.903434
vt 1.048795 0.897506
vt 1.122888 0.897506
vt 1.196980 0.897506
vt 1.271073 0.897506
vt 1.345165 0.897506
vt 1.419258 0.897506
vt 1.493350 0.897506
vt 1.567443 0.897506
vt 1.641536 0.897506
vt 1.715628 0.897506
vt 1.789721 0.897506
vt 1.863813 0.897506
vt 1.937906 0.897506
vt 1.122888 0.968647
vt 1.048795 0.968647
vt 1.048795 0.962719
vt 1.122888 0.962719
vt 1.196980 0.968647
vt 1.196980 0.962719
vt 1.271073 0.968647
vt 1.271073 0.962719
vt 1.345165 0.968647
vt 1.345165 0.962719
vt 1.419258 0.968647
vt 1.419258 0.962719
vt 1.493350 0.968647
vt 1.493350 0.962719
vt 1.567443 0.968647
vt 1.567443 0.962719
vt 1.641536 0.968647
vt 1.641536 0.962719
vt 1.715628 0.968647
vt 1.715628 0.962719
vt 1.789721 0.968647
vt 1.789721 0.962719
vt 1.863813 0.968647
vt 1.863813 0.962719
vt 1.937906 0.968647
vt 1.937906 0.962719
vt 1.048795 0.956791
vt 1.122888 0.956791
vt 1.196980 0.956791
vt 1.271073 0.956791
vt 1.345165 0.956791
vt 1.419258 0.956791
vt 1.493350 0.956791
vt 1.567443 0.956791
vt 1.641536 0.956791
vt 1.715628 0.956791
vt 1.789721 0.956791
vt 1.863813 0.956791
vt 1.937906 0.956791
vt 1.048795 0.950862
vt 1.122888 0.950862
vt 1.196980 0.950862
vt 1.271073 0.950862
vt 1.345165 0.950862
vt 1.419258 0.950862
vt 1.493350 0.950862
vt 1.567443 0.950862
vt 1.641536 0.950862
vt 1.715628 0.950862
vt 1.789721 0.950862
vt 1.863813 0.950862
vt 1.937906 0.950862
vt 1.048795 0.944934
vt 1.122888 0.944934
vt 1.196980 0.944934
vt 1.271073 0.944934
vt 1.345165 0.944934
vt 1.419258 0.944934
vt 1.493350 0.944934
vt 1.567443 0.944934
vt 1.641536 0.944934
vt 1.715628 0.944934
vt 1.789721 0.944934
vt 1.863813 0.944934
vt 1.937906 0.944934
vt 1.048795 0.939005
vt 1.122888 0.939005
vt 1.196980 0.939005
vt 1.271073 0.939005
vt 1.345165 0.939005
vt 1.419258 0.939005
vt 1.493350 0.939005
vt 1.567443 0.939005
vt 1.641536 0.939005
vt 1.715628 0.939005
vt 1.789721 0.939005
vt 1.863813 0.939005
vt 1.937906 0.939005
vt 1.048795 0.933077
vt 1.122888 0.933077
vt 1.196980 0.933077
vt 1.271073 0.933077
vt 1.345165 0.933077
vt 1.419258 0.933077
vt 1.493350 0.933077
vt 1.567443 0.933077
vt 1.641536 0.933077
vt 1.715628 0.933077
vt 1.789721 0.933077
vt 1.863813 0.933077
vt 1.937906 0.933077
vt 1.048795 0.927148
vt 1.122888 0.927148
vt 1.196980 0.927148
vt 1.271073 0.927148
vt 1.345165 0.927148
vt 1.419258 0.927148
vt 1.493350 0.927148
vt 1.567443 0.927148
vt 1.641536 0.927148
vt 1.715628 0.927148
vt 1.789721 0.927148
vt 1.863813 0.927148
vt 1.937906 0.927148
vt 1.048795 0.921220
vt 1.122888 0.921220
vt 1.196980 0.921220
vt 1.271073 0.921220
vt 1.345165 0.921220
vt 1.419258 0.921220
vt 1.493350 0.921220
vt 1.567443 0.921220
vt 1.641536 0.921220
vt 1.715628 0.921220
vt 1.789721 0.921220
vt 1.863813 0.921220
vt 1.937906 0.921220
vt 1.048795 0.915291
vt 1.122888 0.915291
vt 1.196980 0.915291
vt 1.271073 0.915291
vt 1.345165 0.915291
vt 1.419258 0.915291
vt 1.493350 0.915291
vt 1.567443 0.915291
vt 1.641536 0.915291
vt 1.715628 0.915291
vt 1.789721 0.915291
vt 1.863813 0.915291
vt 1.937906 0.915291
vt 1.048795 0.909363
vt 1.122888 0.909363
vt 1.196980 0.909363
vt 1.271073 0.909363
vt 1.345165 0.909363
vt 1.419258 0.909363
vt 1.493350 0.909363
vt 1.567443 0.909363
vt 1.641536 0.909363
vt 1.715628 0.909363
vt 1.789721 0.909363
vt 1.863813 0.909363
vt 1.937906 0.909363
vt 1.048795 0.903434
vt 1.122888 0.903434
vt 1.196980 0.903434
vt 1.271073 0.903434
vt 1.345165 0.903434
vt 1.419258 0.903434
vt 1.493350 0.903434
vt 1.567443 0.903434
vt 1.641536 0.903434
vt 1.715628 0.903434
vt 1.789721 0.903434
vt 1.863813 0.903434
vt 1.937906 0.903434
vt 1.048795 0.897506
vt 1.122888 0.897506
vt 1.196980 0.897506
vt 1.271073 0.897506
vt 1.345165 0.897506
vt 1.419258 0.897506
vt 1.493350 0.897506
vt 1.567443 0.897506
vt 1.641536 0.897506
vt 1.715628 0.897506
vt 1.789721 0.897506
vt 1.863813 0.897506
vt 1.937906 0.897506
vn -0.471133 0.227480 0.852225
vn -0.834252 0.363519 0.414580
vn -0.544674 0.677456 0.494352
vn -0.215497 0.509837 0.832843
vn 0.002619 0.002374 0.999994
vn 0.151876 0.320180 0.935103
vn 0.451585 -0.197399 0.870117
vn 0.562134 0.134761 0.815993
vn 0.758681 -0.318330 0.568392
vn 0.829700 0.019157 0.557881
vn 0.913019 -0.376765 0.156349
vn 0.980075 -0.027925 0.196654
vn 0.885496 -0.356646 -0.297827
vn 0.965402 -0.034190 -0.258514
vn 0.642623 -0.258722 -0.721179
vn 0.723333 0.057221 -0.688125
vn 0.105035 -0.042736 -0.993550
vn 0.203049 0.291668 -0.934720
vn -0.476931 0.220398 -0.850859
vn -0.301477 0.533238 -0.790423
vn -0.830842 0.379086 -0.407425
vn -0.601810 0.654637 -0.457466
vn -0.922606 0.385622 -0.009651
vn -0.708850 0.703978 -0.044131
vn -0.004874 0.883203 0.468965
vn 0.134630 0.767103 0.627239
vn 0.319827 0.690992 0.648260
vn 0.598529 0.567803 0.565122
vn 0.770725 0.473468 0.426393
vn 0.864268 0.458876 0.206090
vn 0.876516 0.458576 -0.146382
vn 0.690034 0.528064 -0.494976
vn 0.293410 0.701808 -0.649135
vn -0.001074 0.838684 -0.544617
vn -0.152575 0.893166 -0.423056
vn -0.187376 0.979699 -0.071272
vn 0.636395 0.750988 0.176118
vn 0.542900 0.837947 0.055709
vn 0.410542 0.908689 -0.075767
vn 0.363212 0.928894 -0.072346
vn 0.339031 0.940400 0.026582
vn 0.305540 0.947387 0.095414
vn 0.293163 0.949508 0.111762
vn 0.266144 0.959897 0.088124
vn 0.272615 0.957577 0.093425
vn 0.452811 0.890741 0.039275
vn 0.558375 0.813969 -0.160228
vn 0.623402 0.780406 -0.048344
vn 0.924595 0.332972 -0.185077
vn 0.682611 0.492518 -0.539878
vn 0.284479 0.638430 -0.715177
vn -0.046904 0.780702 -0.623141
vn -0.268734 0.890386 -0.367416
vn -0.375558 0.925535 -0.048384
vn -0.374207 0.879250 0.294768
vn -0.249130 0.787500 0.563719
vn 0.112600 0.679962 0.724550
vn 0.670860 0.478791 0.566309
vn 0.935289 0.320881 0.149233
vn 0.966112 0.257258 -0.021100
vn 0.918990 -0.048711 -0.391261
vn 0.600280 0.109169 -0.792304
vn 0.130188 0.293858 -0.946942
vn -0.303095 0.484183 -0.820792
vn -0.596784 0.614680 -0.515769
vn -0.736700 0.665262 -0.121238
vn -0.705806 0.614598 0.352289
vn -0.495912 0.496776 0.712239
vn -0.029588 0.336984 0.941045
vn 0.642832 0.075574 0.762270
vn 0.949322 -0.083529 0.303004
vn 0.990970 -0.133685 -0.010313
vn 0.794397 -0.350435 -0.496113
vn 0.462843 -0.189939 -0.865852
vn -0.000095 0.000098 -1.000000
vn -0.456985 0.202400 -0.866140
vn -0.761139 0.335464 -0.555096
vn -0.912351 0.377722 -0.157933
vn -0.871307 0.337896 0.355881
vn -0.623451 0.240820 0.743851
vn -0.136184 0.053173 0.989256
vn 0.542112 -0.226318 0.809256
vn 0.850937 -0.366416 0.376357
vn 0.900714 -0.434411 -0.000929
vn 0.571718 -0.618795 -0.538732
vn 0.282250 -0.456404 -0.843819
vn -0.129650 -0.292309 -0.947495
vn -0.562617 -0.100487 -0.820588
vn -0.843185 0.025757 -0.537006
vn -0.983188 0.049288 -0.175819
vn -0.949170 0.020564 0.314092
vn -0.697821 -0.044036 0.714917
vn -0.228966 -0.234665 0.944726
vn 0.387290 -0.495339 0.777590
vn 0.667684 -0.613686 0.421412
vn 0.696093 -0.717889 0.009518
vn 0.144924 -0.859605 -0.489976
vn -0.005514 -0.727913 -0.685648
vn -0.280874 -0.631885 -0.722378
vn -0.610149 -0.487531 -0.624525
vn -0.813211 -0.392159 -0.429999
vn -0.905214 -0.387119 -0.175290
vn -0.888173 -0.411135 0.205222
vn -0.698436 -0.447489 0.558516
vn -0.322608 -0.594393 0.736628
vn 0.119796 -0.778044 0.616682
vn 0.286286 -0.863303 0.415631
vn 0.242949 -0.969335 0.036961
vn -0.523452 -0.820345 -0.230289
vn -0.461900 -0.864984 -0.196090
vn -0.406693 -0.907714 -0.103225
vn -0.446300 -0.891058 -0.082655
vn -0.445575 -0.889790 -0.098678
vn -0.445240 -0.887698 -0.117274
vn -0.432085 -0.901307 -0.030812
vn -0.403776 -0.912134 0.070551
vn -0.346848 -0.929522 0.125238
vn -0.332005 -0.934019 0.131836
vn -0.444003 -0.867007 0.226188
vn -0.494795 -0.865582 0.077115
vn -0.914424 -0.389814 0.108964
vn -0.717651 -0.530730 0.450890
vn -0.320145 -0.702889 0.635181
vn -0.017357 -0.830765 0.556353
vn 0.212707 -0.920874 0.326722
vn 0.297429 -0.954585 0.017405
vn 0.305691 -0.918453 -0.250993
vn 0.169360 -0.857717 -0.485427
vn -0.170829 -0.762015 -0.624621
vn -0.634039 -0.584474 -0.506344
vn -0.922932 -0.369463 -0.108137
vn -0.930254 -0.361865 0.060675
vn -0.953103 0.020680 0.301938
vn -0.649265 -0.105278 0.753241
vn -0.148485 -0.321240 0.935284
vn 0.283498 -0.507952 0.813396
vn 0.588819 -0.625803 0.511530
vn 0.724790 -0.680926 0.104973
vn 0.708303 -0.637269 -0.303636
vn 0.491609 -0.543977 -0.680007
vn -0.005334 -0.375869 -0.926657
vn -0.602397 -0.128437 -0.787795
vn -0.950221 0.065778 -0.304555
vn -0.997993 0.057395 0.026768
vn 0.471132 0.227480 0.852225
vn 0.215497 0.509838 0.832842
vn 0.544674 0.677455 0.494353
vn 0.834252 0.363521 0.414579
vn -0.002619 0.002374 0.999994
vn -0.151875 0.320180 0.935104
vn -0.451585 -0.197400 0.870117
vn -0.562133 0.134761 0.815994
vn -0.758680 -0.318330 0.568392
vn -0.829700 0.019157 0.557880
vn -0.913018 -0.376767 0.156348
vn -0.980076 -0.027926 0.196652
vn -0.885495 -0.356648 -0.297828
vn -0.965402 -0.034187 -0.258514
vn -0.642623 -0.258724 -0.721178
vn -0.723333 0.057224 -0.688124
vn -0.105035 -0.042736 -0.993550
vn -0.203052 0.291668 -0.934719
vn 0.476929 0.220397 -0.850861
vn 0.301477 0.533238 -0.790423
vn 0.830843 0.379088 -0.407423
vn 0.601810 0.654637 -0.457466
vn 0.922605 0.385626 -0.009652
vn 0.708849 0.703978 -0.044131
vn -0.134631 0.767103 0.627238
vn 0.004872 0.883203 0.468966
vn -0.319827 0.690993 0.648259
vn -0.598526 0.567808 0.565120
vn -0.770725 0.473472 0.426390
vn -0.864269 0.458874 0.206089
vn -0.876516 0.458577 -0.146381
vn -0.690034 0.528065 -0.494976
vn -0.293409 0.701807 -0.649136
vn 0.001077 0.838683 -0.544619
vn 0.152577 0.893165 -0.423056
vn 0.187373 0.979700 -0.071272
vn -0.542900 0.837948 0.055707
vn -0.636397 0.750987 0.176117
vn -0.410539 0.908690 -0.075768
vn -0.363209 0.928895 -0.072348
vn -0.339029 0.940400 0.026580
vn -0.305541 0.947387 0.095413
vn -0.293164 0.949507 0.111764
vn -0.266143 0.959897 0.088127
vn -0.272615 0.957576 0.093429
vn -0.452813 0.890740 0.039276
vn -0.558375 0.813969 -0.160227
vn -0.623402 0.780406 -0.048344
vn -0.682612 0.492514 -0.539881
vn -0.924596 0.332967 -0.185081
vn -0.284478 0.638430 -0.715178
vn 0.046907 0.780700 -0.623143
vn 0.268738 0.890384 -0.367418
vn 0.375560 0.925534 -0.048384
vn 0.374208 0.879249 0.294769
vn 0.249131 0.787498 0.563721
vn -0.112600 0.679959 0.724553
vn -0.670859 0.478791 0.566310
vn -0.935289 0.320881 0.149231
vn -0.966113 0.257256 -0.021101
vn -0.600280 0.109167 -0.792304
vn -0.918990 -0.048710 -0.391260
vn -0.130189 0.293858 -0.946942
vn 0.303094 0.484184 -0.820792
vn 0.596783 0.614680 -0.515769
vn 0.736702 0.665261 -0.121239
vn 0.705807 0.614597 0.352289
vn 0.495911 0.496776 0.712240
vn 0.029590 0.336984 0.941045
vn -0.642832 0.075575 0.762270
vn -0.949322 -0.083528 0.303002
vn -0.990971 -0.133683 -0.010312
vn -0.462845 -0.189936 -0.865852
vn -0.794401 -0.350430 -0.496112
vn 0.000095 0.000098 -1.000000
vn 0.456983 0.202403 -0.866141
vn 0.761138 0.335467 -0.555096
vn 0.912350 0.377722 -0.157932
vn 0.871306 0.337897 0.355881
vn 0.623452 0.240820 0.743851
vn 0.136184 0.053173 0.989256
vn -0.542113 -0.226318 0.809255
vn -0.850937 -0.366417 0.376358
vn -0.900714 -0.434411 -0.000928
vn -0.282252 -0.456403 -0.843819
vn -0.571718 -0.618796 -0.538730
vn 0.129650 -0.292309 -0.947495
vn 0.562618 -0.100487 -0.820588
vn 0.843187 0.025760 -0.537004
vn 0.983188 0.049292 -0.175817
vn 0.949170 0.020563 0.314092
vn 0.697822 -0.044040 0.714916
vn 0.228965 -0.234665 0.944726
vn -0.387288 -0.495338 0.777591
vn -0.667682 -0.613687 0.421413
vn -0.696090 -0.717891 0.009517
vn 0.005514 -0.727912 -0.685648
vn -0.144922 -0.859606 -0.489976
vn 0.280873 -0.631886 -0.722378
vn 0.610149 -0.487535 -0.624522
vn 0.813211 -0.392160 -0.429998
vn 0.905213 -0.387121 -0.175289
vn 0.888170 -0.411142 0.205221
vn 0.698434 -0.447495 0.558514
vn 0.322608 -0.594395 0.736627
vn -0.119796 -0.778044 0.616682
vn -0.286287 -0.863302 0.415631
vn -0.242949 -0.969335 0.036961
vn 0.461901 -0.864983 -0.196092
vn 0.523457 -0.820342 -0.230288
vn 0.406691 -0.907715 -0.103227
vn 0.446298 -0.891059 -0.082656
vn 0.445576 -0.889789 -0.098680
vn 0.445243 -0.887697 -0.117274
vn 0.432088 -0.901305 -0.030810
vn 0.403781 -0.912131 0.070554
vn 0.346852 -0.929521 0.125239
vn 0.332009 -0.934018 0.131835
vn 0.444002 -0.867008 0.226186
vn 0.494796 -0.865581 0.077115
vn 0.717650 -0.530731 0.450891
vn 0.914421 -0.389821 0.108962
vn 0.320145 -0.702888 0.635181
vn 0.017357 -0.830766 0.556351
vn -0.212706 -0.920875 0.326720
vn -0.297427 -0.954586 0.017404
vn -0.305693 -0.918452 -0.250993
vn -0.169363 -0.857716 -0.485428
vn 0.170829 -0.762015 -0.624621
vn 0.634039 -0.584476 -0.506342
vn 0.922930 -0.369470 -0.108134
vn 0.930251 -0.361873 0.060674
vn 0.649265 -0.105277 0.753241
vn 0.953104 0.020676 0.301937
vn 0.148485 -0.321241 0.935284
vn -0.283498 -0.507953 0.813396
vn -0.588819 -0.625805 0.511528
vn -0.724790 -0.680926 0.104972
vn -0.708301 -0.637272 -0.303635
vn -0.491607 -0.543980 -0.680006
vn 0.005334 -0.375868 -0.926658
vn 0.602398 -0.128433 -0.787796
vn 0.950221 0.065783 -0.304554
vn 0.997993 0.057390 0.026767
s 1
g TentProxy Ring5
usemtl initialShadingGroup
f 2560/3213/4143 2559/3212/4144 2571/3225/4145 2572/3226/4146
f 2561/3214/4147 2560/3213/4143 2572/3226/4146 2573/3227/4148
f 2562/3215/4149 2561/3214/4147 2573/3227/4148 2574/3228/4150
f 2563/3216/4151 2562/3215/4149 2574/3228/4150 2575/3229/4152
f 2564/3217/4153 2563/3216/4151 2575/3229/4152 2576/3230/4154
f 2565/3218/4155 2564/3217/4153 2576/3230/4154 2577/3231/4156
f 2566/3219/4157 2565/3218/4155 2577/3231/4156 2578/3232/4158
f 2567/3220/4159 2566/3219/4157 2578/3232/4158 2579/3233/4160
f 2568/3221/4161 2567/3220/4159 2579/3233/4160 2580/3234/4162
f 2569/3222/4163 2568/3221/4161 2580/3234/4162 2581/3235/4164
f 2570/3223/4165 2569/3222/4163 2581/3235/4164 2582/3236/4166
f 2559/3224/4144 2570/3223/4165 2582/3236/4166 2571/3237/4145
f 2572/3226/4146 2571/3225/4145 2583/3238/4167 2584/3239/4168
f 2573/3227/4148 2572/3226/4146 2584/3239/4168 2585/3240/4169
f 2574/3228/4150 2573/3227/4148 2585/3240/4169 2586/3241/4170
f 2575/3229/4152 2574/3228/4150 2586/3241/4170 2587/3242/4171
f 2576/3230/4154 2575/3229/4152 2587/3242/4171 2588/3243/4172
f 2577/3231/4156 2576/3230/4154 2588/3243/4172 2589/3244/4173
f 2578/3232/4158 2577/3231/4156 2589/3244/4173 2590/3245/4174
f 2579/3233/4160 2578/3232/4158 2590/3245/4174 2591/3246/4175
f 2580/3234/4162 2579/3233/4160 2591/3246/4175 2592/3247/4176
f 2581/3235/4164 2580/3234/4162 2592/3247/4176 2593/3248/4177
f 2582/3236/4166 2581/3235/4164 2593/3248/4177 2594/3249/4178
f 2571/3237/4145 2582/3236/4166 2594/3249/4178 2583/3250/4167
f 2584/3239/4168 2583/3238/4167 2595/3251/4179 2596/3252/4180
f 2585/3240/4169 2584/3239/4168 2596/3252/4180 2597/3253/4181
f 2586/3241/4170 2585/3240/4169 2597/3253/4181 2598/3254/4182
f 2587/3242/4171 2586/3241/4170 2598/3254/4182 2599/3255/4183
f 2588/3243/4172 2587/3242/4171 2599/3255/4183 2600/3256/4184
f 2589/3244/4173 2588/3243/4172 2600/3256/4184 2601/3257/4185
f 2590/3245/4174 2589/3244/4173 2601/3257/4185 2602/3258/4186
f 2591/3246/4175 2590/3245/4174 2602/3258/4186 2603/3259/4187
f 2592/3247/4176 2591/3246/4175 2603/3259/4187 2604/3260/4188
f 2593/3248/4177 2592/3247/4176 2604/3260/4188 2605/3261/4189
f 2594/3249/4178 2593/3248/4177 2605/3261/4189 2606/3262/4190
f 2583/3250/4167 2594/3249/4178 2606/3262/4190 2595/3263/4179
f 2596/3252/4180 2595/3251/4179 2607/3264/4191 2608/3265/4192
f 2597/3253/4181 2596/3252/4180 2608/3265/4192 2609/3266/4193
f 2598/3254/4182 2597/3253/4181 2609/3266/4193 2610/3267/4194
f 2599/3255/4183 2598/3254/4182 2610/3267/4194 2611/3268/4195
f 2600/3256/4184 2599/3255/4183 2611/3268/4195 2612/3269/4196
f 2601/3257/4185 2600/3256/4184 2612/3269/4196 2613/3270/4197
f 2602/3258/4186 2601/3257/4185 2613/3270/4197 2614/3271/4198
f 2603/3259/4187 2602/3258/4186 2614/3271/4198 2615/3272/4199
f 2604/3260/4188 2603/3259/4187 2615/3272/4199 2616/3273/4200
f 2605/3261/4189 2604/3260/4188 2616/3273/4200 2617/3274/4201
f 2606/3262/4190 2605/3261/4189 2617/3274/4201 2618/3275/4202
f 2595/3263/4179 2606/3262/4190 2618/3275/4202 2607/3276/4191
f 2608/3265/4192 2607/3264/4191 2619/3277/4203 2620/3278/4204
f 2609/3266/4193 2608/3265/4192 2620/3278/4204 2621/3279/4205
f 2610/3267/4194 2609/3266/4193 2621/3279/4205 2622/3280/4206
f 2611/3268/4195 2610/3267/4194 2622/3280/4206 2623/3281/4207
f 2612/3269/4196 2611/3268/4195 2623/3281/4207 2624/3282/4208
f 2613/3270/4197 2612/3269/4196 2624/3282/4208 2625/3283/4209
f 2614/3271/4198 2613/3270/4197 2625/3283/4209 2626/3284/4210
f 2615/3272/4199 2614/3271/4198 2626/3284/4210 2627/3285/4211
f 2616/3273/4200 2615/3272/4199 2627/3285/4211 2628/3286/4212
f 2617/3274/4201 2616/3273/4200 2628/3286/4212 2629/3287/4213
f 2618/3275/4202 2617/3274/4201 2629/3287/4213 2630/3288/4214
f 2607/3276/4191 2618/3275/4202 2630/3288/4214 2619/3289/4203
f 2620/3278/4204 2619/3277/4203 2631/3290/4215 2632/3291/4216
f 2621/3279/4205 2620/3278/4204 2632/3291/4216 2633/3292/4217
f 2622/3280/4206 2621/3279/4205 2633/3292/4217 2634/3293/4218
f 2623/3281/4207 2622/3280/4206 2634/3293/4218 2635/3294/4219
f 2624/3282/4208 2623/3281/4207 2635/3294/4219 2636/3295/4220
f 2625/3283/4209 2624/3282/4208 2636/3295/4220 2637/3296/4221
f 2626/3284/4210 2625/3283/4209 2637/3296/4221 2638/3297/4222
f 2627/3285/4211 2626/3284/4210 2638/3297/4222 2639/3298/4223
f 2628/3286/4212 2627/3285/4211 2639/3298/4223 2640/3299/4224
f 2629/3287/4213 2628/3286/4212 2640/3299/4224 2641/3300/4225
f 2630/3288/4214 2629/3287/4213 2641/3300/4225 2642/3301/4226
f 2619/3289/4203 2630/3288/4214 2642/3301/4226 2631/3302/4215
f 2632/3291/4216 2631/3290/4215 2643/3303/4227 2644/3304/4228
f 2633/3292/4217 2632/3291/4216 2644/3304/4228 2645/3305/4229
f 2634/3293/4218 2633/3292/4217 2645/3305/4229 2646/3306/4230
f 2635/3294/4219 2634/3293/4218 2646/3306/4230 2647/3307/4231
f 2636/3295/4220 2635/3294/4219 2647/3307/4231 2648/3308/4232
f 2637/3296/4221 2636/3295/4220 2648/3308/4232 2649/3309/4233
f 2638/3297/4222 2637/3296/4221 2649/3309/4233 2650/3310/4234
f 2639/3298/4223 2638/3297/4222 2650/3310/4234 2651/3311/4235
f 2640/3299/4224 2639/3298/4223 2651/3311/4235 2652/3312/4236
f 2641/3300/4225 2640/3299/4224 2652/3312/4236 2653/3313/4237
f 2642/3301/4226 2641/3300/4225 2653/3313/4237 2654/3314/4238
f 2631/3302/4215 2642/3301/4226 2654/3314/4238 2643/3315/4227
f 2644/3304/4228 2643/3303/4227 2655/3316/4239 2656/3317/4240
f 2645/3305/4229 2644/3304/4228 2656/3317/4240 2657/3318/4241
f 2646/3306/4230 2645/3305/4229 2657/3318/4241 2658/3319/4242
f 2647/3307/4231 2646/3306/4230 2658/3319/4242 2659/3320/4243
f 2648/3308/4232 2647/3307/4231 2659/3320/4243 2660/3321/4244
f 2649/3309/4233 2648/3308/4232 2660/3321/4244 2661/3322/4245
f 2650/3310/4234 2649/3309/4233 2661/3322/4245 2662/3323/4246
f 2651/3311/4235 2650/3310/4234 2662/3323/4246 2663/3324/4247
f 2652/3312/4236 2651/3311/4235 2663/3324/4247 2664/3325/4248
f 2653/3313/4237 2652/3312/4236 2664/3325/4248 2665/3326/4249
f 2654/3314/4238 2653/3313/4237 2665/3326/4249 2666/3327/4250
f 2643/3315/4227 2654/3314/4238 2666/3327/4250 2655/3328/4239
f 2656/3317/4240 2655/3316/4239 2667/3329/4251 2668/3330/4252
f 2657/3318/4241 2656/3317/4240 2668/3330/4252 2669/3331/4253
f 2658/3319/4242 2657/3318/4241 2669/3331/4253 2670/3332/4254
f 2659/3320/4243 2658/3319/4242 2670/3332/4254 2671/3333/4255
f 2660/3321/4244 2659/3320/4243 2671/3333/4255 2672/3334/4256
f 2661/3322/4245 2660/3321/4244 2672/3334/4256 2673/3335/4257
f 2662/3323/4246 2661/3322/4245 2673/3335/4257 2674/3336/4258
f 2663/3324/4247 2662/3323/4246 2674/3336/4258 2675/3337/4259
f 2664/3325/4248 2663/3324/4247 2675/3337/4259 2676/3338/4260
f 2665/3326/4249 2664/3325/4248 2676/3338/4260 2677/3339/4261
f 2666/3327/4250 2665/3326/4249 2677/3339/4261 2678/3340/4262
f 2655/3328/4239 2666/3327/4250 2678/3340/4262 2667/3341/4251
f 2668/3330/4252 2667/3329/4251 2679/3342/4263 2680/3343/4264
f 2669/3331/4253 2668/3330/4252 2680/3343/4264 2681/3344/4265
f 2670/3332/4254 2669/3331/4253 2681/3344/4265 2682/3345/4266
f 2671/3333/4255 2670/3332/4254 2682/3345/4266 2683/3346/4267
f 2672/3334/4256 2671/3333/4255 2683/3346/4267 2684/3347/4268
f 2673/3335/4257 2672/3334/4256 2684/3347/4268 2685/3348/4269
f 2674/3336/4258 2673/3335/4257 2685/3348/4269 2686/3349/4270
f 2675/3337/4259 2674/3336/4258 2686/3349/4270 2687/3350/4271
f 2676/3338/4260 2675/3337/4259 2687/3350/4271 2688/3351/4272
f 2677/3339/4261 2676/3338/4260 2688/3351/4272 2689/3352/4273
f 2678/3340/4262 2677/3339/4261 2689/3352/4273 2690/3353/4274
f 2667/3341/4251 2678/3340/4262 2690/3353/4274 2679/3354/4263
f 2680/3343/4264 2679/3342/4263 2691/3355/4275 2692/3356/4276
f 2681/3344/4265 2680/3343/4264 2692/3356/4276 2693/3357/4277
f 2682/3345/4266 2681/3344/4265 2693/3357/4277 2694/3358/4278
f 2683/3346/4267 2682/3345/4266 2694/3358/4278 2695/3359/4279
f 2684/3347/4268 2683/3346/4267 2695/3359/4279 2696/3360/4280
f 2685/3348/4269 2684/3347/4268 2696/3360/4280 2697/3361/4281
f 2686/3349/4270 2685/3348/4269 2697/3361/4281 2698/3362/4282
f 2687/3350/4271 2686/3349/4270 2698/3362/4282 2699/3363/4283
f 2688/3351/4272 2687/3350/4271 2699/3363/4283 2700/3364/4284
f 2689/3352/4273 2688/3351/4272 2700/3364/4284 2701/3365/4285
f 2690/3353/4274 2689/3352/4273 2701/3365/4285 2702/3366/4286
f 2679/3354/4263 2690/3353/4274 2702/3366/4286 2691/3367/4275
f 2692/3356/4276 2691/3355/4275 2559/3368/4144 2560/3369/4143
f 2693/3357/4277 2692/3356/4276 2560/3369/4143 2561/3370/4147
f 2694/3358/4278 2693/3357/4277 2561/3370/4147 2562/3371/4149
f 2695/3359/4279 2694/3358/4278 2562/3371/4149 2563/3372/4151
f 2696/3360/4280 2695/3359/4279 2563/3372/4151 2564/3373/4153
f 2697/3361/4281 2696/3360/4280 2564/3373/4153 2565/3374/4155
f 2698/3362/4282 2697/3361/4281 2565/3374/4155 2566/3375/4157
f 2699/3363/4283 2698/3362/4282 2566/3375/4157 2567/3376/4159
f 2700/3364/4284 2699/3363/4283 2567/3376/4159 2568/3377/4161
f 2701/3365/4285 2700/3364/4284 2568/3377/4161 2569/3378/4163
f 2702/3366/4286 2701/3365/4285 2569/3378/4163 2570/3379/4165
f 2691/3367/4275 2702/3366/4286 2570/3379/4165 2559/3380/4144
s 2
f 2704/3381/4287 2716/3384/4288 2715/3383/4289 2703/3382/4290
f 2705/3385/4291 2717/3386/4292 2716/3384/4288 2704/3381/4287
f 2706/3387/4293 2718/3388/4294 2717/3386/4292 2705/3385/4291
f 2707/3389/4295 2719/3390/4296 2718/3388/4294 2706/3387/4293
f 2708/3391/4297 2720/3392/4298 2719/3390/4296 2707/3389/4295
f 2709/3393/4299 2721/3394/4300 2720/3392/4298 2708/3391/4297
f 2710/3395/4301 2722/3396/4302 2721/3394/4300 2709/3393/4299
f 2711/3397/4303 2723/3398/4304 2722/3396/4302 2710/3395/4301
f 2712/3399/4305 2724/3400/4306 2723/3398/4304 2711/3397/4303
f 2713/3401/4307 2725/3402/4308 2724/3400/4306 2712/3399/4305
f 2714/3403/4309 2726/3404/4310 2725/3402/4308 2713/3401/4307
f 2703/3405/4290 2715/3406/4289 2726/3404/4310 2714/3403/4309
f 2716/3384/4288 2728/3408/4311 2727/3407/4312 2715/3383/4289
f 2717/3386/4292 2729/3409/4313 2728/3408/4311 2716/3384/4288
f 2718/3388/4294 2730/3410/4314 2729/3409/4313 2717/3386/4292
f 2719/3390/4296 2731/3411/4315 2730/3410/4314 2718/3388/4294
f 2720/3392/4298 2732/3412/4316 2731/3411/4315 2719/3390/4296
f 2721/3394/4300 2733/3413/4317 2732/3412/4316 2720/3392/4298
f 2722/3396/4302 2734/3414/4318 2733/3413/4317 2721/3394/4300
f 2723/3398/4304 2735/3415/4319 2734/3414/4318 2722/3396/4302
f 2724/3400/4306 2736/3416/4320 2735/3415/4319 2723/3398/4304
f 2725/3402/4308 2737/3417/4321 2736/3416/4320 2724/3400/4306
f 2726/3404/4310 2738/3418/4322 2737/3417/4321 2725/3402/4308
f 2715/3406/4289 2727/3419/4312 2738/3418/4322 2726/3404/4310
f 2728/3408/4311 2740/3421/4323 2739/3420/4324 2727/3407/4312
f 2729/3409/4313 2741/3422/4325 2740/3421/4323 2728/3408/4311
f 2730/3410/4314 2742/3423/4326 2741/3422/4325 2729/3409/4313
f 2731/3411/4315 2743/3424/4327 2742/3423/4326 2730/3410/4314
f 2732/3412/4316 2744/3425/4328 2743/3424/4327 2731/3411/4315
f 2733/3413/4317 2745/3426/4329 2744/3425/4328 2732/3412/4316
f 2734/3414/4318 2746/3427/4330 2745/3426/4329 2733/3413/4317
f 2735/3415/4319 2747/3428/4331 2746/3427/4330 2734/3414/4318
f 2736/3416/4320 2748/3429/4332 2747/3428/4331 2735/3415/4319
f 2737/3417/4321 2749/3430/4333 2748/3429/4332 2736/3416/4320
f 2738/3418/4322 2750/3431/4334 2749/3430/4333 2737/3417/4321
f 2727/3419/4312 2739/3432/4324 2750/3431/4334 2738/3418/4322
f 2740/3421/4323 2752/3434/4335 2751/3433/4336 2739/3420/4324
f 2741/3422/4325 2753/3435/4337 2752/3434/4335 2740/3421/4323
f 2742/3423/4326 2754/3436/4338 2753/3435/4337 2741/3422/4325
f 2743/3424/4327 2755/3437/4339 2754/3436/4338 2742/3423/4326
f 2744/3425/4328 2756/3438/4340 2755/3437/4339 2743/3424/4327
f 2745/3426/4329 2757/3439/4341 2756/3438/4340 2744/3425/4328
f 2746/3427/4330 2758/3440/4342 2757/3439/4341 2745/3426/4329
f 2747/3428/4331 2759/3441/4343 2758/3440/4342 2746/3427/4330
f 2748/3429/4332 2760/3442/4344 2759/3441/4343 2747/3428/4331
f 2749/3430/4333 2761/3443/4345 2760/3442/4344 2748/3429/4332
f 2750/3431/4334 2762/3444/4346 2761/3443/4345 2749/3430/4333
f 2739/3432/4324 2751/3445/4336 2762/3444/4346 2750/3431/4334
f 2752/3434/4335 2764/3447/4347 2763/3446/4348 2751/3433/4336
f 2753/3435/4337 2765/3448/4349 2764/3447/4347 2752/3434/4335
f 2754/3436/4338 2766/3449/4350 2765/3448/4349 2753/3435/4337
f 2755/3437/4339 2767/3450/4351 2766/3449/4350 2754/3436/4338
f 2756/3438/4340 2768/3451/4352 2767/3450/4351 2755/3437/4339
f 2757/3439/4341 2769/3452/4353 2768/3451/4352 2756/3438/4340
f 2758/3440/4342 2770/3453/4354 2769/3452/4353 2757/3439/4341
f 2759/3441/4343 2771/3454/4355 2770/3453/4354 2758/3440/4342
f 2760/3442/4344 2772/3455/4356 2771/3454/4355 2759/3441/4343
f 2761/3443/4345 2773/3456/4357 2772/3455/4356 2760/3442/4344
f 2762/3444/4346 2774/3457/4358 2773/3456/4357 2761/3443/4345
f 2751/3445/4336 2763/3458/4348 2774/3457/4358 2762/3444/4346
f 2764/3447/4347 2776/3460/4359 2775/3459/4360 2763/3446/4348
f 2765/3448/4349 2777/3461/4361 2776/3460/4359 2764/3447/4347
f 2766/3449/4350 2778/3462/4362 2777/3461/4361 2765/3448/4349
f 2767/3450/4351 2779/3463/4363 2778/3462/4362 2766/3449/4350
f 2768/3451/4352 2780/3464/4364 2779/3463/4363 2767/3450/4351
f 2769/3452/4353 2781/3465/4365 2780/3464/4364 2768/3451/4352
f 2770/3453/4354 2782/3466/4366 2781/3465/4365 2769/3452/4353
f 2771/3454/4355 2783/3467/4367 2782/3466/4366 2770/3453/4354
f 2772/3455/4356 2784/3468/4368 2783/3467/4367 2771/3454/4355
f 2773/3456/4357 2785/3469/4369 2784/3468/4368 2772/3455/4356
f 2774/3457/4358 2786/3470/4370 2785/3469/4369 2773/3456/4357
f 2763/3458/4348 2775/3471/4360 2786/3470/4370 2774/3457/4358
f 2776/3460/4359 2788/3473/4371 2787/3472/4372 2775/3459/4360
f 2777/3461/4361 2789/3474/4373 2788/3473/4371 2776/3460/4359
f 2778/3462/4362 2790/3475/4374 2789/3474/4373 2777/3461/4361
f 2779/3463/4363 2791/3476/4375 2790/3475/4374 2778/3462/4362
f 2780/3464/4364 2792/3477/4376 2791/3476/4375 2779/3463/4363
f 2781/3465/4365 2793/3478/4377 2792/3477/4376 2780/3464/4364
f 2782/3466/4366 2794/3479/4378 2793/3478/4377 2781/3465/4365
f 2783/3467/4367 2795/3480/4379 2794/3479/4378 2782/3466/4366
f 2784/3468/4368 2796/3481/4380 2795/3480/4379 2783/3467/4367
f 2785/3469/4369 2797/3482/4381 2796/3481/4380 2784/3468/4368
f 2786/3470/4370 2798/3483/4382 2797/3482/4381 2785/3469/4369
f 2775/3471/4360 2787/3484/4372 2798/3483/4382 2786/3470/4370
f 2788/3473/4371 2800/3486/4383 2799/3485/4384 2787/3472/4372
f 2789/3474/4373 2801/3487/4385 2800/3486/4383 2788/3473/4371
f 2790/3475/4374 2802/3488/4386 2801/3487/4385 2789/3474/4373
f 2791/3476/4375 2803/3489/4387 2802/3488/4386 2790/3475/4374
f 2792/3477/4376 2804/3490/4388 2803/3489/4387 2791/3476/4375
f 2793/3478/4377 2805/3491/4389 2804/3490/4388 2792/3477/4376
f 2794/3479/4378 2806/3492/4390 2805/3491/4389 2793/3478/4377
f 2795/3480/4379 2807/3493/4391 2806/3492/4390 2794/3479/4378
f 2796/3481/4380 2808/3494/4392 2807/3493/4391 2795/3480/4379
f 2797/3482/4381 2809/3495/4393 2808/3494/4392 2796/3481/4380
f 2798/3483/4382 2810/3496/4394 2809/3495/4393 2797/3482/4381
f 2787/3484/4372 2799/3497/4384 2810/3496/4394 2798/3483/4382
f 2800/3486/4383 2812/3499/4395 2811/3498/4396 2799/3485/4384
f 2801/3487/4385 2813/3500/4397 2812/3499/4395 2800/3486/4383
f 2802/3488/4386 2814/3501/4398 2813/3500/4397 2801/3487/4385
f 2803/3489/4387 2815/3502/4399 2814/3501/4398 2802/3488/4386
f 2804/3490/4388 2816/3503/4400 2815/3502/4399 2803/3489/4387
f 2805/3491/4389 2817/3504/4401 2816/3503/4400 2804/3490/4388
f 2806/3492/4390 2818/3505/4402 2817/3504/4401 2805/3491/4389
f 2807/3493/4391 2819/3506/4403 2818/3505/4402 2806/3492/4390
f 2808/3494/4392 2820/3507/4404 2819/3506/4403 2807/3493/4391
f 2809/3495/4393 2821/3508/4405 2820/3507/4404 2808/3494/4392
f 2810/3496/4394 2822/3509/4406 2821/3508/4405 2809/3495/4393
f 2799/3497/4384 2811/3510/4396 2822/3509/4406 2810/3496/4394
f 2812/3499/4395 2824/3512/4407 2823/3511/4408 2811/3498/4396
f 2813/3500/4397 2825/3513/4409 2824/3512/4407 2812/3499/4395
f 2814/3501/4398 2826/3514/4410 2825/3513/4409 2813/3500/4397
f 2815/3502/4399 2827/3515/4411 2826/3514/4410 2814/3501/4398
f 2816/3503/4400 2828/3516/4412 2827/3515/4411 2815/3502/4399
f 2817/3504/4401 2829/3517/4413 2828/3516/4412 2816/3503/4400
f 2818/3505/4402 2830/3518/4414 2829/3517/4413 2817/3504/4401
f 2819/3506/4403 2831/3519/4415 2830/3518/4414 2818/3505/4402
f 2820/3507/4404 2832/3520/4416 2831/3519/4415 2819/3506/4403
f 2821/3508/4405 2833/3521/4417 2832/3520/4416 2820/3507/4404
f 2822/3509/4406 2834/3522/4418 2833/3521/4417 2821/3508/4405
f 2811/3510/4396 2823/3523/4408 2834/3522/4418 2822/3509/4406
f 2824/3512/4407 2836/3525/4419 2835/3524/4420 2823/3511/4408
f 2825/3513/4409 2837/3526/4421 2836/3525/4419 2824/3512/4407
f 2826/3514/4410 2838/3527/4422 2837/3526/4421 2825/3513/4409
f 2827/3515/4411 2839/3528/4423 2838/3527/4422 2826/3514/4410
f 2828/3516/4412 2840/3529/4424 2839/3528/4423 2827/3515/4411
f 2829/3517/4413 2841/3530/4425 2840/3529/4424 2828/3516/4412
f 2830/3518/4414 2842/3531/4426 2841/3530/4425 2829/3517/4413
f 2831/3519/4415 2843/3532/4427 2842/3531/4426 2830/3518/4414
f 2832/3520/4416 2844/3533/4428 2843/3532/4427 2831/3519/4415
f 2833/3521/4417 2845/3534/4429 2844/3533/4428 2832/3520/4416
f 2834/3522/4418 2846/3535/4430 2845/3534/4429 2833/3521/4417
f 2823/3523/4408 2835/3536/4420 2846/3535/4430 2834/3522/4418
f 2836/3525/4419 2704/3538/4287 2703/3537/4290 2835/3524/4420
f 2837/3526/4421 2705/3539/4291 2704/3538/4287 2836/3525/4419
f 2838/3527/4422 2706/3540/4293 2705/3539/4291 2837/3526/4421
f 2839/3528/4423 2707/3541/4295 2706/3540/4293 2838/3527/4422
f 2840/3529/4424 2708/3542/4297 2707/3541/4295 2839/3528/4423
f 2841/3530/4425 2709/3543/4299 2708/3542/4297 2840/3529/4424
f 2842/3531/4426 2710/3544/4301 2709/3543/4299 2841/3530/4425
f 2843/3532/4427 2711/3545/4303 2710/3544/4301 2842/3531/4426
f 2844/3533/4428 2712/3546/4305 2711/3545/4303 2843/3532/4427
f 2845/3534/4429 2713/3547/4307 2712/3546/4305 2844/3533/4428
f 2846/3535/4430 2714/3548/4309 2713/3547/4307 2845/3534/4429
f 2835/3536/4420 2703/3549/4290 2714/3548/4309 2846/3535/4430
g default
v -543.594421 -388.186798 781.690674
v -434.875610 -388.186798 781.690674
v -326.156738 -388.186798 781.690674
v -217.437790 -388.186798 781.690674
v -108.718895 -388.186798 781.690674
v -0.000000 -388.186798 781.690674
v -543.594421 -317.410614 781.690674
v -434.875610 -317.410614 781.690674
v -326.156738 -317.410614 781.690674
v -217.437790 -317.410614 781.690674
v -108.718895 -317.410614 781.690674
v -0.000000 -317.410614 781.690674
v -543.594421 -246.634430 781.690674
v -434.875610 -246.634430 781.690674
v -326.156738 -246.634430 781.690674
v -217.437790 -246.634430 781.690674
v -108.718895 -246.634430 781.690674
v 0.000000 -246.634430 781.690674
v -543.594421 -175.858276 781.690674
v -434.875610 -175.858276 781.690674
v -326.156738 -175.858276 781.690674
v -217.437790 -175.858276 781.690674
v -108.718895 -175.858276 781.690674
v 0.000000 -175.858276 781.690674
v -543.594421 -105.082100 781.690674
v -434.875610 -105.082100 781.690674
v -326.156738 -105.082100 781.690674
v -217.437790 -105.082100 781.690674
v -108.718895 -105.082100 781.690674
v 0.000000 -105.082100 781.690674
v -543.594421 -34.305927 781.690674
v -434.875610 -34.305927 781.690674
v -326.156738 -34.305927 781.690674
v -217.437790 -34.305927 781.690674
v -108.718895 -34.305927 781.690674
v 0.000000 -34.305927 781.690674
v -543.594421 36.470264 781.690674
v -434.875610 36.470264 781.690674
v -326.156738 36.470264 781.690674
v -217.437790 36.470264 781.690674
v -108.718895 36.470264 781.690674
v 0.000000 36.470264 781.690674
v -543.594421 107.246422 781.690674
v -434.875610 107.246422 781.690674
v -326.156738 107.246422 781.690674
v -217.437790 107.246422 781.690674
v -108.718895 107.246422 781.690674
v 0.000000 107.246422 781.690674
v -543.594421 178.022598 781.690674
v -434.875610 178.022598 781.690674
v -326.156738 178.022598 781.690674
v -217.437790 178.022598 781.690674
v -108.718895 178.022598 781.690674
v -0.000000 178.022598 781.690674
v -543.594421 248.798782 781.690674
v -434.875610 248.798782 781.690674
v -326.156738 261.019043 781.690674
v -217.437790 261.019043 781.690674
v -108.718895 261.019043 781.690674
v 0.000000 261.019043 781.690674
v -543.594421 319.574890 781.690674
v -434.875610 319.574890 781.690674
v -326.156738 355.929199 781.690613
v -217.437790 389.724152 781.690674
v -108.718895 440.292206 781.690674
v 0.000000 457.175629 781.690674
v 543.594421 -388.186798 781.690674
v 434.875610 -388.186798 781.690674
v 326.156738 -388.186798 781.690674
v 217.437790 -388.186798 781.690674
v 108.718895 -388.186798 781.690674
v 543.594421 -317.410614 781.690674
v 434.875610 -317.410614 781.690674
v 326.156738 -317.410614 781.690674
v 217.437790 -317.410614 781.690674
v 108.718895 -317.410614 781.690674
v 543.594421 -246.634430 781.690674
v 434.875610 -246.634430 781.690674
v 326.156738 -246.634430 781.690674
v 217.437790 -246.634430 781.690674
v 108.718895 -246.634430 781.690674
v 543.594421 -175.858276 781.690674
v 434.875610 -175.858276 781.690674
v 326.156738 -175.858276 781.690674
v 217.437790 -175.858276 781.690674
v 108.718895 -175.858276 781.690674
v 543.594421 -105.082100 781.690674
v 434.875610 -105.082100 781.690674
v 326.156738 -105.082100 781.690674
v 217.437790 -105.082100 781.690674
v 108.718895 -105.082100 781.690674
v 543.594421 -34.305927 781.690674
v 434.875610 -34.305927 781.690674
v 326.156738 -34.305927 781.690674
v 217.437790 -34.305927 781.690674
v 108.718895 -34.305927 781.690674
v 543.594421 36.470264 781.690674
v 434.875610 36.470264 781.690674
v 326.156738 36.470264 781.690674
v 217.437790 36.470264 781.690674
v 108.718895 36.470264 781.690674
v 543.594421 107.246422 781.690674
v 434.875610 107.246422 781.690674
v 326.156738 107.246422 781.690674
v 217.437790 107.246422 781.690674
v 108.718895 107.246422 781.690674
v 543.594421 178.022598 781.690674
v 434.875610 178.022598 781.690674
v 326.156738 178.022598 781.690674
v 217.437790 178.022598 781.690674
v 108.718895 178.022598 781.690674
v 543.594421 248.798782 781.690674
v 434.875610 248.798782 781.690674
v 326.156738 261.019043 781.690674
v 217.437790 261.019043 781.690674
v 108.718895 261.019043 781.690674
v 543.594421 319.574890 781.690674
v 434.875610 319.574890 781.690674
v 326.156738 355.929199 781.690613
v 217.437790 389.724152 781.690674
v 108.718895 440.292206 781.690674
vt 0.013582 0.007217
vt 0.132102 0.007384
vt 0.250623 0.007550
vt 0.369143 0.007717
vt 0.487663 0.007883
vt 0.606184 0.008050
vt 0.013473 0.084374
vt 0.131994 0.084541
vt 0.250514 0.084707
vt 0.369035 0.084874
vt 0.487555 0.085040
vt 0.606076 0.085207
vt 0.013365 0.161531
vt 0.131885 0.161698
vt 0.250406 0.161864
vt 0.368926 0.162031
vt 0.487447 0.162197
vt 0.605967 0.162364
vt 0.013257 0.238688
vt 0.131777 0.238855
vt 0.250297 0.239021
vt 0.368819 0.239188
vt 0.487338 0.239354
vt 0.605859 0.239521
vt 0.013148 0.315845
vt 0.131669 0.316012
vt 0.250189 0.316178
vt 0.368709 0.316345
vt 0.487230 0.316511
vt 0.605751 0.316678
vt 0.013040 0.393002
vt 0.131560 0.393169
vt 0.250081 0.393335
vt 0.368602 0.393502
vt 0.487122 0.393668
vt 0.605642 0.393835
vt 0.012931 0.470159
vt 0.131452 0.470326
vt 0.249972 0.470492
vt 0.368493 0.470659
vt 0.487013 0.470825
vt 0.605534 0.470992
vt 0.012823 0.547316
vt 0.131344 0.547483
vt 0.249864 0.547649
vt 0.368385 0.547816
vt 0.486905 0.547982
vt 0.605425 0.548149
vt 0.012715 0.624474
vt 0.131235 0.624640
vt 0.249756 0.624806
vt 0.368277 0.624973
vt 0.486796 0.625140
vt 0.605317 0.625306
vt 0.012606 0.701630
vt 0.131127 0.701797
vt 0.249629 0.715286
vt 0.368149 0.715452
vt 0.486669 0.715618
vt 0.605190 0.715785
vt 0.012498 0.778787
vt 0.131018 0.778954
vt 0.249483 0.818752
vt 0.367952 0.855761
vt 0.486395 0.911054
vt 0.604889 0.929626
vt 0.013582 0.007217
vt 0.132102 0.007384
vt 0.131994 0.084541
vt 0.013473 0.084374
vt 0.250623 0.007550
vt 0.250514 0.084707
vt 0.369143 0.007717
vt 0.369035 0.084874
vt 0.487663 0.007883
vt 0.487555 0.085040
vt 0.606184 0.008050
vt 0.606076 0.085207
vt 0.131885 0.161698
vt 0.013365 0.161531
vt 0.250406 0.161864
vt 0.368926 0.162031
vt 0.487447 0.162197
vt 0.605967 0.162364
vt 0.131777 0.238855
vt 0.013257 0.238688
vt 0.250297 0.239021
vt 0.368819 0.239188
vt 0.487338 0.239354
vt 0.605859 0.239521
vt 0.131669 0.316012
vt 0.013148 0.315845
vt 0.250189 0.316178
vt 0.368709 0.316345
vt 0.487230 0.316511
vt 0.605751 0.316678
vt 0.131560 0.393169
vt 0.013040 0.393002
vt 0.250081 0.393335
vt 0.368602 0.393502
vt 0.487122 0.393668
vt 0.605642 0.393835
vt 0.131452 0.470326
vt 0.012931 0.470159
vt 0.249972 0.470492
vt 0.368493 0.470659
vt 0.487013 0.470825
vt 0.605534 0.470992
vt 0.131344 0.547483
vt 0.012823 0.547316
vt 0.249864 0.547649
vt 0.368385 0.547816
vt 0.486905 0.547982
vt 0.605425 0.548149
vt 0.131235 0.624640
vt 0.012715 0.624474
vt 0.249756 0.624806
vt 0.368277 0.624973
vt 0.486796 0.625140
vt 0.605317 0.625306
vt 0.131127 0.701797
vt 0.012606 0.701630
vt 0.249629 0.715286
vt 0.368149 0.715452
vt 0.486669 0.715618
vt 0.605190 0.715785
vt 0.131018 0.778954
vt 0.012498 0.778787
vt 0.249483 0.818752
vt 0.367952 0.855761
vt 0.486395 0.911054
vt 0.604889 0.929626
vn 0.000000 0.000000 1.000000
vn 0.000000 0.000000 1.000000
vn 0.000000 0.000000 1.000000
vn 0.000000 0.000000 1.000000
vn 0.000000 0.000000 1.000000
vn 0.000000 0.000000 1.000000
vn 0.000000 0.000000 1.000000
vn 0.000000 0.000000 1.000000
vn 0.000000 0.000000 1.000000
vn 0.000000 0.000000 1.000000
vn 0.000000 0.000000 1.000000
vn 0.000000 0.000000 1.000000
vn 0.000000 0.000000 1.000000
vn 0.000000 0.000000 1.000000
vn 0.000000 0.000000 1.000000
vn 0.000000 0.000000 1.000000
vn 0.000000 0.000000 1.000000
vn 0.000000 0.000000 1.000000
vn 0.000000 0.000000 1.000000
vn 0.000000 0.000000 1.000000
vn 0.000000 0.000000 1.000000
vn 0.000000 0.000000 1.000000
vn 0.000000 0.000000 1.000000
vn 0.000000 0.000000 1.000000
vn 0.000000 0.000000 1.000000
vn 0.000000 0.000000 1.000000
vn 0.000000 0.000000 1.000000
vn 0.000000 0.000000 1.000000
vn 0.000000 0.000000 1.000000
vn 0.000000 0.000000 1.000000
vn 0.000000 0.000000 1.000000
vn 0.000000 0.000000 1.000000
vn 0.000000 0.000000 1.000000
vn 0.000000 0.000000 1.000000
vn 0.000000 0.000000 1.000000
vn 0.000000 0.000000 1.000000
vn 0.000000 0.000000 1.000000
vn 0.000000 0.000000 1.000000
vn 0.000000 0.000000 1.000000
vn 0.000000 0.000000 1.000000
vn 0.000000 0.000000 1.000000
vn 0.000000 0.000000 1.000000
vn 0.000000 0.000000 1.000000
vn 0.000000 0.000000 1.000000
vn 0.000000 0.000000 1.000000
vn 0.000000 0.000000 1.000000
vn 0.000000 0.000000 1.000000
vn 0.000000 0.000000 1.000000
vn 0.000000 0.000000 1.000000
vn 0.000000 0.000000 1.000000
vn 0.000000 0.000000 1.000000
vn 0.000000 0.000000 1.000000
vn 0.000000 0.000000 1.000000
vn 0.000000 0.000000 1.000000
vn 0.000000 0.000000 1.000000
vn 0.000000 0.000000 1.000000
vn -0.000000 0.000000 1.000000
vn -0.000000 0.000000 1.000000
vn -0.000000 0.000000 1.000000
vn 0.000000 0.000000 1.000000
vn 0.000000 0.000000 1.000000
vn 0.000000 0.000000 1.000000
vn -0.000000 0.000000 1.000000
vn 0.000000 0.000000 1.000000
vn -0.000000 0.000000 1.000000
vn 0.000000 0.000000 1.000000
vn 0.000000 0.000000 1.000000
vn 0.000000 0.000000 1.000000
vn 0.000000 0.000000 1.000000
vn 0.000000 0.000000 1.000000
vn 0.000000 0.000000 1.000000
vn 0.000000 0.000000 1.000000
vn 0.000000 0.000000 1.000000
vn 0.000000 0.000000 1.000000
vn 0.000000 0.000000 1.000000
vn 0.000000 0.000000 1.000000
vn 0.000000 0.000000 1.000000
vn 0.000000 0.000000 1.000000
vn 0.000000 0.000000 1.000000
vn 0.000000 0.000000 1.000000
vn 0.000000 0.000000 1.000000
vn 0.000000 0.000000 1.000000
vn 0.000000 0.000000 1.000000
vn 0.000000 0.000000 1.000000
vn 0.000000 0.000000 1.000000
vn 0.000000 0.000000 1.000000
vn 0.000000 0.000000 1.000000
vn 0.000000 0.000000 1.000000
vn 0.000000 0.000000 1.000000
vn 0.000000 0.000000 1.000000
vn 0.000000 0.000000 1.000000
vn 0.000000 0.000000 1.000000
vn 0.000000 0.000000 1.000000
vn 0.000000 0.000000 1.000000
vn 0.000000 0.000000 1.000000
vn 0.000000 0.000000 1.000000
vn 0.000000 0.000000 1.000000
vn 0.000000 0.000000 1.000000
vn 0.000000 0.000000 1.000000
vn 0.000000 0.000000 1.000000
vn 0.000000 0.000000 1.000000
vn 0.000000 0.000000 1.000000
vn 0.000000 0.000000 1.000000
vn 0.000000 0.000000 1.000000
vn 0.000000 0.000000 1.000000
vn 0.000000 0.000000 1.000000
vn 0.000000 0.000000 1.000000
vn 0.000000 0.000000 1.000000
vn 0.000000 0.000000 1.000000
vn 0.000000 0.000000 1.000000
vn 0.000000 0.000000 1.000000
vn 0.000000 0.000000 1.000000
vn 0.000000 0.000000 1.000000
vn 0.000000 0.000000 1.000000
vn 0.000000 0.000000 1.000000
vn 0.000000 0.000000 1.000000
vn 0.000000 0.000000 1.000000
vn 0.000000 0.000000 1.000000
vn 0.000001 0.000000 1.000000
vn 0.000000 0.000000 1.000000
vn 0.000000 0.000000 1.000000
s 1
g TentProxy FrontDrape
usemtl initialShadingGroup
f 2847/3550/4431 2848/3551/4432 2854/3557/4433 2853/3556/4434
f 2848/3551/4432 2849/3552/4435 2855/3558/4436 2854/3557/4433
f 2849/3552/4435 2850/3553/4437 2856/3559/4438 2855/3558/4436
f 2850/3553/4437 2851/3554/4439 2857/3560/4440 2856/3559/4438
f 2851/3554/4439 2852/3555/4441 2858/3561/4442 2857/3560/4440
f 2853/3556/4434 2854/3557/4433 2860/3563/4443 2859/3562/4444
f 2854/3557/4433 2855/3558/4436 2861/3564/4445 2860/3563/4443
f 2855/3558/4436 2856/3559/4438 2862/3565/4446 2861/3564/4445
f 2856/3559/4438 2857/3560/4440 2863/3566/4447 2862/3565/4446
f 2857/3560/4440 2858/3561/4442 2864/3567/4448 2863/3566/4447
f 2859/3562/4444 2860/3563/4443 2866/3569/4449 2865/3568/4450
f 2860/3563/4443 2861/3564/4445 2867/3570/4451 2866/3569/4449
f 2861/3564/4445 2862/3565/4446 2868/3571/4452 2867/3570/4451
f 2862/3565/4446 2863/3566/4447 2869/3572/4453 2868/3571/4452
f 2863/3566/4447 2864/3567/4448 2870/3573/4454 2869/3572/4453
f 2865/3568/4450 2866/3569/4449 2872/3575/4455 2871/3574/4456
f 2866/3569/4449 2867/3570/4451 2873/3576/4457 2872/3575/4455
f 2867/3570/4451 2868/3571/4452 2874/3577/4458 2873/3576/4457
f 2868/3571/4452 2869/3572/4453 2875/3578/4459 2874/3577/4458
f 2869/3572/4453 2870/3573/4454 2876/3579/4460 2875/3578/4459
f 2871/3574/4456 2872/3575/4455 2878/3581/4461 2877/3580/4462
f 2872/3575/4455 2873/3576/4457 2879/3582/4463 2878/3581/4461
f 2873/3576/4457 2874/3577/4458 2880/3583/4464 2879/3582/4463
f 2874/3577/4458 2875/3578/4459 2881/3584/4465 2880/3583/4464
f 2875/3578/4459 2876/3579/4460 2882/3585/4466 2881/3584/4465
f 2877/3580/4462 2878/3581/4461 2884/3587/4467 2883/3586/4468
f 2878/3581/4461 2879/3582/4463 2885/3588/4469 2884/3587/4467
f 2879/3582/4463 2880/3583/4464 2886/3589/4470 2885/3588/4469
f 2880/3583/4464 2881/3584/4465 2887/3590/4471 2886/3589/4470
f 2881/3584/4465 2882/3585/4466 2888/3591/4472 2887/3590/4471
f 2883/3586/4468 2884/3587/4467 2890/3593/4473 2889/3592/4474
f 2884/3587/4467 2885/3588/4469 2891/3594/4475 2890/3593/4473
f 2885/3588/4469 2886/3589/4470 2892/3595/4476 2891/3594/4475
f 2886/3589/4470 2887/3590/4471 2893/3596/4477 2892/3595/4476
f 2887/3590/4471 2888/3591/4472 2894/3597/4478 2893/3596/4477
f 2889/3592/4474 2890/3593/4473 2896/3599/4479 2895/3598/4480
f 2890/3593/4473 2891/3594/4475 2897/3600/4481 2896/3599/4479
f 2891/3594/4475 2892/3595/4476 2898/3601/4482 2897/3600/4481
f 2892/3595/4476 2893/3596/4477 2899/3602/4483 2898/3601/4482
f 2893/3596/4477 2894/3597/4478 2900/3603/4484 2899/3602/4483
f 2895/3598/4480 2896/3599/4479 2902/3605/4485 2901/3604/4486
f 2896/3599/4479 2897/3600/4481 2903/3606/4487 2902/3605/4485
f 2897/3600/4481 2898/3601/4482 2904/3607/4488 2903/3606/4487
f 2898/3601/4482 2899/3602/4483 2905/3608/4489 2904/3607/4488
f 2899/3602/4483 2900/3603/4484 2906/3609/4490 2905/3608/4489
f 2901/3604/4486 2902/3605/4485 2908/3611/4491 2907/3610/4492
f 2902/3605/4485 2903/3606/4487 2909/3612/4493 2908/3611/4491
f 2903/3606/4487 2904/3607/4488 2910/3613/4494 2909/3612/4493
f 2904/3607/4488 2905/3608/4489 2911/3614/4495 2910/3613/4494
f 2905/3608/4489 2906/3609/4490 2912/3615/4496 2911/3614/4495
f 2913/3616/4497 2918/3619/4498 2919/3618/4499 2914/3617/4500
f 2914/3617/4500 2919/3618/4499 2920/3621/4501 2915/3620/4502
f 2915/3620/4502 2920/3621/4501 2921/3623/4503 2916/3622/4504
f 2916/3622/4504 2921/3623/4503 2922/3625/4505 2917/3624/4506
f 2917/3624/4506 2922/3625/4505 2858/3627/4442 2852/3626/4441
f 2918/3619/4498 2923/3629/4507 2924/3628/4508 2919/3618/4499
f 2919/3618/4499 2924/3628/4508 2925/3630/4509 2920/3621/4501
f 2920/3621/4501 2925/3630/4509 2926/3631/4510 2921/3623/4503
f 2921/3623/4503 2926/3631/4510 2927/3632/4511 2922/3625/4505
f 2922/3625/4505 2927/3632/4511 2864/3633/4448 2858/3627/4442
f 2923/3629/4507 2928/3635/4512 2929/3634/4513 2924/3628/4508
f 2924/3628/4508 2929/3634/4513 2930/3636/4514 2925/3630/4509
f 2925/3630/4509 2930/3636/4514 2931/3637/4515 2926/3631/4510
f 2926/3631/4510 2931/3637/4515 2932/3638/4516 2927/3632/4511
f 2927/3632/4511 2932/3638/4516 2870/3639/4454 2864/3633/4448
f 2928/3635/4512 2933/3641/4517 2934/3640/4518 2929/3634/4513
f 2929/3634/4513 2934/3640/4518 2935/3642/4519 2930/3636/4514
f 2930/3636/4514 2935/3642/4519 2936/3643/4520 2931/3637/4515
f 2931/3637/4515 2936/3643/4520 2937/3644/4521 2932/3638/4516
f 2932/3638/4516 2937/3644/4521 2876/3645/4460 2870/3639/4454
f 2933/3641/4517 2938/3647/4522 2939/3646/4523 2934/3640/4518
f 2934/3640/4518 2939/3646/4523 2940/3648/4524 2935/3642/4519
f 2935/3642/4519 2940/3648/4524 2941/3649/4525 2936/3643/4520
f 2936/3643/4520 2941/3649/4525 2942/3650/4526 2937/3644/4521
f 2937/3644/4521 2942/3650/4526 2882/3651/4466 2876/3645/4460
f 2938/3647/4522 2943/3653/4527 2944/3652/4528 2939/3646/4523
f 2939/3646/4523 2944/3652/4528 2945/3654/4529 2940/3648/4524
f 2940/3648/4524 2945/3654/4529 2946/3655/4530 2941/3649/4525
f 2941/3649/4525 2946/3655/4530 2947/3656/4531 2942/3650/4526
f 2942/3650/4526 2947/3656/4531 2888/3657/4472 2882/3651/4466
f 2943/3653/4527 2948/3659/4532 2949/3658/4533 2944/3652/4528
f 2944/3652/4528 2949/3658/4533 2950/3660/4534 2945/3654/4529
f 2945/3654/4529 2950/3660/4534 2951/3661/4535 2946/3655/4530
f 2946/3655/4530 2951/3661/4535 2952/3662/4536 2947/3656/4531
f 2947/3656/4531 2952/3662/4536 2894/3663/4478 2888/3657/4472
f 2948/3659/4532 2953/3665/4537 2954/3664/4538 2949/3658/4533
f 2949/3658/4533 2954/3664/4538 2955/3666/4539 2950/3660/4534
f 2950/3660/4534 2955/3666/4539 2956/3667/4540 2951/3661/4535
f 2951/3661/4535 2956/3667/4540 2957/3668/4541 2952/3662/4536
f 2952/3662/4536 2957/3668/4541 2900/3669/4484 2894/3663/4478
f 2953/3665/4537 2958/3671/4542 2959/3670/4543 2954/3664/4538
f 2954/3664/4538 2959/3670/4543 2960/3672/4544 2955/3666/4539
f 2955/3666/4539 2960/3672/4544 2961/3673/4545 2956/3667/4540
f 2956/3667/4540 2961/3673/4545 2962/3674/4546 2957/3668/4541
f 2957/3668/4541 2962/3674/4546 2906/3675/4490 2900/3669/4484
f 2958/3671/4542 2963/3677/4547 2964/3676/4548 2959/3670/4543
f 2959/3670/4543 2964/3676/4548 2965/3678/4549 2960/3672/4544
f 2960/3672/4544 2965/3678/4549 2966/3679/4550 2961/3673/4545
f 2961/3673/4545 2966/3679/4550 2967/3680/4551 2962/3674/4546
f 2962/3674/4546 2967/3680/4551 2912/3681/4496 2906/3675/4490
